"scenario_name","prey_item","stomachs_with_prey","total_stomachs","frequency_occurrence","total_volume_item","total_volume_all","volume_percentage","fo_times_v","iai"
"species=Astyanax_fasciatus__sex=F__region=montain","prey_48",12,14,85.7142857142857,6.94,254.25,2.72959685349066,233.965444584914,3.58589925207649
"species=Astyanax_fasciatus__sex=F__region=montain","prey_44",13,14,92.8571428571429,6.18,254.25,2.4306784660767,225.705857564265,3.45930770787494
"species=Astyanax_fasciatus__sex=F__region=montain","prey_8",12,14,85.7142857142857,5.8,254.25,2.28121927236971,195.533080488833,2.99686104640398
"species=Astyanax_fasciatus__sex=F__region=montain","prey_10",11,14,78.5714285714286,6.31,254.25,2.48180924287119,194.999297654165,2.98867996021409
"species=Astyanax_fasciatus__sex=F__region=montain","prey_6",12,14,85.7142857142857,5.44,254.25,2.13962635201573,183.396544458491,2.81084898145477
"species=Astyanax_fasciatus__sex=F__region=montain","prey_60",11,14,78.5714285714286,5.57,254.25,2.19075712881023,172.130917263661,2.6381850044996
"species=Astyanax_fasciatus__sex=F__region=montain","prey_28",12,14,85.7142857142857,5.1,254.25,2.00589970501475,171.934260429836,2.63517092011385
"species=Astyanax_fasciatus__sex=F__region=montain","prey_47",11,14,78.5714285714286,5.38,254.25,2.11602753195674,166.259306082315,2.54819305641074
"species=Astyanax_fasciatus__sex=F__region=montain","prey_25",11,14,78.5714285714286,5.13,254.25,2.01769911504425,158.533501896334,2.42978259839909
"species=Astyanax_fasciatus__sex=F__region=montain","prey_58",10,14,71.4285714285714,5.63,254.25,2.21435594886922,158.168282062087,2.42418501311127
"species=Astyanax_fasciatus__sex=F__region=montain","prey_29",11,14,78.5714285714286,5.1,254.25,2.00589970501475,157.606405394016,2.41557334343769
"species=Astyanax_fasciatus__sex=F__region=montain","prey_20",11,14,78.5714285714286,5.09,254.25,2.00196656833825,157.297373226577,2.41083692511723
"species=Astyanax_fasciatus__sex=F__region=montain","prey_42",10,14,71.4285714285714,5.47,254.25,2.15142576204523,153.673268717517,2.35529165572267
"species=Astyanax_fasciatus__sex=F__region=montain","prey_7",10,14,71.4285714285714,5.24,254.25,2.06096361848574,147.211687034696,2.25625745447656
"species=Astyanax_fasciatus__sex=F__region=montain","prey_3",9,14,64.2857142857143,5.51,254.25,2.16715830875123,139.317319848293,2.13526349556284
"species=Astyanax_fasciatus__sex=F__region=montain","prey_5",9,14,64.2857142857143,5.48,254.25,2.15535889872173,138.558786346397,2.12363774150351
"species=Astyanax_fasciatus__sex=F__region=montain","prey_9",9,14,64.2857142857143,5.33,254.25,2.09636184857424,134.766118836915,2.06550897120688
"species=Astyanax_fasciatus__sex=F__region=montain","prey_16",9,14,64.2857142857143,5.29,254.25,2.08062930186824,133.754740834387,2.05000796579445
"species=Astyanax_fasciatus__sex=F__region=montain","prey_36",9,14,64.2857142857143,5.16,254.25,2.02949852507375,130.467762326169,1.99962969820404
"species=Astyanax_fasciatus__sex=F__region=montain","prey_23",10,14,71.4285714285714,4.59,254.25,1.80530973451327,128.950695322377,1.97637819008538
"species=Astyanax_fasciatus__sex=F__region=montain","prey_55",10,14,71.4285714285714,4.59,254.25,1.80530973451327,128.950695322377,1.97637819008538
"species=Astyanax_fasciatus__sex=F__region=montain","prey_24",9,14,64.2857142857143,4.92,254.25,1.93510324483776,124.399494310999,1.90662366572943
"species=Astyanax_fasciatus__sex=F__region=montain","prey_56",11,14,78.5714285714286,3.99,254.25,1.5693215339233,123.30383480826,1.88983090986596
"species=Astyanax_fasciatus__sex=F__region=montain","prey_31",9,14,64.2857142857143,4.8,254.25,1.88790560471976,121.365360303413,1.86012064949213
"species=Astyanax_fasciatus__sex=F__region=montain","prey_57",10,14,71.4285714285714,4.29,254.25,1.68731563421829,120.522545301306,1.84720314498176
"species=Astyanax_fasciatus__sex=F__region=montain","prey_40",8,14,57.1428571428571,5.35,254.25,2.10422812192724,120.241606967271,1.84289731014498
"species=Astyanax_fasciatus__sex=F__region=montain","prey_18",10,14,71.4285714285714,4.2,254.25,1.65191740412979,117.994100294985,1.80845063145068
"species=Astyanax_fasciatus__sex=F__region=montain","prey_53",8,14,57.1428571428571,5.24,254.25,2.06096361848574,117.769349627757,1.80500596358125
"species=Astyanax_fasciatus__sex=F__region=montain","prey_30",9,14,64.2857142857143,4.58,254.25,1.80137659783677,115.802781289507,1.77486511972374
"species=Astyanax_fasciatus__sex=F__region=montain","prey_13",10,14,71.4285714285714,4.1,254.25,1.6125860373648,115.184716954628,1.76539228308281
"species=Astyanax_fasciatus__sex=F__region=montain","prey_50",9,14,64.2857142857143,4.29,254.25,1.68731563421829,108.470290771176,1.66248283048359
"species=Astyanax_fasciatus__sex=F__region=montain","prey_11",11,14,78.5714285714286,3.5,254.25,1.37659783677483,108.161258603736,1.65774641216312
"species=Astyanax_fasciatus__sex=F__region=montain","prey_59",8,14,57.1428571428571,4.67,254.25,1.83677482792527,104.95856159573,1.60865989502375
"species=Astyanax_fasciatus__sex=F__region=montain","prey_43",8,14,57.1428571428571,4.35,254.25,1.71091445427729,97.7665402444163,1.49843052320199
"species=Astyanax_fasciatus__sex=F__region=montain","prey_19",9,14,64.2857142857143,3.55,254.25,1.39626352015733,89.7597977243995,1.37571423035355
"species=Astyanax_fasciatus__sex=F__region=montain","prey_14",8,14,57.1428571428571,3.99,254.25,1.5693215339233,89.6755162241888,1.37442247990252
"species=Astyanax_fasciatus__sex=F__region=montain","prey_21",8,14,57.1428571428571,3.98,254.25,1.5653883972468,89.4507655569602,1.37097781203309
"species=Astyanax_fasciatus__sex=F__region=montain","prey_26",9,14,64.2857142857143,3.5,254.25,1.37659783677483,88.495575221239,1.35633797358801
"species=Astyanax_fasciatus__sex=F__region=montain","prey_49",8,14,57.1428571428571,3.87,254.25,1.52212389380531,86.9785082174463,1.33308646546936
"species=Astyanax_fasciatus__sex=F__region=montain","prey_32",8,14,57.1428571428571,3.74,254.25,1.47099311701082,84.0567495434752,1.28830578316677
"species=Astyanax_fasciatus__sex=F__region=montain","prey_38",8,14,57.1428571428571,3.41,254.25,1.34119960668633,76.6399775249333,1.17463174347558
"species=Astyanax_fasciatus__sex=F__region=montain","prey_39",7,14,50,3.73,254.25,1.46705998033432,73.3529990167158,1.12425347588517
"species=Astyanax_fasciatus__sex=F__region=montain","prey_51",9,14,64.2857142857143,2.84,254.25,1.11701081612586,71.8078381795196,1.10057138428284
"species=Astyanax_fasciatus__sex=F__region=montain","prey_17",7,14,50,3.6,254.25,1.41592920353982,70.7964601769911,1.08507037887041
"species=Astyanax_fasciatus__sex=F__region=montain","prey_33",7,14,50,3.55,254.25,1.39626352015733,69.8131760078663,1.06999995694165
"species=Astyanax_fasciatus__sex=F__region=montain","prey_1",7,14,50,3.35,254.25,1.31760078662734,65.8800393313668,1.00971826922663
"species=Astyanax_fasciatus__sex=F__region=montain","prey_37",7,14,50,3.07,254.25,1.20747295968535,60.3736479842674,0.925323906425597
"species=Astyanax_fasciatus__sex=F__region=montain","prey_45",8,14,57.1428571428571,2.66,254.25,1.04621435594887,59.7836774827925,0.916281653268344
"species=Astyanax_fasciatus__sex=F__region=montain","prey_46",6,14,42.8571428571429,3.48,254.25,1.36873156342183,58.6599241466498,0.899058313921195
"species=Astyanax_fasciatus__sex=F__region=montain","prey_4",6,14,42.8571428571429,3.3,254.25,1.29793510324484,55.6257901390645,0.852555297683891
"species=Astyanax_fasciatus__sex=F__region=montain","prey_12",6,14,42.8571428571429,3.17,254.25,1.24680432645034,53.4344711335862,0.81896978595695
"species=Astyanax_fasciatus__sex=F__region=montain","prey_52",5,14,35.7142857142857,3.61,254.25,1.41986234021632,50.7093692934401,0.777203188040113
"species=Astyanax_fasciatus__sex=F__region=montain","prey_41",7,14,50,2.57,254.25,1.01081612586037,50.5408062930187,0.774619687138041
"species=Astyanax_fasciatus__sex=F__region=montain","prey_34",7,14,50,2.28,254.25,0.896755162241888,44.8377581120944,0.687211239951258
"species=Astyanax_fasciatus__sex=F__region=montain","prey_35",6,14,42.8571428571429,2.6,254.25,1.02261553588987,43.826380109566,0.671710234538824
"species=Astyanax_fasciatus__sex=F__region=montain","prey_54",7,14,50,2.16,254.25,0.849557522123894,42.4778761061947,0.651042227322244
"species=Astyanax_fasciatus__sex=F__region=montain","prey_2",5,14,35.7142857142857,2.98,254.25,1.17207472959685,41.8598117713162,0.641569390681312
"species=Astyanax_fasciatus__sex=F__region=montain","prey_27",5,14,35.7142857142857,2.82,254.25,1.10914454277286,39.6123050990308,0.607122711987014
"species=Astyanax_fasciatus__sex=F__region=montain","prey_15",6,14,42.8571428571429,1.86,254.25,0.731563421828909,31.3527180783818,0.480531167785466
"species=Astyanax_fasciatus__sex=F__region=montain","prey_22",5,14,35.7142857142857,1.97,254.25,0.774827925270403,27.6724259025144,0.424124731423552
"species=Astyanax_fasciatus__sex=F__region=plains","prey_49",17,19,89.4736842105263,10.8,364.56,2.96247531270573,265.063580610512,4.05086080792168
"species=Astyanax_fasciatus__sex=F__region=plains","prey_45",15,19,78.9473684210526,8.99,364.56,2.46598639455782,194.68313641246,2.97526459666797
"species=Astyanax_fasciatus__sex=F__region=plains","prey_6",14,19,73.6842105263158,9.31,364.56,2.55376344086022,188.172043010753,2.87575815743198
"species=Astyanax_fasciatus__sex=F__region=plains","prey_54",15,19,78.9473684210526,8.42,364.56,2.30963353083169,182.339489276186,2.78662156884809
"species=Astyanax_fasciatus__sex=F__region=plains","prey_40",15,19,78.9473684210526,8.4,364.56,2.30414746543779,181.906378850352,2.78000251524037
"species=Astyanax_fasciatus__sex=F__region=plains","prey_32",15,19,78.9473684210526,8.15,364.56,2.23557164801404,176.492498527425,2.69726434514393
"species=Astyanax_fasciatus__sex=F__region=plains","prey_33",16,19,84.2105263157895,7.58,364.56,2.07921878428791,175.092108150561,2.67586273847899
"species=Astyanax_fasciatus__sex=F__region=plains","prey_39",15,19,78.9473684210526,7.56,364.56,2.07373271889401,163.715740965317,2.50200226371633
"species=Astyanax_fasciatus__sex=F__region=plains","prey_41",14,19,73.6842105263158,8.05,364.56,2.20814132104455,162.705149971703,2.48655780529833
"species=Astyanax_fasciatus__sex=F__region=plains","prey_42",14,19,73.6842105263158,7.32,364.56,2.00789993416722,147.950521464953,2.2610687123955
"species=Astyanax_fasciatus__sex=F__region=plains","prey_5",14,19,73.6842105263158,7.29,364.56,1.99967083607637,147.344166868785,2.2518020373447
"species=Astyanax_fasciatus__sex=F__region=plains","prey_30",15,19,78.9473684210526,6.75,364.56,1.85154707044108,146.174768719033,2.23393059260387
"species=Astyanax_fasciatus__sex=F__region=plains","prey_35",13,19,68.4210526315789,7.74,364.56,2.1231073074391,145.265236824781,2.22003058002767
"species=Astyanax_fasciatus__sex=F__region=plains","prey_14",13,19,68.4210526315789,7.06,364.56,1.93658108404652,132.502916276867,2.02498913372033
"species=Astyanax_fasciatus__sex=F__region=plains","prey_26",12,19,63.1578947368421,7.55,364.56,2.07098968619706,130.79934860192,1.99895418952998
"species=Astyanax_fasciatus__sex=F__region=plains","prey_17",14,19,73.6842105263158,6.32,364.56,1.73359666447224,127.738701592691,1.95217954403546
"species=Astyanax_fasciatus__sex=F__region=plains","prey_2",12,19,63.1578947368421,7.36,364.56,2.01887206495501,127.50770936558,1.94864938211135
"species=Astyanax_fasciatus__sex=F__region=plains","prey_58",14,19,73.6842105263158,6.18,364.56,1.69519420671494,124.909046810575,1.90893506046505
"species=Astyanax_fasciatus__sex=F__region=plains","prey_10",12,19,63.1578947368421,6.6,364.56,1.81040157998683,114.341152420221,1.7474301524368
"species=Astyanax_fasciatus__sex=F__region=plains","prey_22",12,19,63.1578947368421,6.54,364.56,1.79394338380513,113.301687398219,1.73154442377829
"species=Astyanax_fasciatus__sex=F__region=plains","prey_37",12,19,63.1578947368421,6.5,364.56,1.78297125301734,112.608710716884,1.72095393800594
"species=Astyanax_fasciatus__sex=F__region=plains","prey_43",11,19,57.8947368421053,7.06,364.56,1.93658108404652,112.117852234272,1.7134523439172
"species=Astyanax_fasciatus__sex=F__region=plains","prey_44",11,19,57.8947368421053,6.8,364.56,1.86526223392583,107.988866174653,1.65035069952365
"species=Astyanax_fasciatus__sex=F__region=plains","prey_23",12,19,63.1578947368421,6.14,364.56,1.68422207592715,106.371920584872,1.62563956605485
"species=Astyanax_fasciatus__sex=F__region=plains","prey_18",12,19,63.1578947368421,6.13,364.56,1.6814790432302,106.198676414539,1.62299194461176
"species=Astyanax_fasciatus__sex=F__region=plains","prey_36",12,19,63.1578947368421,6.08,364.56,1.66776387974545,105.33245556287,1.60975383739633
"species=Astyanax_fasciatus__sex=F__region=plains","prey_7",11,19,57.8947368421053,6.62,364.56,1.81588764538073,105.130337364148,1.60666494571273
"species=Astyanax_fasciatus__sex=F__region=plains","prey_53",12,19,63.1578947368421,5.95,364.56,1.6321044546851,103.080281348533,1.57533475863621
"species=Astyanax_fasciatus__sex=F__region=plains","prey_27",12,19,63.1578947368421,5.88,364.56,1.61290322580645,101.867572156197,1.55680140853461
"species=Astyanax_fasciatus__sex=F__region=plains","prey_13",14,19,73.6842105263158,4.99,364.56,1.36877331577792,100.856981162584,1.54135695011661
"species=Astyanax_fasciatus__sex=F__region=plains","prey_60",12,19,63.1578947368421,5.74,364.56,1.57450076804915,99.4421537715256,1.5197347083314
"species=Astyanax_fasciatus__sex=F__region=plains","prey_8",11,19,57.8947368421053,6.22,364.56,1.70616633750274,98.7780511185799,1.50958549279957
"species=Astyanax_fasciatus__sex=F__region=plains","prey_12",12,19,63.1578947368421,5.7,364.56,1.56352863726136,98.7491770901909,1.50914422255906
"species=Astyanax_fasciatus__sex=F__region=plains","prey_15",12,19,63.1578947368421,5.7,364.56,1.56352863726136,98.7491770901909,1.50914422255906
"species=Astyanax_fasciatus__sex=F__region=plains","prey_9",14,19,73.6842105263158,4.81,364.56,1.31939872723283,97.2188535855768,1.4857568998118
"species=Astyanax_fasciatus__sex=F__region=plains","prey_4",13,19,68.4210526315789,5.15,364.56,1.41266183892912,96.6558100319924,1.47715213012177
"species=Astyanax_fasciatus__sex=F__region=plains","prey_28",10,19,52.6315789473684,6.55,364.56,1.79668641650208,94.5624429737939,1.44516003768448
"species=Astyanax_fasciatus__sex=F__region=plains","prey_29",11,19,57.8947368421053,5.95,364.56,1.6321044546851,94.4902579028216,1.44405686208319
"species=Astyanax_fasciatus__sex=F__region=plains","prey_16",12,19,63.1578947368421,5.27,364.56,1.44557823129252,91.2996777658432,1.39529650050636
"species=Astyanax_fasciatus__sex=F__region=plains","prey_21",10,19,52.6315789473684,6.32,364.56,1.73359666447224,91.2419297090653,1.39441396002533
"species=Astyanax_fasciatus__sex=F__region=plains","prey_3",11,19,57.8947368421053,5.57,364.56,1.52786921220101,88.4555859695321,1.35183138181569
"species=Astyanax_fasciatus__sex=F__region=plains","prey_19",12,19,63.1578947368421,4.94,364.56,1.35505815229318,85.5826201448321,1.30792499288452
"species=Astyanax_fasciatus__sex=F__region=plains","prey_57",12,19,63.1578947368421,4.93,364.56,1.35231511959623,85.4093759744984,1.30527737144143
"species=Astyanax_fasciatus__sex=F__region=plains","prey_34",13,19,68.4210526315789,4.47,364.56,1.22613561553654,83.8934894840788,1.28211068381443
"species=Astyanax_fasciatus__sex=F__region=plains","prey_38",10,19,52.6315789473684,5.76,364.56,1.57998683344305,83.1572017601608,1.27085829268131
"species=Astyanax_fasciatus__sex=F__region=plains","prey_55",10,19,52.6315789473684,5.65,364.56,1.54981347377661,81.5691301987688,1.24658842945302
"species=Astyanax_fasciatus__sex=F__region=plains","prey_48",11,19,57.8947368421053,5.06,364.56,1.38797454465657,80.3564210064331,1.22805507935142
"species=Astyanax_fasciatus__sex=F__region=plains","prey_59",10,19,52.6315789473684,5.42,364.56,1.48672372174676,78.2486169340402,1.19584235179387
"species=Astyanax_fasciatus__sex=F__region=plains","prey_24",10,19,52.6315789473684,5.41,364.56,1.48398068904981,78.1042467920954,1.1936360005913
"species=Astyanax_fasciatus__sex=F__region=plains","prey_56",10,19,52.6315789473684,5.3,364.56,1.45380732938337,76.5161752307035,1.16936613736301
"species=Astyanax_fasciatus__sex=F__region=plains","prey_20",11,19,57.8947368421053,4.67,364.56,1.28099626947553,74.1629419170045,1.13340261276109
"species=Astyanax_fasciatus__sex=F__region=plains","prey_25",11,19,57.8947368421053,4.56,364.56,1.25082290980908,72.4160631994733,1.10670576320998
"species=Astyanax_fasciatus__sex=F__region=plains","prey_1",11,19,57.8947368421053,4.25,364.56,1.16578889620364,67.4930413591583,1.03146918720228
"species=Astyanax_fasciatus__sex=F__region=plains","prey_46",10,19,52.6315789473684,4.3,364.56,1.17950405968839,62.0791610362311,0.948731017105841
"species=Astyanax_fasciatus__sex=F__region=plains","prey_11",11,19,57.8947368421053,3.9,364.56,1.0697827518104,61.9347908942864,0.946524665903269
"species=Astyanax_fasciatus__sex=F__region=plains","prey_31",11,19,57.8947368421053,3.61,364.56,0.990234803598859,57.3293833662497,0.876142062541231
"species=Astyanax_fasciatus__sex=F__region=plains","prey_52",9,19,47.3684210526316,4.05,364.56,1.11092824226465,52.6229167388517,0.804215013337393
"species=Astyanax_fasciatus__sex=F__region=plains","prey_50",10,19,52.6315789473684,3.55,364.56,0.97377660741716,51.2514003903769,0.783254676912962
"species=Astyanax_fasciatus__sex=F__region=plains","prey_47",6,19,31.5789473684211,3.35,364.56,0.918915953478166,29.0183985308894,0.443476591716916
"species=Astyanax_fasciatus__sex=F__region=plains","prey_51",7,19,36.8421052631579,2.28,364.56,0.625411454904542,23.0414746543779,0.352133651930447
"species=Astyanax_fasciatus__sex=F__region=pothole","prey_47",17,21,80.9523809523809,10.29,418,2.46172248803828,199.282296650718,3.02748673430182
"species=Astyanax_fasciatus__sex=F__region=pothole","prey_42",16,21,76.1904761904762,10,418,2.39234449760766,182.273866484393,2.76909550956549
"species=Astyanax_fasciatus__sex=F__region=pothole","prey_15",16,21,76.1904761904762,9.49,418,2.27033492822967,172.977899293689,2.62787163857765
"species=Astyanax_fasciatus__sex=F__region=pothole","prey_36",18,21,85.7142857142857,8.41,418,2.01196172248804,172.453861927546,2.61991048898765
"species=Astyanax_fasciatus__sex=F__region=pothole","prey_57",15,21,71.4285714285714,9.43,418,2.25598086124402,161.141490088858,2.44805349892524
"species=Astyanax_fasciatus__sex=F__region=pothole","prey_53",16,21,76.1904761904762,8.77,418,2.09808612440191,159.854180906813,2.42849676188894
"species=Astyanax_fasciatus__sex=F__region=pothole","prey_31",16,21,76.1904761904762,8.38,418,2.00478468899522,152.745500113921,2.32050203701588
"species=Astyanax_fasciatus__sex=F__region=pothole","prey_51",15,21,71.4285714285714,8.79,418,2.10287081339713,150.205058099795,2.28190776835132
"species=Astyanax_fasciatus__sex=F__region=pothole","prey_21",17,21,80.9523809523809,7.71,418,1.8444976076555,149.316473000684,2.26840842774218
"species=Astyanax_fasciatus__sex=F__region=pothole","prey_29",15,21,71.4285714285714,8.52,418,2.03827751196172,145.591250854409,2.21181503826544
"species=Astyanax_fasciatus__sex=F__region=pothole","prey_37",15,21,71.4285714285714,8.48,418,2.02870813397129,144.907723855092,2.20143093010457
"species=Astyanax_fasciatus__sex=F__region=pothole","prey_44",15,21,71.4285714285714,8.42,418,2.01435406698565,143.882433356118,2.18585476786326
"species=Astyanax_fasciatus__sex=F__region=pothole","prey_18",15,21,71.4285714285714,8.35,418,1.99760765550239,142.686261107314,2.16768257858174
"species=Astyanax_fasciatus__sex=F__region=pothole","prey_35",15,21,71.4285714285714,8.18,418,1.95693779904306,139.781271360219,2.12355011889804
"species=Astyanax_fasciatus__sex=F__region=pothole","prey_1",15,21,71.4285714285714,7.98,418,1.90909090909091,136.363636363636,2.07162957809369
"species=Astyanax_fasciatus__sex=F__region=pothole","prey_33",16,21,76.1904761904762,7.23,418,1.72966507177034,131.784005468216,2.00205605341585
"species=Astyanax_fasciatus__sex=F__region=pothole","prey_39",14,21,66.6666666666667,8.26,418,1.97607655502392,131.738437001595,2.00136377953846
"species=Astyanax_fasciatus__sex=F__region=pothole","prey_40",14,21,66.6666666666667,7.82,418,1.87081339712919,124.720893141946,1.89475360242019
"species=Astyanax_fasciatus__sex=F__region=pothole","prey_11",15,21,71.4285714285714,7.29,418,1.74401913875598,124.572795625427,1.89250371231867
"species=Astyanax_fasciatus__sex=F__region=pothole","prey_24",13,21,61.9047619047619,8.15,418,1.94976076555024,120.699475962634,1.8336604327404
"species=Astyanax_fasciatus__sex=F__region=pothole","prey_5",14,21,66.6666666666667,7.51,418,1.79665071770335,119.776714513557,1.81964188672323
"species=Astyanax_fasciatus__sex=F__region=pothole","prey_30",15,21,71.4285714285714,6.7,418,1.60287081339713,114.490772385509,1.73933811694583
"species=Astyanax_fasciatus__sex=F__region=pothole","prey_28",13,21,61.9047619047619,7.72,418,1.84688995215311,114.331282752335,1.73691515837496
"species=Astyanax_fasciatus__sex=F__region=pothole","prey_19",14,21,66.6666666666667,7.16,418,1.71291866028708,114.194577352472,1.73483833674278
"species=Astyanax_fasciatus__sex=F__region=pothole","prey_26",16,21,76.1904761904762,6.12,418,1.46411483253589,111.551606288448,1.69468645185408
"species=Astyanax_fasciatus__sex=F__region=pothole","prey_56",13,21,61.9047619047619,7.47,418,1.78708133971292,110.628844839371,1.68066790583691
"species=Astyanax_fasciatus__sex=F__region=pothole","prey_50",16,21,76.1904761904762,6.03,418,1.44258373205742,109.911141490089,1.66976459226799
"species=Astyanax_fasciatus__sex=F__region=pothole","prey_6",14,21,66.6666666666667,6.81,418,1.62918660287081,108.612440191388,1.65003478676234
"species=Astyanax_fasciatus__sex=F__region=pothole","prey_17",13,21,61.9047619047619,7.27,418,1.73923444976077,107.666894509,1.63567010380647
"species=Astyanax_fasciatus__sex=F__region=pothole","prey_48",14,21,66.6666666666667,6.67,418,1.59569377990431,106.379585326954,1.61611336677016
"species=Astyanax_fasciatus__sex=F__region=pothole","prey_10",13,21,61.9047619047619,7.17,418,1.71531100478469,106.185919343814,1.61317120279125
"species=Astyanax_fasciatus__sex=F__region=pothole","prey_14",14,21,66.6666666666667,6.45,418,1.54306220095694,102.870813397129,1.56280827821103
"species=Astyanax_fasciatus__sex=F__region=pothole","prey_52",12,21,57.1428571428571,7.44,418,1.7799043062201,101.708817498291,1.54515529433755
"species=Astyanax_fasciatus__sex=F__region=pothole","prey_43",13,21,61.9047619047619,6.69,418,1.60047846889952,99.0772385509227,1.50517647791819
"species=Astyanax_fasciatus__sex=F__region=pothole","prey_60",13,21,61.9047619047619,6.65,418,1.59090909090909,98.4848484848485,1.49617691751211
"species=Astyanax_fasciatus__sex=F__region=pothole","prey_16",13,21,61.9047619047619,6.57,418,1.57177033492823,97.3000683526999,1.47817779669993
"species=Astyanax_fasciatus__sex=F__region=pothole","prey_20",14,21,66.6666666666667,6.07,418,1.45215311004785,96.8102073365231,1.47073585251797
"species=Astyanax_fasciatus__sex=F__region=pothole","prey_9",12,21,57.1428571428571,6.99,418,1.67224880382775,95.5570745044429,1.45169832088971
"species=Astyanax_fasciatus__sex=F__region=pothole","prey_23",13,21,61.9047619047619,6.3,418,1.50717703349282,93.3014354066986,1.41743076395884
"species=Astyanax_fasciatus__sex=F__region=pothole","prey_41",14,21,66.6666666666667,5.85,418,1.39952153110048,93.3014354066986,1.41743076395884
"species=Astyanax_fasciatus__sex=F__region=pothole","prey_38",13,21,61.9047619047619,6.25,418,1.49521531100478,92.5609478241057,1.40618131345123
"species=Astyanax_fasciatus__sex=F__region=pothole","prey_27",12,21,57.1428571428571,6.77,418,1.61961722488038,92.5495557074504,1.40600824498188
"species=Astyanax_fasciatus__sex=F__region=pothole","prey_25",13,21,61.9047619047619,6.21,418,1.48564593301435,91.9685577580315,1.39718175304514
"species=Astyanax_fasciatus__sex=F__region=pothole","prey_32",12,21,57.1428571428571,6.7,418,1.60287081339713,91.5926179084074,1.39147049355666
"species=Astyanax_fasciatus__sex=F__region=pothole","prey_55",14,21,66.6666666666667,5.73,418,1.37081339712919,91.3875598086124,1.3883552611084
"species=Astyanax_fasciatus__sex=F__region=pothole","prey_22",12,21,57.1428571428571,6.65,418,1.59090909090909,90.9090909090909,1.38108638539579
"species=Astyanax_fasciatus__sex=F__region=pothole","prey_7",12,21,57.1428571428571,6.54,418,1.56459330143541,89.4053315105947,1.35824134744187
"species=Astyanax_fasciatus__sex=F__region=pothole","prey_2",13,21,61.9047619047619,5.69,418,1.36124401913876,84.2674868990658,1.280187467766
"species=Astyanax_fasciatus__sex=F__region=pothole","prey_54",12,21,57.1428571428571,6.03,418,1.44258373205742,82.4333561175666,1.25232344420099
"species=Astyanax_fasciatus__sex=F__region=pothole","prey_12",11,21,52.3809523809524,6.38,418,1.52631578947368,79.9498746867168,1.21459451788317
"species=Astyanax_fasciatus__sex=F__region=pothole","prey_58",14,21,66.6666666666667,4.65,418,1.11244019138756,74.1626794258373,1.12667573545446
"species=Astyanax_fasciatus__sex=F__region=pothole","prey_45",10,21,47.6190476190476,6.44,418,1.54066985645933,73.3652312599681,1.11456094260011
"species=Astyanax_fasciatus__sex=F__region=pothole","prey_49",12,21,57.1428571428571,5.16,418,1.23444976076555,70.53998632946,1.07163996220185
"species=Astyanax_fasciatus__sex=F__region=pothole","prey_59",11,21,52.3809523809524,5.3,418,1.26794258373206,66.4160401002506,1.00898917629793
"species=Astyanax_fasciatus__sex=F__region=pothole","prey_13",11,21,52.3809523809524,5.21,418,1.24641148325359,65.2882205513785,0.991855397832491
"species=Astyanax_fasciatus__sex=F__region=pothole","prey_3",10,21,47.6190476190476,5.14,418,1.22966507177034,58.5554796081112,0.889571932447915
"species=Astyanax_fasciatus__sex=F__region=pothole","prey_8",9,21,42.8571428571429,5.1,418,1.2200956937799,52.2898154477102,0.794384274306601
"species=Astyanax_fasciatus__sex=F__region=pothole","prey_4",12,21,57.1428571428571,3.78,418,0.904306220095694,51.6746411483254,0.785038576961818
"species=Astyanax_fasciatus__sex=F__region=pothole","prey_34",10,21,47.6190476190476,4.39,418,1.05023923444976,50.0113921166553,0.759770580437032
"species=Astyanax_fasciatus__sex=F__region=pothole","prey_46",9,21,42.8571428571429,4.29,418,1.02631578947368,43.984962406015,0.668217360152023
"species=Astyanax_fasciatus__sex=F__region=valley","prey_24",17,17,100,9.2,323.99,2.83959381462391,283.959381462391,4.35913229855039
"species=Astyanax_fasciatus__sex=F__region=valley","prey_28",14,17,82.3529411764706,8.23,323.99,2.54020185808204,209.193094194991,3.21137610894486
"species=Astyanax_fasciatus__sex=F__region=valley","prey_18",14,17,82.3529411764706,8.19,323.99,2.52785579801846,208.176359836814,3.19576796260734
"species=Astyanax_fasciatus__sex=F__region=valley","prey_22",14,17,82.3529411764706,7.66,323.99,2.36427050217599,194.704629590964,2.98896002363519
"species=Astyanax_fasciatus__sex=F__region=valley","prey_29",15,17,88.2352941176471,6.95,323.99,2.14512793604741,189.275994357124,2.90562367086879
"species=Astyanax_fasciatus__sex=F__region=valley","prey_56",14,17,82.3529411764706,7.07,323.99,2.18216611623816,179.707797807848,2.75873986515676
"species=Astyanax_fasciatus__sex=F__region=valley","prey_26",13,17,76.4705882352941,6.6,323.99,2.03709991049106,155.778228449317,2.39139099242726
"species=Astyanax_fasciatus__sex=F__region=valley","prey_36",13,17,76.4705882352941,6.5,323.99,2.00623476033211,153.417952260691,2.3551577955723
"species=Astyanax_fasciatus__sex=F__region=valley","prey_50",12,17,70.5882352941177,6.86,323.99,2.11734930090435,149.459950652072,2.29439751161553
"species=Astyanax_fasciatus__sex=F__region=valley","prey_20",12,17,70.5882352941177,6.73,323.99,2.07722460569771,146.62761922572,2.25091767538958
"species=Astyanax_fasciatus__sex=F__region=valley","prey_43",12,17,70.5882352941177,6.56,323.99,2.02475385042748,142.923801206646,2.19405942801718
"species=Astyanax_fasciatus__sex=F__region=valley","prey_14",13,17,76.4705882352941,6.05,323.99,1.86734158461681,142.796709411874,2.19210840972499
"species=Astyanax_fasciatus__sex=F__region=valley","prey_9",12,17,70.5882352941177,6.38,323.99,1.96919658014136,139.00211153939,2.13385657785817
"species=Astyanax_fasciatus__sex=F__region=valley","prey_57",11,17,64.7058823529412,6.71,323.99,2.07105157566592,134.009219601912,2.05720943066499
"species=Astyanax_fasciatus__sex=F__region=valley","prey_30",13,17,76.4705882352941,5.6,323.99,1.72844840890151,132.175466563057,2.02905902387768
"species=Astyanax_fasciatus__sex=F__region=valley","prey_34",10,17,58.8235294117647,7.18,323.99,2.21611778141301,130.359869494883,2.00118733398925
"species=Astyanax_fasciatus__sex=F__region=valley","prey_58",11,17,64.7058823529412,6.4,323.99,1.97536961017315,127.818033599439,1.96216696814545
"species=Astyanax_fasciatus__sex=F__region=valley","prey_55",11,17,64.7058823529412,6.33,323.99,1.95376400506188,126.420023856945,1.94070576693135
"species=Astyanax_fasciatus__sex=F__region=valley","prey_7",11,17,64.7058823529412,6.03,323.99,1.86116855458502,120.428553531972,1.84872919029954
"species=Astyanax_fasciatus__sex=F__region=valley","prey_42",11,17,64.7058823529412,6.01,323.99,1.85499552455323,120.029122176973,1.84259741852408
"species=Astyanax_fasciatus__sex=F__region=valley","prey_31",11,17,64.7058823529412,5.98,323.99,1.84573597950554,119.429975144476,1.8333997608609
"species=Astyanax_fasciatus__sex=F__region=valley","prey_19",11,17,64.7058823529412,5.9,323.99,1.82104385937838,117.832249724483,1.80887267375908
"species=Astyanax_fasciatus__sex=F__region=valley","prey_17",12,17,70.5882352941177,5.19,323.99,1.60190129324979,113.075385405868,1.7358488462514
"species=Astyanax_fasciatus__sex=F__region=valley","prey_21",10,17,58.8235294117647,6.18,323.99,1.90746627982345,112.203898813144,1.72247043510495
"species=Astyanax_fasciatus__sex=F__region=valley","prey_25",11,17,64.7058823529412,5.46,323.99,1.68523719867897,109.044759914522,1.67397369469908
"species=Astyanax_fasciatus__sex=F__region=valley","prey_4",13,17,76.4705882352941,4.57,323.99,1.41053736226427,107.864621820209,1.6558570962716
"species=Astyanax_fasciatus__sex=F__region=valley","prey_49",12,17,70.5882352941177,4.95,323.99,1.5278249328683,107.846465849527,1.65557837937272
"species=Astyanax_fasciatus__sex=F__region=valley","prey_48",11,17,64.7058823529412,5.36,323.99,1.65437204852002,107.04760313953,1.64331483582181
"species=Astyanax_fasciatus__sex=F__region=valley","prey_44",11,17,64.7058823529412,5.35,323.99,1.65128553350412,106.847887462031,1.64024894993408
"species=Astyanax_fasciatus__sex=F__region=valley","prey_47",10,17,58.8235294117647,5.86,323.99,1.80869779931479,106.393988194988,1.63328102746198
"species=Astyanax_fasciatus__sex=F__region=valley","prey_2",12,17,70.5882352941177,4.82,323.99,1.48770023766166,105.014134423176,1.61209854314677
"species=Astyanax_fasciatus__sex=F__region=valley","prey_1",9,17,52.9411764705882,6.23,323.99,1.92289885490293,101.800527612508,1.56276565204425
"species=Astyanax_fasciatus__sex=F__region=valley","prey_37",10,17,58.8235294117647,5.55,323.99,1.71301583382203,100.765637283649,1.54687878880784
"species=Astyanax_fasciatus__sex=F__region=valley","prey_51",11,17,64.7058823529412,5.04,323.99,1.55560356801136,100.656701459558,1.54520648741454
"species=Astyanax_fasciatus__sex=F__region=valley","prey_53",13,17,76.4705882352941,4.24,323.99,1.30868236673971,100.075710397743,1.53628754665024
"species=Astyanax_fasciatus__sex=F__region=valley","prey_8",10,17,58.8235294117647,5.46,323.99,1.68523719867897,99.1315999222924,1.52179426790826
"species=Astyanax_fasciatus__sex=F__region=valley","prey_23",10,17,58.8235294117647,5.36,323.99,1.65437204852002,97.3160028541186,1.49392257801983
"species=Astyanax_fasciatus__sex=F__region=valley","prey_27",11,17,64.7058823529412,4.75,323.99,1.46609463255039,94.8649468120839,1.45629579667045
"species=Astyanax_fasciatus__sex=F__region=valley","prey_60",9,17,52.9411764705882,5.75,323.99,1.77474613413994,93.957148277997,1.44235995172623
"species=Astyanax_fasciatus__sex=F__region=valley","prey_13",9,17,52.9411764705882,5.29,323.99,1.63276644340875,86.4405764157572,1.32697115558813
"species=Astyanax_fasciatus__sex=F__region=valley","prey_54",10,17,58.8235294117647,4.65,323.99,1.43522948239143,84.4252636700842,1.29603357981198
"species=Astyanax_fasciatus__sex=F__region=valley","prey_5",9,17,52.9411764705882,5.09,323.99,1.57103614309084,83.1725016930443,1.27680211378896
"species=Astyanax_fasciatus__sex=F__region=valley","prey_40",8,17,47.0588235294118,5.38,323.99,1.66054507855181,78.1432978142027,1.19959753279801
"species=Astyanax_fasciatus__sex=F__region=valley","prey_6",11,17,64.7058823529412,3.88,323.99,1.19756782616747,77.4896828696601,1.18956372443818
"species=Astyanax_fasciatus__sex=F__region=valley","prey_52",9,17,52.9411764705882,4.6,323.99,1.41979690731195,75.1657186223976,1.15388796138099
"species=Astyanax_fasciatus__sex=F__region=valley","prey_15",9,17,52.9411764705882,4.55,323.99,1.40436433223248,74.3486999417193,1.14134570093119
"species=Astyanax_fasciatus__sex=F__region=valley","prey_16",10,17,58.8235294117647,3.98,323.99,1.22843297632643,72.2607633133194,1.1092932575595
"species=Astyanax_fasciatus__sex=F__region=valley","prey_12",10,17,58.8235294117647,3.88,323.99,1.19756782616747,70.4451662451455,1.08142156767107
"species=Astyanax_fasciatus__sex=F__region=valley","prey_46",10,17,58.8235294117647,3.64,323.99,1.12349146578598,66.0877332815283,1.01452951193884
"species=Astyanax_fasciatus__sex=F__region=valley","prey_11",8,17,47.0588235294118,4.45,323.99,1.37349918207352,64.6352556269892,0.992232160028095
"species=Astyanax_fasciatus__sex=F__region=valley","prey_39",8,17,47.0588235294118,4.45,323.99,1.37349918207352,64.6352556269892,0.992232160028095
"species=Astyanax_fasciatus__sex=F__region=valley","prey_45",8,17,47.0588235294118,4.33,323.99,1.33646100188277,62.8922824415423,0.965475337735202
"species=Astyanax_fasciatus__sex=F__region=valley","prey_41",9,17,52.9411764705882,3.77,323.99,1.16361616099262,61.6032085231389,0.945686437914417
"species=Astyanax_fasciatus__sex=F__region=valley","prey_38",12,17,70.5882352941177,2.72,323.99,0.83953208432359,59.2610883051946,0.909731957958343
"species=Astyanax_fasciatus__sex=F__region=valley","prey_59",8,17,47.0588235294118,3.85,323.99,1.18830828111979,55.9203896997547,0.858448048563632
"species=Astyanax_fasciatus__sex=F__region=valley","prey_3",8,17,47.0588235294118,3.54,323.99,1.09262631562703,51.4177089706835,0.789326257640327
"species=Astyanax_fasciatus__sex=F__region=valley","prey_35",6,17,35.2941176470588,3.93,323.99,1.21300040124695,42.8117788675395,0.657214447569171
"species=Astyanax_fasciatus__sex=F__region=valley","prey_32",6,17,35.2941176470588,3.5,323.99,1.08028025556344,38.1275384316509,0.585305487657022
"species=Astyanax_fasciatus__sex=F__region=valley","prey_33",6,17,35.2941176470588,2.96,323.99,0.913608444705084,32.2450039307677,0.49500121241851
"species=Astyanax_fasciatus__sex=F__region=valley","prey_10",6,17,35.2941176470588,2.31,323.99,0.712984968671873,25.1641753648896,0.386301621853635
"species=Astyanax_fasciatus__sex=M__region=montain","prey_42",17,19,89.4736842105263,11.78,398.34,2.95727268162876,264.598082040468,3.75928981597764
"species=Astyanax_fasciatus__sex=M__region=montain","prey_21",16,19,84.2105263157895,8.63,398.34,2.16649093739017,182.441342096014,2.59204403170974
"species=Astyanax_fasciatus__sex=M__region=montain","prey_30",17,19,89.4736842105263,7.89,398.34,1.98071998794999,177.222314711315,2.51789445229742
"species=Astyanax_fasciatus__sex=M__region=montain","prey_29",16,19,84.2105263157895,7.98,398.34,2.0033137520711,168.700105437566,2.39681475933299
"species=Astyanax_fasciatus__sex=M__region=montain","prey_54",18,19,94.7368421052632,7.04,398.34,1.76733443791736,167.431683592171,2.37879359572898
"species=Astyanax_fasciatus__sex=M__region=montain","prey_60",15,19,78.9473684210526,8.38,398.34,2.10373048149822,166.083985381438,2.35964610939973
"species=Astyanax_fasciatus__sex=M__region=montain","prey_51",15,19,78.9473684210526,8.22,398.34,2.06356378972737,162.91293076795,2.31459320038971
"species=Astyanax_fasciatus__sex=M__region=montain","prey_13",14,19,73.6842105263158,8.75,398.34,2.19661595621831,161.855912563454,2.29957556405303
"species=Astyanax_fasciatus__sex=M__region=montain","prey_7",15,19,78.9473684210526,8.16,398.34,2.0485012803133,161.723785287892,2.29769835951095
"species=Astyanax_fasciatus__sex=M__region=montain","prey_22",15,19,78.9473684210526,7.99,398.34,2.00582417030677,158.354539761061,2.24982964368781
"species=Astyanax_fasciatus__sex=M__region=montain","prey_36",16,19,84.2105263157895,7.3,398.34,1.83260531204499,154.32465785642,2.19257490515424
"species=Astyanax_fasciatus__sex=M__region=montain","prey_43",14,19,73.6842105263158,8.05,398.34,2.02088667972084,148.907439558378,2.11560951892879
"species=Astyanax_fasciatus__sex=M__region=montain","prey_4",14,19,73.6842105263158,7.88,398.34,1.97820956971431,145.762810400002,2.07093205082719
"species=Astyanax_fasciatus__sex=M__region=montain","prey_10",14,19,73.6842105263158,7.84,398.34,1.9681678967716,145.022897656855,2.06041970539152
"species=Astyanax_fasciatus__sex=M__region=montain","prey_14",14,19,73.6842105263158,7.82,398.34,1.96314706030025,144.652941285281,2.05516353267368
"species=Astyanax_fasciatus__sex=M__region=montain","prey_26",14,19,73.6842105263158,7.68,398.34,1.92800120500075,142.063246684266,2.01837032364883
"species=Astyanax_fasciatus__sex=M__region=montain","prey_37",13,19,68.4210526315789,8.05,398.34,2.02088667972084,138.271193875637,1.96449455329102
"species=Astyanax_fasciatus__sex=M__region=montain","prey_31",14,19,73.6842105263158,7.26,398.34,1.82256363910227,134.29416288122,1.90799069657429
"species=Astyanax_fasciatus__sex=M__region=montain","prey_57",13,19,68.4210526315789,7.81,398.34,1.96063664206457,134.148822878102,1.905925771578
"species=Astyanax_fasciatus__sex=M__region=montain","prey_16",15,19,78.9473684210526,6.74,398.34,1.69202189084702,133.580675593185,1.89785379204704
"species=Astyanax_fasciatus__sex=M__region=montain","prey_25",13,19,68.4210526315789,7.66,398.34,1.9229803685294,131.572341004643,1.86932028300736
"species=Astyanax_fasciatus__sex=M__region=montain","prey_35",15,19,78.9473684210526,6.55,398.34,1.64432394436913,129.815048239668,1.84435346259764
"species=Astyanax_fasciatus__sex=M__region=montain","prey_38",14,19,73.6842105263158,6.68,398.34,1.67695938143295,123.565428105586,1.75556168775706
"species=Astyanax_fasciatus__sex=M__region=montain","prey_56",12,19,63.1578947368421,7.79,398.34,1.95561580559321,123.512577195361,1.75481080594023
"species=Astyanax_fasciatus__sex=M__region=montain","prey_41",15,19,78.9473684210526,6.18,398.34,1.55143846964904,122.481984445977,1.74016861051197
"species=Astyanax_fasciatus__sex=M__region=montain","prey_11",14,19,73.6842105263158,6.54,398.34,1.64181352613345,120.97573350457,1.71876847873221
"species=Astyanax_fasciatus__sex=M__region=montain","prey_19",14,19,73.6842105263158,6.5,398.34,1.63177185319074,120.235820761423,1.70825613329654
"species=Astyanax_fasciatus__sex=M__region=montain","prey_27",14,19,73.6842105263158,6.44,398.34,1.61670934377667,119.125951646702,1.69248761514303
"species=Astyanax_fasciatus__sex=M__region=montain","prey_48",12,19,63.1578947368421,7.31,398.34,1.83511573028066,115.902046122989,1.64668382431618
"species=Astyanax_fasciatus__sex=M__region=montain","prey_24",14,19,73.6842105263158,6.24,398.34,1.56650097906311,115.426387930966,1.63992588796468
"species=Astyanax_fasciatus__sex=M__region=montain","prey_40",12,19,63.1578947368421,7.27,398.34,1.82507405733795,115.267835200292,1.63767324251418
"species=Astyanax_fasciatus__sex=M__region=montain","prey_9",13,19,68.4210526315789,6.56,398.34,1.64683436260481,112.678140599276,1.60088003348933
"species=Astyanax_fasciatus__sex=M__region=montain","prey_6",12,19,63.1578947368421,6.77,398.34,1.69955314555405,107.340198666572,1.52504096998913
"species=Astyanax_fasciatus__sex=M__region=montain","prey_12",13,19,68.4210526315789,6.22,398.34,1.56148014259176,106.838115019436,1.51790759272921
"species=Astyanax_fasciatus__sex=M__region=montain","prey_3",13,19,68.4210526315789,6.11,398.34,1.5338655419993,104.948694978899,1.49106356777741
"species=Astyanax_fasciatus__sex=M__region=montain","prey_15",13,19,68.4210526315789,5.96,398.34,1.49620926846413,102.37221310544,1.45445807920677
"species=Astyanax_fasciatus__sex=M__region=montain","prey_33",13,19,68.4210526315789,5.79,398.34,1.4535321584576,99.4522003155199,1.41297185882671
"species=Astyanax_fasciatus__sex=M__region=montain","prey_55",12,19,63.1578947368421,6.19,398.34,1.55394888788472,98.1441402874561,1.39438753386008
"species=Astyanax_fasciatus__sex=M__region=montain","prey_23",12,19,63.1578947368421,6.18,398.34,1.55143846964904,97.9855875567817,1.39213488840958
"species=Astyanax_fasciatus__sex=M__region=montain","prey_47",14,19,73.6842105263158,5.26,398.34,1.32047999196666,97.2985257238593,1.38237342479074
"species=Astyanax_fasciatus__sex=M__region=montain","prey_44",15,19,78.9473684210526,4.74,398.34,1.1899382437114,93.9424929245844,1.3346924294218
"species=Astyanax_fasciatus__sex=M__region=montain","prey_2",12,19,63.1578947368421,5.9,398.34,1.48114675905006,93.5461110978984,1.32906081579555
"species=Astyanax_fasciatus__sex=M__region=montain","prey_50",12,19,63.1578947368421,5.88,398.34,1.4761259225787,93.2290056365496,1.32455552489455
"species=Astyanax_fasciatus__sex=M__region=montain","prey_49",11,19,57.8947368421053,6.32,398.34,1.58658432494854,91.8548819707048,1.30503259765687
"species=Astyanax_fasciatus__sex=M__region=montain","prey_34",11,19,57.8947368421053,6.22,398.34,1.56148014259176,90.4014819395227,1.28438334769395
"species=Astyanax_fasciatus__sex=M__region=montain","prey_28",12,19,63.1578947368421,5.63,398.34,1.41336546668675,89.2651873696895,1.26823938863202
"species=Astyanax_fasciatus__sex=M__region=montain","prey_46",11,19,57.8947368421053,6.09,398.34,1.52884470552794,88.5120618989861,1.25753932274215
"species=Astyanax_fasciatus__sex=M__region=montain","prey_20",12,19,63.1578947368421,5.48,398.34,1.37570919315158,86.8868964095734,1.23444970687451
"species=Astyanax_fasciatus__sex=M__region=montain","prey_32",11,19,57.8947368421053,5.89,398.34,1.47863634081438,85.605261836622,1.2162408228163
"species=Astyanax_fasciatus__sex=M__region=montain","prey_45",13,19,68.4210526315789,4.92,398.34,1.23512577195361,84.5086054494573,1.200660025117
"species=Astyanax_fasciatus__sex=M__region=montain","prey_17",13,19,68.4210526315789,4.85,398.34,1.21755284430386,83.3062472418431,1.18357746378403
"species=Astyanax_fasciatus__sex=M__region=montain","prey_8",11,19,57.8947368421053,5.54,398.34,1.39077170256565,80.5183617274849,1.14396844794606
"species=Astyanax_fasciatus__sex=M__region=montain","prey_58",13,19,68.4210526315789,4.52,398.34,1.13470904252649,77.6379871202332,1.10304538892862
"species=Astyanax_fasciatus__sex=M__region=montain","prey_39",10,19,52.6315789473684,5.78,398.34,1.45102174022192,76.369565274838,1.08502422532462
"species=Astyanax_fasciatus__sex=M__region=montain","prey_52",11,19,57.8947368421053,5.22,398.34,1.31043831902395,75.8674816277023,1.0778908480647
"species=Astyanax_fasciatus__sex=M__region=montain","prey_5",9,19,47.3684210526316,5.42,398.34,1.36064668373751,64.4516850191452,0.915700375628629
"species=Astyanax_fasciatus__sex=M__region=montain","prey_59",9,19,47.3684210526316,5.25,398.34,1.31796957373098,62.4301377030466,0.886979146134742
"species=Astyanax_fasciatus__sex=M__region=montain","prey_18",9,19,47.3684210526316,5.16,398.34,1.29537580960988,61.3599067709944,0.871773789343861
"species=Astyanax_fasciatus__sex=M__region=montain","prey_1",10,19,52.6315789473684,4.12,398.34,1.03429231309936,54.4364375315454,0.773408271338653
"species=Astyanax_fasciatus__sex=M__region=montain","prey_53",9,19,47.3684210526316,3.96,398.34,0.994125621328513,47.090161010298,0.669035698798777
"species=Astyanax_fasciatus__sex=M__region=plains","prey_33",19,21,90.4761904761905,9.94,422.17,2.35450174100481,213.026347995673,3.09677123147734
"species=Astyanax_fasciatus__sex=M__region=plains","prey_55",17,21,80.9523809523809,10.62,422.17,2.5155742947154,203.641728619818,2.9603467019534
"species=Astyanax_fasciatus__sex=M__region=plains","prey_30",19,21,90.4761904761905,9.04,422.17,2.14131747874079,193.738248076548,2.81637947007597
"species=Astyanax_fasciatus__sex=M__region=plains","prey_13",18,21,85.7142857142857,9.32,422.17,2.20764147144515,189.226411838156,2.75079075395869
"species=Astyanax_fasciatus__sex=M__region=plains","prey_15",17,21,80.9523809523809,9.86,422.17,2.33555202880356,189.068497569812,2.74849514889458
"species=Astyanax_fasciatus__sex=M__region=plains","prey_32",15,21,71.4285714285714,11.15,422.17,2.64111613804865,188.651152717761,2.74242819265374
"species=Astyanax_fasciatus__sex=M__region=plains","prey_43",16,21,76.1904761904762,10.36,422.17,2.45398773006135,186.97049371896,2.71799639590005
"species=Astyanax_fasciatus__sex=M__region=plains","prey_9",16,21,76.1904761904762,9.85,422.17,2.33318331477841,177.76634779264,2.5841954150208
"species=Astyanax_fasciatus__sex=M__region=plains","prey_53",20,21,95.2380952380952,7.84,422.17,1.8570717957221,176.863980544962,2.57107767179734
"species=Astyanax_fasciatus__sex=M__region=plains","prey_34",15,21,71.4285714285714,10.17,422.17,2.40898216358339,172.070154541671,2.50138966092273
"species=Astyanax_fasciatus__sex=M__region=plains","prey_11",17,21,80.9523809523809,8.45,422.17,2.0015633512566,162.031318911249,2.35545476756179
"species=Astyanax_fasciatus__sex=M__region=plains","prey_31",17,21,80.9523809523809,8.19,422.17,1.93997678660255,157.045739867826,2.2829792362522
"species=Astyanax_fasciatus__sex=M__region=plains","prey_7",15,21,71.4285714285714,8.56,422.17,2.02761920553332,144.82994325238,2.10539778736466
"species=Astyanax_fasciatus__sex=M__region=plains","prey_37",15,21,71.4285714285714,8.33,422.17,1.97313878295473,140.938484496767,2.04882751971351
"species=Astyanax_fasciatus__sex=M__region=plains","prey_44",15,21,71.4285714285714,8.22,422.17,1.94708292867802,139.07735204843,2.02177217431513
"species=Astyanax_fasciatus__sex=M__region=plains","prey_1",17,21,80.9523809523809,7.1,422.17,1.68178695786058,136.144658493475,1.9791395088389
"species=Astyanax_fasciatus__sex=M__region=plains","prey_16",15,21,71.4285714285714,7.91,422.17,1.87365279389819,133.832342421299,1.94552529182879
"species=Astyanax_fasciatus__sex=M__region=plains","prey_10",15,21,71.4285714285714,7.86,422.17,1.86180922377241,132.986373126601,1.9332274075568
"species=Astyanax_fasciatus__sex=M__region=plains","prey_3",14,21,66.6666666666667,8.12,422.17,1.92339578842646,128.226385895098,1.86403131205307
"species=Astyanax_fasciatus__sex=M__region=plains","prey_29",16,21,76.1904761904762,6.97,422.17,1.65099367553355,125.789994326366,1.82861340534974
"species=Astyanax_fasciatus__sex=M__region=plains","prey_20",15,21,71.4285714285714,7.26,422.17,1.71968638226307,122.834741590219,1.78565279629293
"species=Astyanax_fasciatus__sex=M__region=plains","prey_17",14,21,66.6666666666667,7.76,422.17,1.83812208352086,122.541472234724,1.7813895297453
"species=Astyanax_fasciatus__sex=M__region=plains","prey_4",15,21,71.4285714285714,7.2,422.17,1.70547409811214,121.819578436581,1.77089533516654
"species=Astyanax_fasciatus__sex=M__region=plains","prey_38",14,21,66.6666666666667,7.27,422.17,1.72205509628823,114.803673085882,1.66890488160417
"species=Astyanax_fasciatus__sex=M__region=plains","prey_39",12,21,57.1428571428571,8.43,422.17,1.99682592320629,114.104338468931,1.65873863060599
"species=Astyanax_fasciatus__sex=M__region=plains","prey_59",15,21,71.4285714285714,6.62,422.17,1.5680886846531,112.006334618079,1.62823987761146
"species=Astyanax_fasciatus__sex=M__region=plains","prey_60",14,21,66.6666666666667,7,422.17,1.65809981760902,110.539987840601,1.60692354487334
"species=Astyanax_fasciatus__sex=M__region=plains","prey_25",13,21,61.9047619047619,7.38,422.17,1.74811095056494,108.21639217783,1.57314535607294
"species=Astyanax_fasciatus__sex=M__region=plains","prey_27",13,21,61.9047619047619,7.17,422.17,1.69836795603667,105.137063945127,1.5283810573229
"species=Astyanax_fasciatus__sex=M__region=plains","prey_21",15,21,71.4285714285714,6.19,422.17,1.4662339815714,104.730998683672,1.52247807287234
"species=Astyanax_fasciatus__sex=M__region=plains","prey_24",13,21,61.9047619047619,6.91,422.17,1.63678139138262,101.324562323686,1.4729585922038
"species=Astyanax_fasciatus__sex=M__region=plains","prey_19",13,21,61.9047619047619,6.9,422.17,1.63441267735746,101.177927645938,1.47082695892999
"species=Astyanax_fasciatus__sex=M__region=plains","prey_50",13,21,61.9047619047619,6.89,422.17,1.63204396333231,101.03129296819,1.46869532565617
"species=Astyanax_fasciatus__sex=M__region=plains","prey_41",13,21,61.9047619047619,6.85,422.17,1.62256910723168,100.444754257199,1.46016879256093
"species=Astyanax_fasciatus__sex=M__region=plains","prey_42",15,21,71.4285714285714,5.85,422.17,1.38569770471611,98.9784074797221,1.43885245982281
"species=Astyanax_fasciatus__sex=M__region=plains","prey_22",13,21,61.9047619047619,6.7,422.17,1.58703839685435,98.2452340909834,1.42819429345375
"species=Astyanax_fasciatus__sex=M__region=plains","prey_6",12,21,57.1428571428571,7.18,422.17,1.70073667006182,97.1849525749613,1.41278094516619
"species=Astyanax_fasciatus__sex=M__region=plains","prey_49",13,21,61.9047619047619,6.58,422.17,1.55861382855248,96.4856179580106,1.40261469416802
"species=Astyanax_fasciatus__sex=M__region=plains","prey_14",14,21,66.6666666666667,6.07,422.17,1.43780941326954,95.8539608846357,1.3934322739116
"species=Astyanax_fasciatus__sex=M__region=plains","prey_46",12,21,57.1428571428571,6.94,422.17,1.64388753345809,93.9364304833192,1.36555706956175
"species=Astyanax_fasciatus__sex=M__region=plains","prey_2",15,21,71.4285714285714,5.49,422.17,1.3004239998105,92.8874285578931,1.35030769306449
"species=Astyanax_fasciatus__sex=M__region=plains","prey_51",13,21,61.9047619047619,6.29,422.17,1.48992112182296,92.2332123033262,1.34079732922748
"species=Astyanax_fasciatus__sex=M__region=plains","prey_54",13,21,61.9047619047619,6.26,422.17,1.48281497974749,91.793308270083,1.33440242940604
"species=Astyanax_fasciatus__sex=M__region=plains","prey_52",12,21,57.1428571428571,6.32,422.17,1.49702726389843,85.5444150799103,1.24356205758361
"species=Astyanax_fasciatus__sex=M__region=plains","prey_28",11,21,52.3809523809524,6.85,422.17,1.62256910723168,84.9917151407073,1.23552743985925
"species=Astyanax_fasciatus__sex=M__region=plains","prey_35",14,21,66.6666666666667,5.17,422.17,1.22462515100552,81.6416767337013,1.18682781814217
"species=Astyanax_fasciatus__sex=M__region=plains","prey_26",14,21,66.6666666666667,5.13,422.17,1.2151502949049,81.0100196603264,1.17764539788575
"species=Astyanax_fasciatus__sex=M__region=plains","prey_57",13,21,61.9047619047619,5.45,422.17,1.29094914370988,79.9158993725164,1.16174013422731
"species=Astyanax_fasciatus__sex=M__region=plains","prey_58",13,21,61.9047619047619,5.41,422.17,1.28147428760926,79.3293606615254,1.15321360113206
"species=Astyanax_fasciatus__sex=M__region=plains","prey_23",12,21,57.1428571428571,5.81,422.17,1.37622284861549,78.6413056351706,1.14321132192418
"species=Astyanax_fasciatus__sex=M__region=plains","prey_40",13,21,61.9047619047619,5.3,422.17,1.25541843333254,77.7163792063003,1.12976563512013
"species=Astyanax_fasciatus__sex=M__region=plains","prey_36",13,21,61.9047619047619,5.25,422.17,1.24357486320676,76.9832058175616,1.11910746875108
"species=Astyanax_fasciatus__sex=M__region=plains","prey_47",12,21,57.1428571428571,5.62,422.17,1.33121728213753,76.0695589792873,1.10582575373733
"species=Astyanax_fasciatus__sex=M__region=plains","prey_56",13,21,61.9047619047619,4.87,422.17,1.15356373025085,71.4110880631477,1.03810540434624
"species=Astyanax_fasciatus__sex=M__region=plains","prey_5",12,21,57.1428571428571,4.98,422.17,1.17961958452756,67.4068334015749,0.979895418792151
"species=Astyanax_fasciatus__sex=M__region=plains","prey_45",11,21,52.3809523809524,5.01,422.17,1.18672572660303,62.1618237744443,0.903648536305814
"species=Astyanax_fasciatus__sex=M__region=plains","prey_18",10,21,47.6190476190476,5.38,422.17,1.27436814553379,60.6841974063709,0.882168231777405
"species=Astyanax_fasciatus__sex=M__region=plains","prey_12",11,21,52.3809523809524,4.66,422.17,1.10382073572258,57.8191813949921,0.840519397042933
"species=Astyanax_fasciatus__sex=M__region=plains","prey_48",11,21,52.3809523809524,3.29,422.17,0.779306914276239,40.8208383668506,0.593413909071083
"species=Astyanax_fasciatus__sex=M__region=plains","prey_8",9,21,42.8571428571429,2.62,422.17,0.620603074590805,26.5972746253202,0.386645481511361
"species=Astyanax_fasciatus__sex=M__region=pothole","prey_35",22,25,88,11.73,500.25,2.3448275862069,206.344827586207,3.08504864397013
"species=Astyanax_fasciatus__sex=M__region=pothole","prey_58",19,25,76,12.86,500.25,2.57071464267866,195.374312843578,2.92102916247253
"species=Astyanax_fasciatus__sex=M__region=pothole","prey_27",21,25,84,10.25,500.25,2.04897551224388,172.113943028486,2.57326482451589
"species=Astyanax_fasciatus__sex=M__region=pothole","prey_8",20,25,80,10.69,500.25,2.13693153423288,170.954522738631,2.55593040409523
"species=Astyanax_fasciatus__sex=M__region=pothole","prey_41",19,25,76,10.88,500.25,2.17491254372814,165.293353323338,2.47129061335157
"species=Astyanax_fasciatus__sex=M__region=pothole","prey_6",19,25,76,10.53,500.25,2.10494752623688,159.976011994003,2.39179137487059
"species=Astyanax_fasciatus__sex=M__region=pothole","prey_42",20,25,80,9.99,500.25,1.99700149925037,159.76011994003,2.38856358624053
"species=Astyanax_fasciatus__sex=M__region=pothole","prey_45",18,25,72,10.91,500.25,2.18090954522739,157.025487256372,2.34767826359317
"species=Astyanax_fasciatus__sex=M__region=pothole","prey_1",20,25,80,9.44,500.25,1.88705647176412,150.964517741129,2.25706108649756
"species=Astyanax_fasciatus__sex=M__region=pothole","prey_17",19,25,76,9.73,500.25,1.94502748625687,147.822088955522,2.21007882977121
"species=Astyanax_fasciatus__sex=M__region=pothole","prey_32",18,25,72,10.24,500.25,2.04697651174413,147.382308845577,2.20350370478406
"species=Astyanax_fasciatus__sex=M__region=pothole","prey_33",19,25,76,9.51,500.25,1.90104947526237,144.47976011994,2.16010787986888
"species=Astyanax_fasciatus__sex=M__region=pothole","prey_46",19,25,76,9.43,500.25,1.88505747126437,143.264367816092,2.14193662535894
"species=Astyanax_fasciatus__sex=M__region=pothole","prey_52",18,25,72,9.8,500.25,1.95902048975512,141.049475262369,2.10882190496912
"species=Astyanax_fasciatus__sex=M__region=pothole","prey_43",20,25,80,8.64,500.25,1.72713643178411,138.170914542729,2.06578472323506
"species=Astyanax_fasciatus__sex=M__region=pothole","prey_21",19,25,76,8.91,500.25,1.78110944527736,135.364317841079,2.02382347104435
"species=Astyanax_fasciatus__sex=M__region=pothole","prey_50",18,25,72,9.37,500.25,1.87306346826587,134.860569715142,2.01629196424088
"species=Astyanax_fasciatus__sex=M__region=pothole","prey_36",15,25,60,11.11,500.25,2.22088955522239,133.253373313343,1.99226287110603
"species=Astyanax_fasciatus__sex=M__region=pothole","prey_37",17,25,68,9.67,500.25,1.93303348325837,131.446276861569,1.9652450847952
"species=Astyanax_fasciatus__sex=M__region=pothole","prey_56",17,25,68,9.62,500.25,1.92303848075962,130.766616691654,1.95508352799688
"species=Astyanax_fasciatus__sex=M__region=pothole","prey_22",16,25,64,10.2,500.25,2.03898050974513,130.494752623688,1.95101890527755
"species=Astyanax_fasciatus__sex=M__region=pothole","prey_14",17,25,68,9.53,500.25,1.90504747626187,129.543228385807,1.9367927257599
"species=Astyanax_fasciatus__sex=M__region=pothole","prey_31",17,25,68,8.74,500.25,1.74712643678161,118.804597701149,1.77624012834644
"species=Astyanax_fasciatus__sex=M__region=pothole","prey_40",16,25,64,9.28,500.25,1.85507246376812,118.724637681159,1.77504465107605
"species=Astyanax_fasciatus__sex=M__region=pothole","prey_12",15,25,60,9.85,500.25,1.96901549225387,118.140929535232,1.7663176670022
"species=Astyanax_fasciatus__sex=M__region=pothole","prey_38",18,25,72,8,500.25,1.5992003998001,115.142428785607,1.72148726936255
"species=Astyanax_fasciatus__sex=M__region=pothole","prey_25",17,25,68,8.45,500.25,1.68915542228886,114.862568715642,1.71730309891618
"species=Astyanax_fasciatus__sex=M__region=pothole","prey_54",16,25,64,8.96,500.25,1.79110444777611,114.630684657671,1.71383621483205
"species=Astyanax_fasciatus__sex=M__region=pothole","prey_13",15,25,60,9.16,500.25,1.83108445777111,109.865067466267,1.64258576951676
"species=Astyanax_fasciatus__sex=M__region=pothole","prey_30",18,25,72,7.53,500.25,1.50524737631184,108.377811094453,1.6203498922875
"species=Astyanax_fasciatus__sex=M__region=pothole","prey_9",19,25,76,7.07,500.25,1.41329335332334,107.410294852574,1.60588461731577
"species=Astyanax_fasciatus__sex=M__region=pothole","prey_29",17,25,68,7.87,500.25,1.57321339330335,106.978510744628,1.59942904005566
"species=Astyanax_fasciatus__sex=M__region=pothole","prey_55",16,25,64,8.28,500.25,1.6551724137931,105.931034482759,1.58376828781354
"species=Astyanax_fasciatus__sex=M__region=pothole","prey_16",16,25,64,8.11,500.25,1.62118940529735,103.75612193903,1.55125130605892
"species=Astyanax_fasciatus__sex=M__region=pothole","prey_53",15,25,60,8.6,500.25,1.71914042978511,103.148425787106,1.54216567880395
"species=Astyanax_fasciatus__sex=M__region=pothole","prey_23",17,25,68,7.49,500.25,1.49725137431284,101.813093453273,1.52220120838843
"species=Astyanax_fasciatus__sex=M__region=pothole","prey_19",15,25,60,8.07,500.25,1.61319340329835,96.7916041979011,1.44712523580789
"species=Astyanax_fasciatus__sex=M__region=pothole","prey_60",16,25,64,7.36,500.25,1.47126436781609,94.1609195402299,1.40779403361204
"species=Astyanax_fasciatus__sex=M__region=pothole","prey_26",15,25,60,7.82,500.25,1.5632183908046,93.7931034482759,1.40229483816824
"species=Astyanax_fasciatus__sex=M__region=pothole","prey_34",15,25,60,7.73,500.25,1.54522738630685,92.7136431784108,1.38615589501797
"species=Astyanax_fasciatus__sex=M__region=pothole","prey_20",17,25,68,6.8,500.25,1.35932033983008,92.4337831084458,1.3819717245716
"species=Astyanax_fasciatus__sex=M__region=pothole","prey_2",16,25,64,7.22,500.25,1.44327836081959,92.3698150924538,1.38101534275529
"species=Astyanax_fasciatus__sex=M__region=pothole","prey_57",14,25,56,7.48,500.25,1.49525237381309,83.7341329335332,1.2519037975531
"species=Astyanax_fasciatus__sex=M__region=pothole","prey_24",14,25,56,7.45,500.25,1.48925537231384,83.3983008495752,1.24688279301746
"species=Astyanax_fasciatus__sex=M__region=pothole","prey_49",14,25,56,7.41,500.25,1.48125937031484,82.9505247376312,1.24018812030327
"species=Astyanax_fasciatus__sex=M__region=pothole","prey_44",15,25,60,6.77,500.25,1.35332333833083,81.1994002998501,1.21400716808171
"species=Astyanax_fasciatus__sex=M__region=pothole","prey_7",15,25,60,6.72,500.25,1.34332833583208,80.599700149925,1.20504108855378
"species=Astyanax_fasciatus__sex=M__region=pothole","prey_5",13,25,52,7.54,500.25,1.50724637681159,78.3768115942029,1.17180682043692
"species=Astyanax_fasciatus__sex=M__region=pothole","prey_28",16,25,64,6.02,500.25,1.20339830084957,77.0174912543728,1.15148370684028
"species=Astyanax_fasciatus__sex=M__region=pothole","prey_11",12,25,48,8,500.25,1.5992003998001,76.7616191904048,1.14765817957503
"species=Astyanax_fasciatus__sex=M__region=pothole","prey_51",13,25,52,7.34,500.25,1.46726636681659,76.2978510744628,1.14072441140677
"species=Astyanax_fasciatus__sex=M__region=pothole","prey_4",14,25,56,6.81,500.25,1.36131934032984,76.2338830584708,1.13976802959045
"species=Astyanax_fasciatus__sex=M__region=pothole","prey_48",14,25,56,6.66,500.25,1.33133433283358,74.5547226386807,1.11466300691225
"species=Astyanax_fasciatus__sex=M__region=pothole","prey_59",15,25,60,5.64,500.25,1.12743628185907,67.6461769115442,1.0113737707505
"species=Astyanax_fasciatus__sex=M__region=pothole","prey_3",14,25,56,5.83,500.25,1.16541729135432,65.2633683158421,0.975748548092855
"species=Astyanax_fasciatus__sex=M__region=pothole","prey_47",14,25,56,5.26,500.25,1.05147426286857,58.8825587206397,0.880349461915681
"species=Astyanax_fasciatus__sex=M__region=pothole","prey_18",13,25,52,5.42,500.25,1.08345827086457,56.3398300849575,0.842333284717258
"species=Astyanax_fasciatus__sex=M__region=pothole","prey_10",12,25,48,5.74,500.25,1.14742628685657,55.0764617691155,0.823444743845085
"species=Astyanax_fasciatus__sex=M__region=pothole","prey_15",13,25,52,4.95,500.25,0.989505247376312,51.4542728635682,0.769289623496388
"species=Astyanax_fasciatus__sex=M__region=pothole","prey_39",9,25,36,3.78,500.25,0.755622188905547,27.2023988005997,0.406701367386902
"species=Astyanax_fasciatus__sex=M__region=valley","prey_3",18,19,94.7368421052632,10.5,384.53,2.7306061945752,258.689007907124,3.92007201317476
"species=Astyanax_fasciatus__sex=M__region=valley","prey_58",15,19,78.9473684210526,9.42,384.53,2.44974384313318,193.40082972104,2.9307205050878
"species=Astyanax_fasciatus__sex=M__region=valley","prey_24",17,19,89.4736842105263,8.01,384.53,2.08306243986165,186.37927093499,2.82431855044448
"species=Astyanax_fasciatus__sex=M__region=valley","prey_59",16,19,84.2105263157895,8.46,384.53,2.20008841962916,185.270603758245,2.80751824181659
"species=Astyanax_fasciatus__sex=M__region=valley","prey_36",17,19,89.4736842105263,7.54,384.53,1.96083530543781,175.443158907593,2.65859698755948
"species=Astyanax_fasciatus__sex=M__region=valley","prey_4",14,19,73.6842105263158,8.99,384.53,2.337919018022,172.267717117411,2.61047758506971
"species=Astyanax_fasciatus__sex=M__region=valley","prey_40",14,19,73.6842105263158,8.59,384.53,2.23389592489533,164.602857623866,2.49432730319787
"species=Astyanax_fasciatus__sex=M__region=valley","prey_2",15,19,78.9473684210526,7.81,384.53,2.03105089329831,160.34612315513,2.42982241451547
"species=Astyanax_fasciatus__sex=M__region=valley","prey_33",16,19,84.2105263157895,7.25,384.53,1.88541856292097,158.772089509134,2.40597012448821
"species=Astyanax_fasciatus__sex=M__region=valley","prey_30",15,19,78.9473684210526,7.42,384.53,1.9296283774998,152.339082434195,2.30848685220291
"species=Astyanax_fasciatus__sex=M__region=valley","prey_34",13,19,68.4210526315789,8.55,384.53,2.22349361558266,152.133773697761,2.30537568393849
"species=Astyanax_fasciatus__sex=M__region=valley","prey_31",14,19,73.6842105263158,7.84,384.53,2.03885262528281,150.23124607347,2.27654552468816
"species=Astyanax_fasciatus__sex=M__region=valley","prey_55",13,19,68.4210526315789,8.12,384.53,2.11166879047148,144.482601453312,2.18943281328427
"species=Astyanax_fasciatus__sex=M__region=valley","prey_37",13,19,68.4210526315789,7.91,384.53,2.05705666657998,140.745982450209,2.13280955087175
"species=Astyanax_fasciatus__sex=M__region=valley","prey_43",14,19,73.6842105263158,7.05,384.53,1.83340701635763,135.09314857372,2.04714871799126
"species=Astyanax_fasciatus__sex=M__region=valley","prey_7",12,19,63.1578947368421,7.91,384.53,2.05705666657998,129.919368415578,1.96874727772777
"species=Astyanax_fasciatus__sex=M__region=valley","prey_52",12,19,63.1578947368421,7.72,384.53,2.00764569734481,126.798675621777,1.92145752010852
"species=Astyanax_fasciatus__sex=M__region=valley","prey_6",12,19,63.1578947368421,7.54,384.53,1.96083530543781,123.842229817125,1.87665669710081
"species=Astyanax_fasciatus__sex=M__region=valley","prey_47",13,19,68.4210526315789,6.89,384.53,1.79179777910696,122.596690149424,1.85778227629663
"species=Astyanax_fasciatus__sex=M__region=valley","prey_5",12,19,63.1578947368421,7.41,384.53,1.92702780017164,121.707018958209,1.84430054715079
"species=Astyanax_fasciatus__sex=M__region=valley","prey_16",13,19,68.4210526315789,6.83,384.53,1.77619431513796,121.529084719966,1.84160420132162
"species=Astyanax_fasciatus__sex=M__region=valley","prey_29",13,19,68.4210526315789,6.62,384.53,1.72158219124646,117.792465716863,1.7849809389091
"species=Astyanax_fasciatus__sex=M__region=valley","prey_17",13,19,68.4210526315789,6.23,384.53,1.62015967544795,110.853030425386,1.67982345157155
"species=Astyanax_fasciatus__sex=M__region=valley","prey_20",14,19,73.6842105263158,5.77,384.53,1.50053311835227,110.565598194378,1.67546781600136
"species=Astyanax_fasciatus__sex=M__region=valley","prey_48",13,19,68.4210526315789,6.12,384.53,1.59155332483811,108.895753804713,1.65016364745071
"species=Astyanax_fasciatus__sex=M__region=valley","prey_49",11,19,57.8947368421053,7.02,384.53,1.82560528437313,105.692937516339,1.60162942252569
"species=Astyanax_fasciatus__sex=M__region=valley","prey_46",13,19,68.4210526315789,5.94,384.53,1.54474293293111,105.692937516339,1.60162942252569
"species=Astyanax_fasciatus__sex=M__region=valley","prey_42",12,19,63.1578947368421,6.41,384.53,1.66697006735495,105.282320043471,1.59540708599684
"species=Astyanax_fasciatus__sex=M__region=valley","prey_11",11,19,57.8947368421053,6.9,384.53,1.79439835643513,103.886220635718,1.57425114179875
"species=Astyanax_fasciatus__sex=M__region=valley","prey_15",13,19,68.4210526315789,5.67,384.53,1.47452734507061,100.888713083778,1.52882808513816
"species=Astyanax_fasciatus__sex=M__region=valley","prey_32",11,19,57.8947368421053,6.58,384.53,1.71117988193379,99.0683089540615,1.50124239319359
"species=Astyanax_fasciatus__sex=M__region=valley","prey_25",11,19,57.8947368421053,6.55,384.53,1.70337814994929,98.6166297339062,1.49439782301186
"species=Astyanax_fasciatus__sex=M__region=valley","prey_10",13,19,68.4210526315789,5.39,384.53,1.40171117988193,95.9065544129744,1.45333040192146
"species=Astyanax_fasciatus__sex=M__region=valley","prey_54",11,19,57.8947368421053,6.35,384.53,1.65136660338595,95.6054349328709,1.44876735513364
"species=Astyanax_fasciatus__sex=M__region=valley","prey_1",12,19,63.1578947368421,5.82,384.53,1.51353600499311,95.5917476837753,1.44855994391601
"species=Astyanax_fasciatus__sex=M__region=valley","prey_45",12,19,63.1578947368421,5.79,384.53,1.50573427300861,95.0990067163331,1.44109314008139
"species=Astyanax_fasciatus__sex=M__region=valley","prey_53",10,19,52.6315789473684,6.8,384.53,1.76839258315346,93.0732938501821,1.4103962798724
"species=Astyanax_fasciatus__sex=M__region=valley","prey_28",11,19,57.8947368421053,6.05,384.53,1.57334928354095,91.0886427313179,1.3803216533163
"species=Astyanax_fasciatus__sex=M__region=valley","prey_13",12,19,63.1578947368421,5.51,384.53,1.43291810781994,90.5000910202065,1.37140297095828
"species=Astyanax_fasciatus__sex=M__region=valley","prey_14",10,19,52.6315789473684,6.6,384.53,1.71638103659012,90.3358440310591,1.36891403634674
"species=Astyanax_fasciatus__sex=M__region=valley","prey_12",12,19,63.1578947368421,5.41,384.53,1.40691233453827,88.8576211287327,1.34651362484289
"species=Astyanax_fasciatus__sex=M__region=valley","prey_51",12,19,63.1578947368421,5.4,384.53,1.4043117572101,88.6933741395853,1.34402469023135
"species=Astyanax_fasciatus__sex=M__region=valley","prey_60",11,19,57.8947368421053,5.78,384.53,1.50313369568044,87.0235297499203,1.31872052168069
"species=Astyanax_fasciatus__sex=M__region=valley","prey_56",12,19,63.1578947368421,5.21,384.53,1.35490078797493,85.5726813457851,1.2967349326121
"species=Astyanax_fasciatus__sex=M__region=valley","prey_38",11,19,57.8947368421053,5.61,384.53,1.4589238811016,84.4640141690403,1.2799346239842
"species=Astyanax_fasciatus__sex=M__region=valley","prey_21",12,19,63.1578947368421,5.14,384.53,1.33669674667776,84.4229524217534,1.27931239033132
"species=Astyanax_fasciatus__sex=M__region=valley","prey_27",10,19,52.6315789473684,6.16,384.53,1.60195563415078,84.3134544289885,1.27765310059029
"species=Astyanax_fasciatus__sex=M__region=valley","prey_41",12,19,63.1578947368421,4.88,384.53,1.26908173614542,80.1525307039215,1.21460009043129
"species=Astyanax_fasciatus__sex=M__region=valley","prey_57",9,19,47.3684210526316,6.25,384.53,1.62536083010428,76.9907761628345,1.16668809915915
"species=Astyanax_fasciatus__sex=M__region=valley","prey_19",12,19,63.1578947368421,4.22,384.53,1.09744363248641,69.3122294201944,1.05033040606968
"species=Astyanax_fasciatus__sex=M__region=valley","prey_9",10,19,52.6315789473684,4.93,384.53,1.28208462278626,67.478138041382,1.02253730290749
"species=Astyanax_fasciatus__sex=M__region=valley","prey_50",11,19,57.8947368421053,4.33,384.53,1.12604998309625,65.1923674424143,0.987899629563565
"species=Astyanax_fasciatus__sex=M__region=valley","prey_39",10,19,52.6315789473684,4.65,384.53,1.20926845759759,63.6457082946098,0.964462161971568
"species=Astyanax_fasciatus__sex=M__region=valley","prey_18",9,19,47.3684210526316,5.05,384.53,1.31329155072426,62.2085471395702,0.942683984120597
"species=Astyanax_fasciatus__sex=M__region=valley","prey_44",10,19,52.6315789473684,4.52,384.53,1.17546095233142,61.8663659121799,0.93749870367989
"species=Astyanax_fasciatus__sex=M__region=valley","prey_35",10,19,52.6315789473684,4.18,384.53,1.08704132317374,57.2127012196708,0.86697888968627
"species=Astyanax_fasciatus__sex=M__region=valley","prey_26",8,19,42.1052631578947,5.06,384.53,1.31589212805243,55.4059843390496,0.839600608959335
"species=Astyanax_fasciatus__sex=M__region=valley","prey_23",9,19,47.3684210526316,4.46,384.53,1.15985748836242,54.9406178697987,0.832548627559973
"species=Astyanax_fasciatus__sex=M__region=valley","prey_8",10,19,52.6315789473684,3.35,384.53,0.871193404935896,45.8522844703103,0.694827579054786
"species=Astyanax_fasciatus__sex=M__region=valley","prey_22",8,19,42.1052631578947,4.06,384.53,1.05583439523574,44.4561850625576,0.673671634856699
"species=Cichla_ocellaris__sex=F__region=montain","prey_31",16,19,84.2105263157895,9.06,374.29,2.420582970424,203.838565930442,3.05873763770755
"species=Cichla_ocellaris__sex=F__region=montain","prey_2",15,19,78.9473684210526,8.62,374.29,2.3030270645756,181.817926150705,2.72830281840222
"species=Cichla_ocellaris__sex=F__region=montain","prey_57",15,19,78.9473684210526,8.61,374.29,2.30035533944268,181.607000482317,2.72513773392612
"species=Cichla_ocellaris__sex=F__region=montain","prey_58",15,19,78.9473684210526,8.33,374.29,2.22554703572097,175.701081767445,2.63651536859519
"species=Cichla_ocellaris__sex=F__region=montain","prey_35",16,19,84.2105263157895,7.55,374.29,2.01715247535334,169.865471608702,2.54894803142296
"species=Cichla_ocellaris__sex=F__region=montain","prey_12",15,19,78.9473684210526,7.96,374.29,2.12669320580299,167.896832037078,2.51940724297932
"species=Cichla_ocellaris__sex=F__region=montain","prey_40",14,19,73.6842105263158,8.5,374.29,2.27096636298058,167.334363588042,2.5109670177097
"species=Cichla_ocellaris__sex=F__region=montain","prey_38",14,19,73.6842105263158,8.22,374.29,2.19615805925886,161.822172787495,2.4282528100675
"species=Cichla_ocellaris__sex=F__region=montain","prey_24",15,19,78.9473684210526,7.51,374.29,2.00646557482166,158.405176959605,2.37697844155461
"species=Cichla_ocellaris__sex=F__region=montain","prey_11",14,19,73.6842105263158,7.6,374.29,2.03051110101793,149.616607443426,2.24509992171691
"species=Cichla_ocellaris__sex=F__region=montain","prey_13",14,19,73.6842105263158,7.59,374.29,2.02783937588501,149.419743486264,2.24214584287255
"species=Cichla_ocellaris__sex=F__region=montain","prey_53",16,19,84.2105263157895,6.47,374.29,1.72860616099816,145.566834610371,2.1843302997757
"species=Cichla_ocellaris__sex=F__region=montain","prey_15",15,19,78.9473684210526,6.63,374.29,1.77135376312485,139.843718141435,2.09845100765739
"species=Cichla_ocellaris__sex=F__region=montain","prey_47",14,19,73.6842105263158,7,374.29,1.87020759304283,137.804770013682,2.06785519105505
"species=Cichla_ocellaris__sex=F__region=montain","prey_37",15,19,78.9473684210526,6.53,374.29,1.74463651179567,137.734461457553,2.06680016289635
"species=Cichla_ocellaris__sex=F__region=montain","prey_48",14,19,73.6842105263158,6.86,374.29,1.83280344118197,135.048674613408,2.02649808723395
"species=Cichla_ocellaris__sex=F__region=montain","prey_60",12,19,63.1578947368421,7.63,374.29,2.03852627641668,128.749027984211,1.93196756421429
"species=Cichla_ocellaris__sex=F__region=montain","prey_49",14,19,73.6842105263158,6.53,374.29,1.74463651179567,128.552164027049,1.92901348536992
"species=Cichla_ocellaris__sex=F__region=montain","prey_14",14,19,73.6842105263158,6.28,374.29,1.67784338347271,123.630565097989,1.85516151426082
"species=Cichla_ocellaris__sex=F__region=montain","prey_28",14,19,73.6842105263158,6.27,374.29,1.67517165833979,123.433701140827,1.85220743541645
"species=Cichla_ocellaris__sex=F__region=montain","prey_45",11,19,57.8947368421053,7.89,374.29,2.10799112987256,122.041591729464,1.83131787787416
"species=Cichla_ocellaris__sex=F__region=montain","prey_26",12,19,63.1578947368421,7.09,374.29,1.89425311923909,119.637039109837,1.79523591484657
"species=Cichla_ocellaris__sex=F__region=montain","prey_21",13,19,68.4210526315789,6.48,374.29,1.73127788613107,118.455855366863,1.77751144178038
"species=Cichla_ocellaris__sex=F__region=montain","prey_55",14,19,73.6842105263158,6,374.29,1.603035079751,118.118374297442,1.77244730661861
"species=Cichla_ocellaris__sex=F__region=montain","prey_7",13,19,68.4210526315789,6.41,374.29,1.71257581020065,117.176239645307,1.75830992929201
"species=Cichla_ocellaris__sex=F__region=montain","prey_46",12,19,63.1578947368421,6.92,374.29,1.84883379197948,116.768450019757,1.75219076597154
"species=Cichla_ocellaris__sex=F__region=montain","prey_19",12,19,63.1578947368421,6.88,374.29,1.83814689144781,116.093487880914,1.74206249564801
"species=Cichla_ocellaris__sex=F__region=montain","prey_42",11,19,57.8947368421053,7.38,374.29,1.97173314809372,114.152971731742,1.71294371846785
"species=Cichla_ocellaris__sex=F__region=montain","prey_4",12,19,63.1578947368421,6.46,374.29,1.72593443586524,109.006385423068,1.63571565725089
"species=Cichla_ocellaris__sex=F__region=montain","prey_51",12,19,63.1578947368421,6.35,374.29,1.69654545940314,107.150239541251,1.60786291386117
"species=Cichla_ocellaris__sex=F__region=montain","prey_5",13,19,68.4210526315789,5.36,374.29,1.43204467124422,97.9820038219731,1.47028724196649
"species=Cichla_ocellaris__sex=F__region=montain","prey_50",12,19,63.1578947368421,5.8,374.29,1.54960057709263,97.869510132166,1.46859919691257
"species=Cichla_ocellaris__sex=F__region=montain","prey_56",13,19,68.4210526315789,5.31,374.29,1.41868604557963,97.0679925922905,1.45657187590337
"species=Cichla_ocellaris__sex=F__region=montain","prey_22",12,19,63.1578947368421,5.72,374.29,1.52822677602928,96.519585854481,1.4483426562655
"species=Cichla_ocellaris__sex=F__region=montain","prey_41",12,19,63.1578947368421,5.71,374.29,1.52555505089636,96.3508453197703,1.44581058868461
"species=Cichla_ocellaris__sex=F__region=montain","prey_9",11,19,57.8947368421053,6.12,374.29,1.63509578134601,94.663439972664,1.42048991287577
"species=Cichla_ocellaris__sex=F__region=montain","prey_8",11,19,57.8947368421053,5.96,374.29,1.59234817921932,92.1885787969081,1.38335292168948
"species=Cichla_ocellaris__sex=F__region=montain","prey_3",10,19,52.6315789473684,6.54,374.29,1.74730823692858,91.9635914172939,1.37997683158163
"species=Cichla_ocellaris__sex=F__region=montain","prey_54",12,19,63.1578947368421,5.42,374.29,1.44807502204173,91.457369813162,1.37238062883898
"species=Cichla_ocellaris__sex=F__region=montain","prey_34",13,19,68.4210526315789,4.98,374.29,1.33051911619333,91.0355184763855,1.36605045988677
"species=Cichla_ocellaris__sex=F__region=montain","prey_39",10,19,52.6315789473684,6.26,374.29,1.67249993320687,88.0263122740458,1.32089525469435
"species=Cichla_ocellaris__sex=F__region=montain","prey_10",11,19,57.8947368421053,5.69,374.29,1.52021160063053,88.01225056282,1.32068424906261
"species=Cichla_ocellaris__sex=F__region=montain","prey_59",12,19,63.1578947368421,5.13,374.29,1.3705949931871,86.5638943065537,1.29895066899336
"species=Cichla_ocellaris__sex=F__region=montain","prey_33",12,19,63.1578947368421,4.91,374.29,1.3118170402629,82.8516025429198,1.24324518221391
"species=Cichla_ocellaris__sex=F__region=montain","prey_44",12,19,63.1578947368421,4.89,374.29,1.30647358999706,82.5141214734986,1.23818104705215
"species=Cichla_ocellaris__sex=F__region=montain","prey_52",10,19,52.6315789473684,5.86,374.29,1.56563092789014,82.4016277836915,1.23649300199822
"species=Cichla_ocellaris__sex=F__region=montain","prey_36",11,19,57.8947368421053,5.29,374.29,1.41334259531379,81.8250976234302,1.22784177109687
"species=Cichla_ocellaris__sex=F__region=montain","prey_20",12,19,63.1578947368421,4.81,374.29,1.28509978893371,81.1641971958135,1.21792450640508
"species=Cichla_ocellaris__sex=F__region=montain","prey_32",11,19,57.8947368421053,5.23,374.29,1.39731224451628,80.8970246825217,1.21391539940201
"species=Cichla_ocellaris__sex=F__region=montain","prey_16",10,19,52.6315789473684,5.68,374.29,1.51753987549761,79.870519763032,1.19851198828497
"species=Cichla_ocellaris__sex=F__region=montain","prey_1",11,19,57.8947368421053,4.92,374.29,1.31448876539582,76.1019811544946,1.14196247897856
"species=Cichla_ocellaris__sex=F__region=montain","prey_17",10,19,52.6315789473684,5.37,374.29,1.43471639637714,75.5113892830074,1.13310024244547
"species=Cichla_ocellaris__sex=F__region=montain","prey_25",13,19,68.4210526315789,4.06,374.29,1.08472040396484,74.2177118502259,1.11368772432536
"species=Cichla_ocellaris__sex=F__region=montain","prey_43",9,19,47.3684210526316,5.56,374.29,1.48547917390259,70.3648029743331,1.05587218122852
"species=Cichla_ocellaris__sex=F__region=montain","prey_18",11,19,57.8947368421053,4.31,374.29,1.1515135322878,66.6665729219252,1.00037770008082
"species=Cichla_ocellaris__sex=F__region=montain","prey_30",10,19,52.6315789473684,4.54,374.29,1.21296321034492,63.8401689655221,0.957965568101013
"species=Cichla_ocellaris__sex=F__region=montain","prey_23",10,19,52.6315789473684,4.34,374.29,1.15952870768655,61.0278267203449,0.91576444175295
"species=Cichla_ocellaris__sex=F__region=montain","prey_6",9,19,47.3684210526316,4.67,374.29,1.24769563707286,59.1013722823985,0.886856670204528
"species=Cichla_ocellaris__sex=F__region=montain","prey_27",10,19,52.6315789473684,3.92,374.29,1.04731625210398,55.1219080054728,0.82714207642202
"species=Cichla_ocellaris__sex=F__region=montain","prey_29",9,19,47.3684210526316,4.32,374.29,1.15418525742072,54.6719332462445,0.82038989620633
"species=Cichla_ocellaris__sex=F__region=plains","prey_19",14,15,93.3333333333333,8.16,307.54,2.65331339012811,247.642583078624,3.70770653814323
"species=Cichla_ocellaris__sex=F__region=plains","prey_56",14,15,93.3333333333333,7.96,307.54,2.5882811991936,241.572911924736,3.61683137789462
"species=Cichla_ocellaris__sex=F__region=plains","prey_45",12,15,80,7.32,307.54,2.38017818820316,190.414255056253,2.85088359865635
"species=Cichla_ocellaris__sex=F__region=plains","prey_32",14,15,93.3333333333333,5.95,307.54,1.93470768030175,180.572716828163,2.7035360173961
"species=Cichla_ocellaris__sex=F__region=plains","prey_26",12,15,80,6.51,307.54,2.11679781491838,169.343825193471,2.53541697093618
"species=Cichla_ocellaris__sex=F__region=plains","prey_49",11,15,73.3333333333333,7.06,307.54,2.29563633998829,168.346664932475,2.52048748032391
"species=Cichla_ocellaris__sex=F__region=plains","prey_28",11,15,73.3333333333333,6.79,307.54,2.2078428822267,161.908478029958,2.42409489963163
"species=Cichla_ocellaris__sex=F__region=plains","prey_35",13,15,86.6666666666667,5.62,307.54,1.8274045652598,158.375062322516,2.37119257420119
"species=Cichla_ocellaris__sex=F__region=plains","prey_29",12,15,80,5.88,307.54,1.91194641347467,152.955713077974,2.29005403826493
"species=Cichla_ocellaris__sex=F__region=plains","prey_5",10,15,66.6666666666667,6.88,307.54,2.23710736814723,149.140491209815,2.23293250896581
"species=Cichla_ocellaris__sex=F__region=plains","prey_20",11,15,73.3333333333333,6.14,307.54,1.99648826168954,146.409139190566,2.19203868685393
"species=Cichla_ocellaris__sex=F__region=plains","prey_21",10,15,66.6666666666667,6.72,307.54,2.18508161539962,145.672107693308,2.1810038459666
"species=Cichla_ocellaris__sex=F__region=plains","prey_55",10,15,66.6666666666667,6.53,307.54,2.12330103401184,141.553402267456,2.11933855865505
"species=Cichla_ocellaris__sex=F__region=plains","prey_36",10,15,66.6666666666667,6.48,307.54,2.10704298627821,140.469532418547,2.1031108514678
"species=Cichla_ocellaris__sex=F__region=plains","prey_42",10,15,66.6666666666667,6.41,307.54,2.08428171945113,138.952114630075,2.08039206140564
"species=Cichla_ocellaris__sex=F__region=plains","prey_10",11,15,73.3333333333333,5.75,307.54,1.86967548936724,137.109535886931,2.05280495918732
"species=Cichla_ocellaris__sex=F__region=plains","prey_16",10,15,66.6666666666667,6.23,307.54,2.02575274761007,135.050183174004,2.02197231553154
"species=Cichla_ocellaris__sex=F__region=plains","prey_60",10,15,66.6666666666667,6.14,307.54,1.99648826168954,133.099217445969,1.99276244259449
"species=Cichla_ocellaris__sex=F__region=plains","prey_53",10,15,66.6666666666667,6.12,307.54,1.98998504259608,132.665669506406,1.98627135971958
"species=Cichla_ocellaris__sex=F__region=plains","prey_6",10,15,66.6666666666667,6.11,307.54,1.98673343304936,132.448895536624,1.98302581828213
"species=Cichla_ocellaris__sex=F__region=plains","prey_44",11,15,73.3333333333333,5.51,307.54,1.79163686024582,131.386703084694,1.96712266523863
"species=Cichla_ocellaris__sex=F__region=plains","prey_22",9,15,60,6.55,307.54,2.12980425310529,127.788255186317,1.91324667737695
"species=Cichla_ocellaris__sex=F__region=plains","prey_17",10,15,66.6666666666667,5.83,307.54,1.89568836574104,126.379224382736,1.89215065803353
"species=Cichla_ocellaris__sex=F__region=plains","prey_2",10,15,66.6666666666667,5.83,307.54,1.89568836574104,126.379224382736,1.89215065803353
"species=Cichla_ocellaris__sex=F__region=plains","prey_12",12,15,80,4.82,307.54,1.56727580152175,125.38206412174,1.87722116742126
"species=Cichla_ocellaris__sex=F__region=plains","prey_24",11,15,73.3333333333333,5.21,307.54,1.69408857384405,124.233162081897,1.86001979780277
"species=Cichla_ocellaris__sex=F__region=plains","prey_13",10,15,66.6666666666667,5.65,307.54,1.83715939389998,122.477292926665,1.83373091215942
"species=Cichla_ocellaris__sex=F__region=plains","prey_48",11,15,73.3333333333333,4.85,307.54,1.57703063016193,115.648912878542,1.73149635687974
"species=Cichla_ocellaris__sex=F__region=plains","prey_43",9,15,60,5.79,307.54,1.88268192755414,112.960915653248,1.69125164305535
"species=Cichla_ocellaris__sex=F__region=plains","prey_14",9,15,60,5.76,307.54,1.87292709891396,112.375625934838,1.68248868117424
"species=Cichla_ocellaris__sex=F__region=plains","prey_37",9,15,60,5.66,307.54,1.84041100344671,110.424660206802,1.65327880823718
"species=Cichla_ocellaris__sex=F__region=plains","prey_51",9,15,60,5.52,307.54,1.79488846979255,107.693308187553,1.61238498612531
"species=Cichla_ocellaris__sex=F__region=plains","prey_3",9,15,60,5.46,307.54,1.77537881251219,106.522728750732,1.59485906236308
"species=Cichla_ocellaris__sex=F__region=plains","prey_18",10,15,66.6666666666667,4.9,307.54,1.59328867789556,106.219245193037,1.59031530435065
"species=Cichla_ocellaris__sex=F__region=plains","prey_11",9,15,60,5.37,307.54,1.74611432659166,104.7668595955,1.56857017671973
"species=Cichla_ocellaris__sex=F__region=plains","prey_8",10,15,66.6666666666667,4.76,307.54,1.5477661442414,103.184409616093,1.54487772422634
"species=Cichla_ocellaris__sex=F__region=plains","prey_4",10,15,66.6666666666667,4.69,307.54,1.52500487741432,101.666991827621,1.52215893416419
"species=Cichla_ocellaris__sex=F__region=plains","prey_41",9,15,60,4.95,307.54,1.60954672562919,96.5728035377512,1.44588871038411
"species=Cichla_ocellaris__sex=F__region=plains","prey_7",9,15,60,4.69,307.54,1.52500487741432,91.5002926448592,1.36994304074777
"species=Cichla_ocellaris__sex=F__region=plains","prey_25",9,15,60,4.57,307.54,1.48598556285361,89.1591337712167,1.33489119322331
"species=Cichla_ocellaris__sex=F__region=plains","prey_39",9,15,60,4.56,307.54,1.48273395330689,88.9640371984132,1.3319702059296
"species=Cichla_ocellaris__sex=F__region=plains","prey_34",9,15,60,4.54,307.54,1.47623073421344,88.5738440528061,1.32612823134219
"species=Cichla_ocellaris__sex=F__region=plains","prey_58",9,15,60,4.3,307.54,1.39819210509202,83.8915263055212,1.25602453629327
"species=Cichla_ocellaris__sex=F__region=plains","prey_30",10,15,66.6666666666667,3.72,307.54,1.20959875138193,80.6399167587956,1.20734141473151
"species=Cichla_ocellaris__sex=F__region=plains","prey_50",8,15,53.3333333333333,4.5,307.54,1.46322429602653,78.0386291214151,1.16839491748211
"species=Cichla_ocellaris__sex=F__region=plains","prey_27",9,15,60,3.95,307.54,1.28438577095662,77.0631462573974,1.15378998101358
"species=Cichla_ocellaris__sex=F__region=plains","prey_52",8,15,53.3333333333333,4.43,307.54,1.44046302919945,76.8246948906375,1.15021988543239
"species=Cichla_ocellaris__sex=F__region=plains","prey_46",9,15,60,3.41,307.54,1.10879885543344,66.5279313260064,0.996056667153498
"species=Cichla_ocellaris__sex=F__region=plains","prey_1",7,15,46.6666666666667,4.35,307.54,1.41445015282565,66.0076737985303,0.988267367703617
"species=Cichla_ocellaris__sex=F__region=plains","prey_15",8,15,53.3333333333333,3.73,307.54,1.21285036092866,64.6853525828619,0.96846956493517
"species=Cichla_ocellaris__sex=F__region=plains","prey_31",8,15,53.3333333333333,3.71,307.54,1.20634714183521,64.3385142312111,0.96327669863525
"species=Cichla_ocellaris__sex=F__region=plains","prey_33",10,15,66.6666666666667,2.89,307.54,0.939715159003707,62.6476772669138,0.937961475423137
"species=Cichla_ocellaris__sex=F__region=plains","prey_38",7,15,46.6666666666667,3.56,307.54,1.15757299863432,54.0200732696018,0.808788926212615
"species=Cichla_ocellaris__sex=F__region=plains","prey_59",8,15,53.3333333333333,3.03,307.54,0.985237692657866,52.5460102750862,0.786719244437953
"species=Cichla_ocellaris__sex=F__region=plains","prey_40",8,15,53.3333333333333,3.02,307.54,0.98198608311114,52.3725910992608,0.784122811287993
"species=Cichla_ocellaris__sex=F__region=plains","prey_54",7,15,46.6666666666667,3.41,307.54,1.10879885543344,51.7439465868938,0.774710741119387
"species=Cichla_ocellaris__sex=F__region=plains","prey_9",8,15,53.3333333333333,2.62,307.54,0.851921701242115,45.4358240662461,0.680265485289583
"species=Cichla_ocellaris__sex=F__region=plains","prey_47",7,15,46.6666666666667,2.42,307.54,0.786889510307602,36.7215104810214,0.549794719504081
"species=Cichla_ocellaris__sex=F__region=plains","prey_23",5,15,33.3333333333333,2.18,307.54,0.708850881186187,23.6283627062062,0.353764016682083
"species=Cichla_ocellaris__sex=F__region=plains","prey_57",4,15,26.6666666666667,2.08,307.54,0.676334785718931,18.0355942858382,0.270029047595865
"species=Cichla_ocellaris__sex=F__region=pothole","prey_18",12,12,100,5.69,231.84,2.45427881297447,245.427881297447,3.6878605223929
"species=Cichla_ocellaris__sex=F__region=pothole","prey_41",11,12,91.6666666666667,5.01,231.84,2.16097308488613,198.089199447895,2.9765376887679
"species=Cichla_ocellaris__sex=F__region=pothole","prey_21",11,12,91.6666666666667,4.66,231.84,2.01000690131125,184.250632620198,2.76859593406356
"species=Cichla_ocellaris__sex=F__region=pothole","prey_3",9,12,75,5.47,231.84,2.35938578329883,176.953933747412,2.65895391794672
"species=Cichla_ocellaris__sex=F__region=pothole","prey_17",10,12,83.3333333333333,4.88,231.84,2.10489993098689,175.408327582241,2.63572925443429
"species=Cichla_ocellaris__sex=F__region=pothole","prey_24",9,12,75,5.31,231.84,2.29037267080745,171.777950310559,2.58117830060276
"species=Cichla_ocellaris__sex=F__region=pothole","prey_14",9,12,75,5.03,231.84,2.16959972394755,162.719979296066,2.44507097025083
"species=Cichla_ocellaris__sex=F__region=pothole","prey_43",8,12,66.6666666666667,5.53,231.84,2.38526570048309,159.017713365539,2.38943979951174
"species=Cichla_ocellaris__sex=F__region=pothole","prey_38",10,12,83.3333333333333,4.42,231.84,1.90648723257419,158.873936047849,2.38727936569663
"species=Cichla_ocellaris__sex=F__region=pothole","prey_32",9,12,75,4.88,231.84,2.10489993098689,157.867494824017,2.37215632899086
"species=Cichla_ocellaris__sex=F__region=pothole","prey_28",8,12,66.6666666666667,5.44,231.84,2.34644582470669,156.429721647113,2.35055199083976
"species=Cichla_ocellaris__sex=F__region=pothole","prey_13",9,12,75,4.7,231.84,2.02726017943409,152.044513457557,2.2846587594789
"species=Cichla_ocellaris__sex=F__region=pothole","prey_23",8,12,66.6666666666667,5.1,231.84,2.19979296066253,146.652864044168,2.20364249141227
"species=Cichla_ocellaris__sex=F__region=pothole","prey_6",10,12,83.3333333333333,3.98,231.84,1.71670117322291,143.058431101909,2.14963164603452
"species=Cichla_ocellaris__sex=F__region=pothole","prey_5",8,12,66.6666666666667,4.89,231.84,2.1092132505176,140.614216701173,2.11290427117765
"species=Cichla_ocellaris__sex=F__region=pothole","prey_16",8,12,66.6666666666667,4.76,231.84,2.05314009661836,136.876006441224,2.05673299198479
"species=Cichla_ocellaris__sex=F__region=pothole","prey_35",9,12,75,4.16,231.84,1.79434092477571,134.575569358178,2.02216605094303
"species=Cichla_ocellaris__sex=F__region=pothole","prey_55",8,12,66.6666666666667,4.67,231.84,2.01432022084196,134.288014722797,2.01784518331281
"species=Cichla_ocellaris__sex=F__region=pothole","prey_26",9,12,75,4.13,231.84,1.78140096618357,133.605072463768,2.00758312269104
"species=Cichla_ocellaris__sex=F__region=pothole","prey_52",9,12,75,4.1,231.84,1.76846100759144,132.634575569358,1.99300019443904
"species=Cichla_ocellaris__sex=F__region=pothole","prey_4",8,12,66.6666666666667,4.54,231.84,1.95824706694272,130.549804462848,1.96167390411995
"species=Cichla_ocellaris__sex=F__region=pothole","prey_10",9,12,75,3.84,231.84,1.65631469979296,124.223602484472,1.8666148162551
"species=Cichla_ocellaris__sex=F__region=pothole","prey_50",10,12,83.3333333333333,3.44,231.84,1.48378191856453,123.648493213711,1.85797308099466
"species=Cichla_ocellaris__sex=F__region=pothole","prey_1",8,12,66.6666666666667,4.09,231.84,1.76414768806073,117.609845870715,1.76723486076004
"species=Cichla_ocellaris__sex=F__region=pothole","prey_33",9,12,75,3.49,231.84,1.50534851621808,112.901138716356,1.69648065331519
"species=Cichla_ocellaris__sex=F__region=pothole","prey_54",8,12,66.6666666666667,3.9,231.84,1.68219461697723,112.146307798482,1.68513837578586
"species=Cichla_ocellaris__sex=F__region=pothole","prey_29",7,12,58.3333333333333,4.45,231.84,1.91942719116632,111.966586151369,1.68243783351697
"species=Cichla_ocellaris__sex=F__region=pothole","prey_31",8,12,66.6666666666667,3.76,231.84,1.62180814354727,108.120542903152,1.62464622896278
"species=Cichla_ocellaris__sex=F__region=pothole","prey_60",7,12,58.3333333333333,4.24,231.84,1.82884748102139,106.682769726248,1.60304189081168
"species=Cichla_ocellaris__sex=F__region=pothole","prey_44",9,12,75,3.28,231.84,1.41476880607315,106.107660455487,1.59440015555123
"species=Cichla_ocellaris__sex=F__region=pothole","prey_53",8,12,66.6666666666667,3.64,231.84,1.57004830917874,104.669887278583,1.57279581740013
"species=Cichla_ocellaris__sex=F__region=pothole","prey_22",7,12,58.3333333333333,4.15,231.84,1.790027605245,104.418276972625,1.56901505822369
"species=Cichla_ocellaris__sex=F__region=pothole","prey_40",8,12,66.6666666666667,3.61,231.84,1.55710835058661,103.807223372441,1.55983321450947
"species=Cichla_ocellaris__sex=F__region=pothole","prey_8",7,12,58.3333333333333,4.11,231.84,1.77277432712215,103.411835748792,1.55389202151792
"species=Cichla_ocellaris__sex=F__region=pothole","prey_36",8,12,66.6666666666667,3.51,231.84,1.5139751552795,100.931677018634,1.51662453820727
"species=Cichla_ocellaris__sex=F__region=pothole","prey_12",8,12,66.6666666666667,3.39,231.84,1.46221532091097,97.4810213940649,1.46477412664463
"species=Cichla_ocellaris__sex=F__region=pothole","prey_27",7,12,58.3333333333333,3.85,231.84,1.66062801932367,96.8699677938808,1.45559228293041
"species=Cichla_ocellaris__sex=F__region=pothole","prey_15",7,12,58.3333333333333,3.82,231.84,1.64768806073154,96.1151368760064,1.44425000540108
"species=Cichla_ocellaris__sex=F__region=pothole","prey_51",7,12,58.3333333333333,3.81,231.84,1.64337474120083,95.8635265700483,1.44046924622464
"species=Cichla_ocellaris__sex=F__region=pothole","prey_57",7,12,58.3333333333333,3.73,231.84,1.60886818495514,93.8506441223833,1.4102231728131
"species=Cichla_ocellaris__sex=F__region=pothole","prey_34",7,12,58.3333333333333,3.62,231.84,1.56142167011732,91.0829307568438,1.36863482187223
"species=Cichla_ocellaris__sex=F__region=pothole","prey_30",8,12,66.6666666666667,2.98,231.84,1.28536922015183,85.6912813434552,1.2876185538056
"species=Cichla_ocellaris__sex=F__region=pothole","prey_49",7,12,58.3333333333333,3.3,231.84,1.42339544513458,83.0314009661836,1.24765052822607
"species=Cichla_ocellaris__sex=F__region=pothole","prey_45",8,12,66.6666666666667,2.85,231.84,1.22929606625259,81.9530710835059,1.23144727461274
"species=Cichla_ocellaris__sex=F__region=pothole","prey_46",8,12,66.6666666666667,2.81,231.84,1.21204278812974,80.802852541983,1.21416380409186
"species=Cichla_ocellaris__sex=F__region=pothole","prey_42",6,12,50,3.71,231.84,1.60024154589372,80.012077294686,1.20228141810876
"species=Cichla_ocellaris__sex=F__region=pothole","prey_56",7,12,58.3333333333333,3.13,231.84,1.35006901311249,78.7540257648953,1.18337762222654
"species=Cichla_ocellaris__sex=F__region=pothole","prey_19",6,12,50,3.59,231.84,1.54848171152519,77.4240855762595,1.16339360943677
"species=Cichla_ocellaris__sex=F__region=pothole","prey_58",8,12,66.6666666666667,2.49,231.84,1.074016563147,71.6011042097999,1.07589603992482
"species=Cichla_ocellaris__sex=F__region=pothole","prey_39",6,12,50,3.16,231.84,1.36300897170462,68.1504485852312,1.02404562836218
"species=Cichla_ocellaris__sex=F__region=pothole","prey_48",7,12,58.3333333333333,2.54,231.84,1.09558316080055,63.9090177133655,0.960312830816428
"species=Cichla_ocellaris__sex=F__region=pothole","prey_25",6,12,50,2.89,231.84,1.24654934437543,62.3274672187716,0.936548058850217
"species=Cichla_ocellaris__sex=F__region=pothole","prey_47",6,12,50,2.89,231.84,1.24654934437543,62.3274672187716,0.936548058850217
"species=Cichla_ocellaris__sex=F__region=pothole","prey_59",5,12,41.6666666666667,3.39,231.84,1.46221532091097,60.9256383712906,0.915483829152894
"species=Cichla_ocellaris__sex=F__region=pothole","prey_2",5,12,41.6666666666667,3.08,231.84,1.32850241545894,55.3542673107891,0.831767018817379
"species=Cichla_ocellaris__sex=F__region=pothole","prey_20",5,12,41.6666666666667,3.04,231.84,1.31124913733609,54.6353807223372,0.820964849741828
"species=Cichla_ocellaris__sex=F__region=pothole","prey_37",6,12,50,2.28,231.84,0.983436853002071,49.1718426501035,0.738868364767646
"species=Cichla_ocellaris__sex=F__region=pothole","prey_11",4,12,33.3333333333333,2.63,231.84,1.13440303657695,37.813434552565,0.568194093373949
"species=Cichla_ocellaris__sex=F__region=pothole","prey_7",4,12,33.3333333333333,2.43,231.84,1.04813664596273,34.9378881987578,0.524985417071748
"species=Cichla_ocellaris__sex=F__region=pothole","prey_9",4,12,33.3333333333333,1.57,231.84,0.677191166321601,22.5730388773867,0.339188108972282
"species=Cichla_ocellaris__sex=F__region=valley","prey_44",15,17,88.2352941176471,10.68,322.91,3.30742312099347,291.831451852365,4.57843790100628
"species=Cichla_ocellaris__sex=F__region=valley","prey_30",15,17,88.2352941176471,8.36,322.91,2.58895667523459,228.437353697169,3.58387086633076
"species=Cichla_ocellaris__sex=F__region=valley","prey_39",15,17,88.2352941176471,7.6,322.91,2.35359697748599,207.670321542881,3.25806442393706
"species=Cichla_ocellaris__sex=F__region=valley","prey_35",13,17,76.4705882352941,7.77,322.91,2.40624322566659,184.006834903916,2.88681655668318
"species=Cichla_ocellaris__sex=F__region=valley","prey_22",14,17,82.3529411764706,7.21,322.91,2.23282029048342,183.879318039811,2.88481599080883
"species=Cichla_ocellaris__sex=F__region=valley","prey_33",13,17,76.4705882352941,7.41,322.91,2.29475705304884,175.481421703735,2.75306443822681
"species=Cichla_ocellaris__sex=F__region=valley","prey_21",14,17,82.3529411764706,6.39,322.91,1.97887956396519,162.966552326545,2.55672318741587
"species=Cichla_ocellaris__sex=F__region=valley","prey_52",15,17,88.2352941176471,5.66,322.91,1.75281038060141,154.65973946483,2.42640061045839
"species=Cichla_ocellaris__sex=F__region=valley","prey_60",12,17,70.5882352941177,7.07,322.91,2.18946455668762,154.550439295597,2.42468583970895
"species=Cichla_ocellaris__sex=F__region=valley","prey_13",11,17,64.7058823529412,7.63,322.91,2.3628874918708,152.892720062228,2.39867848334243
"species=Cichla_ocellaris__sex=F__region=valley","prey_42",12,17,70.5882352941177,6.53,322.91,2.02223529776099,142.746021018423,2.23949059876937
"species=Cichla_ocellaris__sex=F__region=valley","prey_9",11,17,64.7058823529412,6.48,322.91,2.00675110711963,129.848601048917,2.03714765033538
"species=Cichla_ocellaris__sex=F__region=valley","prey_53",10,17,58.8235294117647,7.06,322.91,2.18636771855935,128.609865797609,2.01771358184172
"species=Cichla_ocellaris__sex=F__region=valley","prey_24",14,17,82.3529411764706,5.02,322.91,1.55461274039206,128.026931561699,2.0085681378447
"species=Cichla_ocellaris__sex=F__region=valley","prey_47",12,17,70.5882352941177,5.85,322.91,1.81165030503856,127.881198002722,2.00628177684545
"species=Cichla_ocellaris__sex=F__region=valley","prey_41",12,17,70.5882352941177,5.71,322.91,1.76829457124276,124.820793264195,1.95826819586112
"species=Cichla_ocellaris__sex=F__region=valley","prey_40",11,17,64.7058823529412,6.16,322.91,1.90765228701496,123.436324453909,1.9365477663682
"species=Cichla_ocellaris__sex=F__region=valley","prey_31",10,17,58.8235294117647,6.76,322.91,2.09346257471122,123.144857335954,1.93197504436969
"species=Cichla_ocellaris__sex=F__region=valley","prey_54",11,17,64.7058823529412,5.65,322.91,1.74971354247313,113.216758630615,1.77621670129551
"species=Cichla_ocellaris__sex=F__region=valley","prey_16",11,17,64.7058823529412,5.64,322.91,1.74661670434486,113.016374987021,1.77307295492153
"species=Cichla_ocellaris__sex=F__region=valley","prey_55",12,17,70.5882352941177,5.16,322.91,1.59796847418785,112.797774648554,1.76964341342265
"species=Cichla_ocellaris__sex=F__region=valley","prey_28",12,17,70.5882352941177,5.13,322.91,1.58867795980304,112.141973633156,1.75935478892601
"species=Cichla_ocellaris__sex=F__region=valley","prey_43",11,17,64.7058823529412,5.51,322.91,1.70635780867734,110.411387620298,1.73220425205987
"species=Cichla_ocellaris__sex=F__region=valley","prey_56",11,17,64.7058823529412,5.5,322.91,1.70326097054907,110.211003976704,1.72906050568589
"species=Cichla_ocellaris__sex=F__region=valley","prey_18",12,17,70.5882352941177,4.9,322.91,1.51745068285281,107.114165848433,1.68047533445175
"species=Cichla_ocellaris__sex=F__region=valley","prey_37",10,17,58.8235294117647,5.84,322.91,1.80855346691028,106.385498053546,1.66904352945547
"species=Cichla_ocellaris__sex=F__region=valley","prey_12",9,17,52.9411764705882,6.26,322.91,1.93862066829767,102.632858909877,1.61016973372468
"species=Cichla_ocellaris__sex=F__region=valley","prey_20",11,17,64.7058823529412,5.1,322.91,1.57938744541823,102.195658232944,1.60331065072692
"species=Cichla_ocellaris__sex=F__region=valley","prey_8",10,17,58.8235294117647,5.55,322.91,1.71874516119042,101.102656540613,1.58616294323251
"species=Cichla_ocellaris__sex=F__region=valley","prey_3",9,17,52.9411764705882,6.12,322.91,1.89526493450187,100.337555355982,1.57415954798643
"species=Cichla_ocellaris__sex=F__region=valley","prey_48",9,17,52.9411764705882,6.05,322.91,1.87358706760398,99.189903579034,1.5561544551173
"species=Cichla_ocellaris__sex=F__region=valley","prey_34",10,17,58.8235294117647,5.42,322.91,1.6784862655229,98.7344862072295,1.54900957699464
"species=Cichla_ocellaris__sex=F__region=valley","prey_27",11,17,64.7058823529412,4.87,322.91,1.50816016846799,97.586834430282,1.53100448412551
"species=Cichla_ocellaris__sex=F__region=valley","prey_57",10,17,58.8235294117647,5.34,322.91,1.65371156049673,97.2771506174549,1.52614596700209
"species=Cichla_ocellaris__sex=F__region=valley","prey_46",10,17,58.8235294117647,5.3,322.91,1.64132420798365,96.5484828225676,1.51471416200582
"species=Cichla_ocellaris__sex=F__region=valley","prey_6",9,17,52.9411764705882,5.8,322.91,1.7961661143972,95.0911472327929,1.49185055201328
"species=Cichla_ocellaris__sex=F__region=valley","prey_7",10,17,58.8235294117647,5.15,322.91,1.59487163605958,93.8159785917402,1.47184489326981
"species=Cichla_ocellaris__sex=F__region=valley","prey_50",9,17,52.9411764705882,5.58,322.91,1.72803567557524,91.4842416481008,1.43526311728175
"species=Cichla_ocellaris__sex=F__region=valley","prey_51",11,17,64.7058823529412,4.49,322.91,1.39048031959369,89.9722559737097,1.41154212191448
"species=Cichla_ocellaris__sex=F__region=valley","prey_59",10,17,58.8235294117647,4.82,322.91,1.49267597782664,87.8044692839199,1.37753250205058
"species=Cichla_ocellaris__sex=F__region=valley","prey_36",10,17,58.8235294117647,4.78,322.91,1.48028862531355,87.0758014890326,1.36610069705431
"species=Cichla_ocellaris__sex=F__region=valley","prey_2",10,17,58.8235294117647,4.77,322.91,1.47719178718528,86.8936345403108,1.36324274580524
"species=Cichla_ocellaris__sex=F__region=valley","prey_23",9,17,52.9411764705882,5.03,322.91,1.55770957852033,82.4669776863705,1.2937945304529
"species=Cichla_ocellaris__sex=F__region=valley","prey_1",10,17,58.8235294117647,4.43,322.91,1.37189929082407,80.6999582837688,1.26607240333694
"species=Cichla_ocellaris__sex=F__region=valley","prey_17",8,17,47.0588235294118,5.31,322.91,1.64442104611192,77.3845198170315,1.21405769060391
"species=Cichla_ocellaris__sex=F__region=valley","prey_38",8,17,47.0588235294118,5.15,322.91,1.59487163605958,75.0527828733921,1.17747591461585
"species=Cichla_ocellaris__sex=F__region=valley","prey_26",10,17,58.8235294117647,3.95,322.91,1.22325106066706,71.9559447451211,1.1288907433817
"species=Cichla_ocellaris__sex=F__region=valley","prey_14",10,17,58.8235294117647,3.91,322.91,1.21086370815397,71.2272769502338,1.11745893838543
"species=Cichla_ocellaris__sex=F__region=valley","prey_10",9,17,52.9411764705882,4.27,322.91,1.32234988077173,70.0067583937976,1.09831066501668
"species=Cichla_ocellaris__sex=F__region=valley","prey_11",10,17,58.8235294117647,3.72,322.91,1.15202378371683,67.7661049245191,1.06315786465314
"species=Cichla_ocellaris__sex=F__region=valley","prey_25",8,17,47.0588235294118,4.25,322.91,1.31615620451519,61.9367625654207,0.971703424682982
"species=Cichla_ocellaris__sex=F__region=valley","prey_58",8,17,47.0588235294118,4.07,322.91,1.26041311820631,59.3135585038264,0.930548926696408
"species=Cichla_ocellaris__sex=F__region=valley","prey_19",7,17,41.1764705882353,4.5,322.91,1.39357715772197,57.3825888473751,0.900254643456292
"species=Cichla_ocellaris__sex=F__region=valley","prey_32",7,17,41.1764705882353,3.74,322.91,1.15821745997337,47.6913071753739,0.748211637005896
"species=Cichla_ocellaris__sex=F__region=valley","prey_15",7,17,41.1764705882353,3.54,322.91,1.09628069740795,45.1409698932684,0.70820031951895
"species=Cichla_ocellaris__sex=F__region=valley","prey_45",8,17,47.0588235294118,2.96,322.91,0.916664085968226,43.1371334573283,0.676762855779206
"species=Cichla_ocellaris__sex=F__region=valley","prey_49",7,17,41.1764705882353,3.23,322.91,1.00027871543154,41.1879471060048,0.646182777414183
"species=Cichla_ocellaris__sex=F__region=valley","prey_4",7,17,41.1764705882353,2.66,322.91,0.823758942120095,33.9194858520039,0.532150522576386
"species=Cichla_ocellaris__sex=F__region=valley","prey_29",8,17,47.0588235294118,2.27,322.91,0.702982255117525,33.0815178878835,0.519003946830675
"species=Cichla_ocellaris__sex=F__region=valley","prey_5",5,17,29.4117647058824,1.84,322.91,0.56981821560187,16.759359282408,0.262931514914219
"species=Cichla_ocellaris__sex=M__region=montain","prey_38",19,24,79.1666666666667,12.76,475.25,2.68490268279853,212.55479572155,3.24100748757752
"species=Cichla_ocellaris__sex=M__region=montain","prey_48",18,24,75,11.45,475.25,2.4092582851131,180.694371383482,2.75520393990153
"species=Cichla_ocellaris__sex=M__region=montain","prey_46",19,24,79.1666666666667,9.85,475.25,2.07259337190952,164.080308609504,2.5018749022444
"species=Cichla_ocellaris__sex=M__region=montain","prey_4",17,24,70.8333333333333,10.59,475.25,2.22830089426618,157.837980010521,2.40669269917745
"species=Cichla_ocellaris__sex=M__region=montain","prey_33",17,24,70.8333333333333,10.58,475.25,2.22619673855865,157.688935647905,2.40442009039636
"species=Cichla_ocellaris__sex=M__region=montain","prey_2",17,24,70.8333333333333,10.45,475.25,2.19884271436086,155.751358933894,2.37487617624215
"species=Cichla_ocellaris__sex=M__region=montain","prey_55",17,24,70.8333333333333,10.11,475.25,2.1273014203051,150.683850604945,2.29760747768499
"species=Cichla_ocellaris__sex=M__region=montain","prey_1",18,24,75,9.31,475.25,1.95896896370331,146.922672277749,2.24025752667976
"species=Cichla_ocellaris__sex=M__region=montain","prey_57",16,24,66.6666666666667,10.14,475.25,2.13361388742767,142.240925828511,2.16887087437954
"species=Cichla_ocellaris__sex=M__region=montain","prey_52",17,24,70.8333333333333,9.52,475.25,2.00315623356128,141.890233210591,2.1635235596005
"species=Cichla_ocellaris__sex=M__region=montain","prey_15",18,24,75,8.97,475.25,1.88742766964755,141.557075223567,2.15844361056041
"species=Cichla_ocellaris__sex=M__region=montain","prey_39",18,24,75,8.96,475.25,1.88532351394003,141.399263545502,2.15603731890984
"species=Cichla_ocellaris__sex=M__region=montain","prey_27",18,24,75,8.65,475.25,1.82009468700684,136.507101525513,2.0814422777422
"species=Cichla_ocellaris__sex=M__region=montain","prey_45",17,24,70.8333333333333,9.05,475.25,1.90426091530773,134.885148167631,2.05671094688913
"species=Cichla_ocellaris__sex=M__region=montain","prey_9",18,24,75,8.51,475.25,1.79063650710153,134.297738032614,2.04775419463424
"species=Cichla_ocellaris__sex=M__region=montain","prey_42",17,24,70.8333333333333,8.76,475.25,1.84324039978958,130.562861651762,1.99080529223744
"species=Cichla_ocellaris__sex=M__region=montain","prey_3",18,24,75,8.26,475.25,1.73803261441347,130.35244608101,1.98759690337001
"species=Cichla_ocellaris__sex=M__region=montain","prey_32",18,24,75,8.1,475.25,1.70436612309311,127.827459231983,1.94909623696091
"species=Cichla_ocellaris__sex=M__region=montain","prey_40",16,24,66.6666666666667,8.95,475.25,1.88321935823251,125.547957215501,1.91433869089713
"species=Cichla_ocellaris__sex=M__region=montain","prey_10",17,24,70.8333333333333,8.34,475.25,1.75486586007365,124.302998421883,1.89535572343153
"species=Cichla_ocellaris__sex=M__region=montain","prey_28",17,24,70.8333333333333,8.3,475.25,1.74644923724356,123.706820971419,1.88626528830716
"species=Cichla_ocellaris__sex=M__region=montain","prey_16",16,24,66.6666666666667,8.81,475.25,1.8537611783272,123.584078555146,1.8843937281345
"species=Cichla_ocellaris__sex=M__region=montain","prey_18",15,24,62.5,9.28,475.25,1.95265649658075,122.041031036297,1.86086554310671
"species=Cichla_ocellaris__sex=M__region=montain","prey_36",17,24,70.8333333333333,8.18,475.25,1.72119936875329,121.918288620025,1.85899398293404
"species=Cichla_ocellaris__sex=M__region=montain","prey_19",16,24,66.6666666666667,8.69,475.25,1.82851130983693,121.900753989128,1.85872661719509
"species=Cichla_ocellaris__sex=M__region=montain","prey_51",16,24,66.6666666666667,8.56,475.25,1.80115728563914,120.077152375942,1.83092058034407
"species=Cichla_ocellaris__sex=M__region=montain","prey_6",15,24,62.5,8.83,475.25,1.85796948974224,116.12309310889,1.77062960621037
"species=Cichla_ocellaris__sex=M__region=montain","prey_60",14,24,58.3333333333333,9.14,475.25,1.92319831667543,112.186568472734,1.71060599781562
"species=Cichla_ocellaris__sex=M__region=montain","prey_5",16,24,66.6666666666667,7.71,475.25,1.62230405049974,108.153603366649,1.64911187785664
"species=Cichla_ocellaris__sex=M__region=montain","prey_41",15,24,62.5,8.1,475.25,1.70436612309311,106.522882693319,1.62424686413409
"species=Cichla_ocellaris__sex=M__region=montain","prey_54",16,24,66.6666666666667,7.35,475.25,1.54655444502893,103.103629668595,1.57211054503843
"species=Cichla_ocellaris__sex=M__region=montain","prey_17",15,24,62.5,7.81,475.25,1.64334560757496,102.709100473435,1.566094815912
"species=Cichla_ocellaris__sex=M__region=montain","prey_14",15,24,62.5,7.79,475.25,1.63913729615992,102.446081009995,1.56208432982772
"species=Cichla_ocellaris__sex=M__region=montain","prey_49",16,24,66.6666666666667,7.17,475.25,1.50867964229353,100.578642819569,1.53360987862932
"species=Cichla_ocellaris__sex=M__region=montain","prey_31",15,24,62.5,7.6,475.25,1.59915833771699,99.9473961073119,1.52398471202705
"species=Cichla_ocellaris__sex=M__region=montain","prey_37",15,24,62.5,7.56,475.25,1.5907417148869,99.4213571804313,1.51596373985848
"species=Cichla_ocellaris__sex=M__region=montain","prey_53",17,24,70.8333333333333,6.64,475.25,1.39715938979484,98.9654567771348,1.50901223064573
"species=Cichla_ocellaris__sex=M__region=montain","prey_35",15,24,62.5,7.38,475.25,1.5528669121515,97.0541820094687,1.47986936509995
"species=Cichla_ocellaris__sex=M__region=montain","prey_58",15,24,62.5,7.37,475.25,1.55076275644398,96.9226722777486,1.47786412205781
"species=Cichla_ocellaris__sex=M__region=montain","prey_13",15,24,62.5,7.24,475.25,1.52340873224619,95.2130457653866,1.45179596250998
"species=Cichla_ocellaris__sex=M__region=montain","prey_59",14,24,58.3333333333333,7.58,475.25,1.59495002630195,93.0387515342802,1.41864261087991
"species=Cichla_ocellaris__sex=M__region=montain","prey_34",15,24,62.5,6.88,475.25,1.44765912677538,90.4786954234613,1.37960721299291
"species=Cichla_ocellaris__sex=M__region=montain","prey_29",15,24,62.5,6.85,475.25,1.44134665965281,90.0841662283009,1.37359148386648
"species=Cichla_ocellaris__sex=M__region=montain","prey_25",13,24,54.1666666666667,7.83,475.25,1.64755391899001,89.2425039452919,1.36075792839678
"species=Cichla_ocellaris__sex=M__region=montain","prey_21",15,24,62.5,6.77,475.25,1.42451341399264,89.0320883745397,1.35754953952936
"species=Cichla_ocellaris__sex=M__region=montain","prey_30",13,24,54.1666666666667,7.73,475.25,1.62651236191478,88.1027529370507,1.34337915536489
"species=Cichla_ocellaris__sex=M__region=montain","prey_7",15,24,62.5,6.64,475.25,1.39715938979484,87.3224618621778,1.33148137998152
"species=Cichla_ocellaris__sex=M__region=montain","prey_11",16,24,66.6666666666667,6.2,475.25,1.30457653866386,86.9717692442574,1.32613406520248
"species=Cichla_ocellaris__sex=M__region=montain","prey_50",14,24,58.3333333333333,6.9,475.25,1.45186743819043,84.6922672277749,1.29137651913871
"species=Cichla_ocellaris__sex=M__region=montain","prey_12",15,24,62.5,5.75,475.25,1.20988953182536,75.6180957390847,1.15301474923099
"species=Cichla_ocellaris__sex=M__region=montain","prey_20",13,24,54.1666666666667,6.39,475.25,1.34455549710679,72.8300894266176,1.1105035967376
"species=Cichla_ocellaris__sex=M__region=montain","prey_8",15,24,62.5,5.43,475.25,1.14255654918464,71.40978432404,1.08884697188248
"species=Cichla_ocellaris__sex=M__region=montain","prey_26",13,24,54.1666666666667,5.59,475.25,1.176223040505,63.7120813606874,0.971473412482504
"species=Cichla_ocellaris__sex=M__region=montain","prey_23",13,24,54.1666666666667,5.57,475.25,1.17201472908995,63.4841311590391,0.967997657876127
"species=Cichla_ocellaris__sex=M__region=montain","prey_43",10,24,41.6666666666667,6.62,475.25,1.3929510783798,58.039628265825,0.884980595931496
"species=Cichla_ocellaris__sex=M__region=montain","prey_44",11,24,45.8333333333333,5.94,475.25,1.24986849026828,57.2856391372962,0.873483869156555
"species=Cichla_ocellaris__sex=M__region=montain","prey_24",12,24,50,5.17,475.25,1.08784850078906,54.3924250394529,0.829368522229456
"species=Cichla_ocellaris__sex=M__region=montain","prey_47",11,24,45.8333333333333,5.11,475.25,1.07522356654392,49.2810801332632,0.751431409324915
"species=Cichla_ocellaris__sex=M__region=montain","prey_56",10,24,41.6666666666667,4.98,475.25,1.04786954234613,43.6612309310889,0.665740689990763
"species=Cichla_ocellaris__sex=M__region=montain","prey_22",10,24,41.6666666666667,4.5,475.25,0.94687006838506,39.4529195160442,0.601572912642255
"species=Cichla_ocellaris__sex=M__region=plains","prey_23",11,13,84.6153846153846,6.67,255.42,2.6113851695247,220.963360498244,3.30153444629438
"species=Cichla_ocellaris__sex=M__region=plains","prey_39",11,13,84.6153846153846,5.86,255.42,2.29426043379532,194.12972901345,2.90059847905323
"species=Cichla_ocellaris__sex=M__region=plains","prey_7",11,13,84.6153846153846,5.83,255.42,2.28251507321275,193.135890810309,2.88574899878504
"species=Cichla_ocellaris__sex=M__region=plains","prey_34",10,13,76.9230769230769,6.21,255.42,2.43128964059197,187.022280045536,2.79440219592314
"species=Cichla_ocellaris__sex=M__region=plains","prey_59",10,13,76.9230769230769,6.04,255.42,2.36473259729074,181.902507483903,2.71790487332943
"species=Cichla_ocellaris__sex=M__region=plains","prey_28",10,13,76.9230769230769,5.86,255.42,2.29426043379532,176.481571830409,2.63690770823021
"species=Cichla_ocellaris__sex=M__region=plains","prey_11",11,13,84.6153846153846,5.29,255.42,2.07109858272649,175.24680315378,2.61845835395761
"species=Cichla_ocellaris__sex=M__region=plains","prey_31",10,13,76.9230769230769,5.53,255.42,2.16506146738705,166.543189799004,2.48841290554831
"species=Cichla_ocellaris__sex=M__region=plains","prey_52",10,13,76.9230769230769,5.44,255.42,2.12982538563934,163.832721972257,2.4479143229987
"species=Cichla_ocellaris__sex=M__region=plains","prey_41",9,13,69.2307692307692,5.89,255.42,2.30600579437789,159.646554995392,2.38536651217207
"species=Cichla_ocellaris__sex=M__region=plains","prey_5",10,13,76.9230769230769,5.3,255.42,2.07501370292068,159.616438686206,2.38491652792152
"species=Cichla_ocellaris__sex=M__region=plains","prey_42",9,13,69.2307692307692,5.35,255.42,2.09458930389163,145.010028730959,2.16667416640418
"species=Cichla_ocellaris__sex=M__region=plains","prey_33",10,13,76.9230769230769,4.81,255.42,1.88317281340537,144.859447185029,2.16442424515142
"species=Cichla_ocellaris__sex=M__region=plains","prey_14",11,13,84.6153846153846,4.37,255.42,1.71090752486101,144.76909825747,2.16307429239977
"species=Cichla_ocellaris__sex=M__region=plains","prey_30",9,13,69.2307692307692,5.2,255.42,2.03586250097878,140.944326990839,2.10592629257976
"species=Cichla_ocellaris__sex=M__region=plains","prey_25",9,13,69.2307692307692,5.19,255.42,2.03194738078459,140.673280208164,2.1018764343248
"species=Cichla_ocellaris__sex=M__region=plains","prey_17",10,13,76.9230769230769,4.61,255.42,1.80487040952157,138.836185347813,2.07442739504117
"species=Cichla_ocellaris__sex=M__region=plains","prey_45",9,13,69.2307692307692,5.12,255.42,2.00454153942526,138.775952729441,2.07352742654007
"species=Cichla_ocellaris__sex=M__region=plains","prey_49",8,13,61.5384615384615,5.58,255.42,2.184637068358,134.439204206646,2.00872969446069
"species=Cichla_ocellaris__sex=M__region=plains","prey_32",8,13,61.5384615384615,5.53,255.42,2.16506146738705,133.234551839203,1.99073032443864
"species=Cichla_ocellaris__sex=M__region=plains","prey_48",9,13,69.2307692307692,4.83,255.42,1.89100305379375,130.915596031875,1.9560815371462
"species=Cichla_ocellaris__sex=M__region=plains","prey_9",10,13,76.9230769230769,4.33,255.42,1.69524704408425,130.403618775712,1.94843180488683
"species=Cichla_ocellaris__sex=M__region=plains","prey_40",10,13,76.9230769230769,4.3,255.42,1.68350168350168,129.50012950013,1.93493227737029
"species=Cichla_ocellaris__sex=M__region=plains","prey_56",9,13,69.2307692307692,4.66,255.42,1.82444601049252,126.307800726405,1.88723394681186
"species=Cichla_ocellaris__sex=M__region=plains","prey_60",11,13,84.6153846153846,3.75,255.42,1.46817007282124,124.229775392566,1.85618503352383
"species=Cichla_ocellaris__sex=M__region=plains","prey_54",10,13,76.9230769230769,4.09,255.42,1.60128415942369,123.175704571053,1.84043558475453
"species=Cichla_ocellaris__sex=M__region=plains","prey_22",10,13,76.9230769230769,4.02,255.42,1.57387831806436,121.067562928028,1.80893668721595
"species=Cichla_ocellaris__sex=M__region=plains","prey_6",9,13,69.2307692307692,4.46,255.42,1.74614360660872,120.886865072912,1.80623678171264
"species=Cichla_ocellaris__sex=M__region=plains","prey_44",8,13,61.5384615384615,4.85,255.42,1.89883329418213,116.851279641977,1.74593889213878
"species=Cichla_ocellaris__sex=M__region=plains","prey_27",9,13,69.2307692307692,4.1,255.42,1.60519927961788,111.129180896623,1.66044188453404
"species=Cichla_ocellaris__sex=M__region=plains","prey_8",8,13,61.5384615384615,4.47,255.42,1.75005872680291,107.69592164941,1.6091436799712
"species=Cichla_ocellaris__sex=M__region=plains","prey_53",8,13,61.5384615384615,4.39,255.42,1.71873776524939,105.768477861501,1.58034468793592
"species=Cichla_ocellaris__sex=M__region=plains","prey_20",8,13,61.5384615384615,4.3,255.42,1.68350168350168,103.600103600104,1.54794582189623
"species=Cichla_ocellaris__sex=M__region=plains","prey_51",9,13,69.2307692307692,3.69,255.42,1.4446793516561,100.01626280696,1.49439769608064
"species=Cichla_ocellaris__sex=M__region=plains","prey_10",8,13,61.5384615384615,4.07,255.42,1.59345391903531,98.0587027098655,1.46514871979481
"species=Cichla_ocellaris__sex=M__region=plains","prey_15",8,13,61.5384615384615,4.05,255.42,1.58562367864693,97.5768417628883,1.45794897178599
"species=Cichla_ocellaris__sex=M__region=plains","prey_13",9,13,69.2307692307692,3.57,255.42,1.39769790932582,96.7637014148642,1.4457993970211
"species=Cichla_ocellaris__sex=M__region=plains","prey_46",8,13,61.5384615384615,3.86,255.42,1.51123639495733,92.9991627666046,1.3895513657022
"species=Cichla_ocellaris__sex=M__region=plains","prey_36",7,13,53.8461538461538,4.4,255.42,1.72265288544358,92.758232293116,1.38595149169779
"species=Cichla_ocellaris__sex=M__region=plains","prey_37",7,13,53.8461538461538,4.39,255.42,1.71873776524939,92.5474181288135,1.38280160194393
"species=Cichla_ocellaris__sex=M__region=plains","prey_1",8,13,61.5384615384615,3.69,255.42,1.4446793516561,88.9033447172982,1.32835350762723
"species=Cichla_ocellaris__sex=M__region=plains","prey_21",9,13,69.2307692307692,3.23,255.42,1.26458382272336,87.5481108039248,1.30810421635243
"species=Cichla_ocellaris__sex=M__region=plains","prey_43",7,13,53.8461538461538,4.06,255.42,1.58953879884112,85.5905507068298,1.2788552400666
"species=Cichla_ocellaris__sex=M__region=plains","prey_29",8,13,61.5384615384615,3.52,255.42,1.37812230835487,84.8075266679918,1.26715564955227
"species=Cichla_ocellaris__sex=M__region=plains","prey_35",7,13,53.8461538461538,3.99,255.42,1.56213295748179,84.114851556712,1.25680601178959
"species=Cichla_ocellaris__sex=M__region=plains","prey_4",7,13,53.8461538461538,3.5,255.42,1.37029206796649,73.7849575058877,1.10246141385052
"species=Cichla_ocellaris__sex=M__region=plains","prey_16",7,13,53.8461538461538,3.44,255.42,1.34680134680135,72.5200725200725,1.08356207532736
"species=Cichla_ocellaris__sex=M__region=plains","prey_47",8,13,61.5384615384615,2.96,255.42,1.15887557748023,71.3154201526295,1.06556270530531
"species=Cichla_ocellaris__sex=M__region=plains","prey_12",6,13,46.1538461538462,3.74,255.42,1.46425495262705,67.580997813556,1.00976465823696
"species=Cichla_ocellaris__sex=M__region=plains","prey_58",6,13,46.1538461538462,3.45,255.42,1.35071646699554,62.3407600151786,0.931467398641047
"species=Cichla_ocellaris__sex=M__region=plains","prey_19",6,13,46.1538461538462,3.4,255.42,1.33114086602459,61.4372707395963,0.917967871124511
"species=Cichla_ocellaris__sex=M__region=plains","prey_26",7,13,53.8461538461538,2.87,255.42,1.12363949573252,60.5036651548279,0.904018359357422
"species=Cichla_ocellaris__sex=M__region=plains","prey_18",6,13,46.1538461538462,3.21,255.42,1.25675358233498,58.0040114923836,0.86666966656167
"species=Cichla_ocellaris__sex=M__region=plains","prey_55",7,13,53.8461538461538,2.7,255.42,1.05708245243129,56.9198243616848,0.850470233541826
"species=Cichla_ocellaris__sex=M__region=plains","prey_38",6,13,46.1538461538462,2.72,255.42,1.06491269281967,49.1498165916771,0.734374296899608
"species=Cichla_ocellaris__sex=M__region=plains","prey_2",6,13,46.1538461538462,2.71,255.42,1.06099757262548,48.9691187365606,0.731674391396301
"species=Cichla_ocellaris__sex=M__region=plains","prey_24",6,13,46.1538461538462,2.69,255.42,1.0531673322371,48.6077230263277,0.726274580389686
"species=Cichla_ocellaris__sex=M__region=plains","prey_3",5,13,38.4615384615385,2.81,255.42,1.10014877456738,42.3134144064377,0.632227872024479
"species=Cichla_ocellaris__sex=M__region=plains","prey_57",4,13,30.7692307692308,1.85,255.42,0.724297235925143,22.2860687976967,0.332988345407911
"species=Cichla_ocellaris__sex=M__region=plains","prey_50",2,13,15.3846153846154,0.62,255.42,0.242737452039778,3.7344223390735,0.0557980470683526
"species=Cichla_ocellaris__sex=M__region=pothole","prey_2",16,20,80,10.88,405.55,2.68277647639009,214.622118111207,3.21294035351941
"species=Cichla_ocellaris__sex=M__region=pothole","prey_31",18,20,90,8.83,405.55,2.17729009986438,195.956108987794,2.93350608793874
"species=Cichla_ocellaris__sex=M__region=pothole","prey_41",15,20,75,10.38,405.55,2.55948711626187,191.96153371964,2.87370641683693
"species=Cichla_ocellaris__sex=M__region=pothole","prey_27",16,20,80,9.54,405.55,2.35236099124646,188.188879299716,2.81722894968522
"species=Cichla_ocellaris__sex=M__region=pothole","prey_28",16,20,80,9.42,405.55,2.32277154481568,185.821723585255,2.78179210755082
"species=Cichla_ocellaris__sex=M__region=pothole","prey_36",15,20,75,9.32,405.55,2.29811367279004,172.358525459253,2.58024506791139
"species=Cichla_ocellaris__sex=M__region=pothole","prey_9",16,20,80,8.35,405.55,2.05893231414129,164.714585131303,2.46581359851904
"species=Cichla_ocellaris__sex=M__region=pothole","prey_45",17,20,85,7.69,405.55,1.89619035877204,161.176180495623,2.41284290220354
"species=Cichla_ocellaris__sex=M__region=pothole","prey_7",14,20,70,9,405.55,2.21920848230798,155.344593761558,2.32554276507035
"species=Cichla_ocellaris__sex=M__region=pothole","prey_23",14,20,70,8.99,405.55,2.21674269510541,155.171988657379,2.32295882866471
"species=Cichla_ocellaris__sex=M__region=pothole","prey_20",15,20,75,8.39,405.55,2.06879546295155,155.159659721366,2.3227742617786
"species=Cichla_ocellaris__sex=M__region=pothole","prey_42",15,20,75,8.35,405.55,2.05893231414129,154.419923560597,2.3117002486116
"species=Cichla_ocellaris__sex=M__region=pothole","prey_33",15,20,75,7.78,405.55,1.91838244359512,143.878683269634,2.15389556098182
"species=Cichla_ocellaris__sex=M__region=pothole","prey_46",14,20,70,8.28,405.55,2.04167180372334,142.917026260634,2.13949934386472
"species=Cichla_ocellaris__sex=M__region=pothole","prey_38",15,20,75,7.63,405.55,1.88139563555665,141.104672666749,2.11236801160557
"species=Cichla_ocellaris__sex=M__region=pothole","prey_1",15,20,75,7.48,405.55,1.84440882751819,138.330662063864,2.07084046222931
"species=Cichla_ocellaris__sex=M__region=pothole","prey_40",14,20,70,7.98,405.55,1.96769818764641,137.738873135248,2.06198125169571
"species=Cichla_ocellaris__sex=M__region=pothole","prey_49",14,20,70,7.62,405.55,1.87892984835409,131.525089384786,1.96895954109289
"species=Cichla_ocellaris__sex=M__region=pothole","prey_6",14,20,70,7.6,405.55,1.87399827394896,131.179879176427,1.96379166828163
"species=Cichla_ocellaris__sex=M__region=pothole","prey_24",15,20,75,7.01,405.55,1.72851682899766,129.638762174824,1.94072080751704
"species=Cichla_ocellaris__sex=M__region=pothole","prey_39",15,20,75,6.96,405.55,1.71618789298484,128.714091973863,1.92687829105829
"species=Cichla_ocellaris__sex=M__region=pothole","prey_53",14,20,70,7.41,405.55,1.82714831710023,127.900382197016,1.91469687657459
"species=Cichla_ocellaris__sex=M__region=pothole","prey_16",14,20,70,7.33,405.55,1.80742201947972,126.51954136358,1.89402538532952
"species=Cichla_ocellaris__sex=M__region=pothole","prey_57",14,20,70,7.29,405.55,1.79755887066946,125.829120946862,1.88368963970698
"species=Cichla_ocellaris__sex=M__region=pothole","prey_58",15,20,75,6.57,405.55,1.62002219208482,121.501664406362,1.81890666268002
"species=Cichla_ocellaris__sex=M__region=pothole","prey_60",15,20,75,6.5,405.55,1.60276168166687,120.207126125015,1.79952713963777
"species=Cichla_ocellaris__sex=M__region=pothole","prey_19",13,20,65,7.43,405.55,1.83207989150536,119.085192947849,1.78273155300115
"species=Cichla_ocellaris__sex=M__region=pothole","prey_4",13,20,65,7.16,405.55,1.76550363703612,114.757736407348,1.71794857597419
"species=Cichla_ocellaris__sex=M__region=pothole","prey_17",13,20,65,7.15,405.55,1.76303784983356,114.597460239181,1.71554920645467
"species=Cichla_ocellaris__sex=M__region=pothole","prey_29",13,20,65,6.98,405.55,1.72111946738996,111.872765380348,1.67475992462288
"species=Cichla_ocellaris__sex=M__region=pothole","prey_37",14,20,70,6.4,405.55,1.57810380964123,110.467266674886,1.65371929960558
"species=Cichla_ocellaris__sex=M__region=pothole","prey_51",12,20,60,7.27,405.55,1.79262729626433,107.55763777586,1.61016151448204
"species=Cichla_ocellaris__sex=M__region=pothole","prey_47",12,20,60,7.14,405.55,1.76057206263099,105.63432375786,1.58136908024784
"species=Cichla_ocellaris__sex=M__region=pothole","prey_35",12,20,60,7.04,405.55,1.73591419060535,104.154851436321,1.55922105391383
"species=Cichla_ocellaris__sex=M__region=pothole","prey_56",14,20,70,5.95,405.55,1.46714338552583,102.700036986808,1.53744216135206
"species=Cichla_ocellaris__sex=M__region=pothole","prey_10",12,20,60,6.64,405.55,1.63728270250277,98.2369621501664,1.47062894857782
"species=Cichla_ocellaris__sex=M__region=pothole","prey_15",11,20,55,7.11,405.55,1.7531747010233,96.4246085562816,1.44349761631867
"species=Cichla_ocellaris__sex=M__region=pothole","prey_55",13,20,65,5.83,405.55,1.43755393909506,93.4410060411787,1.39883242987843
"species=Cichla_ocellaris__sex=M__region=pothole","prey_21",13,20,65,5.76,405.55,1.4202934286771,92.3190728640118,1.38203684324181
"species=Cichla_ocellaris__sex=M__region=pothole","prey_18",11,20,55,6.67,405.55,1.64468006411047,90.4574035260757,1.35416724343819
"species=Cichla_ocellaris__sex=M__region=pothole","prey_52",11,20,55,6.42,405.55,1.58303538404636,87.0669461225496,1.3034113497561
"species=Cichla_ocellaris__sex=M__region=pothole","prey_12",12,20,60,5.7,405.55,1.40549870546172,84.3299223277031,1.26243750103819
"species=Cichla_ocellaris__sex=M__region=pothole","prey_59",13,20,65,5.13,405.55,1.26494883491555,82.2216742695105,1.23087656351223
"species=Cichla_ocellaris__sex=M__region=pothole","prey_25",11,20,55,5.8,405.55,1.43015657748736,78.658611761805,1.17753673342451
"species=Cichla_ocellaris__sex=M__region=pothole","prey_8",12,20,60,5.3,405.55,1.30686721735914,78.4120330415485,1.17384539570218
"species=Cichla_ocellaris__sex=M__region=pothole","prey_11",11,20,55,5.26,405.55,1.29700406854888,71.3352237701886,1.06790400307119
"species=Cichla_ocellaris__sex=M__region=pothole","prey_14",10,20,50,5.66,405.55,1.39563555665146,69.781777832573,1.04464857542049
"species=Cichla_ocellaris__sex=M__region=pothole","prey_13",9,20,45,6.11,405.55,1.50659598076686,67.7968191345087,1.0149333067557
"species=Cichla_ocellaris__sex=M__region=pothole","prey_48",10,20,50,5.3,405.55,1.30686721735914,65.3433608679571,0.97820449641848
"species=Cichla_ocellaris__sex=M__region=pothole","prey_22",11,20,55,4.72,405.55,1.16385155961041,64.0118357785723,0.958271272717877
"species=Cichla_ocellaris__sex=M__region=pothole","prey_44",10,20,50,5.02,405.55,1.23782517568734,61.8912587843669,0.926525768305805
"species=Cichla_ocellaris__sex=M__region=pothole","prey_43",11,20,55,4.24,405.55,1.04549377388731,57.5021575638023,0.860819956848262
"species=Cichla_ocellaris__sex=M__region=pothole","prey_34",9,20,45,5.06,405.55,1.2476883244976,56.1459746023918,0.840517599375425
"species=Cichla_ocellaris__sex=M__region=pothole","prey_54",11,20,55,4.02,405.55,0.991246455430896,54.5185550486993,0.816154770408022
"species=Cichla_ocellaris__sex=M__region=pothole","prey_32",10,20,50,4.4,405.55,1.08494636912834,54.2473184564172,0.812094298913455
"species=Cichla_ocellaris__sex=M__region=pothole","prey_5",11,20,55,4,405.55,0.986314881025767,54.2473184564172,0.812094298913455
"species=Cichla_ocellaris__sex=M__region=pothole","prey_50",9,20,45,4.77,405.55,1.17618049562323,52.9281223030452,0.792345642098968
"species=Cichla_ocellaris__sex=M__region=pothole","prey_26",10,20,50,3.94,405.55,0.971520157810381,48.576007890519,0.727193531299775
"species=Cichla_ocellaris__sex=M__region=pothole","prey_30",11,20,55,3.37,405.55,0.830970287264209,45.7033657995315,0.684189446834586
"species=Cichla_ocellaris__sex=M__region=pothole","prey_3",8,20,40,4.22,405.55,1.04056219948218,41.6224879792874,0.62309780752996
"species=Cichla_ocellaris__sex=M__region=valley","prey_14",13,16,81.25,8.01,312.43,2.56377428543994,208.306660691995,3.10222783633536
"species=Cichla_ocellaris__sex=M__region=valley","prey_35",15,16,93.75,6.78,312.43,2.17008609928624,203.445571808085,3.02983358259201
"species=Cichla_ocellaris__sex=M__region=valley","prey_44",13,16,81.25,7.49,312.43,2.39733700348878,194.783631533464,2.9008347683086
"species=Cichla_ocellaris__sex=M__region=valley","prey_16",14,16,87.5,6.86,312.43,2.19569183497103,192.123035559965,2.86121157593055
"species=Cichla_ocellaris__sex=M__region=valley","prey_42",13,16,81.25,7.01,312.43,2.24370258938002,182.300835387127,2.71493347474543
"species=Cichla_ocellaris__sex=M__region=valley","prey_17",12,16,75,6.99,312.43,2.23730115545882,167.797586659412,2.49894238847412
"species=Cichla_ocellaris__sex=M__region=valley","prey_23",11,16,68.75,7.25,312.43,2.3205197964344,159.535736004865,2.37590194898439
"species=Cichla_ocellaris__sex=M__region=valley","prey_53",11,16,68.75,7.23,312.43,2.3141183625132,159.095637422783,2.36934773671133
"species=Cichla_ocellaris__sex=M__region=valley","prey_18",12,16,75,6.52,312.43,2.08686745831066,156.5150593733,2.33091621929203
"species=Cichla_ocellaris__sex=M__region=valley","prey_13",13,16,81.25,5.94,312.43,1.90122587459591,154.474602310918,2.3005285078442
"species=Cichla_ocellaris__sex=M__region=valley","prey_48",12,16,75,6.42,312.43,2.05486028870467,154.11452165285,2.29516597052988
"species=Cichla_ocellaris__sex=M__region=valley","prey_59",11,16,68.75,6.8,312.43,2.17648753320744,149.633517908011,2.22843217284054
"species=Cichla_ocellaris__sex=M__region=valley","prey_25",11,16,68.75,6.64,312.43,2.12527606183785,146.112729251352,2.17599847465605
"species=Cichla_ocellaris__sex=M__region=valley","prey_11",12,16,75,6.01,312.43,1.9236308933201,144.272316999008,2.14858995060507
"species=Cichla_ocellaris__sex=M__region=valley","prey_40",12,16,75,5.94,312.43,1.90122587459591,142.591940594693,2.12356477647157
"species=Cichla_ocellaris__sex=M__region=valley","prey_22",11,16,68.75,6.26,312.43,2.00364881733508,137.750856191787,2.05146844146791
"species=Cichla_ocellaris__sex=M__region=valley","prey_47",12,16,75,5.72,312.43,1.83081010146273,137.310757609705,2.04491422919484
"species=Cichla_ocellaris__sex=M__region=valley","prey_1",12,16,75,5.67,312.43,1.81480651665973,136.11048874948,2.02703910481377
"species=Cichla_ocellaris__sex=M__region=valley","prey_15",13,16,81.25,5.19,312.43,1.66117210255097,134.970233332266,2.01005773665175
"species=Cichla_ocellaris__sex=M__region=valley","prey_43",12,16,75,5.56,312.43,1.77959863009314,133.469897256986,1.98771383117541
"species=Cichla_ocellaris__sex=M__region=valley","prey_8",11,16,68.75,5.94,312.43,1.90122587459591,130.709278878469,1.94660104509894
"species=Cichla_ocellaris__sex=M__region=valley","prey_38",11,16,68.75,5.88,312.43,1.88202157283231,129.388983132222,1.92693840827976
"species=Cichla_ocellaris__sex=M__region=valley","prey_12",10,16,62.5,6.25,312.43,2.00044810037448,125.028006273405,1.86199212302852
"species=Cichla_ocellaris__sex=M__region=valley","prey_3",10,16,62.5,6.1,312.43,1.9524373459655,122.027334122843,1.81730431207584
"species=Cichla_ocellaris__sex=M__region=valley","prey_46",10,16,62.5,6.03,312.43,1.9300323272413,120.627020452581,1.79645000029792
"species=Cichla_ocellaris__sex=M__region=valley","prey_32",10,16,62.5,6,312.43,1.9204301763595,120.026886022469,1.78751243810738
"species=Cichla_ocellaris__sex=M__region=valley","prey_20",12,16,75,4.84,312.43,1.54914700893,116.18602566975,1.73031204008795
"species=Cichla_ocellaris__sex=M__region=valley","prey_24",11,16,68.75,5.25,312.43,1.68037640431457,115.525877796626,1.72048072167835
"species=Cichla_ocellaris__sex=M__region=valley","prey_5",10,16,62.5,5.71,312.43,1.82760938450213,114.225586531383,1.70111600359886
"species=Cichla_ocellaris__sex=M__region=valley","prey_37",12,16,75,4.64,312.43,1.48513266971802,111.384950228851,1.65881154256365
"species=Cichla_ocellaris__sex=M__region=valley","prey_2",11,16,68.75,5,312.43,1.60035848029959,110.024645520597,1.6385530682651
"species=Cichla_ocellaris__sex=M__region=valley","prey_36",10,16,62.5,5.44,312.43,1.74119002656595,108.824376660372,1.62067794388403
"species=Cichla_ocellaris__sex=M__region=valley","prey_52",10,16,62.5,5.41,312.43,1.73158787568415,108.22424223026,1.61174038169349
"species=Cichla_ocellaris__sex=M__region=valley","prey_21",11,16,68.75,4.76,312.43,1.52354127324521,104.743462535608,1.55990252098838
"species=Cichla_ocellaris__sex=M__region=valley","prey_60",11,16,68.75,4.71,312.43,1.50753768844221,103.643216080402,1.54351699030572
"species=Cichla_ocellaris__sex=M__region=valley","prey_19",11,16,68.75,4.4,312.43,1.40831546266364,96.821688058125,1.44192670007329
"species=Cichla_ocellaris__sex=M__region=valley","prey_54",10,16,62.5,4.82,312.43,1.5427455750088,96.4215984380501,1.4359683252796
"species=Cichla_ocellaris__sex=M__region=valley","prey_56",9,16,56.25,5.1,312.43,1.63236564990558,91.8205678071888,1.36744701515215
"species=Cichla_ocellaris__sex=M__region=valley","prey_55",10,16,62.5,4.5,312.43,1.44032263226963,90.0201645168518,1.34063432858054
"species=Cichla_ocellaris__sex=M__region=valley","prey_29",10,16,62.5,4.47,312.43,1.43072048138783,89.4200300867394,1.33169676639
"species=Cichla_ocellaris__sex=M__region=valley","prey_33",8,16,50,5.54,312.43,1.77319719617194,88.6598598085971,1.32037585428199
"species=Cichla_ocellaris__sex=M__region=valley","prey_6",11,16,68.75,4,312.43,1.28028678423967,88.0197164164773,1.31084245461208
"species=Cichla_ocellaris__sex=M__region=valley","prey_28",9,16,56.25,4.86,312.43,1.5555484428512,87.4995999103799,1.30309656738028
"species=Cichla_ocellaris__sex=M__region=valley","prey_10",10,16,62.5,4.37,312.43,1.39871331178184,87.4195819863649,1.30190489242154
"species=Cichla_ocellaris__sex=M__region=valley","prey_41",9,16,56.25,4.67,312.43,1.49473482059981,84.0788336587396,1.25215246289422
"species=Cichla_ocellaris__sex=M__region=valley","prey_50",9,16,56.25,4.51,312.43,1.44352334923023,81.1981883942003,1.20925216437964
"species=Cichla_ocellaris__sex=M__region=valley","prey_31",10,16,62.5,3.96,312.43,1.26748391639727,79.2177447748296,1.17975820915087
"species=Cichla_ocellaris__sex=M__region=valley","prey_27",9,16,56.25,4.34,312.43,1.38911116090004,78.1375028006273,1.16367059720791
"species=Cichla_ocellaris__sex=M__region=valley","prey_51",9,16,56.25,4.2,312.43,1.34430112345165,75.6169381941555,1.12613283600765
"species=Cichla_ocellaris__sex=M__region=valley","prey_57",8,16,50,4.6,312.43,1.47232980187562,73.616490093781,1.09634096203919
"species=Cichla_ocellaris__sex=M__region=valley","prey_4",9,16,56.25,3.88,312.43,1.24187818071248,69.855647665077,1.0403322389785
"species=Cichla_ocellaris__sex=M__region=valley","prey_58",8,16,50,3.77,312.43,1.20667029414589,60.3335147072944,0.898522918888644
"species=Cichla_ocellaris__sex=M__region=valley","prey_45",9,16,56.25,3.3,312.43,1.05623659699773,59.4133085811222,0.884818656863154
"species=Cichla_ocellaris__sex=M__region=valley","prey_30",8,16,50,3.6,312.43,1.1522581058157,57.6129052907851,0.858005970291543
"species=Cichla_ocellaris__sex=M__region=valley","prey_49",8,16,50,3.6,312.43,1.1522581058157,57.6129052907851,0.858005970291543
"species=Cichla_ocellaris__sex=M__region=valley","prey_7",7,16,43.75,3.62,312.43,1.1586595397369,50.6913548634894,0.754926086360684
"species=Cichla_ocellaris__sex=M__region=valley","prey_26",8,16,50,3.07,312.43,0.982620106903947,49.1310053451973,0.731688424665288
"species=Cichla_ocellaris__sex=M__region=valley","prey_9",7,16,43.75,2.87,312.43,0.918605767691963,40.1890023365234,0.598518748026288
"species=Cichla_ocellaris__sex=M__region=valley","prey_34",6,16,37.5,2.66,312.43,0.85139071151938,31.9271516819768,0.475478308536564
"species=Cichla_ocellaris__sex=M__region=valley","prey_39",5,16,31.25,1.47,312.43,0.470505393208079,14.7032935377525,0.218970273668154
"species=Geophagus_brasiliensis__sex=F__region=montain","prey_38",20,20,100,10.6,383.22,2.76603517561714,276.603517561714,4.21847732866913
"species=Geophagus_brasiliensis__sex=F__region=montain","prey_51",17,20,85,10.19,383.22,2.65904702259799,226.018996920829,3.44701333794978
"species=Geophagus_brasiliensis__sex=F__region=montain","prey_57",15,20,75,9.47,383.22,2.47116538802777,185.337404102082,2.82657879498797
"species=Geophagus_brasiliensis__sex=F__region=montain","prey_12",17,20,85,8.02,383.22,2.09279265174051,177.887375397944,2.71295848580542
"species=Geophagus_brasiliensis__sex=F__region=montain","prey_49",16,20,80,8.09,383.22,2.11105892176818,168.884713741454,2.57565898784402
"species=Geophagus_brasiliensis__sex=F__region=montain","prey_45",17,20,85,7.48,383.22,1.95188142581285,165.909921194092,2.53029045808286
"species=Geophagus_brasiliensis__sex=F__region=montain","prey_28",15,20,75,8.36,383.22,2.18151453473201,163.613590104901,2.49526913686372
"species=Geophagus_brasiliensis__sex=F__region=montain","prey_42",15,20,75,8.22,383.22,2.14498199467669,160.873649600752,2.45348233313634
"species=Geophagus_brasiliensis__sex=F__region=montain","prey_55",14,20,70,8.78,383.22,2.29111215489797,160.377850842858,2.44592091150948
"species=Geophagus_brasiliensis__sex=F__region=montain","prey_34",16,20,80,7.6,383.22,1.98319503157455,158.655602525964,2.41965492059512
"species=Geophagus_brasiliensis__sex=F__region=montain","prey_39",14,20,70,8.53,383.22,2.22587547622775,155.811283335943,2.37627623863051
"species=Geophagus_brasiliensis__sex=F__region=montain","prey_54",15,20,75,7.38,383.22,1.92578675434476,144.434006575857,2.20276151077204
"species=Geophagus_brasiliensis__sex=F__region=montain","prey_58",15,20,75,7.15,383.22,1.86576900996816,139.932675747612,2.13411176179134
"species=Geophagus_brasiliensis__sex=F__region=montain","prey_17",14,20,70,7.46,383.22,1.94666249151923,136.266374406346,2.07819703870851
"species=Geophagus_brasiliensis__sex=F__region=montain","prey_21",14,20,70,7.35,383.22,1.91795835290434,134.257084703304,2.04755338264176
"species=Geophagus_brasiliensis__sex=F__region=montain","prey_53",14,20,70,6.98,383.22,1.82140806847242,127.498564793069,1.94447926678088
"species=Geophagus_brasiliensis__sex=F__region=montain","prey_35",15,20,75,6.51,383.22,1.69876311257241,127.407233442931,1.9430863733233
"species=Geophagus_brasiliensis__sex=F__region=montain","prey_16",12,20,60,8.08,383.22,2.10844945462137,126.506967277282,1.92935642352716
"species=Geophagus_brasiliensis__sex=F__region=montain","prey_43",14,20,70,6.91,383.22,1.80314179844476,126.219925891133,1.92497875837477
"species=Geophagus_brasiliensis__sex=F__region=montain","prey_1",12,20,60,8.01,383.22,2.09018318459371,125.410991075622,1.91264170203621
"species=Geophagus_brasiliensis__sex=F__region=montain","prey_48",12,20,60,7.9,383.22,2.06147904597881,123.688742758729,1.88637571112186
"species=Geophagus_brasiliensis__sex=F__region=montain","prey_52",14,20,70,6.66,383.22,1.73790511977454,121.653358384218,1.8553340854958
"species=Geophagus_brasiliensis__sex=F__region=montain","prey_6",13,20,65,7.06,383.22,1.84228380564689,119.748447367048,1.82628230766629
"species=Geophagus_brasiliensis__sex=F__region=montain","prey_33",14,20,70,6.47,383.22,1.68832524398518,118.182767078962,1.80240413410778
"species=Geophagus_brasiliensis__sex=F__region=montain","prey_30",13,20,65,6.58,383.22,1.71702938260007,111.606909869005,1.70211580516206
"species=Geophagus_brasiliensis__sex=F__region=montain","prey_40",14,20,70,5.93,383.22,1.54741401805751,108.318981264026,1.6519716406892
"species=Geophagus_brasiliensis__sex=F__region=montain","prey_15",12,20,60,6.91,383.22,1.80314179844476,108.188507906685,1.64998179289266
"species=Geophagus_brasiliensis__sex=F__region=montain","prey_32",12,20,60,6.88,383.22,1.79531339700433,107.71880382026,1.64281834082511
"species=Geophagus_brasiliensis__sex=F__region=montain","prey_27",12,20,60,6.86,383.22,1.79009446271071,107.405667762643,1.63804270611341
"species=Geophagus_brasiliensis__sex=F__region=montain","prey_10",14,20,70,5.78,383.22,1.50827201085538,105.579040759877,1.61018483696182
"species=Geophagus_brasiliensis__sex=F__region=montain","prey_18",13,20,65,6.08,383.22,1.58655602525964,103.126141641877,1.57277569838683
"species=Geophagus_brasiliensis__sex=F__region=montain","prey_7",13,20,65,5.82,383.22,1.51870987944262,98.7161421637702,1.50551884286371
"species=Geophagus_brasiliensis__sex=F__region=montain","prey_24",12,20,60,6.13,383.22,1.59960336099369,95.9762016596211,1.46373203913633
"species=Geophagus_brasiliensis__sex=F__region=montain","prey_5",12,20,60,6.1,383.22,1.59177495955326,95.5064975731956,1.45656858706878
"species=Geophagus_brasiliensis__sex=F__region=montain","prey_37",11,20,55,6.5,383.22,1.6961536454256,93.2884504984082,1.42274117452756
"species=Geophagus_brasiliensis__sex=F__region=montain","prey_59",12,20,60,5.95,383.22,1.55263295235113,93.1579771410678,1.42075132673102
"species=Geophagus_brasiliensis__sex=F__region=montain","prey_22",11,20,55,6.3,383.22,1.64396430248943,90.4180366369188,1.37896452300364
"species=Geophagus_brasiliensis__sex=F__region=montain","prey_14",11,20,55,6.25,383.22,1.63091696675539,89.7004331715464,1.36802036012265
"species=Geophagus_brasiliensis__sex=F__region=montain","prey_25",13,20,65,5.17,383.22,1.34909451490006,87.6911434685037,1.33737670405591
"species=Geophagus_brasiliensis__sex=F__region=montain","prey_20",13,20,65,5.16,383.22,1.34648504775325,87.5215281039612,1.3347899019204
"species=Geophagus_brasiliensis__sex=F__region=montain","prey_46",10,20,50,6.4,383.22,1.67005897395752,83.5029486978759,1.27350258978691
"species=Geophagus_brasiliensis__sex=F__region=montain","prey_13",13,20,65,4.77,383.22,1.24471582902771,80.9065288868013,1.23390461863572
"species=Geophagus_brasiliensis__sex=F__region=montain","prey_11",10,20,50,5.8,383.22,1.513490945149,75.67454725745,1.15411172199438
"species=Geophagus_brasiliensis__sex=F__region=montain","prey_36",10,20,50,5.75,383.22,1.50044360941496,75.0221804707479,1.14416248301167
"species=Geophagus_brasiliensis__sex=F__region=montain","prey_26",11,20,55,5.22,383.22,1.3621418506341,74.9178017848755,1.14257060477444
"species=Geophagus_brasiliensis__sex=F__region=montain","prey_2",11,20,55,5.18,383.22,1.35170398204687,74.3437190125776,1.13381527446966
"species=Geophagus_brasiliensis__sex=F__region=montain","prey_3",10,20,50,5.34,383.22,1.3934554563958,69.6727728197902,1.06257872335345
"species=Geophagus_brasiliensis__sex=F__region=montain","prey_56",11,20,55,4.85,383.22,1.26559156620218,69.60753614112,1.06158379945518
"species=Geophagus_brasiliensis__sex=F__region=montain","prey_23",10,20,50,5.27,383.22,1.37518918636814,68.7594593184072,1.04864978877766
"species=Geophagus_brasiliensis__sex=F__region=montain","prey_50",12,20,60,4.37,383.22,1.14033714315537,68.4202285893221,1.04347618450665
"species=Geophagus_brasiliensis__sex=F__region=montain","prey_47",10,20,50,5.14,383.22,1.34126611345963,67.0633056729816,1.02278176742261
"species=Geophagus_brasiliensis__sex=F__region=montain","prey_29",12,20,60,4.05,383.22,1.05683419445749,63.4100516674495,0.967066029119433
"species=Geophagus_brasiliensis__sex=F__region=montain","prey_4",10,20,50,4.84,383.22,1.26298209905537,63.1491049527686,0.963086333526348
"species=Geophagus_brasiliensis__sex=F__region=montain","prey_8",10,20,50,4.58,383.22,1.19513595323835,59.7567976619174,0.911350290816255
"species=Geophagus_brasiliensis__sex=F__region=montain","prey_60",11,20,55,3.97,383.22,1.03595845728302,56.9777151505663,0.86896653274991
"species=Geophagus_brasiliensis__sex=F__region=montain","prey_44",9,20,45,4.55,383.22,1.18730755179792,53.4288398309065,0.814842672683966
"species=Geophagus_brasiliensis__sex=F__region=montain","prey_19",11,20,55,3.7,383.22,0.96550284431919,53.1026564375555,0.809868053192611
"species=Geophagus_brasiliensis__sex=F__region=montain","prey_9",9,20,45,4.35,383.22,1.13511820886175,51.0803193987788,0.77902541234621
"species=Geophagus_brasiliensis__sex=F__region=montain","prey_31",8,20,40,4.46,383.22,1.16382234747665,46.5528938990658,0.709977693806201
"species=Geophagus_brasiliensis__sex=F__region=montain","prey_41",12,20,60,2.97,383.22,0.775011742602161,46.5007045561296,0.709181754687584
"species=Geophagus_brasiliensis__sex=F__region=plains","prey_15",14,18,77.7777777777778,8.89,365.2,2.43428258488499,189.3330899355,2.85340260121372
"species=Geophagus_brasiliensis__sex=F__region=plains","prey_31",16,18,88.8888888888889,7.72,365.2,2.11391018619934,187.903127662164,2.83185191468679
"species=Geophagus_brasiliensis__sex=F__region=plains","prey_40",13,18,72.2222222222222,8.91,365.2,2.43975903614458,176.204819277108,2.65554895788675
"species=Geophagus_brasiliensis__sex=F__region=plains","prey_33",15,18,83.3333333333333,7.55,365.2,2.06736035049288,172.28002920774,2.59639920124902
"species=Geophagus_brasiliensis__sex=F__region=plains","prey_17",13,18,72.2222222222222,8.69,365.2,2.37951807228916,171.854082998661,2.58997984781547
"species=Geophagus_brasiliensis__sex=F__region=plains","prey_19",13,18,72.2222222222222,8.56,365.2,2.34392113910186,169.283193379579,2.55123446459153
"species=Geophagus_brasiliensis__sex=F__region=plains","prey_29",14,18,77.7777777777778,7.79,365.2,2.13307776560789,165.906048436169,2.50033816236837
"species=Geophagus_brasiliensis__sex=F__region=plains","prey_37",14,18,77.7777777777778,7.65,365.2,2.0947426067908,162.924424972618,2.45540268833351
"species=Geophagus_brasiliensis__sex=F__region=plains","prey_36",15,18,83.3333333333333,6.92,365.2,1.89485213581599,157.904344651333,2.37974602286665
"species=Geophagus_brasiliensis__sex=F__region=plains","prey_42",13,18,72.2222222222222,7.81,365.2,2.13855421686747,154.451137884873,2.32770340753036
"species=Geophagus_brasiliensis__sex=F__region=plains","prey_47",14,18,77.7777777777778,7.21,365.2,1.97426067907996,153.553608372886,2.31417691279538
"species=Geophagus_brasiliensis__sex=F__region=plains","prey_26",13,18,72.2222222222222,7.61,365.2,2.08378970427163,150.495923086285,2.26809512564738
"species=Geophagus_brasiliensis__sex=F__region=plains","prey_35",13,18,72.2222222222222,7.51,365.2,2.05640744797371,148.51831568699,2.23829098470589
"species=Geophagus_brasiliensis__sex=F__region=plains","prey_23",12,18,66.6666666666667,8.06,365.2,2.20700985761227,147.133990507484,2.21742808604685
"species=Geophagus_brasiliensis__sex=F__region=plains","prey_44",14,18,77.7777777777778,6.71,365.2,1.83734939759036,142.904953145917,2.15369307695659
"species=Geophagus_brasiliensis__sex=F__region=plains","prey_60",13,18,72.2222222222222,7.16,365.2,1.960569550931,141.596689789461,2.13397649141068
"species=Geophagus_brasiliensis__sex=F__region=plains","prey_45",13,18,72.2222222222222,6.98,365.2,1.91128148959474,138.036996470731,2.08032903771599
"species=Geophagus_brasiliensis__sex=F__region=plains","prey_2",14,18,77.7777777777778,6.46,365.2,1.76889375684556,137.580625532433,2.07345115903719
"species=Geophagus_brasiliensis__sex=F__region=plains","prey_49",13,18,72.2222222222222,6.59,365.2,1.80449069003286,130.324327613484,1.96409288804418
"species=Geophagus_brasiliensis__sex=F__region=plains","prey_10",13,18,72.2222222222222,6.5,365.2,1.77984665936473,128.54448095412,1.93726916119684
"species=Geophagus_brasiliensis__sex=F__region=plains","prey_13",12,18,66.6666666666667,6.83,365.2,1.87020810514786,124.680540343191,1.87903645504962
"species=Geophagus_brasiliensis__sex=F__region=plains","prey_1",13,18,72.2222222222222,6.2,365.2,1.69769989047097,122.611658756237,1.84785673837237
"species=Geophagus_brasiliensis__sex=F__region=plains","prey_14",12,18,66.6666666666667,6.65,365.2,1.82092004381161,121.394669587441,1.82951572856222
"species=Geophagus_brasiliensis__sex=F__region=plains","prey_28",13,18,72.2222222222222,6.13,365.2,1.67853231106243,121.227333576731,1.82699383971333
"species=Geophagus_brasiliensis__sex=F__region=plains","prey_50",11,18,61.1111111111111,7.13,365.2,1.95235487404162,119.310575635877,1.79810674926235
"species=Geophagus_brasiliensis__sex=F__region=plains","prey_27",12,18,66.6666666666667,6.52,365.2,1.78532311062432,119.021540708288,1.79375075943244
"species=Geophagus_brasiliensis__sex=F__region=plains","prey_38",11,18,61.1111111111111,7.07,365.2,1.93592552026287,118.30655957162,1.78297541616898
"species=Geophagus_brasiliensis__sex=F__region=plains","prey_54",12,18,66.6666666666667,6.32,365.2,1.73055859802848,115.370573201898,1.73872773000199
"species=Geophagus_brasiliensis__sex=F__region=plains","prey_34",12,18,66.6666666666667,6.2,365.2,1.69769989047097,113.179992698065,1.70571391234373
"species=Geophagus_brasiliensis__sex=F__region=plains","prey_43",11,18,61.1111111111111,6.58,365.2,1.80175246440307,110.107095046854,1.65940286257311
"species=Geophagus_brasiliensis__sex=F__region=plains","prey_11",12,18,66.6666666666667,6.03,365.2,1.65115005476451,110.076670317634,1.65894433732785
"species=Geophagus_brasiliensis__sex=F__region=plains","prey_20",12,18,66.6666666666667,5.95,365.2,1.62924424972618,108.616283315078,1.63693512555567
"species=Geophagus_brasiliensis__sex=F__region=plains","prey_32",12,18,66.6666666666667,5.93,365.2,1.62376779846659,108.25118656444,1.63143282261263
"species=Geophagus_brasiliensis__sex=F__region=plains","prey_4",11,18,61.1111111111111,6.21,365.2,1.70043811610077,103.915662650602,1.56609297516398
"species=Geophagus_brasiliensis__sex=F__region=plains","prey_16",11,18,61.1111111111111,6.09,365.2,1.66757940854326,101.907630522088,1.53583030897724
"species=Geophagus_brasiliensis__sex=F__region=plains","prey_46",11,18,61.1111111111111,5.89,365.2,1.61281489594743,98.5609103078982,1.48539253199933
"species=Geophagus_brasiliensis__sex=F__region=plains","prey_52",12,18,66.6666666666667,5.19,365.2,1.42113910186199,94.7426067907996,1.42784761371999
"species=Geophagus_brasiliensis__sex=F__region=plains","prey_12",10,18,55.5555555555556,6.22,365.2,1.70317634173056,94.6209078739199,1.42601351273898
"species=Geophagus_brasiliensis__sex=F__region=plains","prey_53",11,18,61.1111111111111,5.51,365.2,1.50876232201533,92.2021419009371,1.38956075574131
"species=Geophagus_brasiliensis__sex=F__region=plains","prey_21",11,18,61.1111111111111,5.37,365.2,1.47042716319825,89.859437751004,1.35425431185678
"species=Geophagus_brasiliensis__sex=F__region=plains","prey_57",10,18,55.5555555555556,5.85,365.2,1.60186199342826,88.9923329682366,1.34118634236704
"species=Geophagus_brasiliensis__sex=F__region=plains","prey_30",12,18,66.6666666666667,4.73,365.2,1.29518072289157,86.3453815261044,1.30129464602997
"species=Geophagus_brasiliensis__sex=F__region=plains","prey_59",10,18,55.5555555555556,5.61,365.2,1.53614457831325,85.3413654618474,1.2861633129366
"species=Geophagus_brasiliensis__sex=F__region=plains","prey_51",11,18,61.1111111111111,5,365.2,1.36911281489595,83.6680053547524,1.26094442444765
"species=Geophagus_brasiliensis__sex=F__region=plains","prey_22",11,18,61.1111111111111,4.83,365.2,1.32256297918949,80.8232931726908,1.21807231401643
"species=Geophagus_brasiliensis__sex=F__region=plains","prey_25",11,18,61.1111111111111,4.66,365.2,1.27601314348302,77.9785809906292,1.17520020358521
"species=Geophagus_brasiliensis__sex=F__region=plains","prey_8",10,18,55.5555555555556,5.12,365.2,1.40197152245345,77.8873068029694,1.17382462784945
"species=Geophagus_brasiliensis__sex=F__region=plains","prey_56",10,18,55.5555555555556,4.94,365.2,1.3526834611172,75.1490811731776,1.13255735577662
"species=Geophagus_brasiliensis__sex=F__region=plains","prey_41",10,18,55.5555555555556,4.85,365.2,1.32803943044907,73.7799683582816,1.1119237197402
"species=Geophagus_brasiliensis__sex=F__region=plains","prey_24",11,18,61.1111111111111,4.2,365.2,1.1500547645126,70.281124497992,1.05919331653603
"species=Geophagus_brasiliensis__sex=F__region=plains","prey_55",9,18,50,5.07,365.2,1.38828039430449,69.4140197152245,1.0461253470463
"species=Geophagus_brasiliensis__sex=F__region=plains","prey_39",9,18,50,4.59,365.2,1.25684556407448,62.842278203724,0.947083894071498
"species=Geophagus_brasiliensis__sex=F__region=plains","prey_3",10,18,55.5555555555556,4.11,365.2,1.12541073384447,62.5228185469149,0.942269378996334
"species=Geophagus_brasiliensis__sex=F__region=plains","prey_7",8,18,44.4444444444444,4.79,365.2,1.31161007667032,58.2937811853474,0.878534369906071
"species=Geophagus_brasiliensis__sex=F__region=plains","prey_58",8,18,44.4444444444444,4.78,365.2,1.30887185104053,58.1720822684678,0.876700268925056
"species=Geophagus_brasiliensis__sex=F__region=plains","prey_5",8,18,44.4444444444444,4.55,365.2,1.24589266155531,55.3730071802361,0.834515946361717
"species=Geophagus_brasiliensis__sex=F__region=plains","prey_18",9,18,50,3.1,365.2,0.848849945235487,42.4424972617744,0.639642717128898
"species=Geophagus_brasiliensis__sex=F__region=plains","prey_6",9,18,50,3.1,365.2,0.848849945235487,42.4424972617744,0.639642717128898
"species=Geophagus_brasiliensis__sex=F__region=plains","prey_48",8,18,44.4444444444444,3.15,365.2,0.862541073384447,38.3351588170865,0.57774180901965
"species=Geophagus_brasiliensis__sex=F__region=plains","prey_9",7,18,38.8888888888889,2.87,365.2,0.785870755750274,30.5616405013995,0.460588608857332
"species=Geophagus_brasiliensis__sex=F__region=pothole","prey_28",14,16,87.5,8.72,319.22,2.73165841739239,239.020111521834,3.57678604912807
"species=Geophagus_brasiliensis__sex=F__region=pothole","prey_52",13,16,81.25,8.39,319.22,2.62828143600025,213.54786667502,3.19560988186762
"species=Geophagus_brasiliensis__sex=F__region=pothole","prey_14",13,16,81.25,7.22,319.22,2.26176304742811,183.768247603534,2.74997656103506
"species=Geophagus_brasiliensis__sex=F__region=pothole","prey_19",12,16,75,6.99,319.22,2.18971242403358,164.228431802519,2.45757547346709
"species=Geophagus_brasiliensis__sex=F__region=pothole","prey_25",13,16,81.25,6.42,319.22,2.01115218344715,163.406114905081,2.44527001687605
"species=Geophagus_brasiliensis__sex=F__region=pothole","prey_43",12,16,75,6.76,319.22,2.11766180063906,158.824635047929,2.37671104444028
"species=Geophagus_brasiliensis__sex=F__region=pothole","prey_12",11,16,68.75,7.09,319.22,2.2210387820312,152.696416264645,2.28500609413088
"species=Geophagus_brasiliensis__sex=F__region=pothole","prey_22",12,16,75,6.29,319.22,1.97042791805025,147.782093853769,2.21146634164635
"species=Geophagus_brasiliensis__sex=F__region=pothole","prey_59",11,16,68.75,6.79,319.22,2.12705970803834,146.235354927636,2.18832036377274
"species=Geophagus_brasiliensis__sex=F__region=pothole","prey_30",11,16,68.75,6.76,319.22,2.11766180063906,145.589248793935,2.17865179073692
"species=Geophagus_brasiliensis__sex=F__region=pothole","prey_55",12,16,75,6.17,319.22,1.9328362884531,144.962721633983,2.1692762047628
"species=Geophagus_brasiliensis__sex=F__region=pothole","prey_27",12,16,75,6.16,319.22,1.92970365265334,144.727773949001,2.1657603600225
"species=Geophagus_brasiliensis__sex=F__region=pothole","prey_21",10,16,62.5,7.2,319.22,2.25549777582858,140.968610989286,2.10950684417776
"species=Geophagus_brasiliensis__sex=F__region=pothole","prey_41",12,16,75,5.99,319.22,1.87644884405739,140.733663304304,2.10599099943747
"species=Geophagus_brasiliensis__sex=F__region=pothole","prey_37",12,16,75,5.95,319.22,1.86391830085834,139.793872564376,2.09192762047628
"species=Geophagus_brasiliensis__sex=F__region=pothole","prey_3",11,16,68.75,6.24,319.22,1.95476473905144,134.390075809786,2.01106319144947
"species=Geophagus_brasiliensis__sex=F__region=pothole","prey_58",11,16,68.75,6.17,319.22,1.9328362884531,132.882494831151,1.98850318769923
"species=Geophagus_brasiliensis__sex=F__region=pothole","prey_45",12,16,75,5.61,319.22,1.75740868366644,131.805651274983,1.97238889930621
"species=Geophagus_brasiliensis__sex=F__region=pothole","prey_50",13,16,81.25,5.17,319.22,1.61957270847691,131.590282563749,1.9691660416276
"species=Geophagus_brasiliensis__sex=F__region=pothole","prey_24",11,16,68.75,6.09,319.22,1.90777520205501,131.159545141282,1.96272032627039
"species=Geophagus_brasiliensis__sex=F__region=pothole","prey_29",12,16,75,5.44,319.22,1.70415387507048,127.811540630286,1.91261953872117
"species=Geophagus_brasiliensis__sex=F__region=pothole","prey_20",11,16,68.75,5.61,319.22,1.75740868366644,120.821847002068,1.80802315769736
"species=Geophagus_brasiliensis__sex=F__region=pothole","prey_1",12,16,75,5.1,319.22,1.59764425787858,119.823319340893,1.7930808175511
"species=Geophagus_brasiliensis__sex=F__region=pothole","prey_34",11,16,68.75,5.48,319.22,1.71668441826953,118.02205375603,1.76612600787549
"species=Geophagus_brasiliensis__sex=F__region=pothole","prey_54",11,16,68.75,5.39,319.22,1.68849069607167,116.083735354928,1.73712028876805
"species=Geophagus_brasiliensis__sex=F__region=pothole","prey_18",13,16,81.25,4.4,319.22,1.37835975189524,111.991729841489,1.67588599287455
"species=Geophagus_brasiliensis__sex=F__region=pothole","prey_32",11,16,68.75,5.16,319.22,1.61644007267715,111.130254996554,1.66299456216013
"species=Geophagus_brasiliensis__sex=F__region=pothole","prey_2",10,16,62.5,5.64,319.22,1.76680659106572,110.425411941608,1.65244702793925
"species=Geophagus_brasiliensis__sex=F__region=pothole","prey_8",10,16,62.5,5.63,319.22,1.76367395526596,110.229622204123,1.64951715732233
"species=Geophagus_brasiliensis__sex=F__region=pothole","prey_10",10,16,62.5,5.51,319.22,1.72608232566882,107.880145354301,1.61435870991937
"species=Geophagus_brasiliensis__sex=F__region=pothole","prey_46",10,16,62.5,5.47,319.22,1.71355178246977,107.096986404361,1.60263922745172
"species=Geophagus_brasiliensis__sex=F__region=pothole","prey_31",10,16,62.5,5.29,319.22,1.65716433807406,103.572771129628,1.54990155634727
"species=Geophagus_brasiliensis__sex=F__region=pothole","prey_51",9,16,56.25,5.86,319.22,1.83572457866048,103.259507549652,1.54521376336021
"species=Geophagus_brasiliensis__sex=F__region=pothole","prey_47",11,16,68.75,4.69,319.22,1.46920619008834,101.007925568573,1.5115202512657
"species=Geophagus_brasiliensis__sex=F__region=pothole","prey_15",10,16,62.5,5.1,319.22,1.59764425787858,99.8527661174112,1.49423401462591
"species=Geophagus_brasiliensis__sex=F__region=pothole","prey_49",11,16,68.75,4.6,319.22,1.44101246789048,99.0696071674707,1.48251453215826
"species=Geophagus_brasiliensis__sex=F__region=pothole","prey_11",10,16,62.5,5.03,319.22,1.57571580728025,98.4822379550153,1.47372492030752
"species=Geophagus_brasiliensis__sex=F__region=pothole","prey_13",10,16,62.5,4.9,319.22,1.53499154188334,95.9369713677088,1.43563660228764
"species=Geophagus_brasiliensis__sex=F__region=pothole","prey_36",11,16,68.75,4.41,319.22,1.38149238769501,94.9776016540317,1.42128023626477
"species=Geophagus_brasiliensis__sex=F__region=pothole","prey_39",10,16,62.5,4.73,319.22,1.48173673328739,92.6085458304617,1.38582880180011
"species=Geophagus_brasiliensis__sex=F__region=pothole","prey_23",9,16,56.25,5.21,319.22,1.63210325167596,91.8058079067727,1.37381633227077
"species=Geophagus_brasiliensis__sex=F__region=pothole","prey_38",8,16,50,5.79,319.22,1.81379612806215,90.6898064031076,1.35711606975436
"species=Geophagus_brasiliensis__sex=F__region=pothole","prey_4",10,16,62.5,4.6,319.22,1.44101246789048,90.0632792431552,1.34774048378024
"species=Geophagus_brasiliensis__sex=F__region=pothole","prey_53",9,16,56.25,5.09,319.22,1.59451162207882,89.6912787419334,1.3421737296081
"species=Geophagus_brasiliensis__sex=F__region=pothole","prey_57",9,16,56.25,5.07,319.22,1.58824635047929,89.3388572144602,1.33689996249766
"species=Geophagus_brasiliensis__sex=F__region=pothole","prey_35",12,16,75,3.66,319.22,1.14654470271286,85.9908527034647,1.28679917494843
"species=Geophagus_brasiliensis__sex=F__region=pothole","prey_17",10,16,62.5,4.3,319.22,1.34703339389763,84.1895871186016,1.25984436527283
"species=Geophagus_brasiliensis__sex=F__region=pothole","prey_40",9,16,56.25,4.77,319.22,1.49426727648644,84.052534302362,1.25779345584099
"species=Geophagus_brasiliensis__sex=F__region=pothole","prey_26",10,16,62.5,4.14,319.22,1.29691122110143,81.0569513188397,1.21296643540221
"species=Geophagus_brasiliensis__sex=F__region=pothole","prey_42",10,16,62.5,4.03,319.22,1.26245222730405,78.9032642065033,1.18073785861616
"species=Geophagus_brasiliensis__sex=F__region=pothole","prey_44",10,16,62.5,4.02,319.22,1.25931959150429,78.7074744690182,1.17780798799925
"species=Geophagus_brasiliensis__sex=F__region=pothole","prey_60",10,16,62.5,3.8,319.22,1.19040160390953,74.4001002443456,1.11335083442715
"species=Geophagus_brasiliensis__sex=F__region=pothole","prey_7",8,16,50,4.43,319.22,1.38775765929453,69.3878829647265,1.03834614663416
"species=Geophagus_brasiliensis__sex=F__region=pothole","prey_48",8,16,50,4.36,319.22,1.3658292086962,68.2914604348098,1.02193887117945
"species=Geophagus_brasiliensis__sex=F__region=pothole","prey_9",9,16,56.25,3.85,319.22,1.20606478290834,67.8411440385941,1.01520016876055
"species=Geophagus_brasiliensis__sex=F__region=pothole","prey_33",7,16,43.75,4.78,319.22,1.4973999122862,65.5112461625211,0.980334708419276
"species=Geophagus_brasiliensis__sex=F__region=pothole","prey_5",7,16,43.75,3.57,319.22,1.11835098051501,48.9278553975315,0.732174667166698
"species=Geophagus_brasiliensis__sex=F__region=pothole","prey_6",8,16,50,2.55,319.22,0.798822128939289,39.9411064469645,0.597693605850366
"species=Geophagus_brasiliensis__sex=F__region=pothole","prey_16",6,16,37.5,3.24,319.22,1.01497399912286,38.0615249671073,0.569566847927996
"species=Geophagus_brasiliensis__sex=F__region=pothole","prey_56",6,16,37.5,2.34,319.22,0.733036777144289,27.4888791429108,0.411353834614663
"species=Geophagus_brasiliensis__sex=F__region=valley","prey_32",20,23,86.9565217391304,10.14,419.77,2.41560854753794,210.052917177212,3.28446051764264
"species=Geophagus_brasiliensis__sex=F__region=valley","prey_30",19,23,82.6086956521739,10.4,419.77,2.47754722824404,204.666944941899,3.20024358129283
"species=Geophagus_brasiliensis__sex=F__region=valley","prey_8",18,23,78.2608695652174,9.39,419.77,2.23693927627034,175.064812925505,2.73737434266252
"species=Geophagus_brasiliensis__sex=F__region=valley","prey_4",19,23,82.6086956521739,8.48,419.77,2.02015389379899,166.882278183394,2.60942938166954
"species=Geophagus_brasiliensis__sex=F__region=valley","prey_44",17,23,73.9130434782609,9.3,419.77,2.21549896371823,163.754271231347,2.56051877632791
"species=Geophagus_brasiliensis__sex=F__region=valley","prey_51",16,23,69.5652173913043,9.35,419.77,2.2274102484694,154.950278154393,2.42285647652534
"species=Geophagus_brasiliensis__sex=F__region=valley","prey_53",17,23,73.9130434782609,8.56,419.77,2.03921194940086,150.724361477455,2.3567785726201
"species=Geophagus_brasiliensis__sex=F__region=valley","prey_46",16,23,69.5652173913043,8.25,419.77,1.96536198394359,136.720833665641,2.13781453811059
"species=Geophagus_brasiliensis__sex=F__region=valley","prey_1",18,23,78.2608695652174,7.26,419.77,1.72951854587036,135.353625328985,2.11643639272949
"species=Geophagus_brasiliensis__sex=F__region=valley","prey_41",16,23,69.5652173913043,8.13,419.77,1.93677490054077,134.732166994141,2.10671905391989
"species=Geophagus_brasiliensis__sex=F__region=valley","prey_23",16,23,69.5652173913043,7.94,419.77,1.89151201848631,131.583444764265,2.05748453728462
"species=Geophagus_brasiliensis__sex=F__region=valley","prey_57",17,23,73.9130434782609,7.45,419.77,1.77478142792482,131.179496846617,2.05116826705838
"species=Geophagus_brasiliensis__sex=F__region=valley","prey_29",17,23,73.9130434782609,7.37,419.77,1.75572337232294,129.770857954304,2.02914229908997
"species=Geophagus_brasiliensis__sex=F__region=valley","prey_11",14,23,60.8695652173913,8.88,419.77,2.11544417180837,128.76616697964,2.0134326013478
"species=Geophagus_brasiliensis__sex=F__region=valley","prey_5",16,23,69.5652173913043,7.67,419.77,1.82719108082998,127.10894475339,1.98751969785554
"species=Geophagus_brasiliensis__sex=F__region=valley","prey_43",15,23,65.2173913043478,8.11,419.77,1.9320103866403,126.000677389585,1.9701904436451
"species=Geophagus_brasiliensis__sex=F__region=valley","prey_59",16,23,69.5652173913043,7.53,419.77,1.79383948352669,124.78883363664,1.9512416329664
"species=Geophagus_brasiliensis__sex=F__region=valley","prey_25",16,23,69.5652173913043,7.24,419.77,1.72475403196989,119.982889180514,1.87609421283887
"species=Geophagus_brasiliensis__sex=F__region=valley","prey_55",15,23,65.2173913043478,7.66,419.77,1.82480882387974,119.009271122592,1.86087038203718
"species=Geophagus_brasiliensis__sex=F__region=valley","prey_33",14,23,60.8695652173913,8.2,419.77,1.95345069919241,118.905694733451,1.85925082556891
"species=Geophagus_brasiliensis__sex=F__region=valley","prey_54",15,23,65.2173913043478,7.58,419.77,1.80575076827787,117.766354452904,1.84143570441799
"species=Geophagus_brasiliensis__sex=F__region=valley","prey_49",16,23,69.5652173913043,6.97,419.77,1.66043309431355,115.508389169638,1.8061293734098
"species=Geophagus_brasiliensis__sex=F__region=valley","prey_28",15,23,65.2173913043478,7.31,419.77,1.74142983062153,113.571510692709,1.77584366745323
"species=Geophagus_brasiliensis__sex=F__region=valley","prey_9",14,23,60.8695652173913,7.81,419.77,1.86054267813326,113.250423886373,1.77082304240161
"species=Geophagus_brasiliensis__sex=F__region=valley","prey_36",14,23,60.8695652173913,7.78,419.77,1.85339590728256,112.815403051982,1.76402090523489
"species=Geophagus_brasiliensis__sex=F__region=valley","prey_45",15,23,65.2173913043478,7.24,419.77,1.72475403196989,112.483958606732,1.75883832453644
"species=Geophagus_brasiliensis__sex=F__region=valley","prey_35",15,23,65.2173913043478,7.21,419.77,1.71760726111918,112.017864855599,1.75155032042925
"species=Geophagus_brasiliensis__sex=F__region=valley","prey_19",16,23,69.5652173913043,6.64,419.77,1.58181861495581,110.039555823013,1.72061679188537
"species=Geophagus_brasiliensis__sex=F__region=valley","prey_2",14,23,60.8695652173913,7.42,419.77,1.76763465707411,107.595153039294,1.68239525923431
"species=Geophagus_brasiliensis__sex=F__region=valley","prey_16",15,23,65.2173913043478,6.84,419.77,1.6294637539605,106.269375258294,1.66166493644051
"species=Geophagus_brasiliensis__sex=F__region=valley","prey_58",15,23,65.2173913043478,6.63,419.77,1.57943635800557,103.006719000364,1.61064890769014
"species=Geophagus_brasiliensis__sex=F__region=valley","prey_10",14,23,60.8695652173913,6.82,419.77,1.62469924006003,98.8947363514803,1.5463525159
"species=Geophagus_brasiliensis__sex=F__region=valley","prey_38",13,23,56.5217391304348,7.24,419.77,1.72475403196989,97.4860974591676,1.52432654793158
"species=Geophagus_brasiliensis__sex=F__region=valley","prey_48",13,23,56.5217391304348,7.21,419.77,1.71760726111918,97.0821495415191,1.51801027770535
"species=Geophagus_brasiliensis__sex=F__region=valley","prey_21",13,23,56.5217391304348,7.2,419.77,1.71522500416895,96.9475002356363,1.5159048542966
"species=Geophagus_brasiliensis__sex=F__region=valley","prey_18",12,23,52.1739130434783,7.56,419.77,1.8009862543774,93.9645002283859,1.46926162801055
"species=Geophagus_brasiliensis__sex=F__region=valley","prey_60",14,23,60.8695652173913,6.47,419.77,1.54132024680182,93.8194932835891,1.46699424895498
"species=Geophagus_brasiliensis__sex=F__region=valley","prey_42",13,23,56.5217391304348,6.94,419.77,1.65328632346285,93.4466182826827,1.46116384566922
"species=Geophagus_brasiliensis__sex=F__region=valley","prey_17",14,23,60.8695652173913,6.27,419.77,1.49367510779713,90.9193543876512,1.42164666784354
"species=Geophagus_brasiliensis__sex=F__region=valley","prey_3",13,23,56.5217391304348,6.73,419.77,1.60325892750792,90.6189828591434,1.41694995408557
"species=Geophagus_brasiliensis__sex=F__region=valley","prey_15",15,23,65.2173913043478,5.8,419.77,1.3817090311361,90.1114585523542,1.40901412739107
"species=Geophagus_brasiliensis__sex=F__region=valley","prey_50",13,23,56.5217391304348,6.69,419.77,1.59372989970698,90.080385635612,1.40852826045059
"species=Geophagus_brasiliensis__sex=F__region=valley","prey_13",12,23,52.1739130434783,7.21,419.77,1.71760726111918,89.6142918844792,1.4012402563434
"species=Geophagus_brasiliensis__sex=F__region=valley","prey_39",14,23,60.8695652173913,6.11,419.77,1.45555899659337,88.599243270901,1.3853686029544
"species=Geophagus_brasiliensis__sex=F__region=valley","prey_26",13,23,56.5217391304348,6.56,419.77,1.56276055935393,88.3299446591353,1.3811577561369
"species=Geophagus_brasiliensis__sex=F__region=valley","prey_12",12,23,52.1739130434783,6.73,419.77,1.60325892750792,83.6482918699785,1.3079538037713
"species=Geophagus_brasiliensis__sex=F__region=valley","prey_24",13,23,56.5217391304348,6.06,419.77,1.4436477118422,81.5974793649939,1.27588658569964
"species=Geophagus_brasiliensis__sex=F__region=valley","prey_6",13,23,56.5217391304348,6.06,419.77,1.4436477118422,81.5974793649939,1.27588658569964
"species=Geophagus_brasiliensis__sex=F__region=valley","prey_22",14,23,60.8695652173913,5.61,419.77,1.33644614908164,81.3488960310564,1.2719996501758
"species=Geophagus_brasiliensis__sex=F__region=valley","prey_47",14,23,60.8695652173913,5.51,419.77,1.31262357957929,79.8988265830874,1.24932585962008
"species=Geophagus_brasiliensis__sex=F__region=valley","prey_56",12,23,52.1739130434783,6.37,419.77,1.51749767729947,79.173791859103,1.23798896434223
"species=Geophagus_brasiliensis__sex=F__region=valley","prey_20",14,23,60.8695652173913,5.14,419.77,1.22448007242061,74.5335696256024,1.16543283456393
"species=Geophagus_brasiliensis__sex=F__region=valley","prey_37",12,23,52.1739130434783,5.81,419.77,1.38409128808633,72.2134585088522,1.12915476967478
"species=Geophagus_brasiliensis__sex=F__region=valley","prey_31",13,23,56.5217391304348,5.25,419.77,1.25068489887319,70.6908855884848,1.10534728959127
"species=Geophagus_brasiliensis__sex=F__region=valley","prey_7",11,23,47.8260869565217,5.14,419.77,1.22448007242061,58.5620904201162,0.915697227157371
"species=Geophagus_brasiliensis__sex=F__region=valley","prey_34",12,23,52.1739130434783,4.7,419.77,1.11966076661029,58.4170834753193,0.913429848101799
"species=Geophagus_brasiliensis__sex=F__region=valley","prey_14",10,23,43.4782608695652,5.43,419.77,1.29356552397742,56.2419793033659,0.879419162268221
"species=Geophagus_brasiliensis__sex=F__region=valley","prey_52",9,23,39.1304347826087,4.17,419.77,0.99340114824785,38.8722188444811,0.60781954254008
"species=Geophagus_brasiliensis__sex=F__region=valley","prey_40",11,23,47.8260869565217,2.97,419.77,0.707530314219692,33.8384063322461,0.529109098182372
"species=Geophagus_brasiliensis__sex=F__region=valley","prey_27",9,23,39.1304347826087,3.27,419.77,0.778998022726731,30.4825313240895,0.476635468610566
"species=Geophagus_brasiliensis__sex=M__region=montain","prey_31",19,20,95,11.67,386.66,3.0181554854394,286.724771116743,4.30200364369406
"species=Geophagus_brasiliensis__sex=M__region=montain","prey_33",18,20,90,10.37,386.66,2.68194279211711,241.374851290539,3.6215757909707
"species=Geophagus_brasiliensis__sex=M__region=montain","prey_54",16,20,80,9.25,386.66,2.39228262556251,191.382610045001,2.8714947876549
"species=Geophagus_brasiliensis__sex=M__region=montain","prey_11",15,20,75,9.34,386.66,2.41555888894636,181.166916670977,2.71821905236792
"species=Geophagus_brasiliensis__sex=M__region=montain","prey_49",15,20,75,8.96,386.66,2.31728133243677,173.796099932757,2.60762769905958
"species=Geophagus_brasiliensis__sex=M__region=montain","prey_20",16,20,80,8.36,386.66,2.16210624321109,172.968499456887,2.59521042430216
"species=Geophagus_brasiliensis__sex=M__region=montain","prey_21",14,20,70,9.55,386.66,2.46987017017535,172.890911912274,2.59404630479365
"species=Geophagus_brasiliensis__sex=M__region=montain","prey_5",17,20,85,7.51,386.66,1.94227486680805,165.093363678684,2.47705229418852
"species=Geophagus_brasiliensis__sex=M__region=montain","prey_52",14,20,70,9.02,386.66,2.33279884135933,163.295918895153,2.45008352557474
"species=Geophagus_brasiliensis__sex=M__region=montain","prey_59",15,20,75,8.33,386.66,2.15434748874981,161.576061656235,2.42427887646946
"species=Geophagus_brasiliensis__sex=M__region=montain","prey_38",15,20,75,8.16,386.66,2.1103812134692,158.27859101019,2.37480379735784
"species=Geophagus_brasiliensis__sex=M__region=montain","prey_56",15,20,75,8.16,386.66,2.1103812134692,158.27859101019,2.37480379735784
"species=Geophagus_brasiliensis__sex=M__region=montain","prey_19",15,20,75,7.89,386.66,2.04055242331764,153.041431748823,2.2962257305335
"species=Geophagus_brasiliensis__sex=M__region=montain","prey_15",15,20,75,7.88,386.66,2.03796617183055,152.847462887291,2.29331543176222
"species=Geophagus_brasiliensis__sex=M__region=montain","prey_46",15,20,75,7.8,386.66,2.01727615993379,151.295711995034,2.27003304159205
"species=Geophagus_brasiliensis__sex=M__region=montain","prey_8",14,20,70,8.33,386.66,2.15434748874981,150.804324212486,2.26266028470483
"species=Geophagus_brasiliensis__sex=M__region=montain","prey_39",18,20,90,6.02,386.66,1.55692339523095,140.123105570786,2.10239983236679
"species=Geophagus_brasiliensis__sex=M__region=montain","prey_34",15,20,75,6.68,386.66,1.7276159933792,129.57119950344,1.9440795792096
"species=Geophagus_brasiliensis__sex=M__region=montain","prey_1",12,20,60,8.16,386.66,2.1103812134692,126.622872808152,1.89984303788627
"species=Geophagus_brasiliensis__sex=M__region=montain","prey_60",16,20,80,5.78,386.66,1.49485335954068,119.588268763255,1.79429620244814
"species=Geophagus_brasiliensis__sex=M__region=montain","prey_44",12,20,60,7.66,386.66,1.98106863911447,118.864118346868,1.7834310870354
"species=Geophagus_brasiliensis__sex=M__region=montain","prey_2",13,20,65,6.68,386.66,1.7276159933792,112.295039569648,1.68486896864832
"species=Geophagus_brasiliensis__sex=M__region=montain","prey_58",13,20,65,6.64,386.66,1.71727098743082,111.622614183003,1.67477993290791
"species=Geophagus_brasiliensis__sex=M__region=montain","prey_14",14,20,70,6.16,386.66,1.59313091605028,111.519164123519,1.67322777356323
"species=Geophagus_brasiliensis__sex=M__region=montain","prey_16",14,20,70,6.13,386.66,1.58537216158899,110.976051311229,1.66507893700367
"species=Geophagus_brasiliensis__sex=M__region=montain","prey_35",15,20,75,5.65,386.66,1.46123209020845,109.592406765634,1.6443188057686
"species=Geophagus_brasiliensis__sex=M__region=montain","prey_27",13,20,65,6.47,386.66,1.67330471215021,108.764806289764,1.63190153101117
"species=Geophagus_brasiliensis__sex=M__region=montain","prey_29",11,20,55,7.56,386.66,1.95520612424352,107.536336833394,1.61346963879312
"species=Geophagus_brasiliensis__sex=M__region=montain","prey_10",15,20,75,5.48,386.66,1.41726581492784,106.294936119588,1.59484372665698
"species=Geophagus_brasiliensis__sex=M__region=montain","prey_55",11,20,55,7.34,386.66,1.89830859152744,104.406972534009,1.5665168186166
"species=Geophagus_brasiliensis__sex=M__region=montain","prey_17",11,20,55,7.18,386.66,1.85692856773393,102.131071225366,1.53236931303368
"species=Geophagus_brasiliensis__sex=M__region=montain","prey_3",14,20,70,5.63,386.66,1.45605958723426,101.924171106398,1.52926499434432
"species=Geophagus_brasiliensis__sex=M__region=montain","prey_48",12,20,60,6.31,386.66,1.6319246883567,97.9154813014017,1.46911881973803
"species=Geophagus_brasiliensis__sex=M__region=montain","prey_36",13,20,65,5.79,386.66,1.49743961102778,97.3335747168054,1.46038792342422
"species=Geophagus_brasiliensis__sex=M__region=montain","prey_6",13,20,65,5.66,386.66,1.46381834169555,95.1481922102105,1.42759855726789
"species=Geophagus_brasiliensis__sex=M__region=montain","prey_47",12,20,60,6.1,386.66,1.57761340712771,94.6568044276625,1.42022580038067
"species=Geophagus_brasiliensis__sex=M__region=montain","prey_43",13,20,65,5.61,386.66,1.45088708426007,94.3076604769048,1.41498726259238
"species=Geophagus_brasiliensis__sex=M__region=montain","prey_26",13,20,65,5.56,386.66,1.4379558268246,93.467128743599,1.40237596791687
"species=Geophagus_brasiliensis__sex=M__region=montain","prey_51",13,20,65,5.51,386.66,1.42502456938913,92.6265970102933,1.38976467324135
"species=Geophagus_brasiliensis__sex=M__region=montain","prey_22",12,20,60,5.69,386.66,1.47157709615683,88.2946257694098,1.32476800068295
"species=Geophagus_brasiliensis__sex=M__region=montain","prey_25",11,20,55,6.09,386.66,1.57502715564061,86.6264935602338,1.29973943125001
"species=Geophagus_brasiliensis__sex=M__region=montain","prey_53",11,20,55,5.31,386.66,1.37329953964724,75.5314746805979,1.13327034153326
"species=Geophagus_brasiliensis__sex=M__region=montain","prey_42",11,20,55,5.16,386.66,1.33450576734082,73.3978172037449,1.10125705504927
"species=Geophagus_brasiliensis__sex=M__region=montain","prey_24",13,20,65,4.33,386.66,1.11984689391196,72.7900481042777,1.09213811889929
"species=Geophagus_brasiliensis__sex=M__region=montain","prey_50",10,20,50,5.6,386.66,1.44830083277298,72.4150416386489,1.08651154127483
"species=Geophagus_brasiliensis__sex=M__region=montain","prey_45",9,20,45,6.15,386.66,1.59054466456318,71.5745099053432,1.07390024659932
"species=Geophagus_brasiliensis__sex=M__region=montain","prey_28",11,20,55,4.9,386.66,1.26726322867636,69.6994775771996,1.04576735847702
"species=Geophagus_brasiliensis__sex=M__region=montain","prey_40",11,20,55,4.9,386.66,1.26726322867636,69.6994775771996,1.04576735847702
"species=Geophagus_brasiliensis__sex=M__region=montain","prey_4",10,20,50,5.28,386.66,1.36554078518595,68.2770392592976,1.02442516748769
"species=Geophagus_brasiliensis__sex=M__region=montain","prey_7",10,20,50,5.26,386.66,1.36036828221176,68.0184141105881,1.020544769126
"species=Geophagus_brasiliensis__sex=M__region=montain","prey_9",14,20,70,3.73,386.66,0.964671804686288,67.5270263280401,1.01317201223878
"species=Geophagus_brasiliensis__sex=M__region=montain","prey_57",10,20,50,4.97,386.66,1.28536698908602,64.2683494543009,0.964278992881409
"species=Geophagus_brasiliensis__sex=M__region=montain","prey_32",10,20,50,4.77,386.66,1.23364195934413,61.6820979672063,0.925475009264451
"species=Geophagus_brasiliensis__sex=M__region=montain","prey_30",9,20,45,5.05,386.66,1.30605700098278,58.7725650442249,0.881820527695373
"species=Geophagus_brasiliensis__sex=M__region=montain","prey_23",10,20,50,4.31,386.66,1.11467439093777,55.7337195468888,0.836225846945448
"species=Geophagus_brasiliensis__sex=M__region=montain","prey_37",9,20,45,4.31,386.66,1.11467439093777,50.1603475921999,0.752603262250903
"species=Geophagus_brasiliensis__sex=M__region=montain","prey_18",9,20,45,4.29,386.66,1.10950188796359,49.9275849583614,0.749110903725376
"species=Geophagus_brasiliensis__sex=M__region=montain","prey_13",9,20,45,3.71,386.66,0.959499301712099,43.1774685770444,0.647832506485116
"species=Geophagus_brasiliensis__sex=M__region=montain","prey_12",10,20,50,3.05,386.66,0.788806703563854,39.4403351781927,0.591760750158611
"species=Geophagus_brasiliensis__sex=M__region=montain","prey_41",8,20,40,3.46,386.66,0.894843014534733,35.7937205813893,0.5370471332587
"species=Geophagus_brasiliensis__sex=M__region=plains","prey_15",13,13,100,6.65,284.88,2.33431620331368,233.431620331368,3.29359682107902
"species=Geophagus_brasiliensis__sex=M__region=plains","prey_55",11,13,84.6153846153846,7.18,284.88,2.52035944959281,213.261184196315,3.0090026249719
"species=Geophagus_brasiliensis__sex=M__region=plains","prey_52",11,13,84.6153846153846,7.08,284.88,2.48525695029486,210.290972717257,2.96709451041798
"species=Geophagus_brasiliensis__sex=M__region=plains","prey_54",10,13,76.9230769230769,7.54,284.88,2.64672844706543,203.59449592811,2.87261076124185
"species=Geophagus_brasiliensis__sex=M__region=plains","prey_3",11,13,84.6153846153846,6.55,284.88,2.29921370401573,194.548851878254,2.74498150328217
"species=Geophagus_brasiliensis__sex=M__region=plains","prey_22",11,13,84.6153846153846,6.25,284.88,2.19390620612188,185.638217441082,2.61925715962039
"species=Geophagus_brasiliensis__sex=M__region=plains","prey_46",12,13,92.3076923076923,5.72,284.88,2.00786295984274,185.341196293176,2.615066348165
"species=Geophagus_brasiliensis__sex=M__region=plains","prey_51",10,13,76.9230769230769,6.72,284.88,2.35888795282224,181.452919447865,2.56020481638531
"species=Geophagus_brasiliensis__sex=M__region=plains","prey_33",11,13,84.6153846153846,6.09,284.88,2.13774220724516,180.88587907459,2.55220417633411
"species=Geophagus_brasiliensis__sex=M__region=plains","prey_8",11,13,84.6153846153846,5.67,284.88,1.99031171019377,168.410990862549,2.37619009520762
"species=Geophagus_brasiliensis__sex=M__region=plains","prey_24",12,13,92.3076923076923,5.13,284.88,1.80075821398484,166.223835137062,2.34533048358154
"species=Geophagus_brasiliensis__sex=M__region=plains","prey_44",11,13,84.6153846153846,5.44,284.88,1.90957596180848,161.579504460718,2.27980143173359
"species=Geophagus_brasiliensis__sex=M__region=plains","prey_56",9,13,69.2307692307692,6.59,284.88,2.31325470373491,160.148402566263,2.25960934017579
"species=Geophagus_brasiliensis__sex=M__region=plains","prey_1",10,13,76.9230769230769,5.87,284.88,2.06051670878967,158.501285291513,2.23636938574134
"species=Geophagus_brasiliensis__sex=M__region=plains","prey_43",10,13,76.9230769230769,5.76,284.88,2.02190395956192,155.531073812455,2.19446127118741
"species=Geophagus_brasiliensis__sex=M__region=plains","prey_49",9,13,69.2307692307692,6.28,284.88,2.20443695591126,152.614866178472,2.15331512235265
"species=Geophagus_brasiliensis__sex=M__region=plains","prey_6",11,13,84.6153846153846,5.09,284.88,1.78671721426566,151.183764284017,2.13312303079484
"species=Geophagus_brasiliensis__sex=M__region=plains","prey_29",10,13,76.9230769230769,5.55,284.88,1.94818871103623,149.86067007971,2.11445487067537
"species=Geophagus_brasiliensis__sex=M__region=plains","prey_4",10,13,76.9230769230769,5.47,284.88,1.92010671159787,147.700516276759,2.08397624190888
"species=Geophagus_brasiliensis__sex=M__region=plains","prey_40",11,13,84.6153846153846,4.88,284.88,1.71300196573996,144.946320177997,2.0451159902316
"species=Geophagus_brasiliensis__sex=M__region=plains","prey_12",10,13,76.9230769230769,5.3,284.88,1.86043246279135,143.110189445489,2.01920915578008
"species=Geophagus_brasiliensis__sex=M__region=plains","prey_34",10,13,76.9230769230769,5.08,284.88,1.78320696433586,137.169766487374,1.93539292667223
"species=Geophagus_brasiliensis__sex=M__region=plains","prey_13",9,13,69.2307692307692,5.6,284.88,1.9657399606852,136.089689585898,1.92015361228898
"species=Geophagus_brasiliensis__sex=M__region=plains","prey_16",9,13,69.2307692307692,5.4,284.88,1.8955349620893,131.229343529259,1.85157669756438
"species=Geophagus_brasiliensis__sex=M__region=plains","prey_30",9,13,69.2307692307692,5.19,284.88,1.82181971356361,126.125980169788,1.77957093710354
"species=Geophagus_brasiliensis__sex=M__region=plains","prey_41",10,13,76.9230769230769,4.66,284.88,1.63577646728447,125.828959021882,1.77538012564815
"species=Geophagus_brasiliensis__sex=M__region=plains","prey_10",9,13,69.2307692307692,5.03,284.88,1.76565571468689,122.237703324477,1.72470940532385
"species=Geophagus_brasiliensis__sex=M__region=plains","prey_23",9,13,69.2307692307692,5.03,284.88,1.76565571468689,122.237703324477,1.72470940532385
"species=Geophagus_brasiliensis__sex=M__region=plains","prey_47",9,13,69.2307692307692,4.89,284.88,1.71651221566976,118.835461084829,1.67670556501663
"species=Geophagus_brasiliensis__sex=M__region=plains","prey_58",9,13,69.2307692307692,4.89,284.88,1.71651221566976,118.835461084829,1.67670556501663
"species=Geophagus_brasiliensis__sex=M__region=plains","prey_9",9,13,69.2307692307692,4.43,284.88,1.55504071889919,107.656665154559,1.51897866115003
"species=Geophagus_brasiliensis__sex=M__region=plains","prey_5",9,13,69.2307692307692,4.4,284.88,1.5445099691098,106.927613246063,1.50869212394134
"species=Geophagus_brasiliensis__sex=M__region=plains","prey_53",8,13,61.5384615384615,4.84,284.88,1.69896096602078,104.551444062817,1.4751656322982
"species=Geophagus_brasiliensis__sex=M__region=plains","prey_31",8,13,61.5384615384615,4.83,284.88,1.69545071609099,104.335428682522,1.47211776942155
"species=Geophagus_brasiliensis__sex=M__region=plains","prey_26",8,13,61.5384615384615,4.76,284.88,1.67087896658242,102.823321020457,1.45078272928501
"species=Geophagus_brasiliensis__sex=M__region=plains","prey_35",8,13,61.5384615384615,4.76,284.88,1.67087896658242,102.823321020457,1.45078272928501
"species=Geophagus_brasiliensis__sex=M__region=plains","prey_27",8,13,61.5384615384615,4.67,284.88,1.63928671721427,100.879182597801,1.42335196339517
"species=Geophagus_brasiliensis__sex=M__region=plains","prey_38",9,13,69.2307692307692,3.79,284.88,1.33038472339231,92.1035577733135,1.29953253403129
"species=Geophagus_brasiliensis__sex=M__region=plains","prey_7",8,13,61.5384615384615,4.2,284.88,1.4743049705139,90.7264597239324,1.28010240819266
"species=Geophagus_brasiliensis__sex=M__region=plains","prey_59",7,13,53.8461538461538,4.69,284.88,1.64630721707386,88.6473116885922,1.25076672800491
"species=Geophagus_brasiliensis__sex=M__region=plains","prey_45",8,13,61.5384615384615,4.05,284.88,1.42165122156698,87.4862290195062,1.23438446504292
"species=Geophagus_brasiliensis__sex=M__region=plains","prey_60",8,13,61.5384615384615,4.02,284.88,1.41112047177759,86.838182878621,1.22524087641297
"species=Geophagus_brasiliensis__sex=M__region=plains","prey_28",7,13,53.8461538461538,4.41,284.88,1.5480202190396,83.3549348713628,1.176094087527
"species=Geophagus_brasiliensis__sex=M__region=plains","prey_14",8,13,61.5384615384615,3.76,284.88,1.31985397360292,81.221782990949,1.14599644162009
"species=Geophagus_brasiliensis__sex=M__region=plains","prey_20",9,13,69.2307692307692,3.18,284.88,1.11625947767481,77.2795023005638,1.09037294412124
"species=Geophagus_brasiliensis__sex=M__region=plains","prey_11",9,13,69.2307692307692,3.15,284.88,1.10572872788543,76.5504503920679,1.08008640691255
"species=Geophagus_brasiliensis__sex=M__region=plains","prey_39",7,13,53.8461538461538,3.95,284.88,1.38654872226903,74.660315814486,1.05341760674187
"species=Geophagus_brasiliensis__sex=M__region=plains","prey_42",7,13,53.8461538461538,3.75,284.88,1.31634372367313,70.8800466593221,1.00008000640051
"species=Geophagus_brasiliensis__sex=M__region=plains","prey_2",7,13,53.8461538461538,3.73,284.88,1.30932322381354,70.5020197438058,0.994746246366376
"species=Geophagus_brasiliensis__sex=M__region=plains","prey_19",7,13,53.8461538461538,3.72,284.88,1.30581297388374,70.3130062860476,0.992079366349308
"species=Geophagus_brasiliensis__sex=M__region=plains","prey_57",7,13,53.8461538461538,3.71,284.88,1.30230272395395,70.1239928282894,0.98941248633224
"species=Geophagus_brasiliensis__sex=M__region=plains","prey_36",7,13,53.8461538461538,3.68,284.88,1.29177197416456,69.5569524550148,0.981411846281036
"species=Geophagus_brasiliensis__sex=M__region=plains","prey_48",7,13,53.8461538461538,3.28,284.88,1.15136197697276,61.9964141446871,0.874736645598315
"species=Geophagus_brasiliensis__sex=M__region=plains","prey_25",6,13,46.1538461538462,3.8,284.88,1.3338949733221,61.5643833840969,0.868640919845016
"species=Geophagus_brasiliensis__sex=M__region=plains","prey_21",7,13,53.8461538461538,2.86,284.88,1.00393147992137,54.057848918843,0.762727684881457
"species=Geophagus_brasiliensis__sex=M__region=plains","prey_32",8,13,61.5384615384615,2.35,284.88,0.824908733501825,50.7636143693431,0.716247776012557
"species=Geophagus_brasiliensis__sex=M__region=plains","prey_37",6,13,46.1538461538462,2.63,284.88,0.923195731536085,42.6090337632039,0.601190952419051
"species=Geophagus_brasiliensis__sex=M__region=plains","prey_50",5,13,38.4615384615385,2.99,284.88,1.04956472900871,40.3678741926425,0.569569375073816
"species=Geophagus_brasiliensis__sex=M__region=plains","prey_17",7,13,53.8461538461538,2.09,284.88,0.733642235327155,39.5038126714622,0.557377923567219
"species=Geophagus_brasiliensis__sex=M__region=plains","prey_18",6,13,46.1538461538462,1.82,284.88,0.63886548722269,29.486099410278,0.416033282662613
"species=Geophagus_brasiliensis__sex=M__region=pothole","prey_41",16,20,80,10.42,383.42,2.71764644515153,217.411715612122,3.33859327315108
"species=Geophagus_brasiliensis__sex=M__region=pothole","prey_27",16,20,80,8.62,383.42,2.24818736633457,179.854989306765,2.76186890734763
"species=Geophagus_brasiliensis__sex=M__region=pothole","prey_50",16,20,80,8.34,383.42,2.1751603985186,174.012831881488,2.67215622822265
"species=Geophagus_brasiliensis__sex=M__region=pothole","prey_43",15,20,75,8.65,383.42,2.25601168431485,169.200876323614,2.59826341885408
"species=Geophagus_brasiliensis__sex=M__region=pothole","prey_6",15,20,75,8.56,383.42,2.232538730374,167.44040477805,2.57122946420704
"species=Geophagus_brasiliensis__sex=M__region=pothole","prey_25",15,20,75,8.37,383.42,2.18298471649888,163.723853737416,2.51415778217441
"species=Geophagus_brasiliensis__sex=M__region=pothole","prey_36",15,20,75,8.3,383.42,2.16472797454489,162.354598090866,2.49313137300449
"species=Geophagus_brasiliensis__sex=M__region=pothole","prey_26",15,20,75,8.29,383.42,2.16211986855146,162.158990141359,2.49012760026593
"species=Geophagus_brasiliensis__sex=M__region=pothole","prey_52",16,20,80,7.76,383.42,2.0238902508998,161.911220071984,2.48632282146376
"species=Geophagus_brasiliensis__sex=M__region=pothole","prey_5",15,20,75,7.8,383.42,2.03432267487351,152.574200615513,2.34294273607651
"species=Geophagus_brasiliensis__sex=M__region=pothole","prey_32",14,20,70,8.24,383.42,2.14907933858432,150.435553700902,2.31010148746826
"species=Geophagus_brasiliensis__sex=M__region=pothole","prey_56",16,20,80,7.18,383.42,1.872620103281,149.80960826248,2.30048941470487
"species=Geophagus_brasiliensis__sex=M__region=pothole","prey_47",16,20,80,7.09,383.42,1.84914714934015,147.931771947212,2.2716531964147
"species=Geophagus_brasiliensis__sex=M__region=pothole","prey_34",14,20,70,8.1,383.42,2.11256585467633,147.879609827343,2.27085219035108
"species=Geophagus_brasiliensis__sex=M__region=pothole","prey_17",14,20,70,7.97,383.42,2.07866047676178,145.506233373324,2.23440641445656
"species=Geophagus_brasiliensis__sex=M__region=pothole","prey_45",16,20,80,6.87,383.42,1.79176881748474,143.341505398779,2.2011646628165
"species=Geophagus_brasiliensis__sex=M__region=pothole","prey_22",16,20,80,6.81,383.42,1.77612018152418,142.089614521934,2.18194051728972
"species=Geophagus_brasiliensis__sex=M__region=pothole","prey_42",16,20,80,6.3,383.42,1.64310677585937,131.44854206875,2.01853528031207
"species=Geophagus_brasiliensis__sex=M__region=pothole","prey_60",14,20,70,7.1,383.42,1.85175525533358,129.62286787335,1.99050006808552
"species=Geophagus_brasiliensis__sex=M__region=pothole","prey_2",16,20,80,6.16,383.42,1.60659329195138,128.527463356111,1.97367894074958
"species=Geophagus_brasiliensis__sex=M__region=pothole","prey_9",13,20,65,7.23,383.42,1.88566063324814,122.567941161129,1.88216399798147
"species=Geophagus_brasiliensis__sex=M__region=pothole","prey_33",13,20,65,6.98,383.42,1.82045798341245,118.329768921809,1.81708225531267
"species=Geophagus_brasiliensis__sex=M__region=pothole","prey_20",13,20,65,6.93,383.42,1.80741745344531,117.482134473945,1.80406590677891
"species=Geophagus_brasiliensis__sex=M__region=pothole","prey_44",13,20,65,6.85,383.42,1.78655260549789,116.125919357363,1.7832397491249
"species=Geophagus_brasiliensis__sex=M__region=pothole","prey_57",14,20,70,6.34,383.42,1.65353919983308,115.747743988316,1.77743245516369
"species=Geophagus_brasiliensis__sex=M__region=pothole","prey_48",13,20,65,6.8,383.42,1.77351207553075,115.278284909499,1.77022340059114
"species=Geophagus_brasiliensis__sex=M__region=pothole","prey_30",13,20,65,6.6,383.42,1.7213499556622,111.887747118043,1.71815800645611
"species=Geophagus_brasiliensis__sex=M__region=pothole","prey_15",12,20,60,7.05,383.42,1.83871472536644,110.322883521986,1.69412782454763
"species=Geophagus_brasiliensis__sex=M__region=pothole","prey_29",12,20,60,6.79,383.42,1.77090396953732,106.254238172239,1.63164935158559
"species=Geophagus_brasiliensis__sex=M__region=pothole","prey_39",12,20,60,6.42,383.42,1.6744040477805,100.46424286683,1.54273767852423
"species=Geophagus_brasiliensis__sex=M__region=pothole","prey_35",12,20,60,6.39,383.42,1.66657972980022,99.9947837880131,1.53552862395168
"species=Geophagus_brasiliensis__sex=M__region=pothole","prey_40",11,20,55,6.87,383.42,1.79176881748474,98.5472849616608,1.51330070568634
"species=Geophagus_brasiliensis__sex=M__region=pothole","prey_37",13,20,65,5.76,383.42,1.50226905221428,97.6474883939283,1.49948335108897
"species=Geophagus_brasiliensis__sex=M__region=pothole","prey_28",14,20,70,5.34,383.42,1.39272860049032,97.4910020343227,1.49708033289812
"species=Geophagus_brasiliensis__sex=M__region=pothole","prey_49",11,20,55,6.38,383.42,1.66397162380679,91.5184393093735,1.4053651386141
"species=Geophagus_brasiliensis__sex=M__region=pothole","prey_8",10,20,50,6.88,383.42,1.79437692347817,89.7188461739085,1.37773042941935
"species=Geophagus_brasiliensis__sex=M__region=pothole","prey_58",12,20,60,5.72,383.42,1.49183662824057,89.5101976944343,1.37452640516489
"species=Geophagus_brasiliensis__sex=M__region=pothole","prey_21",11,20,55,6.09,383.42,1.58833654999739,87.3585102498566,1.34148490504073
"species=Geophagus_brasiliensis__sex=M__region=pothole","prey_24",10,20,50,6.68,383.42,1.74221480360962,87.1107401804809,1.33768012623856
"species=Geophagus_brasiliensis__sex=M__region=pothole","prey_31",11,20,55,5.99,383.42,1.56225549006312,85.9240519534714,1.31945723829129
"species=Geophagus_brasiliensis__sex=M__region=pothole","prey_53",11,20,55,5.88,383.42,1.53356632413541,84.3461478274477,1.29522680486691
"species=Geophagus_brasiliensis__sex=M__region=pothole","prey_1",11,20,55,5.77,383.42,1.50487715820771,82.768243701424,1.27099637144253
"species=Geophagus_brasiliensis__sex=M__region=pothole","prey_18",10,20,50,5.9,383.42,1.53878253612227,76.9391268061134,1.18148394383346
"species=Geophagus_brasiliensis__sex=M__region=pothole","prey_59",11,20,55,5.28,383.42,1.37707996452976,75.7393980491367,1.16306080437029
"species=Geophagus_brasiliensis__sex=M__region=pothole","prey_12",11,20,55,5.24,383.42,1.36664754055605,75.1656147305827,1.15424973767051
"species=Geophagus_brasiliensis__sex=M__region=pothole","prey_55",10,20,50,5.69,383.42,1.48401231026029,74.2006155130144,1.13943112549362
"species=Geophagus_brasiliensis__sex=M__region=pothole","prey_46",10,20,50,5.66,383.42,1.47618799228001,73.8093996140003,1.1334235800165
"species=Geophagus_brasiliensis__sex=M__region=pothole","prey_51",11,20,55,5.07,383.42,1.32230973866778,72.7270356267279,1.11680270419647
"species=Geophagus_brasiliensis__sex=M__region=pothole","prey_38",13,20,65,4.16,383.42,1.08497209326587,70.5231860622816,1.0829601980087
"species=Geophagus_brasiliensis__sex=M__region=pothole","prey_3",10,20,50,5.35,383.42,1.39533670648375,69.7668353241876,1.07134561008627
"species=Geophagus_brasiliensis__sex=M__region=pothole","prey_7",11,20,55,4.79,383.42,1.24928277085181,68.7105523968494,1.05512523729805
"species=Geophagus_brasiliensis__sex=M__region=pothole","prey_4",11,20,55,4.58,383.42,1.19451254498983,65.6981899744406,1.00886713712423
"species=Geophagus_brasiliensis__sex=M__region=pothole","prey_54",10,20,50,4.96,383.42,1.29362057274008,64.6810286370038,0.993247518883718
"species=Geophagus_brasiliensis__sex=M__region=pothole","prey_13",12,20,60,4.12,383.42,1.07453966929216,64.4723801575296,0.990043494629254
"species=Geophagus_brasiliensis__sex=M__region=pothole","prey_11",11,20,55,4.44,383.42,1.15799906108184,63.6899483595013,0.978028403675016
"species=Geophagus_brasiliensis__sex=M__region=pothole","prey_14",11,20,55,3.86,383.42,1.00672891346304,55.3700902404674,0.85026793652828
"species=Geophagus_brasiliensis__sex=M__region=pothole","prey_16",9,20,45,4.59,383.42,1.19712065098326,53.8704292942465,0.827239012199322
"species=Geophagus_brasiliensis__sex=M__region=pothole","prey_10",11,20,55,3.5,383.42,0.91283709769965,50.2060403734808,0.770968336230305
"species=Geophagus_brasiliensis__sex=M__region=pothole","prey_19",8,20,40,4.49,383.42,1.17103959104898,46.8415836419592,0.71930344512708
"species=Geophagus_brasiliensis__sex=M__region=pothole","prey_23",9,20,45,3.07,383.42,0.800688539982265,36.0309842992019,0.553294938442684
"species=Geophagus_brasiliensis__sex=M__region=valley","prey_48",19,19,100,10.75,380.78,2.82315247649561,282.315247649561,4.09065328283688
"species=Geophagus_brasiliensis__sex=M__region=valley","prey_52",18,19,94.7368421052632,9.35,380.78,2.45548610746363,232.624999654449,3.37065824970109
"species=Geophagus_brasiliensis__sex=M__region=valley","prey_12",16,19,84.2105263157895,8.5,380.78,2.23226009769421,187.979797700565,2.7237642421827
"species=Geophagus_brasiliensis__sex=M__region=valley","prey_31",15,19,78.9473684210526,8.81,380.78,2.31367193655129,182.658310780365,2.64665768091502
"species=Geophagus_brasiliensis__sex=M__region=valley","prey_24",15,19,78.9473684210526,8.74,380.78,2.29528861809969,181.206996165765,2.62562861875111
"species=Geophagus_brasiliensis__sex=M__region=valley","prey_1",15,19,78.9473684210526,8.46,380.78,2.22175534429329,175.401737707365,2.54151237009547
"species=Geophagus_brasiliensis__sex=M__region=valley","prey_47",16,19,84.2105263157895,7.89,380.78,2.07206260833027,174.48948280676,2.52829410244959
"species=Geophagus_brasiliensis__sex=M__region=valley","prey_2",15,19,78.9473684210526,8.16,380.78,2.14296969378644,169.181817930508,2.45138781796443
"species=Geophagus_brasiliensis__sex=M__region=valley","prey_28",14,19,73.6842105263158,8.42,380.78,2.21125059089238,162.934254065754,2.36086271226835
"species=Geophagus_brasiliensis__sex=M__region=valley","prey_15",15,19,78.9473684210526,7.64,380.78,2.00640789957456,158.400623650623,2.29517192760395
"species=Geophagus_brasiliensis__sex=M__region=valley","prey_6",15,19,78.9473684210526,7.57,380.78,1.98802458112296,156.949309036023,2.27414286544004
"species=Geophagus_brasiliensis__sex=M__region=valley","prey_33",15,19,78.9473684210526,7.52,380.78,1.97489363937182,155.91265573988,2.25912210675153
"species=Geophagus_brasiliensis__sex=M__region=valley","prey_18",16,19,84.2105263157895,6.98,380.78,1.83307946845948,154.36458681764,2.23669110711003
"species=Geophagus_brasiliensis__sex=M__region=valley","prey_23",13,19,68.4210526315789,8.51,380.78,2.23488628604444,152.91327220304,2.21566204494612
"species=Geophagus_brasiliensis__sex=M__region=valley","prey_60",14,19,73.6842105263158,7.81,380.78,2.05105310152844,151.130228533675,2.18982634000188
"species=Geophagus_brasiliensis__sex=M__region=valley","prey_14",14,19,73.6842105263158,7.6,380.78,1.99590314617364,147.066547612795,2.13094496594293
"species=Geophagus_brasiliensis__sex=M__region=valley","prey_50",13,19,68.4210526315789,7.71,380.78,2.02479121802616,138.538346496527,2.00737419113215
"species=Geophagus_brasiliensis__sex=M__region=valley","prey_8",15,19,78.9473684210526,6.5,380.78,1.70702242764851,134.764928498567,1.95269862950598
"species=Geophagus_brasiliensis__sex=M__region=valley","prey_13",13,19,68.4210526315789,7.49,380.78,1.96701507432113,134.585241927235,1.9500950313333
"species=Geophagus_brasiliensis__sex=M__region=valley","prey_44",14,19,73.6842105263158,6.77,380.78,1.77792951310468,131.005332544555,1.89822334466232
"species=Geophagus_brasiliensis__sex=M__region=valley","prey_53",14,19,73.6842105263158,6.74,380.78,1.77005094805399,130.424806698715,1.88981171979676
"species=Geophagus_brasiliensis__sex=M__region=valley","prey_9",14,19,73.6842105263158,6.74,380.78,1.77005094805399,130.424806698715,1.88981171979676
"species=Geophagus_brasiliensis__sex=M__region=valley","prey_19",14,19,73.6842105263158,6.55,380.78,1.72015336939965,126.748143008396,1.83653809564819
"species=Geophagus_brasiliensis__sex=M__region=valley","prey_11",15,19,78.9473684210526,5.98,380.78,1.57046063343663,123.983734218681,1.7964827391455
"species=Geophagus_brasiliensis__sex=M__region=valley","prey_46",12,19,63.1578947368421,7.47,380.78,1.96176269762067,123.90080195499,1.79528107845042
"species=Geophagus_brasiliensis__sex=M__region=valley","prey_3",13,19,68.4210526315789,6.68,380.78,1.75429381795262,120.03062964939,1.73920357934666
"species=Geophagus_brasiliensis__sex=M__region=valley","prey_26",15,19,78.9473684210526,5.74,380.78,1.50743211303115,119.007798397196,1.72438309744066
"species=Geophagus_brasiliensis__sex=M__region=valley","prey_16",13,19,68.4210526315789,6.52,380.78,1.71227480434897,117.155644508087,1.69754600858386
"species=Geophagus_brasiliensis__sex=M__region=valley","prey_40",13,19,68.4210526315789,6.32,380.78,1.6597510373444,113.561913081459,1.64547404513037
"species=Geophagus_brasiliensis__sex=M__region=valley","prey_29",14,19,73.6842105263158,5.58,380.78,1.46541309942749,107.977807326236,1.56456222499494
"species=Geophagus_brasiliensis__sex=M__region=valley","prey_54",11,19,57.8947368421053,6.93,380.78,1.81994852670834,105.365441019956,1.5267099130999
"species=Geophagus_brasiliensis__sex=M__region=valley","prey_32",12,19,63.1578947368421,6.34,380.78,1.66500341404486,105.158110360728,1.5237057613622
"species=Geophagus_brasiliensis__sex=M__region=valley","prey_58",11,19,57.8947368421053,6.88,380.78,1.80681758495719,104.605228602785,1.51569469006167
"species=Geophagus_brasiliensis__sex=M__region=valley","prey_57",12,19,63.1578947368421,6.25,380.78,1.6413677188928,103.665329614282,1.50207586885075
"species=Geophagus_brasiliensis__sex=M__region=valley","prey_21",11,19,57.8947368421053,6.8,380.78,1.78580807815537,103.388888735311,1.49807033320048
"species=Geophagus_brasiliensis__sex=M__region=valley","prey_10",11,19,57.8947368421053,6.76,380.78,1.77530332475445,102.780718801574,1.48925815476989
"species=Geophagus_brasiliensis__sex=M__region=valley","prey_4",12,19,63.1578947368421,6.04,380.78,1.586217763538,100.182174539242,1.45160611965737
"species=Geophagus_brasiliensis__sex=M__region=valley","prey_59",11,19,57.8947368421053,6.51,380.78,1.70964861599874,98.9796567157165,1.4341820395787
"species=Geophagus_brasiliensis__sex=M__region=valley","prey_20",12,19,63.1578947368421,5.69,380.78,1.49430117128,94.3769160808424,1.36748987100172
"species=Geophagus_brasiliensis__sex=M__region=valley","prey_27",12,19,63.1578947368421,5.46,380.78,1.43389883922475,90.5620319510368,1.31221347902802
"species=Geophagus_brasiliensis__sex=M__region=valley","prey_39",11,19,57.8947368421053,5.6,380.78,1.47066547612795,85.143790723197,1.23370498028275
"species=Geophagus_brasiliensis__sex=M__region=valley","prey_37",12,19,63.1578947368421,5.12,380.78,1.34460843531698,84.9226380200198,1.23050055176254
"species=Geophagus_brasiliensis__sex=M__region=valley","prey_7",12,19,63.1578947368421,5.11,380.78,1.34198224696675,84.756773492637,1.22809723037237
"species=Geophagus_brasiliensis__sex=M__region=valley","prey_56",11,19,57.8947368421053,5.56,380.78,1.46016072272703,84.5356207894599,1.22489280185216
"species=Geophagus_brasiliensis__sex=M__region=valley","prey_5",12,19,63.1578947368421,5.03,380.78,1.32097274016492,83.4298572735742,1.20887065925108
"species=Geophagus_brasiliensis__sex=M__region=valley","prey_49",14,19,73.6842105263158,4.1,380.78,1.07673722359368,79.3385322647972,1.14958873162711
"species=Geophagus_brasiliensis__sex=M__region=valley","prey_35",11,19,57.8947368421053,5,380.78,1.31309417511424,76.0212417171402,1.10152230382388
"species=Geophagus_brasiliensis__sex=M__region=valley","prey_43",12,19,63.1578947368421,4.53,380.78,1.1896633226535,75.1366309044316,1.08870458974302
"species=Geophagus_brasiliensis__sex=M__region=valley","prey_22",9,19,47.3684210526316,5.73,380.78,1.50480592468092,71.2802806427803,1.03282736742178
"species=Geophagus_brasiliensis__sex=M__region=valley","prey_30",10,19,52.6315789473684,5.1,380.78,1.33935605861652,70.4924241377118,1.02141159081851
"species=Geophagus_brasiliensis__sex=M__region=valley","prey_55",11,19,57.8947368421053,4.59,380.78,1.20542045275487,69.7874998963347,1.01119747491033
"species=Geophagus_brasiliensis__sex=M__region=valley","prey_36",10,19,52.6315789473684,4.77,380.78,1.25269184305898,65.9311496346834,0.955320252589078
"species=Geophagus_brasiliensis__sex=M__region=valley","prey_42",10,19,52.6315789473684,4.73,380.78,1.24218708965807,65.3782678767405,0.947309181288541
"species=Geophagus_brasiliensis__sex=M__region=valley","prey_45",9,19,47.3684210526316,5.11,380.78,1.34198224696675,63.5675801194778,0.921072922779281
"species=Geophagus_brasiliensis__sex=M__region=valley","prey_34",10,19,52.6315789473684,4.07,380.78,1.06885865854299,56.2557188706837,0.815126504829675
"species=Geophagus_brasiliensis__sex=M__region=valley","prey_41",9,19,47.3684210526316,4.06,380.78,1.06623247019276,50.5057485880782,0.731811363304086
"species=Geophagus_brasiliensis__sex=M__region=valley","prey_17",8,19,42.1052631578947,4.44,380.78,1.16602762750144,49.095900105324,0.711383131487716
"species=Geophagus_brasiliensis__sex=M__region=valley","prey_25",8,19,42.1052631578947,3.72,380.78,0.976942066284994,41.1344027909471,0.596023704759978
"species=Geophagus_brasiliensis__sex=M__region=valley","prey_38",8,19,42.1052631578947,3.21,380.78,0.843006460423342,35.4950088599302,0.514310777494497
"species=Geophagus_brasiliensis__sex=M__region=valley","prey_51",8,19,42.1052631578947,2.04,380.78,0.53574242344661,22.5575757240678,0.326851709061924
"species=Hoplias_malabaricus__sex=F__region=montain","prey_12",9,11,81.8181818181818,6.24,218.71,2.85309313703077,233.43489302979,3.45831973446804
"species=Hoplias_malabaricus__sex=F__region=montain","prey_39",9,11,81.8181818181818,6.2,218.71,2.83480407846006,231.938515510369,3.43615101822145
"species=Hoplias_malabaricus__sex=F__region=montain","prey_7",9,11,81.8181818181818,5.32,218.71,2.43244478990444,199.018210083091,2.94843926079647
"species=Hoplias_malabaricus__sex=F__region=montain","prey_58",9,11,81.8181818181818,5.23,218.71,2.39129440812034,195.651360664392,2.89855964924165
"species=Hoplias_malabaricus__sex=F__region=montain","prey_52",9,11,81.8181818181818,4.81,218.71,2.19925929312789,179.939396710463,2.66578812865245
"species=Hoplias_malabaricus__sex=F__region=montain","prey_35",9,11,81.8181818181818,4.72,218.71,2.15810891134379,176.572547291765,2.61590851709762
"species=Hoplias_malabaricus__sex=F__region=montain","prey_53",9,11,81.8181818181818,4.67,218.71,2.1352475881304,174.702075392487,2.58819762178938
"species=Hoplias_malabaricus__sex=F__region=montain","prey_13",9,11,81.8181818181818,4.65,218.71,2.12610305884505,173.953886632776,2.57711326366609
"species=Hoplias_malabaricus__sex=F__region=montain","prey_31",8,11,72.7272727272727,4.88,218.71,2.23126514562663,162.273828772846,2.40407411740798
"species=Hoplias_malabaricus__sex=F__region=montain","prey_17",8,11,72.7272727272727,4.86,218.71,2.22212061634127,161.608772097547,2.39422135463172
"species=Hoplias_malabaricus__sex=F__region=montain","prey_50",9,11,81.8181818181818,4.15,218.71,1.89748982671117,155.249167640005,2.30000431058372
"species=Hoplias_malabaricus__sex=F__region=montain","prey_36",7,11,63.6363636363636,5.29,218.71,2.41872799597641,153.919054289408,2.28029878503119
"species=Hoplias_malabaricus__sex=F__region=montain","prey_41",8,11,72.7272727272727,4.6,218.71,2.10324173563166,152.963035318666,2.26613543854031
"species=Hoplias_malabaricus__sex=F__region=montain","prey_51",8,11,72.7272727272727,4.51,218.71,2.06209135384756,149.970280279823,2.22179800604713
"species=Hoplias_malabaricus__sex=F__region=montain","prey_54",8,11,72.7272727272727,4.44,218.71,2.03008550134882,147.642581916278,2.18731333633022
"species=Hoplias_malabaricus__sex=F__region=montain","prey_26",9,11,81.8181818181818,3.91,218.71,1.78775547528691,146.270902523474,2.16699201310418
"species=Hoplias_malabaricus__sex=F__region=montain","prey_42",8,11,72.7272727272727,4.23,218.71,1.93406794385259,140.659486825643,2.08385932717946
"species=Hoplias_malabaricus__sex=F__region=montain","prey_6",8,11,72.7272727272727,4.21,218.71,1.92492341456723,139.994430150344,2.0740065644032
"species=Hoplias_malabaricus__sex=F__region=montain","prey_55",7,11,63.6363636363636,4.72,218.71,2.15810891134379,137.33420344915,2.03459551329815
"species=Hoplias_malabaricus__sex=F__region=montain","prey_29",8,11,72.7272727272727,3.88,218.71,1.77403868135888,129.020995007918,1.91143597859487
"species=Hoplias_malabaricus__sex=F__region=montain","prey_30",9,11,81.8181818181818,3.42,218.71,1.56371450779571,127.940277910558,1.89542523908345
"species=Hoplias_malabaricus__sex=F__region=montain","prey_45",8,11,72.7272727272727,3.71,218.71,1.69631018243336,123.368013267881,1.82768749499664
"species=Hoplias_malabaricus__sex=F__region=montain","prey_32",7,11,63.6363636363636,4.19,218.71,1.91577888528188,121.913201790665,1.80613457642357
"species=Hoplias_malabaricus__sex=F__region=montain","prey_40",8,11,72.7272727272727,3.66,218.71,1.67344885921997,121.705371579634,1.80305558805599
"species=Hoplias_malabaricus__sex=F__region=montain","prey_1",7,11,63.6363636363636,4.14,218.71,1.89291756206849,120.45839031345,1.7845816578505
"species=Hoplias_malabaricus__sex=F__region=montain","prey_48",8,11,72.7272727272727,3.51,218.71,1.60486488957981,116.717446514895,1.72915986723402
"species=Hoplias_malabaricus__sex=F__region=montain","prey_14",7,11,63.6363636363636,3.95,218.71,1.80604453385762,114.93010670003,1.70268056727282
"species=Hoplias_malabaricus__sex=F__region=montain","prey_4",7,11,63.6363636363636,3.87,218.71,1.7694664167162,112.602408336485,1.6681958975559
"species=Hoplias_malabaricus__sex=F__region=montain","prey_27",8,11,72.7272727272727,3.2,218.71,1.46312468565681,106.409068047768,1.57644204420196
"species=Hoplias_malabaricus__sex=F__region=montain","prey_60",6,11,54.5454545454545,4.26,218.71,1.94778473778062,106.242803878943,1.57397885350789
"species=Hoplias_malabaricus__sex=F__region=montain","prey_21",6,11,54.5454545454545,4.08,218.71,1.86548397421243,101.753671320678,1.50747270476812
"species=Hoplias_malabaricus__sex=F__region=montain","prey_5",7,11,63.6363636363636,3.41,218.71,1.55914224315303,99.2181427461021,1.46990904668362
"species=Hoplias_malabaricus__sex=F__region=montain","prey_16",7,11,63.6363636363636,3.38,218.71,1.545425449225,98.3452558597728,1.45697729553978
"species=Hoplias_malabaricus__sex=F__region=montain","prey_9",7,11,63.6363636363636,3.32,218.71,1.51799186136894,96.5994820871141,1.43111379325209
"species=Hoplias_malabaricus__sex=F__region=montain","prey_10",8,11,72.7272727272727,2.85,218.71,1.30309542316309,94.7705762300431,1.40401869561737
"species=Hoplias_malabaricus__sex=F__region=montain","prey_57",7,11,63.6363636363636,3.24,218.71,1.48141374422752,94.2717837235692,1.39662912353517
"species=Hoplias_malabaricus__sex=F__region=montain","prey_23",6,11,54.5454545454545,3.75,218.71,1.71459924100407,93.5235949638583,1.38554476541188
"species=Hoplias_malabaricus__sex=F__region=montain","prey_37",6,11,54.5454545454545,3.72,218.71,1.70088244707604,92.7754062041474,1.37446040728858
"species=Hoplias_malabaricus__sex=F__region=montain","prey_3",8,11,72.7272727272727,2.71,218.71,1.23908371816561,90.1151795029533,1.33504935618353
"species=Hoplias_malabaricus__sex=F__region=montain","prey_44",8,11,72.7272727272727,2.7,218.71,1.23451145352293,89.782651165304,1.3301229747954
"species=Hoplias_malabaricus__sex=F__region=montain","prey_20",9,11,81.8181818181818,2.32,218.71,1.06076539710118,86.7898961264605,1.28578554230222
"species=Hoplias_malabaricus__sex=F__region=montain","prey_25",6,11,54.5454545454545,3.41,218.71,1.55914224315303,85.0441223538018,1.25992204001453
"species=Hoplias_malabaricus__sex=F__region=montain","prey_28",6,11,54.5454545454545,3.37,218.71,1.54085318458232,84.046537340854,1.24514289585014
"species=Hoplias_malabaricus__sex=F__region=montain","prey_19",6,11,54.5454545454545,3.36,218.71,1.53628091993965,83.797141087617,1.24144810980904
"species=Hoplias_malabaricus__sex=F__region=montain","prey_33",7,11,63.6363636363636,2.77,218.71,1.26651730602167,80.5965558377428,1.19403168894828
"species=Hoplias_malabaricus__sex=F__region=montain","prey_43",6,11,54.5454545454545,3.18,218.71,1.45398015637145,79.3080085293519,1.17494196106927
"species=Hoplias_malabaricus__sex=F__region=montain","prey_11",6,11,54.5454545454545,3.17,218.71,1.44940789172877,79.0586122761149,1.17124717502817
"species=Hoplias_malabaricus__sex=F__region=montain","prey_34",5,11,45.4545454545455,3.72,218.71,1.70088244707604,77.3128385034562,1.14538367274048
"species=Hoplias_malabaricus__sex=F__region=montain","prey_24",7,11,63.6363636363636,2.65,218.71,1.21165013030954,77.1050082924254,1.1423046843729
"species=Hoplias_malabaricus__sex=F__region=montain","prey_47",7,11,63.6363636363636,2.61,218.71,1.19336107173883,75.9411591106529,1.12506234951444
"species=Hoplias_malabaricus__sex=F__region=montain","prey_59",7,11,63.6363636363636,2.4,218.71,1.0973435142426,69.8309509063475,1.03454009150753
"species=Hoplias_malabaricus__sex=F__region=montain","prey_46",5,11,45.4545454545455,3.23,218.71,1.47684147958484,67.1291581629472,0.994513242728969
"species=Hoplias_malabaricus__sex=F__region=montain","prey_8",7,11,63.6363636363636,2.13,218.71,0.973892368890311,61.9749689293835,0.918154331212937
"species=Hoplias_malabaricus__sex=F__region=montain","prey_15",5,11,45.4545454545455,2.29,218.71,1.04704860317315,47.5931183260523,0.705088336176266
"species=Hoplias_malabaricus__sex=F__region=montain","prey_22",5,11,45.4545454545455,2.02,218.71,0.923597457820859,41.9817026282208,0.621955650251553
"species=Hoplias_malabaricus__sex=F__region=montain","prey_2",4,11,36.3636363636364,2.49,218.71,1.1384938960267,41.3997780373346,0.613334482822324
"species=Hoplias_malabaricus__sex=F__region=montain","prey_56",5,11,45.4545454545455,1.94,218.71,0.887019340679438,40.3190609399745,0.597323743310898
"species=Hoplias_malabaricus__sex=F__region=montain","prey_38",5,11,45.4545454545455,1.78,218.71,0.813863106396598,36.9937775634817,0.548059929429587
"species=Hoplias_malabaricus__sex=F__region=montain","prey_49",5,11,45.4545454545455,1.78,218.71,0.813863106396598,36.9937775634817,0.548059929429587
"species=Hoplias_malabaricus__sex=F__region=montain","prey_18",5,11,45.4545454545455,1.5,218.71,0.685839696401628,31.1745316546194,0.461848255137292
"species=Hoplias_malabaricus__sex=F__region=plains","prey_16",14,17,82.3529411764706,9.07,326.87,2.77480343867593,228.513224361547,3.55560782468932
"species=Hoplias_malabaricus__sex=F__region=plains","prey_29",13,17,76.4705882352941,8.44,326.87,2.58206626487594,197.452126137572,3.0723050127966
"species=Hoplias_malabaricus__sex=F__region=plains","prey_17",13,17,76.4705882352941,8.18,326.87,2.50252393918071,191.369477702055,2.97766054557775
"species=Hoplias_malabaricus__sex=F__region=plains","prey_8",14,17,82.3529411764706,7.56,326.87,2.31284608559978,190.469677637629,2.96365988474656
"species=Hoplias_malabaricus__sex=F__region=plains","prey_59",13,17,76.4705882352941,7.86,326.87,2.4046256921712,183.883141166033,2.86117504746224
"species=Hoplias_malabaricus__sex=F__region=plains","prey_3",11,17,64.7058823529412,8.04,326.87,2.45969345611405,159.156635395615,2.4764368878211
"species=Hoplias_malabaricus__sex=F__region=plains","prey_57",12,17,70.5882352941177,7.25,326.87,2.21800715880931,156.565211210069,2.43611498462727
"species=Hoplias_malabaricus__sex=F__region=plains","prey_27",12,17,70.5882352941177,6.95,326.87,2.12622755223789,150.086650746204,2.3353102266427
"species=Hoplias_malabaricus__sex=F__region=plains","prey_10",13,17,76.4705882352941,6.32,326.87,1.93349037843791,147.855146586429,2.30058858778134
"species=Hoplias_malabaricus__sex=F__region=plains","prey_56",11,17,64.7058823529412,7.46,326.87,2.28225288340931,147.675186573543,2.2977884556151
"species=Hoplias_malabaricus__sex=F__region=plains","prey_24",11,17,64.7058823529412,7.27,326.87,2.22412579924741,143.914022304244,2.23926569334073
"species=Hoplias_malabaricus__sex=F__region=plains","prey_40",12,17,70.5882352941177,6.61,326.87,2.02221066479028,142.744282220491,2.22106483426018
"species=Hoplias_malabaricus__sex=F__region=plains","prey_18",12,17,70.5882352941177,6.5,326.87,1.98855814238076,140.368810050407,2.18410308966583
"species=Hoplias_malabaricus__sex=F__region=plains","prey_6",13,17,76.4705882352941,5.84,326.87,1.78664300792364,136.625641782396,2.12586034060808
"species=Hoplias_malabaricus__sex=F__region=plains","prey_13",13,17,76.4705882352941,5.74,326.87,1.75604980573317,134.286161614889,2.08945862244698
"species=Hoplias_malabaricus__sex=F__region=plains","prey_32",12,17,70.5882352941177,6.09,326.87,1.86312601339982,131.514777416458,2.04633658708691
"species=Hoplias_malabaricus__sex=F__region=plains","prey_39",13,17,76.4705882352941,5.57,326.87,1.70404136200936,130.309045330128,2.02757570157311
"species=Hoplias_malabaricus__sex=F__region=plains","prey_37",10,17,58.8235294117647,7.17,326.87,2.19353259705693,129.031329238643,2.00769476319282
"species=Hoplias_malabaricus__sex=F__region=plains","prey_22",12,17,70.5882352941177,5.94,326.87,1.81723621011411,128.275497184526,1.99593420809462
"species=Hoplias_malabaricus__sex=F__region=plains","prey_25",12,17,70.5882352941177,5.9,326.87,1.80499892923792,127.411689122677,1.98249357369668
"species=Hoplias_malabaricus__sex=F__region=plains","prey_48",11,17,64.7058823529412,6.06,326.87,1.85394805274268,119.961344589232,1.86656810201441
"species=Hoplias_malabaricus__sex=F__region=plains","prey_34",11,17,64.7058823529412,5.91,326.87,1.80805824945697,116.992004376628,1.82036592127148
"species=Hoplias_malabaricus__sex=F__region=plains","prey_35",11,17,64.7058823529412,5.82,326.87,1.78052436748554,115.210400249065,1.79264461282573
"species=Hoplias_malabaricus__sex=F__region=plains","prey_30",13,17,76.4705882352941,4.92,326.87,1.50518554777129,115.102424241334,1.79096453352598
"species=Hoplias_malabaricus__sex=F__region=plains","prey_43",12,17,70.5882352941177,5.29,326.87,1.61838039587604,114.238616179485,1.77752389912804
"species=Hoplias_malabaricus__sex=F__region=plains","prey_50",11,17,64.7058823529412,5.46,326.87,1.67038883959984,108.083983738813,1.68175937904269
"species=Hoplias_malabaricus__sex=F__region=plains","prey_36",10,17,58.8235294117647,5.95,326.87,1.82029553033316,107.076207666656,1.66607863891176
"species=Hoplias_malabaricus__sex=F__region=plains","prey_19",10,17,58.8235294117647,5.76,326.87,1.76216844617126,103.656967421839,1.61287612775323
"species=Hoplias_malabaricus__sex=F__region=plains","prey_58",11,17,64.7058823529412,5.21,326.87,1.59390583412366,103.135083384472,1.60475574447114
"species=Hoplias_malabaricus__sex=F__region=plains","prey_2",10,17,58.8235294117647,5.66,326.87,1.73157524398079,101.857367292988,1.58487480609085
"species=Hoplias_malabaricus__sex=F__region=plains","prey_7",9,17,52.9411764705882,6.11,326.87,1.86924465383792,98.9600110855368,1.53979267821441
"species=Hoplias_malabaricus__sex=F__region=plains","prey_20",10,17,58.8235294117647,5.43,326.87,1.6612108789427,97.7182869966294,1.52047176626737
"species=Hoplias_malabaricus__sex=F__region=plains","prey_28",10,17,58.8235294117647,5.33,326.87,1.63061767675223,95.918686867778,1.49247044460499
"species=Hoplias_malabaricus__sex=F__region=plains","prey_44",11,17,64.7058823529412,4.83,326.87,1.47765166579986,95.6127548458732,1.48771021992238
"species=Hoplias_malabaricus__sex=F__region=plains","prey_4",11,17,64.7058823529412,4.75,326.87,1.45317710404748,94.029106732484,1.46306905685948
"species=Hoplias_malabaricus__sex=F__region=plains","prey_52",10,17,58.8235294117647,5.21,326.87,1.59390583412366,93.7591667131563,1.45886885861013
"species=Hoplias_malabaricus__sex=F__region=plains","prey_49",10,17,58.8235294117647,5.12,326.87,1.56637195215223,92.1395265971901,1.43366766911398
"species=Hoplias_malabaricus__sex=F__region=plains","prey_38",9,17,52.9411764705882,5.58,326.87,1.70710068222841,90.3759184709158,1.40622637388485
"species=Hoplias_malabaricus__sex=F__region=plains","prey_54",10,17,58.8235294117647,4.93,326.87,1.50824486799033,88.7202863523725,1.38046515795546
"species=Hoplias_malabaricus__sex=F__region=plains","prey_1",11,17,64.7058823529412,4.39,326.87,1.34304157616178,86.9026902222326,1.35218382307645
"species=Hoplias_malabaricus__sex=F__region=plains","prey_45",11,17,64.7058823529412,4.39,326.87,1.34304157616178,86.9026902222326,1.35218382307645
"species=Hoplias_malabaricus__sex=F__region=plains","prey_15",10,17,58.8235294117647,4.78,326.87,1.46235506470462,86.0208861590955,1.33846317546188
"species=Hoplias_malabaricus__sex=F__region=plains","prey_60",10,17,58.8235294117647,4.52,326.87,1.38281273900939,81.3419258240819,1.26565973913969
"species=Hoplias_malabaricus__sex=F__region=plains","prey_21",12,17,70.5882352941177,3.74,326.87,1.1441857619237,80.7660537828495,1.25669931620773
"species=Hoplias_malabaricus__sex=F__region=plains","prey_55",9,17,52.9411764705882,4.95,326.87,1.51436350842843,80.1721857403285,1.24745888005914
"species=Hoplias_malabaricus__sex=F__region=plains","prey_31",11,17,64.7058823529412,3.95,326.87,1.20843148652369,78.192625598592,1.21665742623052
"species=Hoplias_malabaricus__sex=F__region=plains","prey_11",12,17,70.5882352941177,3.41,326.87,1.04322819469514,73.639637272598,1.14581408242469
"species=Hoplias_malabaricus__sex=F__region=plains","prey_42",9,17,52.9411764705882,4.45,326.87,1.36139749747606,72.0739851604973,1.12145293257842
"species=Hoplias_malabaricus__sex=F__region=plains","prey_23",9,17,52.9411764705882,4.44,326.87,1.35833817725701,71.9120211489007,1.1189328136288
"species=Hoplias_malabaricus__sex=F__region=plains","prey_9",9,17,52.9411764705882,3.95,326.87,1.20843148652369,63.9757845806662,0.995446985097697
"species=Hoplias_malabaricus__sex=F__region=plains","prey_14",9,17,52.9411764705882,3.88,326.87,1.18701624499036,62.8420364994898,0.977806152450396
"species=Hoplias_malabaricus__sex=F__region=plains","prey_53",7,17,41.1764705882353,4.97,326.87,1.52048214886652,62.6080884827391,0.974165980634286
"species=Hoplias_malabaricus__sex=F__region=plains","prey_51",9,17,52.9411764705882,3.64,326.87,1.11359255973323,58.9549002211709,0.91732329765965
"species=Hoplias_malabaricus__sex=F__region=plains","prey_12",8,17,47.0588235294118,4.07,326.87,1.24514332915226,58.5949801954006,0.911723033327173
"species=Hoplias_malabaricus__sex=F__region=plains","prey_47",8,17,47.0588235294118,3.55,326.87,1.0860586777618,51.1086436593789,0.795237535211662
"species=Hoplias_malabaricus__sex=F__region=plains","prey_41",7,17,41.1764705882353,3.91,326.87,1.19619420564751,49.255055526662,0.766396173899408
"species=Hoplias_malabaricus__sex=F__region=plains","prey_46",8,17,47.0588235294118,3.29,326.87,1.00651635206657,47.365475391368,0.736994786153907
"species=Hoplias_malabaricus__sex=F__region=plains","prey_5",7,17,41.1764705882353,3.71,326.87,1.13500780126656,46.7356153462701,0.727194323572073
"species=Hoplias_malabaricus__sex=F__region=plains","prey_26",9,17,52.9411764705882,2.76,326.87,0.844372380457062,44.702067200668,0.69555283009358
"species=Hoplias_malabaricus__sex=F__region=plains","prey_33",6,17,35.2941176470588,3.03,326.87,0.92697402637134,32.7167303425179,0.509064027822113
"species=Hoplias_malabaricus__sex=F__region=pothole","prey_31",19,21,90.4761904761905,9.57,428.45,2.23363286264442,202.090592334495,2.96024837237623
"species=Hoplias_malabaricus__sex=F__region=pothole","prey_22",15,21,71.4285714285714,10.43,428.45,2.43435640098028,173.88260007002,2.54705415970005
"species=Hoplias_malabaricus__sex=F__region=pothole","prey_16",17,21,80.9523809523809,8.89,428.45,2.07492122768118,167.969813669429,2.46044292205477
"species=Hoplias_malabaricus__sex=F__region=pothole","prey_13",16,21,76.1904761904762,8.75,428.45,2.0422453028358,155.599642120823,2.27924309592846
"species=Hoplias_malabaricus__sex=F__region=pothole","prey_33",16,21,76.1904761904762,8.63,428.45,2.01423736725406,153.465704171738,2.24798490489858
"species=Hoplias_malabaricus__sex=F__region=pothole","prey_14",17,21,80.9523809523809,8.05,428.45,1.87886567860894,152.098650173105,2.22796012627007
"species=Hoplias_malabaricus__sex=F__region=pothole","prey_29",15,21,71.4285714285714,8.98,428.45,2.09592717936749,149.709084240535,2.19295746443974
"species=Hoplias_malabaricus__sex=F__region=pothole","prey_35",16,21,76.1904761904762,8.41,428.45,1.96288948535418,149.553484598414,2.19067822134381
"species=Hoplias_malabaricus__sex=F__region=pothole","prey_40",17,21,80.9523809523809,7.75,428.45,1.80884583965457,146.430377495846,2.14493055634696
"species=Hoplias_malabaricus__sex=F__region=pothole","prey_51",14,21,66.6666666666667,9.3,428.45,2.17061500758548,144.707667172365,2.11969607921347
"species=Hoplias_malabaricus__sex=F__region=pothole","prey_38",15,21,71.4285714285714,8.56,428.45,1.99789940483137,142.707100345098,2.09039152512296
"species=Hoplias_malabaricus__sex=F__region=pothole","prey_44",16,21,76.1904761904762,7.99,428.45,1.86486171081807,142.084701776614,2.08127455273924
"species=Hoplias_malabaricus__sex=F__region=pothole","prey_54",15,21,71.4285714285714,8.52,428.45,1.98856342630412,142.040244736009,2.08062334042612
"species=Hoplias_malabaricus__sex=F__region=pothole","prey_49",16,21,76.1904761904762,7.94,428.45,1.853191737659,141.195560964496,2.0682503064768
"species=Hoplias_malabaricus__sex=F__region=pothole","prey_19",16,21,76.1904761904762,7.9,428.45,1.84385575913175,140.4842483148,2.05783090946684
"species=Hoplias_malabaricus__sex=F__region=pothole","prey_47",13,21,61.9047619047619,9.69,428.45,2.26164079822616,140.006335128286,2.05083037710077
"species=Hoplias_malabaricus__sex=F__region=pothole","prey_1",16,21,76.1904761904762,7.78,428.45,1.81584782355001,138.350310365715,2.02657271843696
"species=Hoplias_malabaricus__sex=F__region=pothole","prey_37",15,21,71.4285714285714,8.24,428.45,1.92321157661337,137.372255472384,2.01224604754827
"species=Hoplias_malabaricus__sex=F__region=pothole","prey_30",17,21,80.9523809523809,7.04,428.45,1.64313222079589,133.015465493001,1.94842724086227
"species=Hoplias_malabaricus__sex=F__region=pothole","prey_18",15,21,71.4285714285714,7.84,428.45,1.82985179134088,130.703699381491,1.91456420057991
"species=Hoplias_malabaricus__sex=F__region=pothole","prey_24",15,21,71.4285714285714,7.3,428.45,1.70381608122301,121.701148658787,1.78269370717261
"species=Hoplias_malabaricus__sex=F__region=pothole","prey_55",15,21,71.4285714285714,7.29,428.45,1.7014820865912,121.534434756514,1.78025166099841
"species=Hoplias_malabaricus__sex=F__region=pothole","prey_26",14,21,66.6666666666667,7.73,428.45,1.80417785039094,120.278523359396,1.7618549131527
"species=Hoplias_malabaricus__sex=F__region=pothole","prey_59",15,21,71.4285714285714,7.2,428.45,1.68047613490489,120.034009636064,1.75827324543052
"species=Hoplias_malabaricus__sex=F__region=pothole","prey_41",14,21,66.6666666666667,7.62,428.45,1.77850390944101,118.566927296067,1.73678323909748
"species=Hoplias_malabaricus__sex=F__region=pothole","prey_60",14,21,66.6666666666667,7.58,428.45,1.76916793091376,117.944528727584,1.72766626671377
"species=Hoplias_malabaricus__sex=F__region=pothole","prey_42",15,21,71.4285714285714,7.06,428.45,1.64780021005952,117.700015004251,1.7240845989916
"species=Hoplias_malabaricus__sex=F__region=pothole","prey_43",14,21,66.6666666666667,7.56,428.45,1.76449994165013,117.633329443342,1.72310778052191
"species=Hoplias_malabaricus__sex=F__region=pothole","prey_28",15,21,71.4285714285714,7.04,428.45,1.64313222079589,117.366587199707,1.71920050664318
"species=Hoplias_malabaricus__sex=F__region=pothole","prey_6",14,21,66.6666666666667,7.27,428.45,1.69681409732758,113.120939821838,1.65700973073999
"species=Hoplias_malabaricus__sex=F__region=pothole","prey_57",15,21,71.4285714285714,6.75,428.45,1.57544637647333,112.53188403381,1.64838116759112
"species=Hoplias_malabaricus__sex=F__region=pothole","prey_20",13,21,61.9047619047619,7.72,428.45,1.80184385575913,111.542714880327,1.63389169362414
"species=Hoplias_malabaricus__sex=F__region=pothole","prey_39",15,21,71.4285714285714,6.67,428.45,1.55677441941884,111.198172815631,1.62884479819744
"species=Hoplias_malabaricus__sex=F__region=pothole","prey_23",14,21,66.6666666666667,7.1,428.45,1.65713618858677,110.475745905784,1.61826259810921
"species=Hoplias_malabaricus__sex=F__region=pothole","prey_17",14,21,66.6666666666667,7.01,428.45,1.63613023690046,109.075349126697,1.59774941024585
"species=Hoplias_malabaricus__sex=F__region=pothole","prey_2",12,21,57.1428571428571,8.02,428.45,1.8718636947135,106.963639697914,1.56681682537253
"species=Hoplias_malabaricus__sex=F__region=pothole","prey_50",14,21,66.6666666666667,6.83,428.45,1.59411833352783,106.274555568522,1.55672303451914
"species=Hoplias_malabaricus__sex=F__region=pothole","prey_56",15,21,71.4285714285714,6.29,428.45,1.46808262340997,104.863044529283,1.5360470435775
"species=Hoplias_malabaricus__sex=F__region=pothole","prey_53",13,21,61.9047619047619,7.16,428.45,1.67114015637764,103.451533490044,1.51537105263586
"species=Hoplias_malabaricus__sex=F__region=pothole","prey_58",14,21,66.6666666666667,6.49,428.45,1.51476251604621,100.984167736414,1.47922876925757
"species=Hoplias_malabaricus__sex=F__region=pothole","prey_10",15,21,71.4285714285714,6.04,428.45,1.40973275761466,100.695196972476,1.47499588922227
"species=Hoplias_malabaricus__sex=F__region=pothole","prey_7",14,21,66.6666666666667,6.01,428.45,1.40273077371922,93.5153849146147,1.369825100653
"species=Hoplias_malabaricus__sex=F__region=pothole","prey_45",12,21,57.1428571428571,6.91,428.45,1.61279029058233,92.1594451761332,1.34996312510277
"species=Hoplias_malabaricus__sex=F__region=pothole","prey_32",13,21,61.9047619047619,6.33,428.45,1.47741860193722,91.4592467865895,1.33970653117109
"species=Hoplias_malabaricus__sex=F__region=pothole","prey_21",13,21,61.9047619047619,6.24,428.45,1.4564126502509,90.1588783488655,1.32065857101226
"species=Hoplias_malabaricus__sex=F__region=pothole","prey_9",14,21,66.6666666666667,5.65,428.45,1.31870696697398,87.9137977982651,1.28777234919958
"species=Hoplias_malabaricus__sex=F__region=pothole","prey_25",11,21,52.3809523809524,7.12,428.45,1.66180417785039,87.0468855064491,1.27507370909369
"species=Hoplias_malabaricus__sex=F__region=pothole","prey_5",12,21,57.1428571428571,6.43,428.45,1.50075854825534,85.7576313288765,1.25618855201314
"species=Hoplias_malabaricus__sex=F__region=pothole","prey_34",16,21,76.1904761904762,4.79,428.45,1.11798342863811,85.1796898009992,1.24772279194255
"species=Hoplias_malabaricus__sex=F__region=pothole","prey_3",12,21,57.1428571428571,6.28,428.45,1.46574862877815,83.7570645016088,1.22688399792263
"species=Hoplias_malabaricus__sex=F__region=pothole","prey_48",12,21,57.1428571428571,6.23,428.45,1.45407865561909,83.0902088925195,1.2171158132258
"species=Hoplias_malabaricus__sex=F__region=pothole","prey_46",11,21,52.3809523809524,6.65,428.45,1.55210643015521,81.3008130081301,1.19090451762262
"species=Hoplias_malabaricus__sex=F__region=pothole","prey_8",13,21,61.9047619047619,5.48,428.45,1.27902905823317,79.177989319196,1.15980912967102
"species=Hoplias_malabaricus__sex=F__region=pothole","prey_52",13,21,61.9047619047619,5.46,428.45,1.27436106896954,78.8890185552573,1.15557624963573
"species=Hoplias_malabaricus__sex=F__region=pothole","prey_12",12,21,57.1428571428571,5.76,428.45,1.34438090792391,76.8217661670807,1.12529487707554
"species=Hoplias_malabaricus__sex=F__region=pothole","prey_27",13,21,61.9047619047619,5.2,428.45,1.21367720854242,75.1323986240546,1.10054880917688
"species=Hoplias_malabaricus__sex=F__region=pothole","prey_4",13,21,61.9047619047619,4.06,428.45,0.947601820515813,58.6610650795503,0.859274647165028
"species=Hoplias_malabaricus__sex=F__region=pothole","prey_15",10,21,47.6190476190476,5.12,428.45,1.19500525148792,56.9050119756153,0.833551760796693
"species=Hoplias_malabaricus__sex=F__region=pothole","prey_36",10,21,47.6190476190476,4.55,428.45,1.06196755747462,50.5698836892675,0.740754006176749
"species=Hoplias_malabaricus__sex=F__region=pothole","prey_11",9,21,42.8571428571429,4.19,428.45,0.977943750729373,41.9118750312588,0.613930408196158
"species=Hoplias_malabaricus__sex=F__region=valley","prey_16",13,17,76.4705882352941,7.92,317.81,2.49205500141594,190.568911872984,2.90747256595185
"species=Hoplias_malabaricus__sex=F__region=valley","prey_59",14,17,82.3529411764706,7.21,317.81,2.26865108083446,186.830089009897,2.85043007776981
"species=Hoplias_malabaricus__sex=F__region=valley","prey_56",13,17,76.4705882352941,7.57,317.81,2.38192630817155,182.147305919001,2.77898577326458
"species=Hoplias_malabaricus__sex=F__region=valley","prey_50",13,17,76.4705882352941,7.43,317.81,2.33787483087379,178.778663537408,2.72759105618968
"species=Hoplias_malabaricus__sex=F__region=valley","prey_57",13,17,76.4705882352941,7.4,317.81,2.3284352285957,178.056811598495,2.71657790253077
"species=Hoplias_malabaricus__sex=F__region=valley","prey_60",14,17,82.3529411764706,6.82,317.81,2.14593625121928,176.724161865117,2.69624592654509
"species=Hoplias_malabaricus__sex=F__region=valley","prey_18",15,17,88.2352941176471,6.34,317.81,1.99490261476983,176.020818950279,2.68551516144154
"species=Hoplias_malabaricus__sex=F__region=valley","prey_31",14,17,82.3529411764706,6.42,317.81,2.02007488751141,166.359108383292,2.53810833554538
"species=Hoplias_malabaricus__sex=F__region=valley","prey_13",13,17,76.4705882352941,6.84,317.81,2.15222931940468,164.582242072122,2.51099903423114
"species=Hoplias_malabaricus__sex=F__region=valley","prey_35",12,17,70.5882352941177,6.99,317.81,2.19942733079513,155.25369393848,2.3686752023314
"species=Hoplias_malabaricus__sex=F__region=valley","prey_15",14,17,82.3529411764706,5.72,317.81,1.79981750102262,148.220264790098,2.26136755129588
"species=Hoplias_malabaricus__sex=F__region=valley","prey_17",11,17,64.7058823529412,7.12,317.81,2.24033227400019,144.962676552953,2.21166716555311
"species=Hoplias_malabaricus__sex=F__region=valley","prey_39",11,17,64.7058823529412,6.99,317.81,2.19942733079513,142.315886110273,2.17128560213712
"species=Hoplias_malabaricus__sex=F__region=valley","prey_3",12,17,70.5882352941177,6.15,317.81,1.93511846700859,136.596597671195,2.08402753853192
"species=Hoplias_malabaricus__sex=F__region=valley","prey_43",12,17,70.5882352941177,6.14,317.81,1.93197193291589,136.374489382298,2.08063887586764
"species=Hoplias_malabaricus__sex=F__region=valley","prey_11",12,17,70.5882352941177,6.02,317.81,1.89421352380353,133.709189915543,2.03997492389628
"species=Hoplias_malabaricus__sex=F__region=valley","prey_20",11,17,64.7058823529412,6.56,317.81,2.06412636480916,133.561117722946,2.03771581545343
"species=Hoplias_malabaricus__sex=F__region=valley","prey_54",12,17,70.5882352941177,6.01,317.81,1.89106698971083,133.487081626647,2.036586261232
"species=Hoplias_malabaricus__sex=F__region=valley","prey_52",13,17,76.4705882352941,5.47,317.81,1.7211541487052,131.617670195104,2.00806501714098
"species=Hoplias_malabaricus__sex=F__region=valley","prey_41",13,17,76.4705882352941,5.21,317.81,1.63934426229508,125.361620057859,1.91261768543044
"species=Hoplias_malabaricus__sex=F__region=valley","prey_55",10,17,58.8235294117647,6.56,317.81,2.06412636480916,121.419197929951,1.85246892313948
"species=Hoplias_malabaricus__sex=F__region=valley","prey_1",11,17,64.7058823529412,5.8,317.81,1.8249897737642,118.087573596507,1.80163898317529
"species=Hoplias_malabaricus__sex=F__region=valley","prey_46",11,17,64.7058823529412,5.6,317.81,1.76205909191026,114.015588300076,1.73951350099683
"species=Hoplias_malabaricus__sex=F__region=valley","prey_58",13,17,76.4705882352941,4.69,317.81,1.47572448947484,112.84951978337,1.72172302200936
"species=Hoplias_malabaricus__sex=F__region=valley","prey_26",10,17,58.8235294117647,6.08,317.81,1.91309272835971,112.534866374101,1.7169224165683
"species=Hoplias_malabaricus__sex=F__region=valley","prey_48",11,17,64.7058823529412,5.37,317.81,1.68968880777823,109.33280520918,1.6680691964916
"species=Hoplias_malabaricus__sex=F__region=valley","prey_14",12,17,70.5882352941177,4.87,317.81,1.53236210314339,108.166736692474,1.65027871750414
"species=Hoplias_malabaricus__sex=F__region=valley","prey_47",10,17,58.8235294117647,5.77,317.81,1.81555017148611,106.797068910948,1.62938196440775
"species=Hoplias_malabaricus__sex=F__region=valley","prey_12",11,17,64.7058823529412,5.23,317.81,1.64563733048048,106.482415501678,1.62458135896668
"species=Hoplias_malabaricus__sex=F__region=valley","prey_22",11,17,64.7058823529412,5.23,317.81,1.64563733048048,106.482415501678,1.62458135896668
"species=Hoplias_malabaricus__sex=F__region=valley","prey_29",11,17,64.7058823529412,5.22,317.81,1.64249079638778,106.278816236856,1.62147508485776
"species=Hoplias_malabaricus__sex=F__region=valley","prey_19",11,17,64.7058823529412,5.09,317.81,1.60158585318272,103.632025794176,1.58109352144176
"species=Hoplias_malabaricus__sex=F__region=valley","prey_21",10,17,58.8235294117647,5.46,317.81,1.7180076146125,101.059271447794,1.54184151224719
"species=Hoplias_malabaricus__sex=F__region=valley","prey_9",11,17,64.7058823529412,4.94,317.81,1.55438784179227,100.578036821852,1.53449940980792
"species=Hoplias_malabaricus__sex=F__region=valley","prey_6",10,17,58.8235294117647,5.34,317.81,1.68024920550014,98.8381885588319,1.5079548856044
"species=Hoplias_malabaricus__sex=F__region=valley","prey_33",13,17,76.4705882352941,3.95,317.81,1.24288096661527,95.0438386235209,1.45006523175629
"species=Hoplias_malabaricus__sex=F__region=valley","prey_45",11,17,64.7058823529412,4.63,317.81,1.45684528491866,94.266459612384,1.43820491243131
"species=Hoplias_malabaricus__sex=F__region=valley","prey_40",10,17,58.8235294117647,4.98,317.81,1.56697397816305,92.1749398919443,1.40629500567601
"species=Hoplias_malabaricus__sex=F__region=valley","prey_37",9,17,52.9411764705882,5.42,317.81,1.70542147824172,90.2870194363262,1.37749137302963
"species=Hoplias_malabaricus__sex=F__region=valley","prey_5",10,17,58.8235294117647,4.87,317.81,1.53236210314339,90.1389472437287,1.37523226458678
"species=Hoplias_malabaricus__sex=F__region=valley","prey_4",10,17,58.8235294117647,4.84,317.81,1.5229225008653,89.5836765214881,1.36676060792608
"species=Hoplias_malabaricus__sex=F__region=valley","prey_30",10,17,58.8235294117647,4.76,317.81,1.49775022812372,88.102954595513,1.34416952349755
"species=Hoplias_malabaricus__sex=F__region=valley","prey_8",9,17,52.9411764705882,5.18,317.81,1.62990466001699,86.2890702361937,1.3164954450726
"species=Hoplias_malabaricus__sex=F__region=valley","prey_51",9,17,52.9411764705882,5.17,317.81,1.62675812592429,86.1224890195215,1.31395394807439
"species=Hoplias_malabaricus__sex=F__region=valley","prey_36",10,17,58.8235294117647,4.48,317.81,1.40964727352821,82.9204278546005,1.2651007279977
"species=Hoplias_malabaricus__sex=F__region=valley","prey_2",10,17,58.8235294117647,4.48,317.81,1.40964727352821,82.9204278546005,1.2651007279977
"species=Hoplias_malabaricus__sex=F__region=valley","prey_10",12,17,70.5882352941177,3.68,317.81,1.15792454611246,81.7358503138205,1.24702786045487
"species=Hoplias_malabaricus__sex=F__region=valley","prey_32",11,17,64.7058823529412,3.97,317.81,1.24917403480067,80.8289081341608,1.2331908212424
"species=Hoplias_malabaricus__sex=F__region=valley","prey_42",9,17,52.9411764705882,4.85,317.81,1.52606903495799,80.7918900860114,1.23262604413168
"species=Hoplias_malabaricus__sex=F__region=valley","prey_23",8,17,47.0588235294118,4.71,317.81,1.48201755766024,69.7420027134229,1.06404007658378
"species=Hoplias_malabaricus__sex=F__region=valley","prey_28",9,17,52.9411764705882,3.71,317.81,1.16736414839055,61.801631385382,0.942895386335783
"species=Hoplias_malabaricus__sex=F__region=valley","prey_44",8,17,47.0588235294118,4.16,317.81,1.30895818256191,61.5980321205604,0.93978911222686
"species=Hoplias_malabaricus__sex=F__region=valley","prey_38",9,17,52.9411764705882,3.6,317.81,1.13275227337088,59.9692380019879,0.914938919355477
"species=Hoplias_malabaricus__sex=F__region=valley","prey_34",8,17,47.0588235294118,3.78,317.81,1.18938988703943,55.9712888018553,0.853942991398444
"species=Hoplias_malabaricus__sex=F__region=valley","prey_49",8,17,47.0588235294118,3.72,317.81,1.17051068248324,55.0828556462703,0.840388340741326
"species=Hoplias_malabaricus__sex=F__region=valley","prey_24",8,17,47.0588235294118,3.39,317.81,1.06667505742425,50.1964732905528,0.765837762127176
"species=Hoplias_malabaricus__sex=F__region=valley","prey_25",8,17,47.0588235294118,3.29,317.81,1.03520971649728,48.7157513645778,0.743246677698646
"species=Hoplias_malabaricus__sex=F__region=valley","prey_7",8,17,47.0588235294118,3.29,317.81,1.03520971649728,48.7157513645778,0.743246677698646
"species=Hoplias_malabaricus__sex=F__region=valley","prey_53",7,17,41.1764705882353,2.92,317.81,0.918787955067493,37.8324452086615,0.577202207148949
"species=Hoplias_malabaricus__sex=F__region=valley","prey_27",8,17,47.0588235294118,2.4,317.81,0.755168182247255,35.5373262234002,0.542186026284727
"species=Hoplias_malabaricus__sex=M__region=montain","prey_29",14,16,87.5,8.64,313.78,2.75352157562623,240.933137867296,3.63554393399757
"species=Hoplias_malabaricus__sex=M__region=montain","prey_49",14,16,87.5,6.8,313.78,2.16712346229843,189.623302951112,2.86130772583142
"species=Hoplias_malabaricus__sex=M__region=montain","prey_20",12,16,75,7.89,313.78,2.51450060551979,188.587545413984,2.84567873405167
"species=Hoplias_malabaricus__sex=M__region=montain","prey_53",13,16,81.25,7.02,313.78,2.23723628019632,181.775447765951,2.74288805734638
"species=Hoplias_malabaricus__sex=M__region=montain","prey_41",12,16,75,7.52,313.78,2.39658359360061,179.743769520046,2.71223118885533
"species=Hoplias_malabaricus__sex=M__region=montain","prey_39",13,16,81.25,6.75,313.78,2.151188730958,174.784084390337,2.63739236283306
"species=Hoplias_malabaricus__sex=M__region=montain","prey_3",13,16,81.25,6.6,313.78,2.10338453693671,170.899993626107,2.57878364365899
"species=Hoplias_malabaricus__sex=M__region=montain","prey_48",12,16,75,6.9,313.78,2.19899292497928,164.924469373446,2.48861638339119
"species=Hoplias_malabaricus__sex=M__region=montain","prey_5",11,16,68.75,7.49,313.78,2.38702275479635,164.107814392249,2.47629352448793
"species=Hoplias_malabaricus__sex=M__region=montain","prey_50",12,16,75,6.83,313.78,2.17668430110268,163.251322582701,2.46336955051621
"species=Hoplias_malabaricus__sex=M__region=montain","prey_22",12,16,75,6.79,313.78,2.16393651603034,162.295238702275,2.44894278887336
"species=Hoplias_malabaricus__sex=M__region=montain","prey_43",12,16,75,6.47,313.78,2.06195423545159,154.646567658869,2.33352869573058
"species=Hoplias_malabaricus__sex=M__region=montain","prey_23",12,16,75,6.42,313.78,2.04601950411116,153.451462808337,2.31549524367702
"species=Hoplias_malabaricus__sex=M__region=montain","prey_51",11,16,68.75,6.86,313.78,2.18624513990694,150.304353368602,2.26800715326931
"species=Hoplias_malabaricus__sex=M__region=montain","prey_56",11,16,68.75,6.42,313.78,2.04601950411116,140.663840907642,2.12253730670394
"species=Hoplias_malabaricus__sex=M__region=montain","prey_4",11,16,68.75,6.37,313.78,2.03008477277073,139.568328127988,2.10600664232151
"species=Hoplias_malabaricus__sex=M__region=montain","prey_19",11,16,68.75,6.28,313.78,2.00140225635796,137.59640512461,2.07625144643313
"species=Hoplias_malabaricus__sex=M__region=montain","prey_13",10,16,62.5,6.88,313.78,2.19261903244311,137.038689527695,2.06783583547481
"species=Hoplias_malabaricus__sex=M__region=montain","prey_32",10,16,62.5,6.77,313.78,2.15756262349417,134.847663968385,2.03477450670995
"species=Hoplias_malabaricus__sex=M__region=montain","prey_15",12,16,75,5.63,313.78,1.79425074893237,134.568806169928,2.03056670123078
"species=Hoplias_malabaricus__sex=M__region=montain","prey_37",11,16,68.75,5.91,313.78,1.88348524443878,129.489610555166,1.95392453000316
"species=Hoplias_malabaricus__sex=M__region=montain","prey_45",12,16,75,5.41,313.78,1.72413793103448,129.310344827586,1.95121951219512
"species=Hoplias_malabaricus__sex=M__region=montain","prey_34",11,16,68.75,5.84,313.78,1.86117662056218,127.95589266365,1.93078159986775
"species=Hoplias_malabaricus__sex=M__region=montain","prey_33",11,16,68.75,5.55,313.78,1.76875517878769,121.601918541653,1.83490374644966
"species=Hoplias_malabaricus__sex=M__region=montain","prey_36",11,16,68.75,5.55,313.78,1.76875517878769,121.601918541653,1.83490374644966
"species=Hoplias_malabaricus__sex=M__region=montain","prey_24",11,16,68.75,5.35,313.78,1.70501625342597,117.219867423035,1.76878108891995
"species=Hoplias_malabaricus__sex=M__region=montain","prey_58",11,16,68.75,5.34,313.78,1.70182930715788,117.000764867104,1.76547495604346
"species=Hoplias_malabaricus__sex=M__region=montain","prey_54",10,16,62.5,5.87,313.78,1.87073745936643,116.921091210402,1.76427272590656
"species=Hoplias_malabaricus__sex=M__region=montain","prey_7",10,16,62.5,5.78,313.78,1.84205494295366,115.128433934604,1.73722254782622
"species=Hoplias_malabaricus__sex=M__region=montain","prey_6",12,16,75,4.81,313.78,1.53292115494933,114.9690866212,1.73481808755241
"species=Hoplias_malabaricus__sex=M__region=montain","prey_30",10,16,62.5,5.38,313.78,1.71457709223023,107.161068264389,1.61699953413582
"species=Hoplias_malabaricus__sex=M__region=montain","prey_27",10,16,62.5,5.04,313.78,1.6062209191153,100.388807444706,1.51480997249899
"species=Hoplias_malabaricus__sex=M__region=montain","prey_31",10,16,62.5,5.02,313.78,1.59984702657913,99.9904391611958,1.50879882181447
"species=Hoplias_malabaricus__sex=M__region=montain","prey_28",11,16,68.75,4.55,313.78,1.45006055197909,99.6916629485627,1.50429045880108
"species=Hoplias_malabaricus__sex=M__region=montain","prey_42",10,16,62.5,4.63,313.78,1.47555612212378,92.2222576327363,1.39158138346633
"species=Hoplias_malabaricus__sex=M__region=montain","prey_40",10,16,62.5,4.48,313.78,1.42775192810249,89.2344955064058,1.34649775333243
"species=Hoplias_malabaricus__sex=M__region=montain","prey_16",10,16,62.5,4.4,313.78,1.4022563579578,87.6410223723628,1.32245315059435
"species=Hoplias_malabaricus__sex=M__region=montain","prey_2",10,16,62.5,4.4,313.78,1.4022563579578,87.6410223723628,1.32245315059435
"species=Hoplias_malabaricus__sex=M__region=montain","prey_26",10,16,62.5,4.37,313.78,1.39269551915355,87.0434699470967,1.31343642456757
"species=Hoplias_malabaricus__sex=M__region=montain","prey_17",9,16,56.25,4.79,313.78,1.52654726241316,85.86828351074,1.29570353004824
"species=Hoplias_malabaricus__sex=M__region=montain","prey_10",9,16,56.25,4.56,313.78,1.45324749824718,81.7451717764038,1.23348812046346
"species=Hoplias_malabaricus__sex=M__region=montain","prey_52",10,16,62.5,3.93,313.78,1.25246988335777,78.2793677098604,1.18119110950814
"species=Hoplias_malabaricus__sex=M__region=montain","prey_8",11,16,68.75,3.52,313.78,1.12180508636624,77.1240996876792,1.16375877252303
"species=Hoplias_malabaricus__sex=M__region=montain","prey_44",9,16,56.25,4.28,313.78,1.36401300274077,76.7257314041685,1.15774762183851
"species=Hoplias_malabaricus__sex=M__region=montain","prey_12",10,16,62.5,3.81,313.78,1.21422652814074,75.889158008796,1.14512420540102
"species=Hoplias_malabaricus__sex=M__region=montain","prey_11",10,16,62.5,3.74,313.78,1.19191790426413,74.4948690165084,1.1240851780052
"species=Hoplias_malabaricus__sex=M__region=montain","prey_35",9,16,56.25,3.98,313.78,1.2684046146982,71.3477595767735,1.07659708759749
"species=Hoplias_malabaricus__sex=M__region=montain","prey_60",8,16,50,4.47,313.78,1.42456498183441,71.2282490917203,1.07479374239214
"species=Hoplias_malabaricus__sex=M__region=montain","prey_9",10,16,62.5,3.29,313.78,1.04850532220027,65.5315826375167,0.988834287603504
"species=Hoplias_malabaricus__sex=M__region=montain","prey_18",8,16,50,3.78,313.78,1.20466568933648,60.2332844668239,0.908885983499391
"species=Hoplias_malabaricus__sex=M__region=montain","prey_47",8,16,50,3.77,313.78,1.20147874306839,60.0739371534196,0.906481523225584
"species=Hoplias_malabaricus__sex=M__region=montain","prey_59",8,16,50,3.63,313.78,1.15686149531519,57.8430747657594,0.872819079392273
"species=Hoplias_malabaricus__sex=M__region=montain","prey_38",7,16,43.75,3.99,313.78,1.27159156096628,55.6321307922748,0.839457193093188
"species=Hoplias_malabaricus__sex=M__region=montain","prey_55",8,16,50,3.47,313.78,1.10587035502581,55.2935177512907,0.834347715011346
"species=Hoplias_malabaricus__sex=M__region=montain","prey_46",7,16,43.75,3.51,313.78,1.11861814009816,48.9395436292944,0.738469861593255
"species=Hoplias_malabaricus__sex=M__region=montain","prey_25",7,16,43.75,3.43,313.78,1.09312256995347,47.8241124354643,0.7216386396766
"species=Hoplias_malabaricus__sex=M__region=montain","prey_14",8,16,50,2.85,313.78,0.908279686404487,45.4139843202244,0.685271178035255
"species=Hoplias_malabaricus__sex=M__region=montain","prey_57",6,16,37.5,3.35,313.78,1.06762699980878,40.0360124928294,0.604120643794238
"species=Hoplias_malabaricus__sex=M__region=montain","prey_21",5,16,31.25,3.67,313.78,1.16960928038753,36.5502900121104,0.55152307530469
"species=Hoplias_malabaricus__sex=M__region=montain","prey_1",6,16,37.5,2.95,313.78,0.940149149085346,35.2555930907005,0.531986835580001
"species=Hoplias_malabaricus__sex=M__region=plains","prey_19",12,15,80,8.39,311.91,2.68987849059023,215.190279247219,3.02467689312688
"species=Hoplias_malabaricus__sex=M__region=plains","prey_57",14,15,93.3333333333333,7.12,311.91,2.28270975601936,213.052910561807,2.99463441306007
"species=Hoplias_malabaricus__sex=M__region=plains","prey_7",14,15,93.3333333333333,7.01,311.91,2.24744317271008,209.761362786274,2.94836899375717
"species=Hoplias_malabaricus__sex=M__region=plains","prey_43",13,15,86.6666666666667,7.13,311.91,2.28591580904748,198.112703450782,2.78463747739303
"species=Hoplias_malabaricus__sex=M__region=plains","prey_33",12,15,80,7.71,311.91,2.47186688467827,197.749350774262,2.77953025578168
"species=Hoplias_malabaricus__sex=M__region=plains","prey_26",13,15,86.6666666666667,6.85,311.91,2.1961463242602,190.332681435884,2.67528284994983
"species=Hoplias_malabaricus__sex=M__region=plains","prey_45",12,15,80,7.02,311.91,2.25064922573819,180.051938059055,2.53077852082845
"species=Hoplias_malabaricus__sex=M__region=plains","prey_44",12,15,80,6.71,311.91,2.15126158186656,172.100926549325,2.4190204949799
"species=Hoplias_malabaricus__sex=M__region=plains","prey_18",11,15,73.3333333333333,7.15,311.91,2.29232791510372,168.104047107606,2.36284105725496
"species=Hoplias_malabaricus__sex=M__region=plains","prey_1",11,15,73.3333333333333,7.06,311.91,2.26347343785066,165.988052109049,2.33309900198881
"species=Hoplias_malabaricus__sex=M__region=plains","prey_15",13,15,86.6666666666667,5.8,311.91,1.85951075630791,161.157598880019,2.26520299703781
"species=Hoplias_malabaricus__sex=M__region=plains","prey_9",12,15,80,6.05,311.91,1.93966208201084,155.172966560867,2.18108405285073
"species=Hoplias_malabaricus__sex=M__region=plains","prey_50",12,15,80,5.97,311.91,1.9140136577859,153.121092622872,2.15224327198659
"species=Hoplias_malabaricus__sex=M__region=plains","prey_28",11,15,73.3333333333333,6.44,311.91,2.0646981501074,151.411197674543,2.12820928793314
"species=Hoplias_malabaricus__sex=M__region=plains","prey_58",12,15,80,5.67,311.91,1.81783206694239,145.426565355391,2.04409034374606
"species=Hoplias_malabaricus__sex=M__region=plains","prey_42",11,15,73.3333333333333,6.18,311.91,1.98134077137636,145.298323234266,2.04228779494205
"species=Hoplias_malabaricus__sex=M__region=plains","prey_46",12,15,80,5.63,311.91,1.80500785482992,144.400628386394,2.02966995331399
"species=Hoplias_malabaricus__sex=M__region=plains","prey_54",10,15,66.6666666666667,6.49,311.91,2.08072841524799,138.715227683199,1.94975695633626
"species=Hoplias_malabaricus__sex=M__region=plains","prey_38",11,15,73.3333333333333,5.87,311.91,1.88195312750473,138.009896017013,1.93984293791421
"species=Hoplias_malabaricus__sex=M__region=plains","prey_31",12,15,80,5.38,311.91,1.72485652912699,137.988522330159,1.93954251311354
"species=Hoplias_malabaricus__sex=M__region=plains","prey_24",10,15,66.6666666666667,6.19,311.91,1.98454682440448,132.303121626965,1.85962951613582
"species=Hoplias_malabaricus__sex=M__region=plains","prey_23",12,15,80,5.12,311.91,1.64149915039595,131.319932031676,1.84580997530508
"species=Hoplias_malabaricus__sex=M__region=plains","prey_32",11,15,73.3333333333333,5.5,311.91,1.7633291654644,129.310805467389,1.81757004404228
"species=Hoplias_malabaricus__sex=M__region=plains","prey_22",13,15,86.6666666666667,4.64,311.91,1.48760860504633,128.926079104015,1.81216239763025
"species=Hoplias_malabaricus__sex=M__region=plains","prey_30",10,15,66.6666666666667,6.03,311.91,1.9332499759546,128.883331730307,1.81156154802891
"species=Hoplias_malabaricus__sex=M__region=plains","prey_49",10,15,66.6666666666667,5.98,311.91,1.91721971081402,127.814647387601,1.79654030799551
"species=Hoplias_malabaricus__sex=M__region=plains","prey_3",11,15,73.3333333333333,5.22,311.91,1.67355968067712,122.727709916322,1.72503920543649
"species=Hoplias_malabaricus__sex=M__region=plains","prey_16",12,15,80,4.6,311.91,1.47478439293386,117.982751434709,1.65834489968816
"species=Hoplias_malabaricus__sex=M__region=plains","prey_14",10,15,66.6666666666667,5.48,311.91,1.75691705940816,117.127803960544,1.64632790766143
"species=Hoplias_malabaricus__sex=M__region=plains","prey_27",11,15,73.3333333333333,4.87,311.91,1.56134782469302,114.498840477488,1.60937565717925
"species=Hoplias_malabaricus__sex=M__region=plains","prey_17",10,15,66.6666666666667,5.33,311.91,1.70882626398641,113.921750932427,1.60126418756121
"species=Hoplias_malabaricus__sex=M__region=plains","prey_12",11,15,73.3333333333333,4.8,311.91,1.5389054534962,112.853066589721,1.5862429475278
"species=Hoplias_malabaricus__sex=M__region=plains","prey_21",9,15,60,5.69,311.91,1.82424417299862,109.454650379917,1.53847540422157
"species=Hoplias_malabaricus__sex=M__region=plains","prey_4",10,15,66.6666666666667,5.12,311.91,1.64149915039595,109.433276693063,1.5381749794209
"species=Hoplias_malabaricus__sex=M__region=plains","prey_5",10,15,66.6666666666667,5.03,311.91,1.61264467314289,107.509644876193,1.51113674736077
"species=Hoplias_malabaricus__sex=M__region=plains","prey_40",11,15,73.3333333333333,4.34,311.91,1.39142701420281,102.03798104154,1.43422799838972
"species=Hoplias_malabaricus__sex=M__region=plains","prey_52",12,15,80,3.92,311.91,1.2567727870219,100.541822961752,1.41319826234295
"species=Hoplias_malabaricus__sex=M__region=plains","prey_8",9,15,60,5.22,311.91,1.67355968067712,100.413580840627,1.41139571353894
"species=Hoplias_malabaricus__sex=M__region=plains","prey_29",9,15,60,5.12,311.91,1.64149915039595,98.4899490237569,1.38435748147881
"species=Hoplias_malabaricus__sex=M__region=plains","prey_56",9,15,60,5.06,311.91,1.62226283222725,97.3357699336347,1.36813454224273
"species=Hoplias_malabaricus__sex=M__region=plains","prey_2",10,15,66.6666666666667,4.37,311.91,1.40104517328717,93.4030115524777,1.31285637891979
"species=Hoplias_malabaricus__sex=M__region=plains","prey_59",10,15,66.6666666666667,4.31,311.91,1.38180885511846,92.1205903412309,1.2948308908797
"species=Hoplias_malabaricus__sex=M__region=plains","prey_37",9,15,60,4.72,311.91,1.51325702927126,90.7954217562758,1.27620455323828
"species=Hoplias_malabaricus__sex=M__region=plains","prey_55",10,15,66.6666666666667,4.11,311.91,1.31768779455612,87.8458529704081,1.23474593074608
"species=Hoplias_malabaricus__sex=M__region=plains","prey_11",8,15,53.3333333333333,5.02,311.91,1.60943862011478,85.8367264061214,1.20650599948327
"species=Hoplias_malabaricus__sex=M__region=plains","prey_48",8,15,53.3333333333333,4.86,311.91,1.5581417716649,83.1008944887949,1.16805162499775
"species=Hoplias_malabaricus__sex=M__region=plains","prey_39",9,15,60,4.28,311.91,1.37219069603411,82.3314417620467,1.15723633217369
"species=Hoplias_malabaricus__sex=M__region=plains","prey_51",9,15,60,4.26,311.91,1.36577858997788,81.9467153986727,1.15182868576167
"species=Hoplias_malabaricus__sex=M__region=plains","prey_6",10,15,66.6666666666667,3.83,311.91,1.22791830976884,81.8612206512562,1.15062698655899
"species=Hoplias_malabaricus__sex=M__region=plains","prey_35",9,15,60,3.87,311.91,1.24074252188131,74.4445513128787,1.04637958072715
"species=Hoplias_malabaricus__sex=M__region=plains","prey_13",9,15,60,3.69,311.91,1.1830335673752,70.9820140425123,0.997710763018909
"species=Hoplias_malabaricus__sex=M__region=plains","prey_20",8,15,53.3333333333333,4.06,311.91,1.30165752941554,69.4217349021619,0.975779752570134
"species=Hoplias_malabaricus__sex=M__region=plains","prey_25",9,15,60,3.6,311.91,1.15417909012215,69.250745407329,0.973376354164789
"species=Hoplias_malabaricus__sex=M__region=plains","prey_34",8,15,53.3333333333333,3.96,311.91,1.26959699913437,67.7118399538328,0.951745768516683
"species=Hoplias_malabaricus__sex=M__region=plains","prey_36",8,15,53.3333333333333,3.73,311.91,1.19585777948767,63.7790815726759,0.896467605193744
"species=Hoplias_malabaricus__sex=M__region=plains","prey_10",9,15,60,3.3,311.91,1.05799749927864,63.4798499567183,0.89226165798439
"species=Hoplias_malabaricus__sex=M__region=plains","prey_47",8,15,53.3333333333333,3.2,311.91,1.02593696899747,54.7166383465316,0.769087489710451
"species=Hoplias_malabaricus__sex=M__region=plains","prey_41",8,15,53.3333333333333,2.62,311.91,0.839985893366676,44.7992476462227,0.629690382200432
"species=Hoplias_malabaricus__sex=M__region=plains","prey_53",7,15,46.6666666666667,2.6,311.91,0.833573787310442,38.9001100744873,0.546773137216024
"species=Hoplias_malabaricus__sex=M__region=plains","prey_60",6,15,40,2.63,311.91,0.843191946394793,33.7276778557917,0.474070335454333
"species=Hoplias_malabaricus__sex=M__region=pothole","prey_58",24,28,85.7142857142857,12.22,566.12,2.15855295697025,185.018824883165,2.79683467891903
"species=Hoplias_malabaricus__sex=M__region=pothole","prey_49",21,28,75,13.68,566.12,2.41644880943969,181.233660707977,2.73961629350743
"species=Hoplias_malabaricus__sex=M__region=pothole","prey_59",22,28,78.5714285714286,11.55,566.12,2.04020349042606,160.30170281919,2.42319862218128
"species=Hoplias_malabaricus__sex=M__region=pothole","prey_37",23,28,82.1428571428571,10.8,566.12,1.9077227442945,156.705796852762,2.36884115604026
"species=Hoplias_malabaricus__sex=M__region=pothole","prey_43",24,28,85.7142857142857,10.12,566.12,1.78760686780188,153.22344581159,2.31620024146159
"species=Hoplias_malabaricus__sex=M__region=pothole","prey_44",21,28,75,11.56,566.12,2.04196990037448,153.147742528086,2.31505587375335
"species=Hoplias_malabaricus__sex=M__region=pothole","prey_13",20,28,71.4285714285714,11.78,566.12,2.08083091923974,148.630779945696,2.24677526716218
"species=Hoplias_malabaricus__sex=M__region=pothole","prey_9",20,28,71.4285714285714,11.4,566.12,2.01370734119975,143.836238657125,2.17429864564082
"species=Hoplias_malabaricus__sex=M__region=pothole","prey_20",20,28,71.4285714285714,11.06,566.12,1.95364940295344,139.546385925246,2.10945114217434
"species=Hoplias_malabaricus__sex=M__region=pothole","prey_46",20,28,71.4285714285714,10.94,566.12,1.93245248357239,138.032320255171,2.0865637880097
"species=Hoplias_malabaricus__sex=M__region=pothole","prey_60",19,28,67.8571428571429,11.4,566.12,2.01370734119975,136.644426724268,2.06558371335878
"species=Hoplias_malabaricus__sex=M__region=pothole","prey_5",20,28,71.4285714285714,10.59,566.12,1.87062813537766,133.616295384118,2.0198090050295
"species=Hoplias_malabaricus__sex=M__region=pothole","prey_56",20,28,71.4285714285714,10.55,566.12,1.86356249558398,133.111606827427,2.01217988697462
"species=Hoplias_malabaricus__sex=M__region=pothole","prey_51",18,28,64.2857142857143,11.72,566.12,2.07023245954921,133.086372399592,2.01179843107187
"species=Hoplias_malabaricus__sex=M__region=pothole","prey_14",20,28,71.4285714285714,10.3,566.12,1.81940224687345,129.957303348104,1.96449789913162
"species=Hoplias_malabaricus__sex=M__region=pothole","prey_38",19,28,67.8571428571429,10.71,566.12,1.89182505475871,128.373843001484,1.94056154123443
"species=Hoplias_malabaricus__sex=M__region=pothole","prey_53",18,28,64.2857142857143,11.19,566.12,1.97661273228291,127.067961361044,1.92082119826743
"species=Hoplias_malabaricus__sex=M__region=pothole","prey_54",18,28,64.2857142857143,10.87,566.12,1.92008761393344,123.434203752864,1.86589154827229
"species=Hoplias_malabaricus__sex=M__region=pothole","prey_27",20,28,71.4285714285714,9.77,566.12,1.72578251960715,123.270179971939,1.86341208490445
"species=Hoplias_malabaricus__sex=M__region=pothole","prey_45",19,28,67.8571428571429,10.22,566.12,1.80527096728609,122.500529922985,1.85177767987076
"species=Hoplias_malabaricus__sex=M__region=pothole","prey_30",19,28,67.8571428571429,10.13,566.12,1.7893732777503,121.421758133056,1.83547044002846
"species=Hoplias_malabaricus__sex=M__region=pothole","prey_21",17,28,60.7142857142857,11.2,566.12,1.97837914223133,120.115876492616,1.81573009706145
"species=Hoplias_malabaricus__sex=M__region=pothole","prey_48",19,28,67.8571428571429,9.84,566.12,1.7381473892461,117.945715698842,1.78292488942547
"species=Hoplias_malabaricus__sex=M__region=pothole","prey_41",19,28,67.8571428571429,9.82,566.12,1.73461456934925,117.705988634414,1.7793010583494
"species=Hoplias_malabaricus__sex=M__region=pothole","prey_10",19,28,67.8571428571429,9.76,566.12,1.72401610965873,116.986807441128,1.7684295651212
"species=Hoplias_malabaricus__sex=M__region=pothole","prey_6",19,28,67.8571428571429,9.72,566.12,1.71695046986505,116.507353312271,1.76118190296906
"species=Hoplias_malabaricus__sex=M__region=pothole","prey_2",17,28,60.7142857142857,10.62,566.12,1.87592736522292,113.895590031392,1.72170121703506
"species=Hoplias_malabaricus__sex=M__region=pothole","prey_3",18,28,64.2857142857143,9.99,566.12,1.76464353847241,113.441370330369,1.71483501078567
"species=Hoplias_malabaricus__sex=M__region=pothole","prey_24",17,28,60.7142857142857,10.54,566.12,1.86179608563555,113.037619485016,1.70873171634176
"species=Hoplias_malabaricus__sex=M__region=pothole","prey_25",18,28,64.2857142857143,9.9,566.12,1.74874584893662,112.419376003069,1.69938604672453
"species=Hoplias_malabaricus__sex=M__region=pothole","prey_52",20,28,71.4285714285714,8.91,566.12,1.57387126404296,112.419376003069,1.69938604672453
"species=Hoplias_malabaricus__sex=M__region=pothole","prey_50",19,28,67.8571428571429,9.31,566.12,1.64452766197979,111.592948491486,1.68689336590967
"species=Hoplias_malabaricus__sex=M__region=pothole","prey_35",19,28,67.8571428571429,8.62,566.12,1.52264537553875,103.322364768701,1.56187119378532
"species=Hoplias_malabaricus__sex=M__region=pothole","prey_34",20,28,71.4285714285714,7.99,566.12,1.41136154878824,100.81153919916,1.52391633146229
"species=Hoplias_malabaricus__sex=M__region=pothole","prey_17",18,28,64.2857142857143,8.8,566.12,1.55444075461033,99.9283342249498,1.51056537486625
"species=Hoplias_malabaricus__sex=M__region=pothole","prey_28",19,28,67.8571428571429,8.26,566.12,1.45905461739561,99.0072776089875,1.4966422344161
"species=Hoplias_malabaricus__sex=M__region=pothole","prey_19",19,28,67.8571428571429,8.25,566.12,1.45728820744718,98.8874140767732,1.49483031887806
"species=Hoplias_malabaricus__sex=M__region=pothole","prey_18",18,28,64.2857142857143,8.64,566.12,1.5261781954356,98.1114554208598,1.48310054986868
"species=Hoplias_malabaricus__sex=M__region=pothole","prey_22",18,28,64.2857142857143,8.53,566.12,1.50674768600297,96.8623512430479,1.46421848268286
"species=Hoplias_malabaricus__sex=M__region=pothole","prey_55",17,28,60.7142857142857,8.93,566.12,1.5774040839398,95.7709622392022,1.44772051488918
"species=Hoplias_malabaricus__sex=M__region=pothole","prey_40",18,28,64.2857142857143,8.4,566.12,1.4837843566735,95.3861372147248,1.44190331237233
"species=Hoplias_malabaricus__sex=M__region=pothole","prey_11",17,28,60.7142857142857,8.87,566.12,1.56680562424928,95.1274843294203,1.4379933893692
"species=Hoplias_malabaricus__sex=M__region=pothole","prey_36",18,28,64.2857142857143,8.36,566.12,1.47671871687981,94.9319175137023,1.43503710612294
"species=Hoplias_malabaricus__sex=M__region=pothole","prey_1",16,28,57.1428571428571,9.06,566.12,1.60036741326927,91.4495664725298,1.38239619154427
"species=Hoplias_malabaricus__sex=M__region=pothole","prey_26",17,28,60.7142857142857,8.45,566.12,1.4926164064156,90.6231389609472,1.3699035107294
"species=Hoplias_malabaricus__sex=M__region=pothole","prey_39",15,28,53.5714285714286,9.37,566.12,1.65512612167032,88.667470803767,1.34034067826674
"species=Hoplias_malabaricus__sex=M__region=pothole","prey_47",18,28,64.2857142857143,7.8,566.12,1.37779975976825,88.5728416993873,1.33891021863145
"species=Hoplias_malabaricus__sex=M__region=pothole","prey_32",16,28,57.1428571428571,8.59,566.12,1.51734614569349,86.7054940396281,1.31068248182839
"species=Hoplias_malabaricus__sex=M__region=pothole","prey_42",17,28,60.7142857142857,7.94,566.12,1.40252949904614,85.1535767278013,1.28722294380964
"species=Hoplias_malabaricus__sex=M__region=pothole","prey_8",18,28,64.2857142857143,7.47,566.12,1.31950823147036,84.8255291659517,1.28226401707397
"species=Hoplias_malabaricus__sex=M__region=pothole","prey_15",16,28,57.1428571428571,8.18,566.12,1.44492333780824,82.5670478747565,1.24812371377838
"species=Hoplias_malabaricus__sex=M__region=pothole","prey_16",16,28,57.1428571428571,8.02,566.12,1.41666077863351,80.9520444933432,1.22371053600276
"species=Hoplias_malabaricus__sex=M__region=pothole","prey_33",16,28,57.1428571428571,7.73,566.12,1.3654348901293,78.0248508645315,1.17946165128446
"species=Hoplias_malabaricus__sex=M__region=pothole","prey_57",17,28,60.7142857142857,7.12,566.12,1.25768388327563,76.359378627449,1.15428556170335
"species=Hoplias_malabaricus__sex=M__region=pothole","prey_12",15,28,53.5714285714286,7.23,566.12,1.27711439270826,68.4168424665139,1.03422231631468
"species=Hoplias_malabaricus__sex=M__region=pothole","prey_29",14,28,50,7.66,566.12,1.35307002049036,67.6535010245178,1.02268327525667
"species=Hoplias_malabaricus__sex=M__region=pothole","prey_4",15,28,53.5714285714286,6.24,566.12,1.1022398078146,59.0485611329249,0.892606812420967
"species=Hoplias_malabaricus__sex=M__region=pothole","prey_31",13,28,46.4285714285714,7.12,566.12,1.25768388327563,58.3924660092257,0.882688958949623
"species=Hoplias_malabaricus__sex=M__region=pothole","prey_7",16,28,57.1428571428571,5.53,566.12,0.976824701476719,55.8185543700982,0.843780456869735
"species=Hoplias_malabaricus__sex=M__region=pothole","prey_23",13,28,46.4285714285714,6.79,566.12,1.19939235497774,55.6860736239666,0.841777813380329
"species=Hoplias_malabaricus__sex=M__region=valley","prey_52",16,21,76.1904761904762,10.5,412.06,2.54817259622385,194.146483521817,2.96789374940377
"species=Hoplias_malabaricus__sex=M__region=valley","prey_34",16,21,76.1904761904762,10.33,412.06,2.50691646847546,191.003159502893,2.91984213631819
"species=Hoplias_malabaricus__sex=M__region=valley","prey_28",17,21,80.9523809523809,9.69,412.06,2.35159928165801,190.367560896125,2.91012581749573
"species=Hoplias_malabaricus__sex=M__region=valley","prey_21",16,21,76.1904761904762,9.26,412.06,2.24724554676503,171.218708324955,2.61739963042656
"species=Hoplias_malabaricus__sex=M__region=valley","prey_35",16,21,76.1904761904762,9.03,412.06,2.19142843275251,166.965975828763,2.55238862448724
"species=Hoplias_malabaricus__sex=M__region=valley","prey_3",18,21,85.7142857142857,7.85,412.06,1.90506236955783,163.291060247814,2.49621063565924
"species=Hoplias_malabaricus__sex=M__region=valley","prey_56",17,21,80.9523809523809,8.16,412.06,1.98029413192254,160.309524965158,2.45063226736483
"species=Hoplias_malabaricus__sex=M__region=valley","prey_22",15,21,71.4285714285714,9.2,412.06,2.2326845605009,159.477468607207,2.43791272272453
"species=Hoplias_malabaricus__sex=M__region=valley","prey_23",16,21,76.1904761904762,8.54,412.06,2.0725137115954,157.905806597745,2.41388691618173
"species=Hoplias_malabaricus__sex=M__region=valley","prey_59",17,21,80.9523809523809,8.03,412.06,1.94874532835024,157.755574199781,2.41159033173279
"species=Hoplias_malabaricus__sex=M__region=valley","prey_4",14,21,66.6666666666667,9.71,412.06,2.35645294374606,157.096862916404,2.40152069222589
"species=Hoplias_malabaricus__sex=M__region=valley","prey_5",17,21,80.9523809523809,7.49,412.06,1.81769645197301,147.146855635911,2.24941613756894
"species=Hoplias_malabaricus__sex=M__region=valley","prey_53",15,21,71.4285714285714,8.24,412.06,1.99970878027472,142.836341448194,2.18352182991849
"species=Hoplias_malabaricus__sex=M__region=valley","prey_36",14,21,66.6666666666667,8.61,412.06,2.08950152890356,139.300101926904,2.12946376519721
"species=Hoplias_malabaricus__sex=M__region=valley","prey_57",14,21,66.6666666666667,8.29,412.06,2.01184293549483,134.122862366322,2.05031993187977
"species=Hoplias_malabaricus__sex=M__region=valley","prey_46",15,21,71.4285714285714,7.58,412.06,1.83953793136922,131.395566526373,2.00862809111434
"species=Hoplias_malabaricus__sex=M__region=valley","prey_12",15,21,71.4285714285714,7.53,412.06,1.8274037761491,130.528841153507,1.99537856544736
"species=Hoplias_malabaricus__sex=M__region=valley","prey_2",15,21,71.4285714285714,7.49,412.06,1.81769645197301,129.835460855215,1.98477894491377
"species=Hoplias_malabaricus__sex=M__region=valley","prey_1",14,21,66.6666666666667,7.91,412.06,1.91962335582197,127.974890388131,1.95633662981532
"species=Hoplias_malabaricus__sex=M__region=valley","prey_42",16,21,76.1904761904762,6.66,412.06,1.61626947531913,123.144340976695,1.88249260676468
"species=Hoplias_malabaricus__sex=M__region=valley","prey_27",15,21,71.4285714285714,7.02,412.06,1.70363539290395,121.688242350282,1.86023340364415
"species=Hoplias_malabaricus__sex=M__region=valley","prey_9",15,21,71.4285714285714,6.9,412.06,1.67451342037567,119.608101455405,1.8284345420434
"species=Hoplias_malabaricus__sex=M__region=valley","prey_31",14,21,66.6666666666667,7.33,412.06,1.77886715526865,118.591143684577,1.81288843192747
"species=Hoplias_malabaricus__sex=M__region=valley","prey_50",15,21,71.4285714285714,6.7,412.06,1.62597679949522,116.141199963944,1.77543643937547
"species=Hoplias_malabaricus__sex=M__region=valley","prey_45",14,21,66.6666666666667,7.13,412.06,1.7303305343882,115.355368959213,1.76342353610407
"species=Hoplias_malabaricus__sex=M__region=valley","prey_13",15,21,71.4285714285714,6.65,412.06,1.61384264427511,115.274474591079,1.76218691370849
"species=Hoplias_malabaricus__sex=M__region=valley","prey_51",14,21,66.6666666666667,6.77,412.06,1.64296461680338,109.530974453559,1.67438672362196
"species=Hoplias_malabaricus__sex=M__region=valley","prey_58",15,21,71.4285714285714,6.02,412.06,1.46095228850167,104.353734892977,1.59524289030453
"species=Hoplias_malabaricus__sex=M__region=valley","prey_15",13,21,61.9047619047619,6.79,412.06,1.64781827889142,102.007798217088,1.55938084083257
"species=Hoplias_malabaricus__sex=M__region=valley","prey_7",12,21,57.1428571428571,7.21,412.06,1.74974518274038,99.9854390137358,1.52846528094294
"species=Hoplias_malabaricus__sex=M__region=valley","prey_30",13,21,61.9047619047619,6.6,412.06,1.60170848905499,99.1533826557852,1.51574573630264
"species=Hoplias_malabaricus__sex=M__region=valley","prey_55",14,21,66.6666666666667,6.11,412.06,1.48279376789788,98.8529178598586,1.51115256740475
"species=Hoplias_malabaricus__sex=M__region=valley","prey_47",12,21,57.1428571428571,7.12,412.06,1.72790370334417,98.7373544768099,1.50938596398249
"species=Hoplias_malabaricus__sex=M__region=valley","prey_54",12,21,57.1428571428571,6.99,412.06,1.69635489977188,96.9345657012502,1.48182695059517
"species=Hoplias_malabaricus__sex=M__region=valley","prey_18",11,21,52.3809523809524,7.42,412.06,1.80070863466485,94.3228332443495,1.441901713252
"species=Hoplias_malabaricus__sex=M__region=valley","prey_6",12,21,57.1428571428571,6.74,412.06,1.63568412367131,93.4676642097891,1.42882884792724
"species=Hoplias_malabaricus__sex=M__region=valley","prey_24",12,21,57.1428571428571,6.73,412.06,1.63325729262729,93.3289881501307,1.42670892382053
"species=Hoplias_malabaricus__sex=M__region=valley","prey_25",13,21,61.9047619047619,6.21,412.06,1.50706207833811,93.2943191352161,1.42617894279385
"species=Hoplias_malabaricus__sex=M__region=valley","prey_26",13,21,61.9047619047619,6.2,412.06,1.50463524729408,93.1440867372528,1.4238823583449
"species=Hoplias_malabaricus__sex=M__region=valley","prey_29",11,21,52.3809523809524,7.21,412.06,1.74974518274038,91.6533190959245,1.4010931741977
"species=Hoplias_malabaricus__sex=M__region=valley","prey_11",12,21,57.1428571428571,6.47,412.06,1.5701596854827,89.7234105990112,1.37159089704589
"species=Hoplias_malabaricus__sex=M__region=valley","prey_19",13,21,61.9047619047619,5.97,412.06,1.44881813328156,89.6887415840966,1.37106091601921
"species=Hoplias_malabaricus__sex=M__region=valley","prey_17",10,21,47.6190476190476,7.65,412.06,1.85652574867738,88.405988032256,1.35145161803207
"species=Hoplias_malabaricus__sex=M__region=valley","prey_8",13,21,61.9047619047619,5.68,412.06,1.3784400330049,85.3320020431606,1.30445996699985
"species=Hoplias_malabaricus__sex=M__region=valley","prey_40",12,21,57.1428571428571,6.08,412.06,1.47551327476581,84.315044272332,1.28891385688392
"species=Hoplias_malabaricus__sex=M__region=valley","prey_39",13,21,61.9047619047619,5.41,412.06,1.31291559481629,81.2757272981512,1.24245218687838
"species=Hoplias_malabaricus__sex=M__region=valley","prey_48",13,21,61.9047619047619,5.41,412.06,1.31291559481629,81.2757272981512,1.24245218687838
"species=Hoplias_malabaricus__sex=M__region=valley","prey_60",13,21,61.9047619047619,5.24,412.06,1.2716594670679,78.7217765327749,1.20341025124634
"species=Hoplias_malabaricus__sex=M__region=valley","prey_10",11,21,52.3809523809524,6.04,412.06,1.46580595058972,76.7803116975568,1.1737313137523
"species=Hoplias_malabaricus__sex=M__region=valley","prey_33",12,21,57.1428571428571,5.52,412.06,1.33961073630054,76.5491849314594,1.17019810690777
"species=Hoplias_malabaricus__sex=M__region=valley","prey_41",14,21,66.6666666666667,4.66,412.06,1.13090326651459,75.3935511009723,1.15253207268513
"species=Hoplias_malabaricus__sex=M__region=valley","prey_43",11,21,52.3809523809524,5.75,412.06,1.39542785031306,73.0938397783032,1.11737666458207
"species=Hoplias_malabaricus__sex=M__region=valley","prey_49",9,21,42.8571428571429,6.22,412.06,1.50948890938213,64.6923818306627,0.988944595783471
"species=Hoplias_malabaricus__sex=M__region=valley","prey_37",11,21,52.3809523809524,4.73,412.06,1.14789108382274,60.127628200239,0.919163760604037
"species=Hoplias_malabaricus__sex=M__region=valley","prey_44",9,21,42.8571428571429,5.77,412.06,1.40028151240111,60.0120648171903,0.917397157181773
"species=Hoplias_malabaricus__sex=M__region=valley","prey_14",12,21,57.1428571428571,3.95,412.06,0.958598262388972,54.7770435650841,0.837370022153207
"species=Hoplias_malabaricus__sex=M__region=valley","prey_20",9,21,42.8571428571429,4.85,412.06,1.17701305635102,50.4434167007579,0.771122393818301
"species=Hoplias_malabaricus__sex=M__region=valley","prey_16",10,21,47.6190476190476,4.35,412.06,1.05567150414988,50.2700716261848,0.768472488684905
"species=Hoplias_malabaricus__sex=M__region=valley","prey_32",11,21,52.3809523809524,3.89,412.06,0.944037276124836,49.449571606539,0.75592960438683
"species=Hoplias_malabaricus__sex=M__region=valley","prey_38",7,21,33.3333333333333,2.47,412.06,0.599427267873611,19.9809089291204,0.305445731709471
"species=Leporinus_friderici__sex=F__region=montain","prey_2",16,18,88.8888888888889,8.82,363.68,2.42520897492301,215.574131104267,3.24577200935643
"species=Leporinus_friderici__sex=F__region=montain","prey_13",15,18,83.3333333333333,8.87,363.68,2.43895732512099,203.246443760082,3.06016132259689
"species=Leporinus_friderici__sex=F__region=montain","prey_60",15,18,83.3333333333333,8.84,363.68,2.4307083150022,202.559026250183,3.04981128430175
"species=Leporinus_friderici__sex=F__region=montain","prey_26",15,18,83.3333333333333,7.68,363.68,2.11174659040915,175.978882534096,2.64960980355627
"species=Leporinus_friderici__sex=F__region=montain","prey_6",15,18,83.3333333333333,7.43,363.68,2.04300483941927,170.250403284939,2.56335948443009
"species=Leporinus_friderici__sex=F__region=montain","prey_27",13,18,72.2222222222222,8.53,363.68,2.34546854377475,169.394950383732,2.55047943677392
"species=Leporinus_friderici__sex=F__region=montain","prey_59",13,18,72.2222222222222,8.36,363.68,2.29872415310163,166.018966612895,2.49964924870222
"species=Leporinus_friderici__sex=F__region=montain","prey_43",15,18,83.3333333333333,7.07,363.68,1.94401671799384,162.001393166153,2.43915902488839
"species=Leporinus_friderici__sex=F__region=montain","prey_51",12,18,66.6666666666667,8.37,363.68,2.30147382314122,153.431588209415,2.31012854747563
"species=Leporinus_friderici__sex=F__region=montain","prey_45",14,18,77.7777777777778,6.78,363.68,1.86427628684558,144.999266754656,2.18316807772189
"species=Leporinus_friderici__sex=F__region=montain","prey_30",14,18,77.7777777777778,6.46,363.68,1.77628684557853,138.155643544997,2.08012769647248
"species=Leporinus_friderici__sex=F__region=montain","prey_21",12,18,66.6666666666667,7.4,363.68,2.03475582930048,135.650388620032,2.04240755690796
"species=Leporinus_friderici__sex=F__region=montain","prey_41",13,18,72.2222222222222,6.69,363.68,1.83952925648922,132.854890746444,2.00031740117438
"species=Leporinus_friderici__sex=F__region=montain","prey_23",12,18,66.6666666666667,7.23,363.68,1.98801143862736,132.534095908491,1.99548738330332
"species=Leporinus_friderici__sex=F__region=montain","prey_18",13,18,72.2222222222222,6.52,363.68,1.7927848658161,129.478906975607,1.94948721310269
"species=Leporinus_friderici__sex=F__region=montain","prey_32",11,18,61.1111111111111,7.69,363.68,2.11449626044875,129.219215916312,1.94557719863564
"species=Leporinus_friderici__sex=F__region=montain","prey_10",12,18,66.6666666666667,7.01,363.68,1.92751869775627,128.501246517085,1.93476715863849
"species=Leporinus_friderici__sex=F__region=montain","prey_22",13,18,72.2222222222222,6.41,363.68,1.76253849538055,127.294446888596,1.91659709140924
"species=Leporinus_friderici__sex=F__region=montain","prey_37",11,18,61.1111111111111,7.54,363.68,2.07325120985482,126.698685046683,1.90762705822012
"species=Leporinus_friderici__sex=F__region=montain","prey_40",13,18,72.2222222222222,6.27,363.68,1.72404311482622,124.514224959671,1.87473693652667
"species=Leporinus_friderici__sex=F__region=montain","prey_29",12,18,66.6666666666667,6.76,363.68,1.85877694676639,123.918463117759,1.86576690333754
"species=Leporinus_friderici__sex=F__region=montain","prey_11",12,18,66.6666666666667,6.66,363.68,1.83128024637044,122.085349758029,1.83816680121716
"species=Leporinus_friderici__sex=F__region=montain","prey_4",13,18,72.2222222222222,6.06,363.68,1.66630004399472,120.343892066285,1.81194670420281
"species=Leporinus_friderici__sex=F__region=montain","prey_9",13,18,72.2222222222222,6.02,363.68,1.65530136383634,119.549542943736,1.79998665995064
"species=Leporinus_friderici__sex=F__region=montain","prey_49",12,18,66.6666666666667,6.51,363.68,1.79003519577651,119.335679718434,1.7967666480366
"species=Leporinus_friderici__sex=F__region=montain","prey_52",11,18,61.1111111111111,6.84,363.68,1.88077430708315,114.936207655081,1.73052640294769
"species=Leporinus_friderici__sex=F__region=montain","prey_53",12,18,66.6666666666667,6.26,363.68,1.72129344478663,114.752896319108,1.72776639273565
"species=Leporinus_friderici__sex=F__region=montain","prey_36",12,18,66.6666666666667,6.25,363.68,1.71854377474703,114.569584983135,1.72500638252362
"species=Leporinus_friderici__sex=F__region=montain","prey_3",11,18,61.1111111111111,6.81,363.68,1.87252529696436,114.432101481156,1.72293637486459
"species=Leporinus_friderici__sex=F__region=montain","prey_46",14,18,77.7777777777778,5.3,363.68,1.45732512098548,113.347509409982,1.70660631444336
"species=Leporinus_friderici__sex=F__region=montain","prey_35",12,18,66.6666666666667,6.17,363.68,1.69654641443027,113.103094295351,1.70292630082731
"species=Leporinus_friderici__sex=F__region=montain","prey_28",12,18,66.6666666666667,6.04,363.68,1.66080070391553,110.720046927702,1.66704616807082
"species=Leporinus_friderici__sex=F__region=montain","prey_56",12,18,66.6666666666667,5.78,363.68,1.58930928288605,105.953952192404,1.59528590255784
"species=Leporinus_friderici__sex=F__region=montain","prey_54",10,18,55.5555555555556,6.86,363.68,1.88627364716234,104.792980397908,1.5778058378816
"species=Leporinus_friderici__sex=F__region=montain","prey_48",13,18,72.2222222222222,5.12,363.68,1.40783106027277,101.676687686367,1.53088566427696
"species=Leporinus_friderici__sex=F__region=montain","prey_47",11,18,61.1111111111111,5.9,363.68,1.6223053233612,99.1408808720731,1.49270552301044
"species=Leporinus_friderici__sex=F__region=montain","prey_15",11,18,61.1111111111111,5.7,363.68,1.56731192256929,95.7801730459012,1.44210533578974
"species=Leporinus_friderici__sex=F__region=montain","prey_25",11,18,61.1111111111111,5.38,363.68,1.47932248130224,90.403040524026,1.36114503623663
"species=Leporinus_friderici__sex=F__region=montain","prey_20",12,18,66.6666666666667,4.86,363.68,1.33633963924329,89.089309282886,1.34136496305036
"species=Leporinus_friderici__sex=F__region=montain","prey_44",11,18,61.1111111111111,5.24,363.68,1.44082710074791,88.0505450457056,1.32572490518215
"species=Leporinus_friderici__sex=F__region=montain","prey_17",11,18,61.1111111111111,5.17,363.68,1.42157941047074,86.8742973065454,1.30801483965491
"species=Leporinus_friderici__sex=F__region=montain","prey_57",12,18,66.6666666666667,4.69,363.68,1.28959524857017,85.9730165713448,1.29444478944572
"species=Leporinus_friderici__sex=F__region=montain","prey_5",11,18,61.1111111111111,5.09,363.68,1.39958205015398,85.5300141760766,1.28777476476663
"species=Leporinus_friderici__sex=F__region=montain","prey_38",9,18,50,6.14,363.68,1.68829740431148,84.4148702155741,1.2709847026434
"species=Leporinus_friderici__sex=F__region=montain","prey_1",10,18,55.5555555555556,5.3,363.68,1.45732512098548,80.9625067214157,1.21900451031669
"species=Leporinus_friderici__sex=F__region=montain","prey_33",10,18,55.5555555555556,5.12,363.68,1.40783106027277,78.2128366818204,1.17760435713612
"species=Leporinus_friderici__sex=F__region=montain","prey_19",10,18,55.5555555555556,5.08,363.68,1.39683238011439,77.6017988952437,1.168404323096
"species=Leporinus_friderici__sex=F__region=montain","prey_8",9,18,50,5.62,363.68,1.54531456225253,77.2657281126265,1.16334430437393
"species=Leporinus_friderici__sex=F__region=montain","prey_7",10,18,55.5555555555556,4.87,363.68,1.33908930928289,74.3938505157159,1.12010414438533
"species=Leporinus_friderici__sex=F__region=montain","prey_34",14,18,77.7777777777778,3.44,363.68,0.945886493620765,73.5689495038373,1.10768409843116
"species=Leporinus_friderici__sex=F__region=montain","prey_12",9,18,50,5.34,363.68,1.46832380114386,73.4161900571931,1.10538408992113
"species=Leporinus_friderici__sex=F__region=montain","prey_58",9,18,50,5.11,363.68,1.40508139023317,70.2540695116586,1.05777391376348
"species=Leporinus_friderici__sex=F__region=montain","prey_50",10,18,55.5555555555556,4.4,363.68,1.20985481742191,67.2141565234394,1.01200374441385
"species=Leporinus_friderici__sex=F__region=montain","prey_55",11,18,61.1111111111111,3.96,363.68,1.08886933567972,66.542014958205,1.00188370696972
"species=Leporinus_friderici__sex=F__region=montain","prey_31",10,18,55.5555555555556,4.17,363.68,1.14661240651122,63.7006892506233,0.95910354868313
"species=Leporinus_friderici__sex=F__region=montain","prey_16",10,18,55.5555555555556,4.16,363.68,1.14386273647162,63.5479298039791,0.956803540173099
"species=Leporinus_friderici__sex=F__region=montain","prey_42",8,18,44.4444444444444,4.75,363.68,1.30609326880774,58.0485897247886,0.874003233811965
"species=Leporinus_friderici__sex=F__region=montain","prey_14",7,18,38.8888888888889,4.65,363.68,1.27859656841179,49.7231998826808,0.748652770015249
"species=Leporinus_friderici__sex=F__region=montain","prey_24",9,18,50,3.4,363.68,0.934887813462384,46.7443906731192,0.703802604069635
"species=Leporinus_friderici__sex=F__region=montain","prey_39",8,18,44.4444444444444,2.73,363.68,0.750659920809503,33.362663147089,0.502321858590877
"species=Leporinus_friderici__sex=F__region=plains","prey_29",16,18,88.8888888888889,10.06,370.61,2.71444375489059,241.283889323608,3.50858836864592
"species=Leporinus_friderici__sex=F__region=plains","prey_17",15,18,83.3333333333333,7.94,370.61,2.14241385823372,178.534488186144,2.59612869474235
"species=Leporinus_friderici__sex=F__region=plains","prey_36",14,18,77.7777777777778,8.47,370.61,2.28542133239794,177.75499251984,2.58479379196094
"species=Leporinus_friderici__sex=F__region=plains","prey_8",16,18,88.8888888888889,7.14,370.61,1.92655351987264,171.249201766457,2.49019094951609
"species=Leporinus_friderici__sex=F__region=plains","prey_1",13,18,72.2222222222222,8.37,370.61,2.2584387901028,163.109468174091,2.3718284070102
"species=Leporinus_friderici__sex=F__region=plains","prey_40",13,18,72.2222222222222,8.36,370.61,2.25574053587329,162.914594257515,2.36899468131485
"species=Leporinus_friderici__sex=F__region=plains","prey_60",16,18,88.8888888888889,6.79,370.61,1.83211462183967,162.854633052415,2.36812276571628
"species=Leporinus_friderici__sex=F__region=plains","prey_20",14,18,77.7777777777778,7.73,370.61,2.08575051941394,162.225040398862,2.35896765193129
"species=Leporinus_friderici__sex=F__region=plains","prey_57",14,18,77.7777777777778,7.71,370.61,2.08035401095491,161.80531196316,2.3528642427413
"species=Leporinus_friderici__sex=F__region=plains","prey_25",15,18,83.3333333333333,7.18,370.61,1.9373465367907,161.445544732558,2.34763274914988
"species=Leporinus_friderici__sex=F__region=plains","prey_55",14,18,77.7777777777778,7.54,370.61,2.03448368905318,158.237620259692,2.30098526462639
"species=Leporinus_friderici__sex=F__region=plains","prey_38",14,18,77.7777777777778,7.53,370.61,2.03178543482367,158.027756041841,2.29793356003139
"species=Leporinus_friderici__sex=F__region=plains","prey_30",15,18,83.3333333333333,6.96,370.61,1.8779849437414,156.498745311783,2.27569971226785
"species=Leporinus_friderici__sex=F__region=plains","prey_45",13,18,72.2222222222222,7.49,370.61,2.02099241790561,145.960563515405,2.12246054581916
"species=Leporinus_friderici__sex=F__region=plains","prey_59",14,18,77.7777777777778,6.85,370.61,1.84830414721675,143.75698922797,2.09041764757172
"species=Leporinus_friderici__sex=F__region=plains","prey_47",13,18,72.2222222222222,7.33,370.61,1.9778203502334,142.84258085019,2.07712093469352
"species=Leporinus_friderici__sex=F__region=plains","prey_11",13,18,72.2222222222222,7.32,370.61,1.97512209600389,142.647706933614,2.07428720899817
"species=Leporinus_friderici__sex=F__region=plains","prey_10",14,18,77.7777777777778,6.74,370.61,1.8186233506921,141.448482831608,2.05684889702677
"species=Leporinus_friderici__sex=F__region=plains","prey_26",12,18,66.6666666666667,7.85,370.61,2.1181295701681,141.208638011207,2.05336123463249
"species=Leporinus_friderici__sex=F__region=plains","prey_58",12,18,66.6666666666667,7.55,370.61,2.0371819432827,135.81212955218,1.97488883076118
"species=Leporinus_friderici__sex=F__region=plains","prey_22",14,18,77.7777777777778,6.27,370.61,1.69180540190497,131.584864592609,1.91341878106199
"species=Leporinus_friderici__sex=F__region=plains","prey_4",13,18,72.2222222222222,6.73,370.61,1.81592509646259,131.150145855631,1.90709739297236
"species=Leporinus_friderici__sex=F__region=plains","prey_51",12,18,66.6666666666667,7.23,370.61,1.95083780793826,130.055853862551,1.89118493329846
"species=Leporinus_friderici__sex=F__region=plains","prey_49",11,18,61.1111111111111,7.74,370.61,2.08844877364345,127.627425055989,1.85587235155637
"species=Leporinus_friderici__sex=F__region=plains","prey_18",12,18,66.6666666666667,6.98,370.61,1.88338145220043,125.558763480028,1.8257912634057
"species=Leporinus_friderici__sex=F__region=plains","prey_44",12,18,66.6666666666667,6.72,370.61,1.81322684223308,120.881789482205,1.75778184671724
"species=Leporinus_friderici__sex=F__region=plains","prey_28",12,18,66.6666666666667,6.69,370.61,1.80513207954453,120.342138636302,1.74993460633011
"species=Leporinus_friderici__sex=F__region=plains","prey_34",13,18,72.2222222222222,6.06,370.61,1.63514206308518,118.093593445041,1.71723777138373
"species=Leporinus_friderici__sex=F__region=plains","prey_39",12,18,66.6666666666667,6.45,370.61,1.74037397803621,116.024931869081,1.68715668323306
"species=Leporinus_friderici__sex=F__region=plains","prey_46",12,18,66.6666666666667,6.29,370.61,1.69720191036399,113.146794024266,1.6453047345017
"species=Leporinus_friderici__sex=F__region=plains","prey_27",11,18,61.1111111111111,6.78,370.61,1.82941636761016,111.79766690951,1.62568663353387
"species=Leporinus_friderici__sex=F__region=plains","prey_12",10,18,55.5555555555556,7.42,370.61,2.00210463829902,111.228035461057,1.61740343534746
"species=Leporinus_friderici__sex=F__region=plains","prey_16",13,18,72.2222222222222,5.67,370.61,1.52991014813416,110.493510698578,1.60672246926497
"species=Leporinus_friderici__sex=F__region=plains","prey_7",11,18,61.1111111111111,6.68,370.61,1.80243382531502,110.148733769251,1.6017089545732
"species=Leporinus_friderici__sex=F__region=plains","prey_37",13,18,72.2222222222222,5.55,370.61,1.49753109738,108.155023699666,1.57271776092074
"species=Leporinus_friderici__sex=F__region=plains","prey_6",13,18,72.2222222222222,5.39,370.61,1.45435902970778,105.037041034451,1.5273781497951
"species=Leporinus_friderici__sex=F__region=plains","prey_52",11,18,61.1111111111111,6.19,370.61,1.67021936806886,102.068961381986,1.48421832766588
"species=Leporinus_friderici__sex=F__region=plains","prey_56",11,18,61.1111111111111,6.13,370.61,1.65402984269178,101.079601497831,1.46983172028948
"species=Leporinus_friderici__sex=F__region=plains","prey_54",12,18,66.6666666666667,5.33,370.61,1.4381695043307,95.8779669553798,1.39419304211352
"species=Leporinus_friderici__sex=F__region=plains","prey_15",11,18,61.1111111111111,5.77,370.61,1.55689269042929,95.1434421929012,1.38351207603104
"species=Leporinus_friderici__sex=F__region=plains","prey_53",13,18,72.2222222222222,4.82,370.61,1.30055853862551,93.9292277896201,1.36585578516
"species=Leporinus_friderici__sex=F__region=plains","prey_31",12,18,66.6666666666667,5.12,370.61,1.38150616551091,92.100411034061,1.33926235940361
"species=Leporinus_friderici__sex=F__region=plains","prey_35",13,18,72.2222222222222,4.51,370.61,1.21691265751059,87.8881363757649,1.27801028860406
"species=Leporinus_friderici__sex=F__region=plains","prey_32",12,18,66.6666666666667,4.83,370.61,1.30325679285502,86.8837861903348,1.26340570232801
"species=Leporinus_friderici__sex=F__region=plains","prey_48",11,18,61.1111111111111,5.23,370.61,1.41118696203556,86.2392032355066,1.25403260964339
"species=Leporinus_friderici__sex=F__region=plains","prey_43",11,18,61.1111111111111,4.96,370.61,1.3383340978387,81.7870837568094,1.18929287644956
"species=Leporinus_friderici__sex=F__region=plains","prey_50",11,18,61.1111111111111,4.94,370.61,1.33293758937967,81.4572971287577,1.18449734065742
"species=Leporinus_friderici__sex=F__region=plains","prey_5",10,18,55.5555555555556,4.97,370.61,1.34103235206821,74.5017973371229,1.0833551312233
"species=Leporinus_friderici__sex=F__region=plains","prey_33",9,18,50,5.41,370.61,1.45975553816681,72.9877769083403,1.0613392623594
"species=Leporinus_friderici__sex=F__region=plains","prey_2",11,18,61.1111111111111,4.32,370.61,1.16564582714983,71.2339116591565,1.03583573110123
"species=Leporinus_friderici__sex=F__region=plains","prey_13",10,18,55.5555555555556,4.58,370.61,1.23580043711719,68.6555798398436,0.998343360362717
"species=Leporinus_friderici__sex=F__region=plains","prey_24",10,18,55.5555555555556,4.57,370.61,1.23310218288767,68.5056768270929,0.996163571366292
"species=Leporinus_friderici__sex=F__region=plains","prey_41",9,18,50,4.83,370.61,1.30325679285502,65.1628396427511,0.947554276746011
"species=Leporinus_friderici__sex=F__region=plains","prey_3",10,18,55.5555555555556,4.22,370.61,1.1386632848547,63.2590713808166,0.919870956491412
"species=Leporinus_friderici__sex=F__region=plains","prey_21",11,18,61.1111111111111,3.65,370.61,0.984862793772429,60.1860596194262,0.875185282064696
"species=Leporinus_friderici__sex=F__region=plains","prey_9",9,18,50,4.21,370.61,1.13596503062519,56.7982515312593,0.825922050745488
"species=Leporinus_friderici__sex=F__region=plains","prey_19",10,18,55.5555555555556,3.75,370.61,1.01184533606756,56.2136297815314,0.81742087365943
"species=Leporinus_friderici__sex=F__region=plains","prey_14",8,18,44.4444444444444,4.68,370.61,1.26278297941232,56.1236879738809,0.816113000261575
"species=Leporinus_friderici__sex=F__region=plains","prey_23",6,18,33.3333333333333,3.57,370.61,0.963276759936321,32.1092253312107,0.466910803034266
"species=Leporinus_friderici__sex=F__region=plains","prey_42",7,18,38.8888888888889,2.46,370.61,0.663770540460322,25.8132987956792,0.37535966518441
"species=Leporinus_friderici__sex=F__region=pothole","prey_43",14,17,82.3529411764706,7.51,316.22,2.37492884700525,195.582375635726,3.03644660082019
"species=Leporinus_friderici__sex=F__region=pothole","prey_51",13,17,76.4705882352941,7.65,316.22,2.41920182151667,184.997786351274,2.87211921677352
"species=Leporinus_friderici__sex=F__region=pothole","prey_25",13,17,76.4705882352941,7.59,316.22,2.4002276895832,183.546823321068,2.84959279154393
"species=Leporinus_friderici__sex=F__region=pothole","prey_58",13,17,76.4705882352941,7.3,316.22,2.30851938523812,176.533835341739,2.74071506960088
"species=Leporinus_friderici__sex=F__region=pothole","prey_5",12,17,70.5882352941177,7.76,316.22,2.45398773006135,173.222663298448,2.68930861202565
"species=Leporinus_friderici__sex=F__region=pothole","prey_20",13,17,76.4705882352941,7.07,316.22,2.23578521282651,170.971810392616,2.65436377288743
"species=Leporinus_friderici__sex=F__region=pothole","prey_35",12,17,70.5882352941177,7.17,316.22,2.26740876604895,160.052383485808,2.48483798301854
"species=Leporinus_friderici__sex=F__region=pothole","prey_55",11,17,64.7058823529412,7.78,316.22,2.46031244070584,159.196687339789,2.47155316813955
"species=Leporinus_friderici__sex=F__region=pothole","prey_12",13,17,76.4705882352941,6.28,316.22,1.98595914236924,151.867463828236,2.35776584069774
"species=Leporinus_friderici__sex=F__region=pothole","prey_16",12,17,70.5882352941177,6.68,316.22,2.112453355259,149.11435448887,2.3150233928262
"species=Leporinus_friderici__sex=F__region=pothole","prey_14",12,17,70.5882352941177,6.53,316.22,2.06501802542534,145.765978265318,2.26303933460405
"species=Leporinus_friderici__sex=F__region=pothole","prey_10",12,17,70.5882352941177,6.44,316.22,2.03655682752514,143.756952531186,2.23184889967077
"species=Leporinus_friderici__sex=F__region=pothole","prey_38",11,17,64.7058823529412,7.02,316.22,2.21997343621529,143.645339990401,2.23011609773003
"species=Leporinus_friderici__sex=F__region=pothole","prey_22",12,17,70.5882352941177,6.19,316.22,1.95749794446904,138.176325491932,2.14520880263386
"species=Leporinus_friderici__sex=F__region=pothole","prey_2",13,17,76.4705882352941,5.69,316.22,1.79938017835684,137.599660697876,2.13625599260671
"species=Leporinus_friderici__sex=F__region=pothole","prey_45",13,17,76.4705882352941,5.69,316.22,1.79938017835684,137.599660697876,2.13625599260671
"species=Leporinus_friderici__sex=F__region=pothole","prey_6",12,17,70.5882352941177,6.14,316.22,1.94168616785782,137.060200084081,2.12788078322648
"species=Leporinus_friderici__sex=F__region=pothole","prey_17",14,17,82.3529411764706,5.14,316.22,1.62545063563342,133.860640581576,2.07820712759198
"species=Leporinus_friderici__sex=F__region=pothole","prey_32",13,17,76.4705882352941,5.27,316.22,1.66656125482259,127.442919486433,1.97857101599954
"species=Leporinus_friderici__sex=F__region=pothole","prey_59",12,17,70.5882352941177,5.59,316.22,1.7677566251344,124.782820597722,1.93727256974528
"species=Leporinus_friderici__sex=F__region=pothole","prey_50",11,17,64.7058823529412,6.06,316.22,1.91638732527987,124.001532812227,1.92514295616011
"species=Leporinus_friderici__sex=F__region=pothole","prey_23",10,17,58.8235294117647,6.66,316.22,2.10612864461451,123.889920271442,1.92341015421937
"species=Leporinus_friderici__sex=F__region=pothole","prey_37",11,17,64.7058823529412,5.88,316.22,1.85946492947948,120.318318966319,1.86796049211575
"species=Leporinus_friderici__sex=F__region=pothole","prey_3",10,17,58.8235294117647,6.17,316.22,1.95117323382455,114.774896107327,1.78189799572576
"species=Leporinus_friderici__sex=F__region=pothole","prey_53",11,17,64.7058823529412,5.5,316.22,1.7392954272342,112.542645291625,1.74724195691099
"species=Leporinus_friderici__sex=F__region=pothole","prey_27",11,17,64.7058823529412,5.43,316.22,1.7171589399785,111.11028435155,1.72500433200485
"species=Leporinus_friderici__sex=F__region=pothole","prey_34",11,17,64.7058823529412,5.4,316.22,1.70767187401176,110.496415377232,1.71547392133079
"species=Leporinus_friderici__sex=F__region=pothole","prey_24",10,17,58.8235294117647,5.85,316.22,1.84997786351274,108.822227265456,1.68948189221972
"species=Leporinus_friderici__sex=F__region=pothole","prey_46",12,17,70.5882352941177,4.85,316.22,1.53374233128834,108.26416456153,1.68081788251603
"species=Leporinus_friderici__sex=F__region=pothole","prey_49",10,17,58.8235294117647,5.66,316.22,1.78989311239011,105.287830140595,1.63460983076301
"species=Leporinus_friderici__sex=F__region=pothole","prey_48",10,17,58.8235294117647,5.55,316.22,1.75510720384542,103.241600226201,1.60284179518281
"species=Leporinus_friderici__sex=F__region=pothole","prey_15",11,17,64.7058823529412,4.95,316.22,1.56536588451078,101.288380762462,1.57251776121989
"species=Leporinus_friderici__sex=F__region=pothole","prey_18",9,17,52.9411764705882,5.9,316.22,1.86578964012396,98.7770985947981,1.53352971755328
"species=Leporinus_friderici__sex=F__region=pothole","prey_8",11,17,64.7058823529412,4.74,316.22,1.49895642274366,96.9912979422368,1.50580488650147
"species=Leporinus_friderici__sex=F__region=pothole","prey_4",10,17,58.8235294117647,5.2,316.22,1.64442476756688,96.7308686804049,1.50176168197308
"species=Leporinus_friderici__sex=F__region=pothole","prey_54",10,17,58.8235294117647,5.13,316.22,1.62228828031118,95.4287223712456,1.48154565933114
"species=Leporinus_friderici__sex=F__region=pothole","prey_9",9,17,52.9411764705882,5.63,316.22,1.78040604642338,94.2567906930023,1.46335123895339
"species=Leporinus_friderici__sex=F__region=pothole","prey_40",9,17,52.9411764705882,5.33,316.22,1.68553538675606,89.2342263576735,1.38537515162017
"species=Leporinus_friderici__sex=F__region=pothole","prey_33",12,17,70.5882352941177,3.99,316.22,1.26177977357536,89.0668075464959,1.38277594870906
"species=Leporinus_friderici__sex=F__region=pothole","prey_57",12,17,70.5882352941177,3.98,316.22,1.25861741825311,88.8435824649258,1.37931034482759
"species=Leporinus_friderici__sex=F__region=pothole","prey_52",10,17,58.8235294117647,4.77,316.22,1.50844348871039,88.7319699241407,1.37757754288685
"species=Leporinus_friderici__sex=F__region=pothole","prey_47",11,17,64.7058823529412,4.15,316.22,1.31237745873126,84.918541447317,1.31837347657829
"species=Leporinus_friderici__sex=F__region=pothole","prey_11",10,17,58.8235294117647,4.56,316.22,1.44203402694327,84.8255309966628,1.31692947496101
"species=Leporinus_friderici__sex=F__region=pothole","prey_39",11,17,64.7058823529412,4.14,316.22,1.30921510340902,84.7139184558777,1.31519667302027
"species=Leporinus_friderici__sex=F__region=pothole","prey_1",9,17,52.9411764705882,5,316.22,1.581177661122,83.709405588812,1.29960145555363
"species=Leporinus_friderici__sex=F__region=pothole","prey_21",11,17,64.7058823529412,4.08,316.22,1.29024097147555,83.4861805072418,1.29613585167215
"species=Leporinus_friderici__sex=F__region=pothole","prey_29",10,17,58.8235294117647,4.04,316.22,1.27759155018658,75.1524441286223,1.1667533067637
"species=Leporinus_friderici__sex=F__region=pothole","prey_42",11,17,64.7058823529412,3.45,316.22,1.09101258617418,70.5949320465648,1.09599722751689
"species=Leporinus_friderici__sex=F__region=pothole","prey_56",8,17,47.0588235294118,4.58,316.22,1.44835873758776,68.1580582394238,1.05816438514411
"species=Leporinus_friderici__sex=F__region=pothole","prey_36",9,17,52.9411764705882,4.01,316.22,1.26810448421985,67.1349432822272,1.04228036735401
"species=Leporinus_friderici__sex=F__region=pothole","prey_26",9,17,52.9411764705882,3.58,316.22,1.13212320536335,59.9359344015894,0.930514642176399
"species=Leporinus_friderici__sex=F__region=pothole","prey_60",8,17,47.0588235294118,3.99,316.22,1.26177977357536,59.3778716976639,0.921850632472708
"species=Leporinus_friderici__sex=F__region=pothole","prey_44",9,17,52.9411764705882,3.45,316.22,1.09101258617418,57.7594898562803,0.896725004332005
"species=Leporinus_friderici__sex=F__region=pothole","prey_7",9,17,52.9411764705882,3.38,316.22,1.06887609891847,56.5875581780369,0.878530583954254
"species=Leporinus_friderici__sex=F__region=pothole","prey_19",8,17,47.0588235294118,3.3,316.22,1.04357725634052,49.1095179454363,0.762432853924796
"species=Leporinus_friderici__sex=F__region=pothole","prey_28",8,17,47.0588235294118,3.16,316.22,0.999304281829106,47.0260838507815,0.730087217697684
"species=Leporinus_friderici__sex=F__region=pothole","prey_30",6,17,35.2941176470588,4.01,316.22,1.26810448421985,44.7566288548181,0.694853578236008
"species=Leporinus_friderici__sex=F__region=pothole","prey_31",7,17,41.1764705882353,2.97,316.22,0.93921953070647,38.6737453820311,0.600415872465777
"species=Leporinus_friderici__sex=F__region=pothole","prey_41",7,17,41.1764705882353,2.72,316.22,0.86016064765037,35.4183796091329,0.549875815860914
"species=Leporinus_friderici__sex=F__region=pothole","prey_13",7,17,41.1764705882353,2.53,316.22,0.800075896527734,32.9443016217302,0.511465372841217
"species=Leporinus_friderici__sex=F__region=valley","prey_24",21,24,87.5,10.23,484.33,2.11219622984329,184.817170111288,2.72675002316398
"species=Leporinus_friderici__sex=F__region=valley","prey_3",19,24,79.1666666666667,10.46,484.33,2.15968451262569,170.9750239162,2.52252618164879
"species=Leporinus_friderici__sex=F__region=valley","prey_1",20,24,83.3333333333333,9.93,484.33,2.05025499143146,170.854582619289,2.52074921845351
"species=Leporinus_friderici__sex=F__region=valley","prey_56",18,24,75,10.43,484.33,2.15349038878451,161.511779158838,2.38290764487644
"species=Leporinus_friderici__sex=F__region=valley","prey_13",18,24,75,10.35,484.33,2.13697272520802,160.272954390601,2.36463030915352
"species=Leporinus_friderici__sex=F__region=valley","prey_25",18,24,75,10.29,484.33,2.12458447752565,159.343835814424,2.35092230736132
"species=Leporinus_friderici__sex=F__region=valley","prey_14",18,24,75,10.27,484.33,2.12045506163153,159.034129622365,2.34635297343059
"species=Leporinus_friderici__sex=F__region=valley","prey_9",19,24,79.1666666666667,9.64,484.33,1.9903784609667,157.571628159863,2.32477556320214
"species=Leporinus_friderici__sex=F__region=valley","prey_19",18,24,75,9.82,484.33,2.02754320401379,152.065740301034,2.24354295998913
"species=Leporinus_friderici__sex=F__region=valley","prey_32",18,24,75,9.78,484.33,2.01928437222555,151.446327916916,2.23440429212767
"species=Leporinus_friderici__sex=F__region=valley","prey_5",19,24,79.1666666666667,9.14,484.33,1.88714306361365,149.398825869414,2.20419591780784
"species=Leporinus_friderici__sex=F__region=valley","prey_11",17,24,70.8333333333333,10.14,484.33,2.09361385831974,148.297648297648,2.18794939716524
"species=Leporinus_friderici__sex=F__region=valley","prey_47",17,24,70.8333333333333,9.97,484.33,2.05851382321971,145.811395811396,2.15126779977686
"species=Leporinus_friderici__sex=F__region=valley","prey_59",17,24,70.8333333333333,9.97,484.33,2.05851382321971,145.811395811396,2.15126779977686
"species=Leporinus_friderici__sex=F__region=valley","prey_28",17,24,70.8333333333333,9.89,484.33,2.04199615964322,144.641394641395,2.1340058715941
"species=Leporinus_friderici__sex=F__region=valley","prey_40",19,24,79.1666666666667,8.83,484.33,1.82313711725476,144.331688449336,2.12943653766337
"species=Leporinus_friderici__sex=F__region=valley","prey_58",18,24,75,9.32,484.33,1.92430780666075,144.323085499556,2.12930961172085
"species=Leporinus_friderici__sex=F__region=valley","prey_42",17,24,70.8333333333333,9.38,484.33,1.93669605434311,137.182637182637,2.02396107942899
"species=Leporinus_friderici__sex=F__region=valley","prey_39",17,24,70.8333333333333,9.25,484.33,1.90985485103132,135.281385281385,1.995910446132
"species=Leporinus_friderici__sex=F__region=valley","prey_37",19,24,79.1666666666667,8.26,484.33,1.70544876427229,135.014693838223,1.99197574191387
"species=Leporinus_friderici__sex=F__region=valley","prey_60",17,24,70.8333333333333,9.21,484.33,1.90159601924308,134.696384696385,1.98727948204061
"species=Leporinus_friderici__sex=F__region=valley","prey_18",18,24,75,8.69,484.33,1.79423120599591,134.567340449693,1.98537559290281
"species=Leporinus_friderici__sex=F__region=valley","prey_2",16,24,66.6666666666667,9.45,484.33,1.95114900997254,130.076600664836,1.9191202509072
"species=Leporinus_friderici__sex=F__region=valley","prey_7",17,24,70.8333333333333,8.81,484.33,1.81900770136064,128.846378846379,1.9009698411268
"species=Leporinus_friderici__sex=F__region=valley","prey_55",17,24,70.8333333333333,8.8,484.33,1.81694299341358,128.700128700129,1.89881210010395
"species=Leporinus_friderici__sex=F__region=valley","prey_22",16,24,66.6666666666667,9.29,484.33,1.91811368281957,127.874245521304,1.886627209622
"species=Leporinus_friderici__sex=F__region=valley","prey_50",15,24,62.5,9.33,484.33,1.92637251460781,120.398282162988,1.77632856557185
"species=Leporinus_friderici__sex=F__region=valley","prey_48",17,24,70.8333333333333,8.06,484.33,1.66415460533108,117.877617877618,1.73913926441339
"species=Leporinus_friderici__sex=F__region=valley","prey_36",15,24,62.5,9.11,484.33,1.88094893977247,117.559308735779,1.73444300454014
"species=Leporinus_friderici__sex=F__region=valley","prey_27",16,24,66.6666666666667,8.37,484.33,1.72816055168996,115.210703445998,1.69979222223209
"species=Leporinus_friderici__sex=F__region=valley","prey_45",15,24,62.5,8.63,484.33,1.78184295831355,111.365184894597,1.64305632592551
"species=Leporinus_friderici__sex=F__region=valley","prey_23",16,24,66.6666666666667,8.08,484.33,1.6682840212252,111.218934748346,1.64089858490267
"species=Leporinus_friderici__sex=F__region=valley","prey_20",16,24,66.6666666666667,7.98,484.33,1.64763694175459,109.842462783639,1.62059043409942
"species=Leporinus_friderici__sex=F__region=valley","prey_49",16,24,66.6666666666667,7.78,484.33,1.60634278281337,107.089518854225,1.57997413249291
"species=Leporinus_friderici__sex=F__region=valley","prey_8",15,24,62.5,8.21,484.33,1.69512522453699,105.945326533562,1.56309298213771
"species=Leporinus_friderici__sex=F__region=valley","prey_34",17,24,70.8333333333333,7.07,484.33,1.45974851857205,103.398853398853,1.5255229031517
"species=Leporinus_friderici__sex=F__region=valley","prey_35",16,24,66.6666666666667,7.28,484.33,1.50310738546033,100.207159030688,1.47843337847666
"species=Leporinus_friderici__sex=F__region=valley","prey_29",14,24,58.3333333333333,8.15,484.33,1.68273697685462,98.1596569831864,1.44822500415682
"species=Leporinus_friderici__sex=F__region=valley","prey_53",14,24,58.3333333333333,7.49,484.33,1.54646625234861,90.210531387002,1.33094543326805
"species=Leporinus_friderici__sex=F__region=valley","prey_46",14,24,58.3333333333333,7.27,484.33,1.50104267751327,87.5608228549405,1.29185224297179
"species=Leporinus_friderici__sex=F__region=valley","prey_44",15,24,62.5,6.71,484.33,1.38541903247786,86.588689529866,1.277509611467
"species=Leporinus_friderici__sex=F__region=valley","prey_33",16,24,66.6666666666667,6.25,484.33,1.29044246691306,86.0294977942037,1.26925942520318
"species=Leporinus_friderici__sex=F__region=valley","prey_26",14,24,58.3333333333333,7.06,484.33,1.45768381062499,85.0315556197909,1.25453601587082
"species=Leporinus_friderici__sex=F__region=valley","prey_51",14,24,58.3333333333333,6.95,484.33,1.43497202320732,83.7067013537602,1.23498942072269
"species=Leporinus_friderici__sex=F__region=valley","prey_52",13,24,54.1666666666667,7.48,484.33,1.54440154440154,83.6550836550837,1.23422786506757
"species=Leporinus_friderici__sex=F__region=valley","prey_21",12,24,50,7.9,484.33,1.6311192781781,81.5559639089051,1.20325793509261
"species=Leporinus_friderici__sex=F__region=valley","prey_41",14,24,58.3333333333333,6.68,484.33,1.37922490863667,80.4547863371393,1.18701141445001
"species=Leporinus_friderici__sex=F__region=valley","prey_38",16,24,66.6666666666667,5.8,484.33,1.19753060929532,79.835373953021,1.17787274658855
"species=Leporinus_friderici__sex=F__region=valley","prey_15",15,24,62.5,6.15,484.33,1.26979538744245,79.3622117151529,1.17089181974993
"species=Leporinus_friderici__sex=F__region=valley","prey_57",14,24,58.3333333333333,6.19,484.33,1.27805421923069,74.5531627884569,1.09994021788107
"species=Leporinus_friderici__sex=F__region=valley","prey_43",14,24,58.3333333333333,6.14,484.33,1.26773067949539,73.9509563038975,1.09105540190465
"species=Leporinus_friderici__sex=F__region=valley","prey_6",14,24,58.3333333333333,6.06,484.33,1.2512130159189,72.9874259286024,1.07683969634238
"species=Leporinus_friderici__sex=F__region=valley","prey_12",14,24,58.3333333333333,5.92,484.33,1.22230710466005,71.301247771836,1.05196221160839
"species=Leporinus_friderici__sex=F__region=valley","prey_30",12,24,50,6.51,484.33,1.34412487353664,67.2062436768319,0.991545462968722
"species=Leporinus_friderici__sex=F__region=valley","prey_31",15,24,62.5,5.13,484.33,1.05919517684224,66.1996985526397,0.976695127693845
"species=Leporinus_friderici__sex=F__region=valley","prey_17",12,24,50,6.2,484.33,1.28011892717775,64.0059463588875,0.944329012351164
"species=Leporinus_friderici__sex=F__region=valley","prey_16",13,24,54.1666666666667,5.64,484.33,1.16449528214234,63.0768277827101,0.930621010558969
"species=Leporinus_friderici__sex=F__region=valley","prey_10",15,24,62.5,4.13,484.33,0.852724382136147,53.2952738835092,0.786306213913368
"species=Leporinus_friderici__sex=F__region=valley","prey_4",12,24,50,5.08,484.33,1.04887163710693,52.4435818553466,0.773740545603857
"species=Leporinus_friderici__sex=F__region=valley","prey_54",10,24,41.6666666666667,3.94,484.33,0.81349493114199,33.8956221309163,0.500088213530052
"species=Leporinus_friderici__sex=M__region=montain","prey_23",19,20,95,10.92,390.27,2.79806287954493,265.815973556768,4.01598030334704
"species=Leporinus_friderici__sex=M__region=montain","prey_55",18,20,90,8.28,390.27,2.12160811745715,190.944730571143,2.8848163891018
"species=Leporinus_friderici__sex=M__region=montain","prey_1",14,20,70,9.62,390.27,2.46496015578958,172.547210905271,2.6068644074358
"species=Leporinus_friderici__sex=M__region=montain","prey_47",16,20,80,8.13,390.27,2.08317318779307,166.653855023445,2.51782686456228
"species=Leporinus_friderici__sex=M__region=montain","prey_9",14,20,70,9.21,390.27,2.35990468137443,165.19332769621,2.49576103871972
"species=Leporinus_friderici__sex=M__region=montain","prey_38",16,20,80,8.05,390.27,2.06267455863889,165.013964691111,2.49305120045835
"species=Leporinus_friderici__sex=M__region=montain","prey_49",16,20,80,8.04,390.27,2.06011222999462,164.80897839957,2.48995424244536
"species=Leporinus_friderici__sex=M__region=montain","prey_15",15,20,75,8.53,390.27,2.18566633356394,163.924975017296,2.47659861101433
"species=Leporinus_friderici__sex=M__region=montain","prey_21",15,20,75,8.32,390.27,2.13185743203423,159.889307402567,2.41562725013356
"species=Leporinus_friderici__sex=M__region=montain","prey_14",15,20,75,8.24,390.27,2.11135880288006,158.351910216004,2.39240006503612
"species=Leporinus_friderici__sex=M__region=montain","prey_4",16,20,80,7.22,390.27,1.85000128116432,148.000102493146,2.23600368538004
"species=Leporinus_friderici__sex=M__region=montain","prey_6",14,20,70,8.1,390.27,2.07548620186025,145.284034130218,2.19496899170789
"species=Leporinus_friderici__sex=M__region=montain","prey_7",16,20,80,7.06,390.27,1.80900402285597,144.720321828478,2.18645235717217
"species=Leporinus_friderici__sex=M__region=montain","prey_3",15,20,75,7.22,390.27,1.85000128116432,138.750096087324,2.09625345504378
"species=Leporinus_friderici__sex=M__region=montain","prey_27",13,20,65,7.92,390.27,2.02936428626336,131.908678607118,1.99289248136018
"species=Leporinus_friderici__sex=M__region=montain","prey_46",16,20,80,6.4,390.27,1.63989033233403,131.191226586722,1.98205312831471
"species=Leporinus_friderici__sex=M__region=montain","prey_22",15,20,75,6.82,390.27,1.74750813539345,131.063110154508,1.98011752955659
"species=Leporinus_friderici__sex=M__region=montain","prey_39",14,20,70,7.28,390.27,1.86537525302995,130.576267712097,1.97276225427574
"species=Leporinus_friderici__sex=M__region=montain","prey_13",15,20,75,6.71,390.27,1.71932252030645,128.949189022984,1.94818015004762
"species=Leporinus_friderici__sex=M__region=montain","prey_50",13,20,65,7.7,390.27,1.97299305608937,128.244548645809,1.93753435687796
"species=Leporinus_friderici__sex=M__region=montain","prey_41",13,20,65,7.56,390.27,1.93712045506957,125.912829579522,1.90230645948018
"species=Leporinus_friderici__sex=M__region=montain","prey_48",13,20,65,7.56,390.27,1.93712045506957,125.912829579522,1.90230645948018
"species=Leporinus_friderici__sex=M__region=montain","prey_40",12,20,60,7.99,390.27,2.04730058677326,122.838035206396,1.8558520892853
"species=Leporinus_friderici__sex=M__region=montain","prey_17",13,20,65,7.3,390.27,1.8704999103185,121.582494170702,1.83688322145572
"species=Leporinus_friderici__sex=M__region=montain","prey_10",13,20,65,7.27,390.27,1.86281292438568,121.082840085069,1.82933438629906
"species=Leporinus_friderici__sex=M__region=montain","prey_24",14,20,70,6.68,390.27,1.71163553437364,119.814487406155,1.81017195859367
"species=Leporinus_friderici__sex=M__region=montain","prey_44",13,20,65,7.08,390.27,1.81412868014452,117.918364209394,1.7815250969735
"species=Leporinus_friderici__sex=M__region=montain","prey_57",16,20,80,5.72,390.27,1.46565198452353,117.252158761883,1.77145998343127
"species=Leporinus_friderici__sex=M__region=montain","prey_18",12,20,60,7.6,390.27,1.94736976964665,116.842186178799,1.76526606740529
"species=Leporinus_friderici__sex=M__region=montain","prey_25",13,20,65,6.53,390.27,1.67320060470956,108.758039306121,1.64312978576793
"species=Leporinus_friderici__sex=M__region=montain","prey_52",11,20,55,7.29,390.27,1.86793758167423,102.736566992082,1.5521566441363
"species=Leporinus_friderici__sex=M__region=montain","prey_12",12,20,60,6.62,390.27,1.69626156250801,101.77569375048,1.5376396534504
"species=Leporinus_friderici__sex=M__region=montain","prey_36",12,20,60,6.54,390.27,1.67576293335383,100.54577600123,1.51905790537245
"species=Leporinus_friderici__sex=M__region=montain","prey_45",12,20,60,6.52,390.27,1.67063827606529,100.238296563917,1.51441246835296
"species=Leporinus_friderici__sex=M__region=montain","prey_29",11,20,55,7.1,390.27,1.81925333743306,100.058933558818,1.51170263009159
"species=Leporinus_friderici__sex=M__region=montain","prey_5",13,20,65,5.95,390.27,1.52458554334179,99.0980603172163,1.49718563940569
"species=Leporinus_friderici__sex=M__region=montain","prey_19",14,20,70,5.41,390.27,1.38621979655111,97.0353857585774,1.46602249939996
"species=Leporinus_friderici__sex=M__region=montain","prey_58",13,20,65,5.65,390.27,1.44771568401363,94.1015194608861,1.42169728783902
"species=Leporinus_friderici__sex=M__region=montain","prey_43",12,20,60,5.86,390.27,1.50152458554334,90.0914751326005,1.36111304670987
"species=Leporinus_friderici__sex=M__region=montain","prey_26",12,20,60,5.71,390.27,1.46308965587926,87.7853793527558,1.32627226906371
"species=Leporinus_friderici__sex=M__region=montain","prey_37",11,20,55,6.02,390.27,1.54252184385169,84.8387014118431,1.28175349762696
"species=Leporinus_friderici__sex=M__region=montain","prey_16",11,20,55,5.97,390.27,1.52971020063033,84.1340610346683,1.2711077044573
"species=Leporinus_friderici__sex=M__region=montain","prey_53",11,20,55,5.95,390.27,1.52458554334179,83.8522048837984,1.26684938718943
"species=Leporinus_friderici__sex=M__region=montain","prey_59",12,20,60,5.29,390.27,1.35547185281984,81.3283111691906,1.22871809165447
"species=Leporinus_friderici__sex=M__region=montain","prey_28",12,20,60,5.23,390.27,1.34009788095421,80.4058728572527,1.21478178059601
"species=Leporinus_friderici__sex=M__region=montain","prey_2",12,20,60,5.14,390.27,1.31703692315576,79.0222153893458,1.19387731400832
"species=Leporinus_friderici__sex=M__region=montain","prey_32",12,20,60,5.12,390.27,1.31191226586722,78.7147359520332,1.18923187698883
"species=Leporinus_friderici__sex=M__region=montain","prey_51",10,20,50,5.55,390.27,1.42209239757091,71.1046198785456,1.07425731075651
"species=Leporinus_friderici__sex=M__region=montain","prey_42",10,20,50,5.49,390.27,1.40671842570528,70.3359212852641,1.06264371820779
"species=Leporinus_friderici__sex=M__region=montain","prey_34",13,20,65,4.21,390.27,1.07874035923848,70.118123350501,1.05935320031899
"species=Leporinus_friderici__sex=M__region=montain","prey_31",11,20,55,4.91,390.27,1.25810336433751,69.1956850385631,1.04541688926052
"species=Leporinus_friderici__sex=M__region=montain","prey_30",11,20,55,4.77,390.27,1.2222307633177,67.2226919824737,1.01560866838548
"species=Leporinus_friderici__sex=M__region=montain","prey_35",10,20,50,4.86,390.27,1.24529172111615,62.2645860558075,0.940700996446241
"species=Leporinus_friderici__sex=M__region=montain","prey_60",10,20,50,4.54,390.27,1.16329720449945,58.1648602249725,0.878761836186406
"species=Leporinus_friderici__sex=M__region=montain","prey_8",9,20,45,4.88,390.27,1.25041637840469,56.2687370282112,0.850114974566232
"species=Leporinus_friderici__sex=M__region=montain","prey_33",11,20,55,3.84,390.27,0.983934199400415,54.1163809670228,0.817596915429819
"species=Leporinus_friderici__sex=M__region=montain","prey_11",8,20,40,4.59,390.27,1.17610884772081,47.0443539088323,0.710751863981604
"species=Leporinus_friderici__sex=M__region=montain","prey_54",9,20,45,3.83,390.27,0.981371870756143,44.1617341840264,0.667200891923908
"species=Leporinus_friderici__sex=M__region=montain","prey_20",9,20,45,3.8,390.27,0.973684884823327,43.8158198170497,0.661974775276984
"species=Leporinus_friderici__sex=M__region=montain","prey_56",9,20,45,2.57,390.27,0.658518461577882,29.6333307710047,0.447703992753118
"species=Leporinus_friderici__sex=M__region=plains","prey_36",15,16,93.75,9.28,313.81,2.95720340333323,277.23781906249,4.14702885640913
"species=Leporinus_friderici__sex=M__region=plains","prey_3",14,16,87.5,7.61,313.81,2.42503425639718,212.190497434754,3.17402625259934
"species=Leporinus_friderici__sex=M__region=plains","prey_54",14,16,87.5,6.64,313.81,2.1159300213505,185.143876868169,2.7694526041077
"species=Leporinus_friderici__sex=M__region=plains","prey_34",12,16,75,7.13,313.81,2.27207545967305,170.405659475479,2.54899273674113
"species=Leporinus_friderici__sex=M__region=plains","prey_18",13,16,81.25,6.19,313.81,1.97253114942162,160.268155890507,2.39735209824168
"species=Leporinus_friderici__sex=M__region=plains","prey_25",12,16,75,6.68,313.81,2.12867658774418,159.650744080813,2.38811661731146
"species=Leporinus_friderici__sex=M__region=plains","prey_19",11,16,68.75,7.14,313.81,2.27526210127147,156.424269462414,2.33985378148256
"species=Leporinus_friderici__sex=M__region=plains","prey_2",12,16,75,6.52,313.81,2.07769032216947,155.82677416271,2.33091621929203
"species=Leporinus_friderici__sex=M__region=plains","prey_49",12,16,75,6.41,313.81,2.04263726458685,153.197794844014,2.29159094565366
"species=Leporinus_friderici__sex=M__region=plains","prey_55",12,16,75,6.36,313.81,2.02670405659475,152.002804244607,2.27371582127259
"species=Leporinus_friderici__sex=M__region=plains","prey_12",12,16,75,6.29,313.81,2.00439756540582,150.329817405436,2.24869064713909
"species=Leporinus_friderici__sex=M__region=plains","prey_28",11,16,68.75,6.51,313.81,2.07450368057105,142.622128039259,2.13339609488116
"species=Leporinus_friderici__sex=M__region=plains","prey_37",12,16,75,5.64,313.81,1.79726586150856,134.794939613142,2.01631403018513
"species=Leporinus_friderici__sex=M__region=plains","prey_57",11,16,68.75,6.15,313.81,1.95978458302795,134.735190083171,2.01542027396607
"species=Leporinus_friderici__sex=M__region=plains","prey_50",11,16,68.75,6.14,313.81,1.95659794142953,134.51610847328,2.01214316782954
"species=Leporinus_friderici__sex=M__region=plains","prey_45",11,16,68.75,5.89,313.81,1.87693190146904,129.039068225997,1.93021551441629
"species=Leporinus_friderici__sex=M__region=plains","prey_41",12,16,75,5.32,313.81,1.69529333035913,127.146999776935,1.90191323414625
"species=Leporinus_friderici__sex=M__region=plains","prey_10",10,16,62.5,6.35,313.81,2.02351741499634,126.469838437271,1.89178399699698
"species=Leporinus_friderici__sex=M__region=plains","prey_27",12,16,75,5.2,313.81,1.6570536311781,124.279022338358,1.85901293563168
"species=Leporinus_friderici__sex=M__region=plains","prey_29",11,16,68.75,5.66,313.81,1.8036391447054,124.000191198496,1.85484207327609
"species=Leporinus_friderici__sex=M__region=plains","prey_4",11,16,68.75,5.59,313.81,1.78133265351646,122.466619929257,1.83190233032038
"species=Leporinus_friderici__sex=M__region=plains","prey_44",11,16,68.75,5.56,313.81,1.7717727287212,121.809375099583,1.82207101191079
"species=Leporinus_friderici__sex=M__region=plains","prey_8",9,16,56.25,6.48,313.81,2.06494375577579,116.153086262388,1.73746208984038
"species=Leporinus_friderici__sex=M__region=plains","prey_32",11,16,68.75,5.19,313.81,1.65386698957968,113.703355533603,1.70081808485917
"species=Leporinus_friderici__sex=M__region=plains","prey_30",11,16,68.75,5.18,313.81,1.65068034798126,113.484273923712,1.69754097872264
"species=Leporinus_friderici__sex=M__region=plains","prey_5",11,16,68.75,5.18,313.81,1.65068034798126,113.484273923712,1.69754097872264
"species=Leporinus_friderici__sex=M__region=plains","prey_46",10,16,62.5,5.6,313.81,1.78451929511488,111.53245594468,1.66834494223356
"species=Leporinus_friderici__sex=M__region=plains","prey_51",10,16,62.5,5.54,313.81,1.76539944552436,110.337465345273,1.65046981785248
"species=Leporinus_friderici__sex=M__region=plains","prey_40",11,16,68.75,4.96,313.81,1.58057423281604,108.664478506102,1.62544464371898
"species=Leporinus_friderici__sex=M__region=plains","prey_17",11,16,68.75,4.93,313.81,1.57101430802078,108.007233676428,1.61561332530939
"species=Leporinus_friderici__sex=M__region=plains","prey_38",10,16,62.5,5.41,313.81,1.72397310474491,107.748319046557,1.61174038169349
"species=Leporinus_friderici__sex=M__region=plains","prey_24",11,16,68.75,4.87,313.81,1.55189445843026,106.69274401708,1.59595068849021
"species=Leporinus_friderici__sex=M__region=plains","prey_52",10,16,62.5,5.33,313.81,1.69847997195755,106.154998247347,1.58790688251872
"species=Leporinus_friderici__sex=M__region=plains","prey_16",10,16,62.5,5.24,313.81,1.66980019757178,104.362512348236,1.56109419594711
"species=Leporinus_friderici__sex=M__region=plains","prey_22",9,16,56.25,5.66,313.81,1.8036391447054,101.454701889678,1.51759805995317
"species=Leporinus_friderici__sex=M__region=plains","prey_56",10,16,62.5,4.98,313.81,1.58694751601287,99.1842197508046,1.48363532362913
"species=Leporinus_friderici__sex=M__region=plains","prey_14",9,16,56.25,5.49,313.81,1.74946623753226,98.4074758611899,1.47201649278143
"species=Leporinus_friderici__sex=M__region=plains","prey_60",11,16,68.75,4.47,313.81,1.42442879449348,97.929479621427,1.464866443029
"species=Leporinus_friderici__sex=M__region=plains","prey_20",10,16,62.5,4.84,313.81,1.542334533635,96.3959083521876,1.44192670007329
"species=Leporinus_friderici__sex=M__region=plains","prey_23",10,16,62.5,4.7,313.81,1.49772155125713,93.6075969535706,1.40021807651745
"species=Leporinus_friderici__sex=M__region=plains","prey_11",12,16,75,3.83,313.81,1.22048373219464,91.536279914598,1.36923452759025
"species=Leporinus_friderici__sex=M__region=plains","prey_39",12,16,75,3.76,313.81,1.1981772410057,89.8632930754278,1.34420935345675
"species=Leporinus_friderici__sex=M__region=plains","prey_35",9,16,56.25,4.97,313.81,1.58376087441445,89.0865491858131,1.33259052260905
"species=Leporinus_friderici__sex=M__region=plains","prey_48",10,16,62.5,4.32,313.81,1.37662917051719,86.0393231573245,1.28700895543732
"species=Leporinus_friderici__sex=M__region=plains","prey_31",10,16,62.5,4.2,313.81,1.33838947133616,83.6493419585099,1.25125870667517
"species=Leporinus_friderici__sex=M__region=plains","prey_6",9,16,56.25,4.6,313.81,1.46585513527294,82.4543513591026,1.23338358229409
"species=Leporinus_friderici__sex=M__region=plains","prey_7",11,16,68.75,3.76,313.81,1.1981772410057,82.3746853191422,1.23219190733536
"species=Leporinus_friderici__sex=M__region=plains","prey_47",9,16,56.25,4.52,313.81,1.44036200248558,81.0203626398139,1.21193343303681
"species=Leporinus_friderici__sex=M__region=plains","prey_26",8,16,50,5.01,313.81,1.59650744080813,79.8253720404066,1.19405830865573
"species=Leporinus_friderici__sex=M__region=plains","prey_59",10,16,62.5,3.83,313.81,1.22048373219464,76.280233262165,1.14102877299188
"species=Leporinus_friderici__sex=M__region=plains","prey_58",9,16,56.25,4.1,313.81,1.30652305535196,73.491921863548,1.09932014943604
"species=Leporinus_friderici__sex=M__region=plains","prey_9",9,16,56.25,4.03,313.81,1.28421656416303,72.2371817341703,1.08055126883591
"species=Leporinus_friderici__sex=M__region=plains","prey_15",8,16,50,4.53,313.81,1.443548644084,72.1774322042,1.07965751261686
"species=Leporinus_friderici__sex=M__region=plains","prey_53",9,16,56.25,3.86,313.81,1.2300436569899,69.1899557056818,1.03496970166417
"species=Leporinus_friderici__sex=M__region=plains","prey_43",9,16,56.25,3.42,313.81,1.08983142665944,61.3030177495937,0.916993880749087
"species=Leporinus_friderici__sex=M__region=plains","prey_1",8,16,50,3.4,313.81,1.0834581434626,54.1729071731302,0.810338971942013
"species=Leporinus_friderici__sex=M__region=plains","prey_33",8,16,50,3.26,313.81,1.03884516108473,51.9422580542366,0.776972073097342
"species=Leporinus_friderici__sex=M__region=plains","prey_42",7,16,43.75,3.4,313.81,1.0834581434626,47.401293776489,0.709046600449261
"species=Leporinus_friderici__sex=M__region=plains","prey_21",7,16,43.75,3.16,313.81,1.00697874510054,44.0553200981486,0.658996252182255
"species=Leporinus_friderici__sex=M__region=plains","prey_13",5,16,31.25,3.54,313.81,1.12807112584048,35.2522226825149,0.527316169241678
"species=Leporinus_friderici__sex=M__region=pothole","prey_32",17,19,89.4736842105263,8.97,366.72,2.44600785340314,218.85333425186,3.33845628415301
"species=Leporinus_friderici__sex=M__region=pothole","prey_20",15,19,78.9473684210526,9.75,366.72,2.65870418848168,209.897699090659,3.20184426229508
"species=Leporinus_friderici__sex=M__region=pothole","prey_48",15,19,78.9473684210526,9.7,366.72,2.64506980802792,208.821300633783,3.18542454812947
"species=Leporinus_friderici__sex=M__region=pothole","prey_36",15,19,78.9473684210526,7.64,366.72,2.08333333333333,164.473684210526,2.5089323245061
"species=Leporinus_friderici__sex=M__region=pothole","prey_6",14,19,73.6842105263158,8.14,366.72,2.21967713787086,163.555157527326,2.49492083508477
"species=Leporinus_friderici__sex=M__region=pothole","prey_26",14,19,73.6842105263158,7.66,366.72,2.08878708551483,153.910627353725,2.34780019616085
"species=Leporinus_friderici__sex=M__region=pothole","prey_24",15,19,78.9473684210526,7.06,366.72,1.92517452006981,151.987462110774,2.31846364018495
"species=Leporinus_friderici__sex=M__region=pothole","prey_25",13,19,68.4210526315789,8.13,366.72,2.2169502617801,151.686070542849,2.31386612021858
"species=Leporinus_friderici__sex=M__region=pothole","prey_31",13,19,68.4210526315789,8.06,366.72,2.19786212914485,150.380040415174,2.29394353369763
"species=Leporinus_friderici__sex=M__region=pothole","prey_29",14,19,73.6842105263158,7.44,366.72,2.02879581151832,149.490217690824,2.28036990332072
"species=Leporinus_friderici__sex=M__region=pothole","prey_57",14,19,73.6842105263158,7.12,366.72,1.94153577661431,143.060530908423,2.18228947737144
"species=Leporinus_friderici__sex=M__region=pothole","prey_38",14,19,73.6842105263158,7.08,366.72,1.93062827225131,142.256820060623,2.17002942412778
"species=Leporinus_friderici__sex=M__region=pothole","prey_8",14,19,73.6842105263158,7.06,366.72,1.92517452006981,141.854964636723,2.16389939750596
"species=Leporinus_friderici__sex=M__region=pothole","prey_15",13,19,68.4210526315789,7.56,366.72,2.06151832460733,141.051253788923,2.15163934426229
"species=Leporinus_friderici__sex=M__region=pothole","prey_16",15,19,78.9473684210526,6.43,366.72,1.75338132635253,138.424841554147,2.11157524169819
"species=Leporinus_friderici__sex=M__region=pothole","prey_34",14,19,73.6842105263158,6.83,366.72,1.86245636998255,137.233627261872,2.09340409135491
"species=Leporinus_friderici__sex=M__region=pothole","prey_7",14,19,73.6842105263158,6.66,366.72,1.81609947643979,133.817856158721,2.04129886506936
"species=Leporinus_friderici__sex=M__region=pothole","prey_39",12,19,63.1578947368421,7.71,366.72,2.10242146596859,132.784513640121,2.02553593947037
"species=Leporinus_friderici__sex=M__region=pothole","prey_33",15,19,78.9473684210526,6.14,366.72,1.67430191972077,132.181730504271,2.01634089953762
"species=Leporinus_friderici__sex=M__region=pothole","prey_51",13,19,68.4210526315789,7.03,366.72,1.91699389179756,131.162739965096,2.00079690346084
"species=Leporinus_friderici__sex=M__region=pothole","prey_56",13,19,68.4210526315789,6.48,366.72,1.76701570680628,120.901074676219,1.84426229508197
"species=Leporinus_friderici__sex=M__region=pothole","prey_43",12,19,63.1578947368421,6.92,366.72,1.8869982547993,119.178837145219,1.81799075241698
"species=Leporinus_friderici__sex=M__region=pothole","prey_17",12,19,63.1578947368421,6.88,366.72,1.8760907504363,118.489942132819,1.80748213535099
"species=Leporinus_friderici__sex=M__region=pothole","prey_52",13,19,68.4210526315789,6.17,366.72,1.68248254799302,115.117226967943,1.75603369763206
"species=Leporinus_friderici__sex=M__region=pothole","prey_44",13,19,68.4210526315789,6,366.72,1.63612565445026,111.945439515018,1.70765027322404
"species=Leporinus_friderici__sex=M__region=pothole","prey_46",13,19,68.4210526315789,5.94,366.72,1.61976439790576,110.825985119868,1.6905737704918
"species=Leporinus_friderici__sex=M__region=pothole","prey_14",13,19,68.4210526315789,5.93,366.72,1.61703752181501,110.639409387343,1.6877276867031
"species=Leporinus_friderici__sex=M__region=pothole","prey_42",12,19,63.1578947368421,6.34,366.72,1.72883944153578,109.189859465417,1.66561580496007
"species=Leporinus_friderici__sex=M__region=pothole","prey_30",14,19,73.6842105263158,5.27,366.72,1.43706369982548,105.888904197667,1.61526201485218
"species=Leporinus_friderici__sex=M__region=pothole","prey_40",13,19,68.4210526315789,5.56,366.72,1.51614310645724,103.736107283917,1.58242258652095
"species=Leporinus_friderici__sex=M__region=pothole","prey_12",11,19,57.8947368421053,6.45,366.72,1.75883507853403,101.827294020391,1.55330496006726
"species=Leporinus_friderici__sex=M__region=pothole","prey_28",12,19,63.1578947368421,5.91,366.72,1.61158376963351,101.784238082116,1.55264817150063
"species=Leporinus_friderici__sex=M__region=pothole","prey_50",12,19,63.1578947368421,5.91,366.72,1.61158376963351,101.784238082116,1.55264817150063
"species=Leporinus_friderici__sex=M__region=pothole","prey_37",11,19,57.8947368421053,6.41,366.72,1.74792757417103,101.195806925691,1.54367206109009
"species=Leporinus_friderici__sex=M__region=pothole","prey_4",13,19,68.4210526315789,5.42,366.72,1.47796684118674,101.124047028566,1.54257741347905
"species=Leporinus_friderici__sex=M__region=pothole","prey_13",12,19,63.1578947368421,5.77,366.72,1.573407504363,99.3731055387159,1.51586801176965
"species=Leporinus_friderici__sex=M__region=pothole","prey_27",12,19,63.1578947368421,5.73,366.72,1.5625,98.6842105263158,1.50535939470366
"species=Leporinus_friderici__sex=M__region=pothole","prey_5",12,19,63.1578947368421,5.71,366.72,1.5570462478185,98.3397630201157,1.50010508617066
"species=Leporinus_friderici__sex=M__region=pothole","prey_58",11,19,57.8947368421053,5.92,366.72,1.61431064572426,93.460090015615,1.42566904861987
"species=Leporinus_friderici__sex=M__region=pothole","prey_1",12,19,63.1578947368421,5.29,366.72,1.44251745200698,91.1063653899146,1.38976460697772
"species=Leporinus_friderici__sex=M__region=pothole","prey_59",11,19,57.8947368421053,5.34,366.72,1.45615183246073,84.3035271424635,1.28599201345103
"species=Leporinus_friderici__sex=M__region=pothole","prey_21",12,19,63.1578947368421,4.78,366.72,1.30344677137871,82.3229539818132,1.2557797393863
"species=Leporinus_friderici__sex=M__region=pothole","prey_19",10,19,52.6315789473684,5.56,366.72,1.51614310645724,79.7970056030128,1.21724814347765
"species=Leporinus_friderici__sex=M__region=pothole","prey_3",10,19,52.6315789473684,5.44,366.72,1.48342059336824,78.0747680720125,1.19097660081267
"species=Leporinus_friderici__sex=M__region=pothole","prey_23",12,19,63.1578947368421,4.44,366.72,1.21073298429319,76.4673463764122,1.16645649432535
"species=Leporinus_friderici__sex=M__region=pothole","prey_9",10,19,52.6315789473684,5.31,366.72,1.44797120418848,76.2090107467622,1.1625157629256
"species=Leporinus_friderici__sex=M__region=pothole","prey_2",11,19,57.8947368421053,4.78,366.72,1.30344677137871,75.4627078166621,1.15113142777077
"species=Leporinus_friderici__sex=M__region=pothole","prey_55",9,19,47.3684210526316,5.55,366.72,1.51341623036649,71.6881372278865,1.09355296343001
"species=Leporinus_friderici__sex=M__region=pothole","prey_54",12,19,63.1578947368421,4.14,366.72,1.12892670157068,71.3006337834114,1.08764186633039
"species=Leporinus_friderici__sex=M__region=pothole","prey_47",11,19,57.8947368421053,4.48,366.72,1.2216404886562,70.7265546064113,1.07888468544206
"species=Leporinus_friderici__sex=M__region=pothole","prey_10",10,19,52.6315789473684,4.87,366.72,1.32798865619546,69.8941397997612,1.06618677315399
"species=Leporinus_friderici__sex=M__region=pothole","prey_22",10,19,52.6315789473684,4.86,366.72,1.32526178010471,69.7506200055111,1.0639974779319
"species=Leporinus_friderici__sex=M__region=pothole","prey_41",10,19,52.6315789473684,4.84,366.72,1.31980802792321,69.4635804170111,1.05961888748774
"species=Leporinus_friderici__sex=M__region=pothole","prey_45",9,19,47.3684210526316,5.35,366.72,1.45887870855148,69.104780931386,1.05414564943253
"species=Leporinus_friderici__sex=M__region=pothole","prey_35",9,19,47.3684210526316,4.83,366.72,1.31708115183246,62.388054560485,0.951686633039092
"species=Leporinus_friderici__sex=M__region=pothole","prey_49",10,19,52.6315789473684,4.28,366.72,1.16710296684119,61.4264719390098,0.937018355051142
"species=Leporinus_friderici__sex=M__region=pothole","prey_60",9,19,47.3684210526316,4.56,366.72,1.2434554973822,58.9005235602094,0.898486759142497
"species=Leporinus_friderici__sex=M__region=pothole","prey_11",7,19,36.8421052631579,5.08,366.72,1.38525305410122,51.0356388353082,0.778513380972397
"species=Leporinus_friderici__sex=M__region=pothole","prey_53",8,19,42.1052631578947,3.45,366.72,0.940772251308901,39.6114632130063,0.604245481294662
"species=Leporinus_friderici__sex=M__region=pothole","prey_18",7,19,36.8421052631579,2.6,366.72,0.708987783595113,26.1206025535042,0.398451730418943
"species=Leporinus_friderici__sex=M__region=valley","prey_28",16,20,80,10.31,403.01,2.55824917495844,204.659933996675,3.04602083983463
"species=Leporinus_friderici__sex=M__region=valley","prey_35",15,20,75,10.28,403.01,2.55080519093819,191.310389320364,2.84733519339536
"species=Leporinus_friderici__sex=M__region=valley","prey_9",17,20,85,8.23,403.01,2.0421329495546,173.581300712141,2.58346735997371
"species=Leporinus_friderici__sex=M__region=valley","prey_45",16,20,80,8.66,403.01,2.14883005384482,171.906404307585,2.55853932812491
"species=Leporinus_friderici__sex=M__region=valley","prey_39",15,20,75,9.03,403.01,2.24063919009454,168.04793925709,2.50111252882881
"species=Leporinus_friderici__sex=M__region=valley","prey_54",15,20,75,9.02,403.01,2.23815786208779,167.861839656584,2.49834274751227
"species=Leporinus_friderici__sex=M__region=valley","prey_27",17,20,85,7.74,403.01,1.92054787722389,163.246569564031,2.42965217086227
"species=Leporinus_friderici__sex=M__region=valley","prey_42",16,20,80,8.19,403.01,2.0322076375276,162.576611002208,2.41968095812275
"species=Leporinus_friderici__sex=M__region=valley","prey_51",16,20,80,8.19,403.01,2.0322076375276,162.576611002208,2.41968095812275
"species=Leporinus_friderici__sex=M__region=valley","prey_29",15,20,75,8.45,403.01,2.09672216570308,157.254162427731,2.34046521246992
"species=Leporinus_friderici__sex=M__region=valley","prey_1",16,20,80,7.66,403.01,1.9006972531699,152.055780253592,2.26309598769478
"species=Leporinus_friderici__sex=M__region=valley","prey_11",15,20,75,8.06,403.01,1.99995037343987,149.99627800799,2.23244374112516
"species=Leporinus_friderici__sex=M__region=valley","prey_60",13,20,65,8.68,403.01,2.15379270985832,139.996526140791,2.08361415838348
"species=Leporinus_friderici__sex=M__region=valley","prey_59",15,20,75,7.42,403.01,1.84114538100792,138.085903575594,2.05517773686708
"species=Leporinus_friderici__sex=M__region=valley","prey_26",13,20,65,8.55,403.01,2.12153544577058,137.899803975087,2.05240795555055
"species=Leporinus_friderici__sex=M__region=valley","prey_14",13,20,65,7.84,403.01,1.94536115729138,126.44847522394,1.88197407853992
"species=Leporinus_friderici__sex=M__region=valley","prey_57",14,20,70,7.27,403.01,1.80392546090668,126.274782263467,1.87938894931116
"species=Leporinus_friderici__sex=M__region=valley","prey_50",14,20,70,7.21,403.01,1.78903749286618,125.232624500633,1.86387817393857
"species=Leporinus_friderici__sex=M__region=valley","prey_18",15,20,75,6.7,403.01,1.66248976452197,124.686732339148,1.85575348207675
"species=Leporinus_friderici__sex=M__region=valley","prey_43",15,20,75,6.69,403.01,1.66000843651522,124.500632738642,1.85298370076021
"species=Leporinus_friderici__sex=M__region=valley","prey_49",14,20,70,7.14,403.01,1.77166819681894,124.016773777326,1.84578226933723
"species=Leporinus_friderici__sex=M__region=valley","prey_23",14,20,70,6.81,403.01,1.68978437259621,118.284906081735,1.76047300478803
"species=Leporinus_friderici__sex=M__region=valley","prey_5",14,20,70,6.73,403.01,1.66993374854222,116.895362397955,1.73979197095792
"species=Leporinus_friderici__sex=M__region=valley","prey_8",14,20,70,6.57,403.01,1.63023250043423,114.116275030396,1.6984299032977
"species=Leporinus_friderici__sex=M__region=valley","prey_3",14,20,70,6.42,403.01,1.59301258033299,111.51088062331,1.65965296486625
"species=Leporinus_friderici__sex=M__region=valley","prey_58",13,20,65,6.88,403.01,1.70715366864346,110.964988461825,1.65152827300442
"species=Leporinus_friderici__sex=M__region=valley","prey_41",12,20,60,7.39,403.01,1.83370139698767,110.02208381926,1.63749471433399
"species=Leporinus_friderici__sex=M__region=valley","prey_44",12,20,60,7.37,403.01,1.82873874097417,109.72432445845,1.63306306422754
"species=Leporinus_friderici__sex=M__region=valley","prey_6",12,20,60,7.32,403.01,1.81633210094042,108.979926056425,1.62198393896141
"species=Leporinus_friderici__sex=M__region=valley","prey_48",12,20,60,7.02,403.01,1.74189226073795,104.513535644277,1.55550918736463
"species=Leporinus_friderici__sex=M__region=valley","prey_38",13,20,65,6.46,403.01,1.60293789235999,104.190963003399,1.55070823308264
"species=Leporinus_friderici__sex=M__region=valley","prey_16",14,20,70,5.99,403.01,1.48631547604278,104.042083322994,1.54849240802941
"species=Leporinus_friderici__sex=M__region=valley","prey_10",14,20,70,5.84,403.01,1.44909555594154,101.436688915908,1.50971546959796
"species=Leporinus_friderici__sex=M__region=valley","prey_13",13,20,65,6.2,403.01,1.53842336418451,99.9975186719932,1.48829582741677
"species=Leporinus_friderici__sex=M__region=valley","prey_31",14,20,70,5.6,403.01,1.38954368377956,97.2680578645691,1.44767236810763
"species=Leporinus_friderici__sex=M__region=valley","prey_15",12,20,60,6.53,403.01,1.62030718840724,97.2184313044341,1.44693375975655
"species=Leporinus_friderici__sex=M__region=valley","prey_25",12,20,60,6.51,403.01,1.61534453239374,96.9206719436242,1.4425021096501
"species=Leporinus_friderici__sex=M__region=valley","prey_12",11,20,55,7.03,403.01,1.7443735887447,95.9405473809583,1.42791459471637
"species=Leporinus_friderici__sex=M__region=valley","prey_32",12,20,60,6.25,403.01,1.55083000421826,93.0498002530955,1.38489065826623
"species=Leporinus_friderici__sex=M__region=valley","prey_34",16,20,80,4.63,403.01,1.14885486712489,91.9083893699908,1.3679026661915
"species=Leporinus_friderici__sex=M__region=valley","prey_37",13,20,65,5.63,403.01,1.39698766779981,90.8041984069874,1.35146863038007
"species=Leporinus_friderici__sex=M__region=valley","prey_20",12,20,60,6.06,403.01,1.50368477209002,90.2210863254014,1.34278998225493
"species=Leporinus_friderici__sex=M__region=valley","prey_4",12,20,60,6.06,403.01,1.50368477209002,90.2210863254014,1.34278998225493
"species=Leporinus_friderici__sex=M__region=valley","prey_56",13,20,65,5.56,403.01,1.37961837175256,89.6751941639165,1.33466529039311
"species=Leporinus_friderici__sex=M__region=valley","prey_21",11,20,55,6.55,403.01,1.62526984442073,89.3898414431404,1.33041829237442
"species=Leporinus_friderici__sex=M__region=valley","prey_40",13,20,65,5.5,403.01,1.36473040371207,88.7074762412843,1.32026242754714
"species=Leporinus_friderici__sex=M__region=valley","prey_55",12,20,60,5.84,403.01,1.44909555594154,86.9457333564924,1.29404183108396
"species=Leporinus_friderici__sex=M__region=valley","prey_36",12,20,60,5.74,403.01,1.42428227587405,85.4569365524429,1.2718835805517
"species=Leporinus_friderici__sex=M__region=valley","prey_52",12,20,60,5.58,403.01,1.38458102776606,83.0748616659636,1.23643037970009
"species=Leporinus_friderici__sex=M__region=valley","prey_2",11,20,55,6.07,403.01,1.50616610009677,82.8391355053225,1.23292199003248
"species=Leporinus_friderici__sex=M__region=valley","prey_19",11,20,55,6.05,403.01,1.50120344408327,82.56618942458,1.22885964410157
"species=Leporinus_friderici__sex=M__region=valley","prey_30",11,20,55,5.93,403.01,1.47142750800228,80.9285129401256,1.20448556851608
"species=Leporinus_friderici__sex=M__region=valley","prey_22",11,20,55,5.88,403.01,1.45902086796854,80.2461477382695,1.19432970368879
"species=Leporinus_friderici__sex=M__region=valley","prey_24",12,20,60,5.28,403.01,1.31014118756358,78.6084712538151,1.16995562810331
"species=Leporinus_friderici__sex=M__region=valley","prey_46",12,20,60,5.27,403.01,1.30765985955683,78.4595915734101,1.16773980305008
"species=Leporinus_friderici__sex=M__region=valley","prey_17",12,20,60,4.64,403.01,1.15133619513163,69.0801717078981,1.02814282469685
"species=Leporinus_friderici__sex=M__region=valley","prey_53",9,20,45,5.42,403.01,1.34487977965807,60.5195900846133,0.900732884136355
"species=Leporinus_friderici__sex=M__region=valley","prey_33",9,20,45,4.42,403.01,1.09674697898315,49.3536140542418,0.734546005144407
"species=Leporinus_friderici__sex=M__region=valley","prey_47",10,20,50,3.86,403.01,0.957792610605196,47.8896305302598,0.712757058787685
"species=Leporinus_friderici__sex=M__region=valley","prey_7",10,20,50,2.8,403.01,0.694771841889779,34.738592094489,0.517025845752725
"species=Pimelodus_maculatus__sex=F__region=montain","prey_34",14,17,82.3529411764706,7.42,314.73,2.3575763352715,194.153345257653,2.97330948121646
"species=Pimelodus_maculatus__sex=F__region=montain","prey_14",14,17,82.3529411764706,7.35,314.73,2.3353350490897,192.321709925034,2.94525939177102
"species=Pimelodus_maculatus__sex=F__region=montain","prey_20",13,17,76.4705882352941,7.69,314.73,2.44336415340133,186.845494083631,2.86139534883721
"species=Pimelodus_maculatus__sex=F__region=montain","prey_26",14,17,82.3529411764706,6.85,314.73,2.17646871921965,179.238600406324,2.74490161001789
"species=Pimelodus_maculatus__sex=F__region=montain","prey_22",13,17,76.4705882352941,7.36,314.73,2.3385123756871,178.827416964307,2.73860465116279
"species=Pimelodus_maculatus__sex=F__region=montain","prey_50",13,17,76.4705882352941,7.16,314.73,2.27496584373908,173.967976285929,2.66418604651163
"species=Pimelodus_maculatus__sex=F__region=montain","prey_54",13,17,76.4705882352941,6.87,314.73,2.18282337241445,166.921787302282,2.55627906976744
"species=Pimelodus_maculatus__sex=F__region=montain","prey_3",12,17,70.5882352941177,7.24,314.73,2.30038445651829,162.380079283644,2.48672629695886
"species=Pimelodus_maculatus__sex=F__region=montain","prey_31",12,17,70.5882352941177,7.24,314.73,2.30038445651829,162.380079283644,2.48672629695886
"species=Pimelodus_maculatus__sex=F__region=montain","prey_59",13,17,76.4705882352941,6.6,314.73,2.09703555428462,160.361542386471,2.45581395348837
"species=Pimelodus_maculatus__sex=F__region=montain","prey_7",12,17,70.5882352941177,6.96,314.73,2.21141931179106,156.100186714663,2.39055456171735
"species=Pimelodus_maculatus__sex=F__region=montain","prey_21",12,17,70.5882352941177,6.92,314.73,2.19871000540146,155.203059204809,2.37681574239714
"species=Pimelodus_maculatus__sex=F__region=montain","prey_27",13,17,76.4705882352941,6.18,314.73,1.96358783719379,150.156716961878,2.29953488372093
"species=Pimelodus_maculatus__sex=F__region=montain","prey_28",13,17,76.4705882352941,6.06,314.73,1.92545991802497,147.241052554851,2.25488372093023
"species=Pimelodus_maculatus__sex=F__region=montain","prey_36",13,17,76.4705882352941,6.06,314.73,1.92545991802497,147.241052554851,2.25488372093023
"species=Pimelodus_maculatus__sex=F__region=montain","prey_60",12,17,70.5882352941177,6.52,314.73,2.07161694150542,146.231784106265,2.23942754919499
"species=Pimelodus_maculatus__sex=F__region=montain","prey_18",11,17,64.7058823529412,6.95,314.73,2.20824198519366,142.886246100766,2.18819320214669
"species=Pimelodus_maculatus__sex=F__region=montain","prey_39",12,17,70.5882352941177,6.37,314.73,2.0239570425444,142.867555944311,2.18790697674419
"species=Pimelodus_maculatus__sex=F__region=montain","prey_8",12,17,70.5882352941177,6.36,314.73,2.020779715947,142.643274066847,2.18447227191413
"species=Pimelodus_maculatus__sex=F__region=montain","prey_35",14,17,82.3529411764706,5.27,314.73,1.6744511168303,137.895974327201,2.111771019678
"species=Pimelodus_maculatus__sex=F__region=montain","prey_55",11,17,64.7058823529412,6.66,314.73,2.11609951386903,136.924086191526,2.09688729874776
"species=Pimelodus_maculatus__sex=F__region=montain","prey_1",12,17,70.5882352941177,5.87,314.73,1.86509071267436,131.653462071131,2.0161717352415
"species=Pimelodus_maculatus__sex=F__region=montain","prey_4",12,17,70.5882352941177,5.83,314.73,1.85238140628475,130.756334561277,2.00243291592129
"species=Pimelodus_maculatus__sex=F__region=montain","prey_33",11,17,64.7058823529412,6.35,314.73,2.0176023893496,130.550742840268,1.99928443649374
"species=Pimelodus_maculatus__sex=F__region=montain","prey_44",12,17,70.5882352941177,5.78,314.73,1.83649477329775,129.634925173959,1.98525939177102
"species=Pimelodus_maculatus__sex=F__region=montain","prey_40",12,17,70.5882352941177,5.62,314.73,1.78565754773933,126.046415134541,1.93030411449016
"species=Pimelodus_maculatus__sex=F__region=montain","prey_49",13,17,76.4705882352941,5.13,314.73,1.62996854446669,124.644653400394,1.90883720930233
"species=Pimelodus_maculatus__sex=F__region=montain","prey_6",10,17,58.8235294117647,6.43,314.73,2.04302100212881,120.177706007577,1.84042933810376
"species=Pimelodus_maculatus__sex=F__region=montain","prey_29",11,17,64.7058823529412,5.81,314.73,1.84602675308995,119.44878990582,1.82926654740608
"species=Pimelodus_maculatus__sex=F__region=montain","prey_15",11,17,64.7058823529412,5.53,314.73,1.75706160836272,113.692221717588,1.7411091234347
"species=Pimelodus_maculatus__sex=F__region=montain","prey_38",10,17,58.8235294117647,6.01,314.73,1.90957328503797,112.327840296351,1.72021466905188
"species=Pimelodus_maculatus__sex=F__region=montain","prey_43",12,17,70.5882352941177,4.74,314.73,1.50605280716805,106.309609917745,1.62805008944544
"species=Pimelodus_maculatus__sex=F__region=montain","prey_32",10,17,58.8235294117647,5.1,314.73,1.62043656467448,95.3197979220284,1.45974955277281
"species=Pimelodus_maculatus__sex=F__region=montain","prey_5",10,17,58.8235294117647,4.94,314.73,1.56959933911607,92.3293728891805,1.41395348837209
"species=Pimelodus_maculatus__sex=F__region=montain","prey_16",10,17,58.8235294117647,4.63,314.73,1.47110221459664,86.5354243880375,1.32522361359571
"species=Pimelodus_maculatus__sex=F__region=montain","prey_25",10,17,58.8235294117647,4.41,314.73,1.40120102945382,82.4235899678716,1.26225402504472
"species=Pimelodus_maculatus__sex=F__region=montain","prey_56",9,17,52.9411764705882,4.76,314.73,1.51240746036285,80.0686302545039,1.22618962432916
"species=Pimelodus_maculatus__sex=F__region=montain","prey_19",10,17,58.8235294117647,4.2,314.73,1.3344771709084,78.4986571122587,1.20214669051878
"species=Pimelodus_maculatus__sex=F__region=montain","prey_17",10,17,58.8235294117647,4.16,314.73,1.32176786451879,77.7510508540467,1.1906976744186
"species=Pimelodus_maculatus__sex=F__region=montain","prey_51",9,17,52.9411764705882,4.57,314.73,1.45203825501223,76.8726135006476,1.17724508050089
"species=Pimelodus_maculatus__sex=F__region=montain","prey_42",11,17,64.7058823529412,3.69,314.73,1.17243351444095,75.8633450520614,1.16178890876565
"species=Pimelodus_maculatus__sex=F__region=montain","prey_13",10,17,58.8235294117647,3.99,314.73,1.26775331236298,74.5737242566458,1.14203935599284
"species=Pimelodus_maculatus__sex=F__region=montain","prey_9",9,17,52.9411764705882,4.4,314.73,1.39802370285642,74.0130195629868,1.13345259391771
"species=Pimelodus_maculatus__sex=F__region=montain","prey_47",10,17,58.8235294117647,3.86,314.73,1.22644806659677,72.1440039174568,1.10483005366726
"species=Pimelodus_maculatus__sex=F__region=montain","prey_11",9,17,52.9411764705882,4.22,314.73,1.3408318241032,70.9852142172282,1.08708407871199
"species=Pimelodus_maculatus__sex=F__region=montain","prey_2",8,17,47.0588235294118,4.67,314.73,1.48381152098624,69.8264245169996,1.06933810375671
"species=Pimelodus_maculatus__sex=F__region=montain","prey_58",9,17,52.9411764705882,4.07,314.73,1.29317192514219,68.4620430957628,1.04844364937388
"species=Pimelodus_maculatus__sex=F__region=montain","prey_45",8,17,47.0588235294118,4.47,314.73,1.42026498903822,66.8359994841517,1.02354203935599
"species=Pimelodus_maculatus__sex=F__region=montain","prey_57",7,17,41.1764705882353,4.42,314.73,1.40437835605122,57.8273440726972,0.885581395348837
"species=Pimelodus_maculatus__sex=F__region=montain","prey_30",9,17,52.9411764705882,3.33,314.73,1.05804975693452,56.0143988965332,0.857817531305903
"species=Pimelodus_maculatus__sex=F__region=montain","prey_37",8,17,47.0588235294118,3.7,314.73,1.17561084103835,55.3228631076871,0.847227191413238
"species=Pimelodus_maculatus__sex=F__region=montain","prey_24",8,17,47.0588235294118,3.69,314.73,1.17243351444095,55.1733418560447,0.844937388193202
"species=Pimelodus_maculatus__sex=F__region=montain","prey_12",8,17,47.0588235294118,3.64,314.73,1.15654688145394,54.4257355978327,0.833488372093023
"species=Pimelodus_maculatus__sex=F__region=montain","prey_23",8,17,47.0588235294118,3.6,314.73,1.14383757506434,53.8276505912631,0.82432915921288
"species=Pimelodus_maculatus__sex=F__region=montain","prey_46",8,17,47.0588235294118,3.6,314.73,1.14383757506434,53.8276505912631,0.82432915921288
"species=Pimelodus_maculatus__sex=F__region=montain","prey_48",9,17,52.9411764705882,3.11,314.73,0.988148571791694,52.3137479183838,0.801144901610018
"species=Pimelodus_maculatus__sex=F__region=montain","prey_52",9,17,52.9411764705882,3.01,314.73,0.956375305817685,50.6316338374068,0.775384615384615
"species=Pimelodus_maculatus__sex=F__region=montain","prey_10",6,17,35.2941176470588,3.27,314.73,1.03898579735011,36.670086965298,0.561574239713775
"species=Pimelodus_maculatus__sex=F__region=montain","prey_41",8,17,47.0588235294118,2.17,314.73,0.689479871636005,32.4461116064003,0.496887298747764
"species=Pimelodus_maculatus__sex=F__region=montain","prey_53",6,17,35.2941176470588,1.86,314.73,0.590982747116576,20.8582146041145,0.319427549194991
"species=Pimelodus_maculatus__sex=F__region=plains","prey_49",22,24,91.6666666666667,13.33,467.87,2.84908200996003,261.165850913003,3.95850093677953
"species=Pimelodus_maculatus__sex=F__region=plains","prey_5",21,24,87.5,10.34,467.87,2.21001560262466,193.376365229658,2.93101307171898
"species=Pimelodus_maculatus__sex=F__region=plains","prey_13",18,24,75,11.9,467.87,2.5434415542779,190.758116570842,2.89132817519667
"species=Pimelodus_maculatus__sex=F__region=plains","prey_34",19,24,79.1666666666667,10.02,467.87,2.14162053561887,169.544959069827,2.56979952378124
"species=Pimelodus_maculatus__sex=F__region=plains","prey_16",17,24,70.8333333333333,11,467.87,2.35108042832411,166.534863672958,2.52417539104471
"species=Pimelodus_maculatus__sex=F__region=plains","prey_4",21,24,87.5,8.81,467.87,1.88300168850322,164.762647744031,2.49731384543948
"species=Pimelodus_maculatus__sex=F__region=plains","prey_51",17,24,70.8333333333333,10.52,467.87,2.24848782781542,159.267887803592,2.41402955579912
"species=Pimelodus_maculatus__sex=F__region=plains","prey_48",19,24,79.1666666666667,9.28,467.87,1.98345694316797,157.023674667465,2.38001393020857
"species=Pimelodus_maculatus__sex=F__region=plains","prey_23",18,24,75,9.72,467.87,2.07750016030094,155.81251202257,2.36165629100098
"species=Pimelodus_maculatus__sex=F__region=plains","prey_21",18,24,75,9.57,467.87,2.04543997264197,153.407997948148,2.32521097786825
"species=Pimelodus_maculatus__sex=F__region=plains","prey_11",16,24,66.6666666666667,10.36,467.87,2.21429029431252,147.619352954168,2.23747226106723
"species=Pimelodus_maculatus__sex=F__region=plains","prey_22",18,24,75,8.81,467.87,1.88300168850322,141.225126637741,2.14055472466241
"species=Pimelodus_maculatus__sex=F__region=plains","prey_29",18,24,75,8.45,467.87,1.8060572381217,135.454292859128,2.05308597314385
"species=Pimelodus_maculatus__sex=F__region=plains","prey_33",19,24,79.1666666666667,7.89,467.87,1.68636587086156,133.50396477654,2.02352477471397
"species=Pimelodus_maculatus__sex=F__region=plains","prey_45",17,24,70.8333333333333,8.73,467.87,1.86590292175177,132.168123624084,2.00327737852912
"species=Pimelodus_maculatus__sex=F__region=plains","prey_31",16,24,66.6666666666667,9.02,467.87,1.92788595122577,128.525730081718,1.94806947826509
"species=Pimelodus_maculatus__sex=F__region=plains","prey_9",16,24,66.6666666666667,8.99,467.87,1.92147391369397,128.098260912932,1.94159031148594
"species=Pimelodus_maculatus__sex=F__region=plains","prey_43",17,24,70.8333333333333,8.42,467.87,1.79964520058991,127.474868375118,1.93214152659968
"species=Pimelodus_maculatus__sex=F__region=plains","prey_37",17,24,70.8333333333333,8.22,467.87,1.75689828371129,124.446961762883,1.88624742858069
"species=Pimelodus_maculatus__sex=F__region=plains","prey_53",17,24,70.8333333333333,7.88,467.87,1.68422852501763,119.299520522082,1.80822746194839
"species=Pimelodus_maculatus__sex=F__region=plains","prey_1",17,24,70.8333333333333,7.87,467.87,1.6820911791737,119.148125191471,1.80593275704744
"species=Pimelodus_maculatus__sex=F__region=plains","prey_57",16,24,66.6666666666667,8.23,467.87,1.75903562955522,117.269041970348,1.77745141974742
"species=Pimelodus_maculatus__sex=F__region=plains","prey_44",15,24,62.5,8.76,467.87,1.87231495928356,117.019684955223,1.77367190579292
"species=Pimelodus_maculatus__sex=F__region=plains","prey_42",17,24,70.8333333333333,7.69,467.87,1.64361895398294,116.423009240459,1.76462806883035
"species=Pimelodus_maculatus__sex=F__region=plains","prey_15",15,24,62.5,8.71,467.87,1.86162823006391,116.351764378994,1.76354820770049
"species=Pimelodus_maculatus__sex=F__region=plains","prey_36",18,24,75,7.2,467.87,1.53888900763032,115.416675572274,1.74937503037109
"species=Pimelodus_maculatus__sex=F__region=plains","prey_7",15,24,62.5,8.4,467.87,1.79537050890205,112.210656806378,1.70078127952745
"species=Pimelodus_maculatus__sex=F__region=plains","prey_6",16,24,66.6666666666667,7.75,467.87,1.65644302904653,110.429535269769,1.67378475128098
"species=Pimelodus_maculatus__sex=F__region=plains","prey_50",15,24,62.5,8.19,467.87,1.75048624617949,109.405390386218,1.65826174753927
"species=Pimelodus_maculatus__sex=F__region=plains","prey_20",15,24,62.5,8.09,467.87,1.72911278774018,108.069549233762,1.63801435135442
"species=Pimelodus_maculatus__sex=F__region=plains","prey_39",13,24,54.1666666666667,9.3,467.87,1.98773163485584,107.668796888024,1.63194013249896
"species=Pimelodus_maculatus__sex=F__region=plains","prey_10",16,24,66.6666666666667,7.51,467.87,1.60514672879219,107.009781919479,1.62195141704777
"species=Pimelodus_maculatus__sex=F__region=plains","prey_3",16,24,66.6666666666667,7.31,467.87,1.56239981191357,104.159987460904,1.57875697185342
"species=Pimelodus_maculatus__sex=F__region=plains","prey_52",16,24,66.6666666666667,7.26,467.87,1.55171308269391,103.447538846261,1.56795836055483
"species=Pimelodus_maculatus__sex=F__region=plains","prey_26",15,24,62.5,7.63,467.87,1.63079487891936,101.92467993246,1.5448763289041
"species=Pimelodus_maculatus__sex=F__region=plains","prey_28",16,24,66.6666666666667,7.08,467.87,1.51324085750315,100.882723833543,1.52908335987992
"species=Pimelodus_maculatus__sex=F__region=plains","prey_58",16,24,66.6666666666667,7.08,467.87,1.51324085750315,100.882723833543,1.52908335987992
"species=Pimelodus_maculatus__sex=F__region=plains","prey_30",16,24,66.6666666666667,7.07,467.87,1.51110351165922,100.740234110615,1.5269236376202
"species=Pimelodus_maculatus__sex=F__region=plains","prey_46",14,24,58.3333333333333,7.5,467.87,1.60300938294825,93.5088806719815,1.41731773293954
"species=Pimelodus_maculatus__sex=F__region=plains","prey_24",14,24,58.3333333333333,7.11,467.87,1.51965289503495,88.6464188770385,1.34361721082669
"species=Pimelodus_maculatus__sex=F__region=plains","prey_60",13,24,54.1666666666667,7.53,467.87,1.60942142048005,87.1769936093359,1.32134507502335
"species=Pimelodus_maculatus__sex=F__region=plains","prey_18",13,24,54.1666666666667,7.5,467.87,1.60300938294825,86.8296749096971,1.31608075201529
"species=Pimelodus_maculatus__sex=F__region=plains","prey_32",14,24,58.3333333333333,6.9,467.87,1.47476863231239,86.028170218223,1.30393231430438
"species=Pimelodus_maculatus__sex=F__region=plains","prey_12",16,24,66.6666666666667,6.03,467.87,1.2888195438904,85.9213029260265,1.30231252260959
"species=Pimelodus_maculatus__sex=F__region=plains","prey_8",15,24,62.5,6.05,467.87,1.29309423557826,80.8183897236412,1.22496746918346
"species=Pimelodus_maculatus__sex=F__region=plains","prey_35",13,24,54.1666666666667,6.97,467.87,1.48973005321991,80.6937112160785,1.22307771220621
"species=Pimelodus_maculatus__sex=F__region=plains","prey_41",14,24,58.3333333333333,6.44,467.87,1.37645072349157,80.2929588703415,1.21700349335076
"species=Pimelodus_maculatus__sex=F__region=plains","prey_27",14,24,58.3333333333333,6.39,467.87,1.36576399427191,79.6695663325283,1.20755470846449
"species=Pimelodus_maculatus__sex=F__region=plains","prey_54",13,24,54.1666666666667,6.38,467.87,1.36362664842798,73.8631101231824,1.11954602638101
"species=Pimelodus_maculatus__sex=F__region=plains","prey_25",13,24,54.1666666666667,6.34,467.87,1.35507726505226,73.400018523664,1.11252692903693
"species=Pimelodus_maculatus__sex=F__region=plains","prey_19",11,24,45.8333333333333,7.07,467.87,1.51110351165922,69.2589109510477,1.04976000086389
"species=Pimelodus_maculatus__sex=F__region=plains","prey_17",13,24,54.1666666666667,5.97,467.87,1.27599546882681,69.1164212281189,1.04760027860417
"species=Pimelodus_maculatus__sex=F__region=plains","prey_56",12,24,50,6.06,467.87,1.29523158142219,64.7615790711095,0.981593767041558
"species=Pimelodus_maculatus__sex=F__region=plains","prey_59",13,24,54.1666666666667,5.44,467.87,1.16271613909847,62.9804575345003,0.954597238795091
"species=Pimelodus_maculatus__sex=F__region=plains","prey_2",12,24,50,5.79,467.87,1.23752324363605,61.8761621818026,0.937859391282281
"species=Pimelodus_maculatus__sex=F__region=plains","prey_38",12,24,50,5.39,467.87,1.15202940987881,57.6014704939406,0.873067723490759
"species=Pimelodus_maculatus__sex=F__region=plains","prey_14",9,24,37.5,5.15,467.87,1.10073310962447,41.2774916109176,0.625644542111884
"species=Pimelodus_maculatus__sex=F__region=plains","prey_55",10,24,41.6666666666667,4.55,467.87,0.972492358988608,40.5205149578587,0.614171017607136
"species=Pimelodus_maculatus__sex=F__region=plains","prey_40",10,24,41.6666666666667,4.41,467.87,0.942569517173574,39.2737298822322,0.595273447834609
"species=Pimelodus_maculatus__sex=F__region=plains","prey_47",9,24,37.5,4.51,467.87,0.963942975612884,36.1478615854831,0.547894540762058
"species=Pimelodus_maculatus__sex=F__region=pothole","prey_33",12,13,92.3076923076923,7.08,250.99,2.82082951512012,260.384262934165,3.90337134403514
"species=Pimelodus_maculatus__sex=F__region=pothole","prey_55",11,13,84.6153846153846,5.62,250.99,2.23913303318857,189.465102808264,2.84023559896719
"species=Pimelodus_maculatus__sex=F__region=pothole","prey_10",10,13,76.9230769230769,6.02,250.99,2.3985019323479,184.500148642146,2.76580690808516
"species=Pimelodus_maculatus__sex=F__region=pothole","prey_60",11,13,84.6153846153846,5.31,250.99,2.11562213634009,179.014180767239,2.68356779902416
"species=Pimelodus_maculatus__sex=F__region=pothole","prey_6",10,13,76.9230769230769,5.8,250.99,2.31084903781027,177.757618293098,2.66473090812192
"species=Pimelodus_maculatus__sex=F__region=pothole","prey_42",10,13,76.9230769230769,5.75,250.99,2.29092792541535,176.22522503195,2.64175908994845
"species=Pimelodus_maculatus__sex=F__region=pothole","prey_15",11,13,84.6153846153846,5.14,250.99,2.04789035419738,173.283029970547,2.5976531990554
"species=Pimelodus_maculatus__sex=F__region=pothole","prey_7",9,13,69.2307692307692,6.1,250.99,2.43037571217977,168.256780073984,2.52230563544643
"species=Pimelodus_maculatus__sex=F__region=pothole","prey_24",11,13,84.6153846153846,4.92,250.99,1.96023745965975,165.866246586594,2.48646959909583
"species=Pimelodus_maculatus__sex=F__region=pothole","prey_36",11,13,84.6153846153846,4.92,250.99,1.96023745965975,165.866246586594,2.48646959909583
"species=Pimelodus_maculatus__sex=F__region=pothole","prey_39",10,13,76.9230769230769,5.28,250.99,2.10366946890314,161.820728377165,2.42582399911788
"species=Pimelodus_maculatus__sex=F__region=pothole","prey_21",9,13,69.2307692307692,5.82,250.99,2.31881748276824,160.533518037801,2.40652767185217
"species=Pimelodus_maculatus__sex=F__region=pothole","prey_18",11,13,84.6153846153846,4.74,250.99,1.88852145503805,159.79796927245,2.39550119912891
"species=Pimelodus_maculatus__sex=F__region=pothole","prey_8",10,13,76.9230769230769,5.07,250.99,2.0200007968445,155.384676680346,2.32934236278933
"species=Pimelodus_maculatus__sex=F__region=pothole","prey_47",9,13,69.2307692307692,5.57,250.99,2.21921192079366,153.637748362638,2.30315449007158
"species=Pimelodus_maculatus__sex=F__region=pothole","prey_58",9,13,69.2307692307692,5.33,250.99,2.12359058129806,147.017809474481,2.20391623556221
"species=Pimelodus_maculatus__sex=F__region=pothole","prey_52",9,13,69.2307692307692,5.17,250.99,2.05984302163433,142.604516882377,2.13775739922263
"species=Pimelodus_maculatus__sex=F__region=pothole","prey_49",9,13,69.2307692307692,4.87,250.99,1.94031634726483,134.329593272181,2.01370958108592
"species=Pimelodus_maculatus__sex=F__region=pothole","prey_30",9,13,69.2307692307692,4.84,250.99,1.92836367982788,133.502100911161,2.00130479927225
"species=Pimelodus_maculatus__sex=F__region=pothole","prey_20",10,13,76.9230769230769,4.27,250.99,1.70126299852584,130.866384501988,1.96179327201389
"species=Pimelodus_maculatus__sex=F__region=pothole","prey_1",8,13,61.5384615384615,5.16,250.99,2.05585879915534,126.514387640329,1.89655330840125
"species=Pimelodus_maculatus__sex=F__region=pothole","prey_57",8,13,61.5384615384615,4.84,250.99,1.92836367982788,118.668534143254,1.77893759935311
"species=Pimelodus_maculatus__sex=F__region=pothole","prey_35",8,13,61.5384615384615,4.75,250.99,1.89250567751703,116.461887847202,1.74585818118332
"species=Pimelodus_maculatus__sex=F__region=pothole","prey_51",9,13,69.2307692307692,4.14,250.99,1.64946810629906,114.193945820704,1.7118598902866
"species=Pimelodus_maculatus__sex=F__region=pothole","prey_48",8,13,61.5384615384615,4.6,250.99,1.83274234033228,112.784144020448,1.69072581756701
"species=Pimelodus_maculatus__sex=F__region=pothole","prey_31",8,13,61.5384615384615,4.53,250.99,1.8048527829794,111.067863567963,1.66499738121273
"species=Pimelodus_maculatus__sex=F__region=pothole","prey_46",9,13,69.2307692307692,3.99,250.99,1.58970476911431,110.056484015606,1.64983598121824
"species=Pimelodus_maculatus__sex=F__region=pothole","prey_32",10,13,76.9230769230769,3.42,250.99,1.36260408781226,104.815699062482,1.57127236306499
"species=Pimelodus_maculatus__sex=F__region=pothole","prey_54",8,13,61.5384615384615,4.26,250.99,1.69727877604685,104.447924679806,1.56575912670336
"species=Pimelodus_maculatus__sex=F__region=pothole","prey_27",8,13,61.5384615384615,4.23,250.99,1.6853261086099,103.712375914456,1.5547326539801
"species=Pimelodus_maculatus__sex=F__region=pothole","prey_14",9,13,69.2307692307692,3.71,250.99,1.47814653970278,102.333221979423,1.53405801762398
"species=Pimelodus_maculatus__sex=F__region=pothole","prey_34",8,13,61.5384615384615,4.12,250.99,1.64149966134109,101.015363774836,1.5143022539948
"species=Pimelodus_maculatus__sex=F__region=pothole","prey_38",8,13,61.5384615384615,4.03,250.99,1.60564165903024,98.808717478784,1.48122283582501
"species=Pimelodus_maculatus__sex=F__region=pothole","prey_43",7,13,53.8461538461538,4.57,250.99,1.82078967289533,98.0425208482103,1.46973692673828
"species=Pimelodus_maculatus__sex=F__region=pothole","prey_59",8,13,61.5384615384615,3.99,250.99,1.58970476911431,97.8279857916497,1.46652087219399
"species=Pimelodus_maculatus__sex=F__region=pothole","prey_17",10,13,76.9230769230769,3.14,250.99,1.25104585840073,96.2342968000564,1.44263018129359
"species=Pimelodus_maculatus__sex=F__region=pothole","prey_28",8,13,61.5384615384615,3.86,250.99,1.53790987688753,94.6406078084631,1.41873949039319
"species=Pimelodus_maculatus__sex=F__region=pothole","prey_11",7,13,53.8461538461538,4.41,250.99,1.7570421132316,94.6099599432402,1.41828005402972
"species=Pimelodus_maculatus__sex=F__region=pothole","prey_37",7,13,53.8461538461538,4.34,250.99,1.72915255587872,93.1082145473157,1.39576767221972
"species=Pimelodus_maculatus__sex=F__region=pothole","prey_13",9,13,69.2307692307692,3.34,250.99,1.3307303079804,92.1274828601814,1.3810657085887
"species=Pimelodus_maculatus__sex=F__region=pothole","prey_5",8,13,61.5384615384615,3.45,250.99,1.37455675524921,84.5881080153362,1.26804436317526
"species=Pimelodus_maculatus__sex=F__region=pothole","prey_26",6,13,46.1538461538462,4.33,250.99,1.72516833339974,79.6231538492186,1.19361567229323
"species=Pimelodus_maculatus__sex=F__region=pothole","prey_22",8,13,61.5384615384615,3.24,250.99,1.29088808319057,79.439266657881,1.19085905411242
"species=Pimelodus_maculatus__sex=F__region=pothole","prey_23",7,13,53.8461538461538,3.58,250.99,1.42635164747599,76.8035502487074,1.15134752685406
"species=Pimelodus_maculatus__sex=F__region=pothole","prey_45",7,13,53.8461538461538,3.58,250.99,1.42635164747599,76.8035502487074,1.15134752685406
"species=Pimelodus_maculatus__sex=F__region=pothole","prey_29",9,13,69.2307692307692,2.71,250.99,1.07972429180445,74.7501432787699,1.12056529050161
"species=Pimelodus_maculatus__sex=F__region=pothole","prey_44",7,13,53.8461538461538,3.38,250.99,1.34666719789633,72.5128491174947,1.08702643596835
"species=Pimelodus_maculatus__sex=F__region=pothole","prey_56",7,13,53.8461538461538,3.31,250.99,1.31877764054345,71.0111037215703,1.06451405415836
"species=Pimelodus_maculatus__sex=F__region=pothole","prey_2",7,13,53.8461538461538,3.3,250.99,1.31479341806446,70.7965686650096,1.06129799961407
"species=Pimelodus_maculatus__sex=F__region=pothole","prey_3",8,13,61.5384615384615,2.81,250.99,1.11956651659429,68.8964010211869,1.03281294507898
"species=Pimelodus_maculatus__sex=F__region=pothole","prey_50",7,13,53.8461538461538,3,250.99,1.19526674369497,64.3605169681906,0.964816363285521
"species=Pimelodus_maculatus__sex=F__region=pothole","prey_41",7,13,53.8461538461538,2.99,250.99,1.19128252121598,64.1459819116299,0.961600308741236
"species=Pimelodus_maculatus__sex=F__region=pothole","prey_9",8,13,61.5384615384615,2.49,250.99,0.992071397266823,61.0505475241122,0.915197236030837
"species=Pimelodus_maculatus__sex=F__region=pothole","prey_16",6,13,46.1538461538462,3.24,250.99,1.29088808319057,59.5794499934107,0.893144290584311
"species=Pimelodus_maculatus__sex=F__region=pothole","prey_53",6,13,46.1538461538462,3.11,250.99,1.23909319096378,57.1889165060208,0.857308254233706
"species=Pimelodus_maculatus__sex=F__region=pothole","prey_12",7,13,53.8461538461538,2.54,250.99,1.01199250966174,54.4919043664014,0.816877854248408
"species=Pimelodus_maculatus__sex=F__region=pothole","prey_19",6,13,46.1538461538462,2.9,250.99,1.15542451890514,53.3272854879293,0.799419272436575
"species=Pimelodus_maculatus__sex=F__region=pothole","prey_4",6,13,46.1538461538462,2.06,250.99,0.820749830670545,37.8807614155636,0.56786334524805
"species=Pimelodus_maculatus__sex=F__region=pothole","prey_40",4,13,30.7692307692308,2.66,250.99,1.05980317940954,32.6093285972166,0.488840290731331
"species=Pimelodus_maculatus__sex=F__region=pothole","prey_25",5,13,38.4615384615385,1.26,250.99,0.502012032351887,19.3081550904572,0.289444908985656
"species=Pimelodus_maculatus__sex=F__region=valley","prey_43",19,23,82.6086956521739,12.46,458.74,2.71613550159132,224.376411001022,3.34815493666876
"species=Pimelodus_maculatus__sex=F__region=valley","prey_53",19,23,82.6086956521739,10.89,458.74,2.37389370885469,196.104262905387,2.92627666615753
"species=Pimelodus_maculatus__sex=F__region=valley","prey_9",20,23,86.9565217391304,10.11,458.74,2.20386275450146,191.640239521866,2.85966430765575
"species=Pimelodus_maculatus__sex=F__region=valley","prey_60",18,23,78.2608695652174,10.81,458.74,2.35645463661333,184.418188952348,2.75189654294588
"species=Pimelodus_maculatus__sex=F__region=valley","prey_7",19,23,82.6086956521739,8.7,458.74,1.89649910624755,156.667317472623,2.33779678563549
"species=Pimelodus_maculatus__sex=F__region=valley","prey_47",18,23,78.2608695652174,8.89,458.74,1.93791690282077,151.663061959886,2.26312305890739
"species=Pimelodus_maculatus__sex=F__region=valley","prey_39",17,23,73.9130434782609,9.37,458.74,2.04255133626891,150.971185724224,2.25279885047718
"species=Pimelodus_maculatus__sex=F__region=valley","prey_40",18,23,78.2608695652174,8.38,458.74,1.82674281728212,142.962481352514,2.13329260220966
"species=Pimelodus_maculatus__sex=F__region=valley","prey_16",16,23,69.5652173913043,9.13,458.74,1.99023411954484,138.451069185728,2.06597310614418
"species=Pimelodus_maculatus__sex=F__region=valley","prey_44",15,23,65.2173913043478,9.37,458.74,2.04255133626891,133.209869756668,1.98776369159751
"species=Pimelodus_maculatus__sex=F__region=valley","prey_59",14,23,60.8695652173913,9.92,458.74,2.16244495792824,131.627084395632,1.96414529696949
"species=Pimelodus_maculatus__sex=F__region=valley","prey_58",19,23,82.6086956521739,7.27,458.74,1.5847756899333,130.916252646664,1.95353823351379
"species=Pimelodus_maculatus__sex=F__region=valley","prey_36",16,23,69.5652173913043,8.62,458.74,1.87906003400619,130.717219756952,1.9505682557462
"species=Pimelodus_maculatus__sex=F__region=valley","prey_14",15,23,65.2173913043478,9.13,458.74,1.99023411954484,129.79787736162,1.93684978701017
"species=Pimelodus_maculatus__sex=F__region=valley","prey_18",16,23,69.5652173913043,8.5,458.74,1.85290142564416,128.897490479593,1.92341417329962
"species=Pimelodus_maculatus__sex=F__region=valley","prey_15",17,23,73.9130434782609,7.77,458.74,1.69376989144178,125.191687628305,1.86811601581725
"species=Pimelodus_maculatus__sex=F__region=valley","prey_26",15,23,65.2173913043478,8.79,458.74,1.91611806251907,124.964221468635,1.86472175551143
"species=Pimelodus_maculatus__sex=F__region=valley","prey_54",17,23,73.9130434782609,7.69,458.74,1.67633081920042,123.902712723509,1.84888187408426
"species=Pimelodus_maculatus__sex=F__region=valley","prey_55",17,23,73.9130434782609,7.67,458.74,1.67197105114008,123.58046899731,1.84407333865101
"species=Pimelodus_maculatus__sex=F__region=valley","prey_1",15,23,65.2173913043478,8.51,458.74,1.85508130967433,120.983563674413,1.80532220015953
"species=Pimelodus_maculatus__sex=F__region=valley","prey_56",15,23,65.2173913043478,8.29,458.74,1.80712386101059,117.855903978952,1.75865112095447
"species=Pimelodus_maculatus__sex=F__region=valley","prey_8",14,23,60.8695652173913,8.87,458.74,1.93355713476043,117.694782115852,1.75624685323784
"species=Pimelodus_maculatus__sex=F__region=valley","prey_42",15,23,65.2173913043478,8.27,458.74,1.80276409295025,117.571571279364,1.75440829557219
"species=Pimelodus_maculatus__sex=F__region=valley","prey_46",15,23,65.2173913043478,8.18,458.74,1.78314513667873,116.292074131221,1.73531558135193
"species=Pimelodus_maculatus__sex=F__region=valley","prey_29",16,23,69.5652173913043,7.55,458.74,1.64581244277804,114.491300367168,1.70844435393084
"species=Pimelodus_maculatus__sex=F__region=valley","prey_21",16,23,69.5652173913043,7.51,458.74,1.63709290665737,113.884723941382,1.69939299311531
"species=Pimelodus_maculatus__sex=F__region=valley","prey_34",14,23,60.8695652173913,8.35,458.74,1.82020316519161,110.794975272533,1.65328762396121
"species=Pimelodus_maculatus__sex=F__region=valley","prey_22",16,23,69.5652173913043,7.23,458.74,1.57605615381262,109.638688960878,1.63603346740662
"species=Pimelodus_maculatus__sex=F__region=valley","prey_12",15,23,65.2173913043478,7.68,458.74,1.67415093517025,109.183756641538,1.62924494679497
"species=Pimelodus_maculatus__sex=F__region=valley","prey_5",16,23,69.5652173913043,7.18,458.74,1.56515673366177,108.880468428645,1.62471926638721
"species=Pimelodus_maculatus__sex=F__region=valley","prey_32",15,23,65.2173913043478,7.49,458.74,1.63273313859703,106.482595995458,1.58893810566332
"species=Pimelodus_maculatus__sex=F__region=valley","prey_33",14,23,60.8695652173913,8.01,458.74,1.74608710816585,106.283563105747,1.58596812789573
"species=Pimelodus_maculatus__sex=F__region=valley","prey_48",16,23,69.5652173913043,6.87,458.74,1.49758032872651,104.179501128801,1.55457122006687
"species=Pimelodus_maculatus__sex=F__region=valley","prey_20",16,23,69.5652173913043,6.78,458.74,1.47796137245499,102.814704170782,1.53420565823193
"species=Pimelodus_maculatus__sex=F__region=valley","prey_38",15,23,65.2173913043478,7.22,458.74,1.57387626978245,102.644104551029,1.53165996300256
"species=Pimelodus_maculatus__sex=F__region=valley","prey_35",15,23,65.2173913043478,7.12,458.74,1.55207742948075,101.222441053092,1.51044583609117
"species=Pimelodus_maculatus__sex=F__region=valley","prey_6",15,23,65.2173913043478,7.11,458.74,1.54989754545058,101.080274703299,1.50832442340003
"species=Pimelodus_maculatus__sex=F__region=valley","prey_52",14,23,60.8695652173913,7.58,458.74,1.65235209486855,100.577953600695,1.50082876522467
"species=Pimelodus_maculatus__sex=F__region=valley","prey_27",15,23,65.2173913043478,7.04,458.74,1.53463835723939,100.085110254743,1.49347453456206
"species=Pimelodus_maculatus__sex=F__region=valley","prey_10",15,23,65.2173913043478,6.98,458.74,1.52155905305838,99.2321121559811,1.48074605841522
"species=Pimelodus_maculatus__sex=F__region=valley","prey_19",15,23,65.2173913043478,6.92,458.74,1.50847974887736,98.3791140572191,1.46801758226838
"species=Pimelodus_maculatus__sex=F__region=valley","prey_45",15,23,65.2173913043478,6.74,458.74,1.46924183633431,95.8201197609331,1.42983215382788
"species=Pimelodus_maculatus__sex=F__region=valley","prey_28",15,23,65.2173913043478,6.65,458.74,1.44962288006278,94.54062261279,1.41073943960762
"species=Pimelodus_maculatus__sex=F__region=valley","prey_37",14,23,60.8695652173913,7.11,458.74,1.54989754545058,94.3415897230789,1.40776946184003
"species=Pimelodus_maculatus__sex=F__region=valley","prey_51",15,23,65.2173913043478,6.56,458.74,1.43000392379125,93.261125464647,1.39164672538737
"species=Pimelodus_maculatus__sex=F__region=valley","prey_23",15,23,65.2173913043478,6.31,458.74,1.37550682303701,89.7069667198053,1.33861140810889
"species=Pimelodus_maculatus__sex=F__region=valley","prey_24",14,23,60.8695652173913,6.55,458.74,1.42782403976108,86.9110285071965,1.29689029184982
"species=Pimelodus_maculatus__sex=F__region=valley","prey_41",14,23,60.8695652173913,6.54,458.74,1.42564415573091,86.7783399140557,1.29491030667142
"species=Pimelodus_maculatus__sex=F__region=valley","prey_25",13,23,56.5217391304348,6.73,458.74,1.46706195230414,82.9208929563208,1.23734930898517
"species=Pimelodus_maculatus__sex=F__region=valley","prey_11",14,23,60.8695652173913,6.22,458.74,1.35588786676549,82.5323049335514,1.23155078096273
"species=Pimelodus_maculatus__sex=F__region=valley","prey_17",13,23,56.5217391304348,6.65,458.74,1.44962288006278,81.935206264418,1.22264084765994
"species=Pimelodus_maculatus__sex=F__region=valley","prey_2",14,23,60.8695652173913,5.99,458.74,1.30575053407159,79.480467291314,1.1860111218596
"species=Pimelodus_maculatus__sex=F__region=valley","prey_31",13,23,56.5217391304348,6.29,458.74,1.37114705497668,77.4996161508556,1.15645277169639
"species=Pimelodus_maculatus__sex=F__region=valley","prey_30",11,23,47.8260869565217,7.43,458.74,1.61965383441601,77.4617051242439,1.15588706164542
"species=Pimelodus_maculatus__sex=F__region=valley","prey_50",13,23,56.5217391304348,6.14,458.74,1.33844879452413,75.6514536035378,1.12887440671158
"species=Pimelodus_maculatus__sex=F__region=valley","prey_13",13,23,56.5217391304348,5.45,458.74,1.18803679644243,67.1499058858764,1.00201392778145
"species=Pimelodus_maculatus__sex=F__region=valley","prey_3",11,23,47.8260869565217,6.16,458.74,1.34280856258447,64.2212790801269,0.958312826343986
"species=Pimelodus_maculatus__sex=F__region=valley","prey_49",13,23,56.5217391304348,4.98,458.74,1.08558224702446,61.3589965709476,0.915601717495715
"species=Pimelodus_maculatus__sex=F__region=valley","prey_4",12,23,52.1739130434783,5.32,458.74,1.15969830405022,60.5059984721856,0.902873241348879
"species=Pimelodus_maculatus__sex=F__region=valley","prey_57",11,23,47.8260869565217,4.71,458.74,1.02672537820988,49.1042572187334,0.732735943519509
"species=Pimelodus_maculatus__sex=M__region=montain","prey_6",8,10,80,5.66,180.93,3.12828165588902,250.262532471121,3.8334871356367
"species=Pimelodus_maculatus__sex=M__region=montain","prey_8",8,10,80,5.13,180.93,2.83535068811142,226.828055048914,3.47452102576259
"species=Pimelodus_maculatus__sex=M__region=montain","prey_33",9,10,90,4.28,180.93,2.36555573978887,212.900016580998,3.26117324347892
"species=Pimelodus_maculatus__sex=M__region=montain","prey_59",9,10,90,4.22,180.93,2.33239374343669,209.915436909302,3.21545586156099
"species=Pimelodus_maculatus__sex=M__region=montain","prey_19",8,10,80,4.6,180.93,2.54241972033383,203.393577626706,3.11555491588848
"species=Pimelodus_maculatus__sex=M__region=montain","prey_45",9,10,90,4.05,180.93,2.23843475377218,201.459127839496,3.0859232794602
"species=Pimelodus_maculatus__sex=M__region=montain","prey_38",8,10,80,4.3,180.93,2.37660973857293,190.128779085834,2.9123665518088
"species=Pimelodus_maculatus__sex=M__region=montain","prey_51",7,10,70,4.78,180.93,2.64190570939037,184.933399657326,2.83278444254426
"species=Pimelodus_maculatus__sex=M__region=montain","prey_60",8,10,80,4.12,180.93,2.27712374951639,182.169899961311,2.79045353336099
"species=Pimelodus_maculatus__sex=M__region=montain","prey_47",9,10,90,3.52,180.93,1.94550378599458,175.095340739512,2.68208640585183
"species=Pimelodus_maculatus__sex=M__region=montain","prey_21",7,10,70,4.21,180.93,2.32686674404466,162.880672083126,2.49498378726178
"species=Pimelodus_maculatus__sex=M__region=montain","prey_44",8,10,80,3.63,180.93,2.00630077930691,160.504062344553,2.45857920536417
"species=Pimelodus_maculatus__sex=M__region=montain","prey_3",7,10,70,3.84,180.93,2.12236776653955,148.565743657768,2.27570967769246
"species=Pimelodus_maculatus__sex=M__region=montain","prey_15",6,10,60,4.26,180.93,2.35450174100481,141.270104460289,2.16395607744863
"species=Pimelodus_maculatus__sex=M__region=montain","prey_40",7,10,70,3.55,180.93,1.96208478417067,137.345934891947,2.10384618640839
"species=Pimelodus_maculatus__sex=M__region=montain","prey_53",7,10,70,3.54,180.93,1.95655778477864,136.959044934505,2.09791985912273
"species=Pimelodus_maculatus__sex=M__region=montain","prey_13",6,10,60,3.84,180.93,2.12236776653955,127.342065992373,1.95060829516496
"species=Pimelodus_maculatus__sex=M__region=montain","prey_23",7,10,70,3.27,180.93,1.80732880119383,126.513016083568,1.93790902240998
"species=Pimelodus_maculatus__sex=M__region=montain","prey_57",6,10,60,3.75,180.93,2.07262477201128,124.357486320677,1.90489091324704
"species=Pimelodus_maculatus__sex=M__region=montain","prey_26",6,10,60,3.74,180.93,2.06709777261924,124.025866357155,1.89981120414504
"species=Pimelodus_maculatus__sex=M__region=montain","prey_5",6,10,60,3.74,180.93,2.06709777261924,124.025866357155,1.89981120414504
"species=Pimelodus_maculatus__sex=M__region=montain","prey_31",6,10,60,3.7,180.93,2.04498977505112,122.699386503067,1.87949236773707
"species=Pimelodus_maculatus__sex=M__region=montain","prey_52",8,10,80,2.75,180.93,1.51992483280827,121.593986624661,1.86256000406377
"species=Pimelodus_maculatus__sex=M__region=montain","prey_56",6,10,60,3.62,180.93,2.00077377991488,120.046426794893,1.83885469492114
"species=Pimelodus_maculatus__sex=M__region=montain","prey_35",6,10,60,3.54,180.93,1.95655778477864,117.393467086719,1.7982170221052
"species=Pimelodus_maculatus__sex=M__region=montain","prey_9",7,10,70,2.88,180.93,1.59177582490466,111.424307743326,1.70678225826934
"species=Pimelodus_maculatus__sex=M__region=montain","prey_11",6,10,60,3.24,180.93,1.79074780301774,107.444868181064,1.64582574904544
"species=Pimelodus_maculatus__sex=M__region=montain","prey_46",6,10,60,3.12,180.93,1.72442381031338,103.465428618803,1.58486923982153
"species=Pimelodus_maculatus__sex=M__region=montain","prey_18",6,10,60,3.04,180.93,1.68020781517714,100.812468910628,1.5442315670056
"species=Pimelodus_maculatus__sex=M__region=montain","prey_43",7,10,70,2.55,180.93,1.40938484496767,98.6569391477367,1.51121345784265
"species=Pimelodus_maculatus__sex=M__region=montain","prey_30",6,10,60,2.83,180.93,1.56414082794451,93.8484496766705,1.43755767586376
"species=Pimelodus_maculatus__sex=M__region=montain","prey_58",6,10,60,2.83,180.93,1.56414082794451,93.8484496766705,1.43755767586376
"species=Pimelodus_maculatus__sex=M__region=montain","prey_49",6,10,60,2.77,180.93,1.53097883159233,91.8587298955397,1.40707942125181
"species=Pimelodus_maculatus__sex=M__region=montain","prey_22",5,10,50,3.2,180.93,1.76863980544962,88.4319902724811,1.35458909386456
"species=Pimelodus_maculatus__sex=M__region=montain","prey_48",6,10,60,2.64,180.93,1.45912783949594,87.5476703697563,1.34104320292591
"species=Pimelodus_maculatus__sex=M__region=montain","prey_12",5,10,50,3.11,180.93,1.71889681092135,85.9448405460675,1.31649127559962
"species=Pimelodus_maculatus__sex=M__region=montain","prey_27",6,10,60,2.52,180.93,1.39280384679158,83.5682308074946,1.28008669370201
"species=Pimelodus_maculatus__sex=M__region=montain","prey_50",6,10,60,2.51,180.93,1.38727684739955,83.2366108439728,1.27500698460002
"species=Pimelodus_maculatus__sex=M__region=montain","prey_20",6,10,60,2.44,180.93,1.34858785165534,80.9152710993202,1.23944902088607
"species=Pimelodus_maculatus__sex=M__region=montain","prey_1",6,10,60,2.43,180.93,1.34306085226331,80.5836511357984,1.23436931178408
"species=Pimelodus_maculatus__sex=M__region=montain","prey_29",7,10,70,1.98,180.93,1.09434587962195,76.6042115735367,1.17341280256017
"species=Pimelodus_maculatus__sex=M__region=montain","prey_32",6,10,60,2.3,180.93,1.27120986016692,76.2725916100149,1.16833309345818
"species=Pimelodus_maculatus__sex=M__region=montain","prey_55",6,10,60,2.25,180.93,1.24357486320676,74.6144917924059,1.14293454794822
"species=Pimelodus_maculatus__sex=M__region=montain","prey_17",5,10,50,2.54,180.93,1.40385784557564,70.1928922787819,1.07520509325499
"species=Pimelodus_maculatus__sex=M__region=montain","prey_39",5,10,50,2.53,180.93,1.39833084618361,69.9165423091803,1.07097200233667
"species=Pimelodus_maculatus__sex=M__region=montain","prey_54",5,10,50,2.52,180.93,1.39280384679158,69.6401923395788,1.06673891141834
"species=Pimelodus_maculatus__sex=M__region=montain","prey_4",5,10,50,2.46,180.93,1.3596418504394,67.9820925219698,1.04134036590838
"species=Pimelodus_maculatus__sex=M__region=montain","prey_25",6,10,60,1.91,180.93,1.05565688387774,63.3394130326646,0.97022443848049
"species=Pimelodus_maculatus__sex=M__region=montain","prey_16",6,10,60,1.83,180.93,1.0114408887415,60.6864533244901,0.929586765664553
"species=Pimelodus_maculatus__sex=M__region=montain","prey_41",5,10,50,2.16,180.93,1.19383186867849,59.6915934339247,0.914347638358577
"species=Pimelodus_maculatus__sex=M__region=montain","prey_10",6,10,60,1.79,180.93,0.989332891173382,59.3599734704029,0.909267929256585
"species=Pimelodus_maculatus__sex=M__region=montain","prey_14",5,10,50,2.12,180.93,1.17172387111037,58.5861935555187,0.89741527468527
"species=Pimelodus_maculatus__sex=M__region=montain","prey_2",5,10,50,1.98,180.93,1.09434587962195,54.7172939810977,0.838152001828695
"species=Pimelodus_maculatus__sex=M__region=montain","prey_28",4,10,40,2.45,180.93,1.35411485104737,54.1645940418947,0.829685819992042
"species=Pimelodus_maculatus__sex=M__region=montain","prey_37",4,10,40,2.23,180.93,1.2325208644227,49.3008345769082,0.755183419829491
"species=Pimelodus_maculatus__sex=M__region=montain","prey_36",4,10,40,2.05,180.93,1.13303487536616,45.3213950146465,0.694226910605586
"species=Pimelodus_maculatus__sex=M__region=montain","prey_24",5,10,50,1.55,180.93,0.85668490576466,42.834245288233,0.656129092340645
"species=Pimelodus_maculatus__sex=M__region=montain","prey_42",3,10,30,1.6,180.93,0.884319902724811,26.5295970817443,0.406376728159367
"species=Pimelodus_maculatus__sex=M__region=montain","prey_7",6,10,60,0.54,180.93,0.298457967169624,17.9074780301774,0.274304291507573
"species=Pimelodus_maculatus__sex=M__region=montain","prey_34",3,10,30,0.39,180.93,0.215552976289173,6.46658928867518,0.0990543274888458
"species=Pimelodus_maculatus__sex=M__region=plains","prey_42",11,12,91.6666666666667,6.61,243.04,2.71971691902568,249.30738424402,3.60077056787287
"species=Pimelodus_maculatus__sex=M__region=plains","prey_32",11,12,91.6666666666667,6.25,243.04,2.57159315339039,235.729372394119,3.40466203467555
"species=Pimelodus_maculatus__sex=M__region=plains","prey_48",10,12,83.3333333333333,6.83,243.04,2.81023699802502,234.186416502085,3.38237697408495
"species=Pimelodus_maculatus__sex=M__region=plains","prey_28",9,12,75,7.11,243.04,2.92544437129691,219.408327847268,3.16893561598384
"species=Pimelodus_maculatus__sex=M__region=plains","prey_24",11,12,91.6666666666667,5.5,243.04,2.26300197498354,207.441847706825,2.99610259051449
"species=Pimelodus_maculatus__sex=M__region=plains","prey_10",11,12,91.6666666666667,5.28,243.04,2.1724818959842,199.144173798552,2.87625848689391
"species=Pimelodus_maculatus__sex=M__region=plains","prey_31",11,12,91.6666666666667,5.26,243.04,2.16425279789335,198.38983980689,2.86536356838295
"species=Pimelodus_maculatus__sex=M__region=plains","prey_25",10,12,83.3333333333333,5.53,243.04,2.27534562211982,189.612135176651,2.73858633480085
"species=Pimelodus_maculatus__sex=M__region=plains","prey_47",10,12,83.3333333333333,5.13,243.04,2.11076366030283,175.896971691903,2.54049690732881
"species=Pimelodus_maculatus__sex=M__region=plains","prey_4",8,12,66.6666666666667,5.87,243.04,2.41524028966425,161.01601931095,2.32556987852166
"species=Pimelodus_maculatus__sex=M__region=plains","prey_7",9,12,75,5.19,243.04,2.13545095457538,160.158821593153,2.31318928930466
"species=Pimelodus_maculatus__sex=M__region=plains","prey_53",8,12,66.6666666666667,5.3,243.04,2.18071099407505,145.380732938337,2.09974793120354
"species=Pimelodus_maculatus__sex=M__region=plains","prey_23",8,12,66.6666666666667,5.07,243.04,2.08607636603028,139.071757735352,2.00862679456641
"species=Pimelodus_maculatus__sex=M__region=plains","prey_14",9,12,75,4.29,243.04,1.76514154048716,132.385615536537,1.91205819867379
"species=Pimelodus_maculatus__sex=M__region=plains","prey_35",9,12,75,4.24,243.04,1.74456879526004,130.842659644503,1.88977313808319
"species=Pimelodus_maculatus__sex=M__region=plains","prey_55",9,12,75,4.22,243.04,1.73633969716919,130.225477287689,1.88085911384695
"species=Pimelodus_maculatus__sex=M__region=plains","prey_6",8,12,66.6666666666667,4.71,243.04,1.937952600395,129.196840026333,1.86600240678654
"species=Pimelodus_maculatus__sex=M__region=plains","prey_51",9,12,75,4.05,243.04,1.66639236339697,124.979427254773,1.80508990783889
"species=Pimelodus_maculatus__sex=M__region=plains","prey_40",9,12,75,4.03,243.04,1.65816326530612,124.362244897959,1.79617588360265
"species=Pimelodus_maculatus__sex=M__region=plains","prey_49",9,12,75,4,243.04,1.64581961816985,123.436471362739,1.78280484724829
"species=Pimelodus_maculatus__sex=M__region=plains","prey_46",8,12,66.6666666666667,4.49,243.04,1.84743252139566,123.162168093044,1.77884305869885
"species=Pimelodus_maculatus__sex=M__region=plains","prey_5",9,12,75,3.91,243.04,1.60878867676103,120.659150757077,1.7426917381852
"species=Pimelodus_maculatus__sex=M__region=plains","prey_37",8,12,66.6666666666667,4.39,243.04,1.80628703094141,120.419135396094,1.73922517320444
"species=Pimelodus_maculatus__sex=M__region=plains","prey_50",9,12,75,3.86,243.04,1.5882159315339,119.116194865043,1.7204066775946
"species=Pimelodus_maculatus__sex=M__region=plains","prey_59",8,12,66.6666666666667,4.34,243.04,1.78571428571429,119.047619047619,1.71941623045724
"species=Pimelodus_maculatus__sex=M__region=plains","prey_17",8,12,66.6666666666667,4.3,243.04,1.76925608953259,117.950405968839,1.70356907625948
"species=Pimelodus_maculatus__sex=M__region=plains","prey_19",8,12,66.6666666666667,4.22,243.04,1.73633969716919,115.755979811279,1.67187476786395
"species=Pimelodus_maculatus__sex=M__region=plains","prey_27",8,12,66.6666666666667,4.16,243.04,1.71165240289664,114.110160193109,1.64810403656731
"species=Pimelodus_maculatus__sex=M__region=plains","prey_58",7,12,58.3333333333333,4.72,243.04,1.94206714944042,113.287250384025,1.63621867091899
"species=Pimelodus_maculatus__sex=M__region=plains","prey_52",9,12,75,3.63,243.04,1.49358130348914,112.018597761685,1.61789539887782
"species=Pimelodus_maculatus__sex=M__region=plains","prey_45",8,12,66.6666666666667,4.02,243.04,1.6540487162607,110.26991441738,1.59263899687514
"species=Pimelodus_maculatus__sex=M__region=plains","prey_30",8,12,66.6666666666667,3.96,243.04,1.62936142198815,108.62409479921,1.5688682655785
"species=Pimelodus_maculatus__sex=M__region=plains","prey_36",7,12,58.3333333333333,4.5,243.04,1.85154707044108,108.006912442396,1.55995424134225
"species=Pimelodus_maculatus__sex=M__region=plains","prey_26",8,12,66.6666666666667,3.78,243.04,1.55529953917051,103.6866359447,1.49755607168856
"species=Pimelodus_maculatus__sex=M__region=plains","prey_15",8,12,66.6666666666667,3.54,243.04,1.45655036208032,97.1033574720211,1.40247314650199
"species=Pimelodus_maculatus__sex=M__region=plains","prey_54",7,12,58.3333333333333,3.98,243.04,1.637590520079,95.526113671275,1.3796928623427
"species=Pimelodus_maculatus__sex=M__region=plains","prey_9",8,12,66.6666666666667,3.48,243.04,1.43186306780777,95.4575378538512,1.37870241520534
"species=Pimelodus_maculatus__sex=M__region=plains","prey_60",9,12,75,3.07,243.04,1.26316655694536,94.7374917709019,1.36830272026306
"species=Pimelodus_maculatus__sex=M__region=plains","prey_34",7,12,58.3333333333333,3.83,243.04,1.57587228439763,91.9258832565284,1.3276943876313
"species=Pimelodus_maculatus__sex=M__region=plains","prey_1",8,12,66.6666666666667,3.23,243.04,1.32899934167215,88.5999561114768,1.27965770146933
"species=Pimelodus_maculatus__sex=M__region=plains","prey_21",7,12,58.3333333333333,3.66,243.04,1.50592495062541,87.8456221198157,1.26876278295837
"species=Pimelodus_maculatus__sex=M__region=plains","prey_3",7,12,58.3333333333333,3.59,243.04,1.47712310730744,86.165514592934,1.24449682809304
"species=Pimelodus_maculatus__sex=M__region=plains","prey_2",8,12,66.6666666666667,3.05,243.04,1.25493745885451,83.6624972569673,1.2083455075794
"species=Pimelodus_maculatus__sex=M__region=plains","prey_39",7,12,58.3333333333333,3.43,243.04,1.41129032258065,82.3252688172043,1.18903178840087
"species=Pimelodus_maculatus__sex=M__region=plains","prey_29",6,12,50,4,243.04,1.64581961816985,82.2909809084924,1.18853656483219
"species=Pimelodus_maculatus__sex=M__region=plains","prey_13",6,12,50,3.97,243.04,1.63347597103357,81.6737985516787,1.17962254059595
"species=Pimelodus_maculatus__sex=M__region=plains","prey_18",7,12,58.3333333333333,3.21,243.04,1.3207702435813,77.044930875576,1.11276735882414
"species=Pimelodus_maculatus__sex=M__region=plains","prey_56",7,12,58.3333333333333,3.19,243.04,1.31254114549045,76.5649001536098,1.10583422886262
"species=Pimelodus_maculatus__sex=M__region=plains","prey_41",8,12,66.6666666666667,2.78,243.04,1.14384463462804,76.256308975203,1.1013772167445
"species=Pimelodus_maculatus__sex=M__region=plains","prey_43",7,12,58.3333333333333,3.11,243.04,1.27962475312706,74.644777265745,1.07810170901654
"species=Pimelodus_maculatus__sex=M__region=plains","prey_57",6,12,50,3.23,243.04,1.32899934167215,66.4499670836076,0.959743276101996
"species=Pimelodus_maculatus__sex=M__region=plains","prey_44",7,12,58.3333333333333,2.7,243.04,1.11092824226465,64.8041474654378,0.935972544805353
"species=Pimelodus_maculatus__sex=M__region=plains","prey_22",7,12,58.3333333333333,2.67,243.04,1.09858459512837,64.0841013824885,0.925572849863071
"species=Pimelodus_maculatus__sex=M__region=plains","prey_11",8,12,66.6666666666667,2.32,243.04,0.954575378538512,63.6383585692341,0.91913494347023
"species=Pimelodus_maculatus__sex=M__region=plains","prey_33",8,12,66.6666666666667,2.27,243.04,0.934002633311389,62.2668422207593,0.899326000723026
"species=Pimelodus_maculatus__sex=M__region=plains","prey_12",6,12,50,3,243.04,1.23436471362739,61.7182356813693,0.891402423624145
"species=Pimelodus_maculatus__sex=M__region=plains","prey_20",6,12,50,3,243.04,1.23436471362739,61.7182356813693,0.891402423624145
"species=Pimelodus_maculatus__sex=M__region=plains","prey_16",6,12,50,2.86,243.04,1.17676102699144,58.8380513495721,0.849803643855018
"species=Pimelodus_maculatus__sex=M__region=plains","prey_8",3,12,25,1.57,243.04,0.645984200131666,16.1496050032916,0.233250300848318
"species=Pimelodus_maculatus__sex=M__region=plains","prey_38",3,12,25,1.55,243.04,0.637755102040816,15.9438775510204,0.230278959436238
"species=Pimelodus_maculatus__sex=M__region=pothole","prey_25",18,20,90,11.39,392.41,2.90257638694223,261.231874824801,3.92769154728288
"species=Pimelodus_maculatus__sex=M__region=pothole","prey_10",17,20,85,8.71,392.41,2.21961723707347,188.667465151245,2.83666611748208
"species=Pimelodus_maculatus__sex=M__region=pothole","prey_52",15,20,75,9.33,392.41,2.37761524935654,178.321143701741,2.68110638982655
"species=Pimelodus_maculatus__sex=M__region=pothole","prey_13",15,20,75,9.24,392.41,2.35468005402513,176.601004051885,2.65524362722372
"species=Pimelodus_maculatus__sex=M__region=pothole","prey_18",16,20,80,8.41,392.41,2.14316658596876,171.453326877501,2.57784691543451
"species=Pimelodus_maculatus__sex=M__region=pothole","prey_53",14,20,70,9.55,392.41,2.43367906016666,170.357534211666,2.56137137777642
"species=Pimelodus_maculatus__sex=M__region=pothole","prey_30",15,20,75,8.86,392.41,2.25784256262582,169.338192196937,2.546045296234
"species=Pimelodus_maculatus__sex=M__region=pothole","prey_55",16,20,80,8.2,392.41,2.08965113019546,167.172090415637,2.51347737295636
"species=Pimelodus_maculatus__sex=M__region=pothole","prey_49",15,20,75,8.62,392.41,2.19668204174206,164.751153130654,2.47707792929312
"species=Pimelodus_maculatus__sex=M__region=pothole","prey_34",14,20,70,8.94,392.41,2.27822940292041,159.476058204429,2.39776545731112
"species=Pimelodus_maculatus__sex=M__region=pothole","prey_20",14,20,70,8.5,392.41,2.16610178130017,151.627124691012,2.27975462943451
"species=Pimelodus_maculatus__sex=M__region=pothole","prey_48",15,20,75,7.65,392.41,1.94949160317015,146.211870237762,2.19833482124042
"species=Pimelodus_maculatus__sex=M__region=pothole","prey_12",15,20,75,7.53,392.41,1.91891134272827,143.91835070462,2.16385113776998
"species=Pimelodus_maculatus__sex=M__region=pothole","prey_56",14,20,70,7.94,392.41,2.02339389923804,141.637572946663,2.12955903031882
"species=Pimelodus_maculatus__sex=M__region=pothole","prey_41",14,20,70,7.31,392.41,1.86284753191815,130.39932723427,1.96058898131368
"species=Pimelodus_maculatus__sex=M__region=pothole","prey_60",15,20,75,6.75,392.41,1.72013964985602,129.010473739201,1.93970719521213
"species=Pimelodus_maculatus__sex=M__region=pothole","prey_6",14,20,70,7.21,392.41,1.83736398154991,128.615478708494,1.93376833861445
"species=Pimelodus_maculatus__sex=M__region=pothole","prey_45",13,20,65,7.75,392.41,1.97497515353839,128.373384979995,1.93012839424812
"species=Pimelodus_maculatus__sex=M__region=pothole","prey_29",14,20,70,7.18,392.41,1.82971891643944,128.080324150761,1.92572214580468
"species=Pimelodus_maculatus__sex=M__region=pothole","prey_33",14,20,70,7.17,392.41,1.82717056140261,127.901939298183,1.92304008153475
"species=Pimelodus_maculatus__sex=M__region=pothole","prey_24",13,20,65,7.54,392.41,1.92145969776509,124.894880354731,1.87782814098462
"species=Pimelodus_maculatus__sex=M__region=pothole","prey_51",13,20,65,7.41,392.41,1.88833108228638,122.741520348615,1.84545179372627
"species=Pimelodus_maculatus__sex=M__region=pothole","prey_47",12,20,60,7.69,392.41,1.95968502331745,117.581101399047,1.76786350591778
"species=Pimelodus_maculatus__sex=M__region=pothole","prey_35",13,20,65,7.03,392.41,1.79149359088708,116.44708340766,1.75081324020184
"species=Pimelodus_maculatus__sex=M__region=pothole","prey_46",15,20,75,6.04,392.41,1.53920644224153,115.440483168115,1.73567873467871
"species=Pimelodus_maculatus__sex=M__region=pothole","prey_27",12,20,60,7.4,392.41,1.88578272724956,113.146963634974,1.70119505120827
"species=Pimelodus_maculatus__sex=M__region=pothole","prey_32",14,20,70,6.11,392.41,1.5570449274993,108.993144924951,1.63874126892292
"species=Pimelodus_maculatus__sex=M__region=pothole","prey_14",12,20,60,7.1,392.41,1.80933207614485,108.559924568691,1.63222768426739
"species=Pimelodus_maculatus__sex=M__region=pothole","prey_59",13,20,65,6.48,392.41,1.65133406386178,107.336714151016,1.61383638641649
"species=Pimelodus_maculatus__sex=M__region=pothole","prey_23",14,20,70,5.86,392.41,1.49333605157871,104.533523610509,1.57168966217485
"species=Pimelodus_maculatus__sex=M__region=pothole","prey_11",12,20,60,6.52,392.41,1.66152748400907,99.6916490405443,1.49889077484837
"species=Pimelodus_maculatus__sex=M__region=pothole","prey_28",12,20,60,6.42,392.41,1.63604393364083,98.1626360184501,1.47590165253474
"species=Pimelodus_maculatus__sex=M__region=pothole","prey_3",12,20,60,6.42,392.41,1.63604393364083,98.1626360184501,1.47590165253474
"species=Pimelodus_maculatus__sex=M__region=pothole","prey_9",12,20,60,6.34,392.41,1.61565709334624,96.9394256007747,1.45751035468384
"species=Pimelodus_maculatus__sex=M__region=pothole","prey_5",14,20,70,5.3,392.41,1.35062816951658,94.5439718661604,1.42149406305916
"species=Pimelodus_maculatus__sex=M__region=pothole","prey_26",12,20,60,6.09,392.41,1.55194821742565,93.1168930455391,1.40003754889978
"species=Pimelodus_maculatus__sex=M__region=pothole","prey_19",12,20,60,6.02,392.41,1.53410973216789,92.0465839300731,1.38394516328024
"species=Pimelodus_maculatus__sex=M__region=pothole","prey_36",11,20,55,6.32,392.41,1.6105603832726,88.5808210799929,1.33183648603602
"species=Pimelodus_maculatus__sex=M__region=pothole","prey_42",14,20,70,4.96,392.41,1.26398409826457,88.4788868785199,1.33030387788178
"species=Pimelodus_maculatus__sex=M__region=pothole","prey_21",11,20,55,6.21,392.41,1.58252847786754,87.0390662827145,1.30865578770312
"species=Pimelodus_maculatus__sex=M__region=pothole","prey_15",13,20,65,5.25,392.41,1.33788639433246,86.9626156316098,1.30750633158744
"species=Pimelodus_maculatus__sex=M__region=pothole","prey_50",13,20,65,5.23,392.41,1.33278968425881,86.6313294768227,1.30252535508615
"species=Pimelodus_maculatus__sex=M__region=pothole","prey_4",12,20,60,5.39,392.41,1.37356336484799,82.4138018908794,1.2391136927044
"species=Pimelodus_maculatus__sex=M__region=pothole","prey_8",13,20,65,4.92,392.41,1.25379067811728,81.4963940776229,1.22532021931623
"species=Pimelodus_maculatus__sex=M__region=pothole","prey_22",11,20,55,5.81,392.41,1.48059427639459,81.4326852017023,1.22436233921983
"species=Pimelodus_maculatus__sex=M__region=pothole","prey_58",12,20,60,5.3,392.41,1.35062816951658,81.0376901709946,1.21842348262214
"species=Pimelodus_maculatus__sex=M__region=pothole","prey_44",14,20,70,4.38,392.41,1.11617950612879,78.1325654290156,1.17474415022625
"species=Pimelodus_maculatus__sex=M__region=pothole","prey_31",11,20,55,5.42,392.41,1.38120842995846,75.9664636477154,1.14217622694862
"species=Pimelodus_maculatus__sex=M__region=pothole","prey_37",11,20,55,5.41,392.41,1.37866007492164,75.8263041206901,1.14006889073653
"species=Pimelodus_maculatus__sex=M__region=pothole","prey_54",12,20,60,4.89,392.41,1.2461456130068,74.7687367804082,1.12416808113628
"species=Pimelodus_maculatus__sex=M__region=pothole","prey_17",12,20,60,4.58,392.41,1.16714660686527,70.0287964119161,1.05290180196404
"species=Pimelodus_maculatus__sex=M__region=pothole","prey_1",11,20,55,4.89,392.41,1.2461456130068,68.5380087153742,1.03048740770825
"species=Pimelodus_maculatus__sex=M__region=pothole","prey_39",11,20,55,4.79,392.41,1.22066206263857,67.1364134451212,1.00941404558743
"species=Pimelodus_maculatus__sex=M__region=pothole","prey_7",10,20,50,5.22,392.41,1.33024132922199,66.5120664610994,1.0000268206427
"species=Pimelodus_maculatus__sex=M__region=pothole","prey_57",10,20,50,4.85,392.41,1.23595219285951,61.7976096429754,0.929143693509021
"species=Pimelodus_maculatus__sex=M__region=pothole","prey_16",11,20,55,4.3,392.41,1.0957926658342,60.2685966208812,0.906154571195396
"species=Pimelodus_maculatus__sex=M__region=pothole","prey_38",10,20,50,4.44,392.41,1.13146963634974,56.5734818174868,0.850597525604135
"species=Pimelodus_maculatus__sex=M__region=pothole","prey_40",11,20,55,3.97,392.41,1.01169694961902,55.6433322290462,0.83661247619668
"species=Pimelodus_maculatus__sex=M__region=pothole","prey_2",10,20,50,4.22,392.41,1.07540582553961,53.7702912769807,0.808450801362488
"species=Pimelodus_maculatus__sex=M__region=pothole","prey_43",10,20,50,3.65,392.41,0.930149588440662,46.5074794220331,0.699252470372769
"species=Pimelodus_maculatus__sex=M__region=valley","prey_17",19,22,86.3636363636364,10.18,446.93,2.27776161815049,196.715776112997,2.9136451143495
"species=Pimelodus_maculatus__sex=M__region=valley","prey_6",18,22,81.8181818181818,9.98,446.93,2.2330118810552,182.700972086334,2.70606559994698
"species=Pimelodus_maculatus__sex=M__region=valley","prey_3",18,22,81.8181818181818,9.6,446.93,2.14798738057414,175.744422046975,2.60302903401713
"species=Pimelodus_maculatus__sex=M__region=valley","prey_25",19,22,86.3636363636364,9,446.93,2.01373816928826,173.913750983986,2.57591414824612
"species=Pimelodus_maculatus__sex=M__region=valley","prey_29",19,22,86.3636363636364,8.92,446.93,1.99583827445014,172.367850975239,2.55301713359504
"species=Pimelodus_maculatus__sex=M__region=valley","prey_23",17,22,77.2727272727273,8.95,446.93,2.00255073501443,154.74255679657,2.29196103892191
"species=Pimelodus_maculatus__sex=M__region=valley","prey_5",16,22,72.7272727272727,9.19,446.93,2.05625041952878,149.545485056639,2.2149848909831
"species=Pimelodus_maculatus__sex=M__region=valley","prey_59",18,22,81.8181818181818,8.07,446.93,1.80565189179514,147.735154783238,2.18817128172065
"species=Pimelodus_maculatus__sex=M__region=valley","prey_53",17,22,77.2727272727273,8.54,446.93,1.91081377396908,147.653791624883,2.18696617568638
"species=Pimelodus_maculatus__sex=M__region=valley","prey_39",17,22,77.2727272727273,8.13,446.93,1.81907681292372,140.565026453197,2.08197131245085
"species=Pimelodus_maculatus__sex=M__region=valley","prey_7",15,22,68.1818181818182,9.19,446.93,2.05625041952878,140.198892240599,2.07654833529665
"species=Pimelodus_maculatus__sex=M__region=valley","prey_38",15,22,68.1818181818182,8.99,446.93,2.01150068243349,137.147773802283,2.03135685901163
"species=Pimelodus_maculatus__sex=M__region=valley","prey_48",17,22,77.2727272727273,7.71,446.93,1.72510236502361,133.303364570006,1.97441559889251
"species=Pimelodus_maculatus__sex=M__region=valley","prey_47",15,22,68.1818181818182,8.66,446.93,1.93766361622625,132.113428379063,1.95679092314135
"species=Pimelodus_maculatus__sex=M__region=valley","prey_60",15,22,68.1818181818182,8.64,446.93,1.93318864251673,131.808316535231,1.95227177551285
"species=Pimelodus_maculatus__sex=M__region=valley","prey_30",17,22,77.2727272727273,7.61,446.93,1.70272749647596,131.57439745496,1.94880709566433
"species=Pimelodus_maculatus__sex=M__region=valley","prey_36",16,22,72.7272727272727,8.07,446.93,1.80565189179514,131.320137585101,1.94504113930725
"species=Pimelodus_maculatus__sex=M__region=valley","prey_24",14,22,63.6363636363636,9.13,446.93,2.0428254984002,129.997986261831,1.9254581662504
"species=Pimelodus_maculatus__sex=M__region=valley","prey_21",16,22,72.7272727272727,7.91,446.93,1.7698521021189,128.716516517738,1.9064777462107
"species=Pimelodus_maculatus__sex=M__region=valley","prey_57",14,22,63.6363636363636,8.96,446.93,2.0047882218692,127.577432300767,1.88960626173095
"species=Pimelodus_maculatus__sex=M__region=valley","prey_26",17,22,77.2727272727273,7.31,446.93,1.63560289083302,126.387496109824,1.8719815859798
"species=Pimelodus_maculatus__sex=M__region=valley","prey_18",16,22,72.7272727272727,7.67,446.93,1.71615241760455,124.811084916694,1.84863265656587
"species=Pimelodus_maculatus__sex=M__region=valley","prey_19",15,22,68.1818181818182,8,446.93,1.78998948381178,122.044737532622,1.80765905140078
"species=Pimelodus_maculatus__sex=M__region=valley","prey_41",15,22,68.1818181818182,7.98,446.93,1.78551451010225,121.73962568879,1.80313990377228
"species=Pimelodus_maculatus__sex=M__region=valley","prey_31",16,22,72.7272727272727,7.41,446.93,1.65797775938066,120.58020068223,1.78596714278398
"species=Pimelodus_maculatus__sex=M__region=valley","prey_15",14,22,63.6363636363636,8.45,446.93,1.8906763922762,120.315770417576,1.78205054817261
"species=Pimelodus_maculatus__sex=M__region=valley","prey_11",16,22,72.7272727272727,7.3,446.93,1.63336540397825,118.790211198418,1.7594548100301
"species=Pimelodus_maculatus__sex=M__region=valley","prey_12",15,22,68.1818181818182,7.69,446.93,1.72062739131408,117.315503953232,1.737612263159
"species=Pimelodus_maculatus__sex=M__region=valley","prey_4",15,22,68.1818181818182,7.51,446.93,1.68035262792831,114.569497358748,1.69693993450249
"species=Pimelodus_maculatus__sex=M__region=valley","prey_13",15,22,68.1818181818182,7.07,446.93,1.58190320631866,107.857036794454,1.59751868667544
"species=Pimelodus_maculatus__sex=M__region=valley","prey_43",14,22,63.6363636363636,7.54,446.93,1.68706508849261,107.358687449529,1.59013741221556
"species=Pimelodus_maculatus__sex=M__region=valley","prey_27",14,22,63.6363636363636,7.52,446.93,1.68259011478308,107.073916395287,1.58591954109562
"species=Pimelodus_maculatus__sex=M__region=valley","prey_22",15,22,68.1818181818182,6.8,446.93,1.52149106124002,103.738026902728,1.53651019369067
"species=Pimelodus_maculatus__sex=M__region=valley","prey_51",14,22,63.6363636363636,7.25,446.93,1.62217796970443,103.229507163009,1.5289782809765
"species=Pimelodus_maculatus__sex=M__region=valley","prey_34",13,22,59.0909090909091,7.7,446.93,1.72286487816884,101.805651891795,1.50788892537682
"species=Pimelodus_maculatus__sex=M__region=valley","prey_32",14,22,63.6363636363636,7.05,446.93,1.57742823260913,100.381796620581,1.48679956977715
"species=Pimelodus_maculatus__sex=M__region=valley","prey_56",15,22,68.1818181818182,6.54,446.93,1.46331640301613,99.7715729329181,1.47776127452014
"species=Pimelodus_maculatus__sex=M__region=valley","prey_42",14,22,63.6363636363636,6.85,446.93,1.53267849551384,97.5340860781534,1.44462085857779
"species=Pimelodus_maculatus__sex=M__region=valley","prey_54",14,22,63.6363636363636,6.78,446.93,1.51701608753049,96.5373873883036,1.42985830965802
"species=Pimelodus_maculatus__sex=M__region=valley","prey_40",14,22,63.6363636363636,6.55,446.93,1.4655538898709,93.2625202645116,1.38135279177877
"species=Pimelodus_maculatus__sex=M__region=valley","prey_37",13,22,59.0909090909091,6.9,446.93,1.54386592978766,91.2284413056346,1.35122514092209
"species=Pimelodus_maculatus__sex=M__region=valley","prey_2",12,22,54.5454545454545,7.32,446.93,1.63784037768778,89.336747873879,1.32320642562537
"species=Pimelodus_maculatus__sex=M__region=valley","prey_58",13,22,59.0909090909091,6.71,446.93,1.50135367954713,88.7163537914215,1.31401749211409
"species=Pimelodus_maculatus__sex=M__region=valley","prey_46",12,22,54.5454545454545,7.21,446.93,1.61322802228537,87.9942557610201,1.30332217605997
"species=Pimelodus_maculatus__sex=M__region=valley","prey_28",15,22,68.1818181818182,5.66,446.93,1.26641755979684,86.3466518043297,1.27891877886606
"species=Pimelodus_maculatus__sex=M__region=valley","prey_20",12,22,54.5454545454545,7.07,446.93,1.58190320631866,86.2856294355634,1.27801494934035
"species=Pimelodus_maculatus__sex=M__region=valley","prey_16",12,22,54.5454545454545,7.04,446.93,1.57519074575437,85.9194952229656,1.27259197218615
"species=Pimelodus_maculatus__sex=M__region=valley","prey_44",14,22,63.6363636363636,5.95,446.93,1.33130467858501,84.7193886372281,1.25481665818071
"species=Pimelodus_maculatus__sex=M__region=valley","prey_8",14,22,63.6363636363636,5.95,446.93,1.33130467858501,84.7193886372281,1.25481665818071
"species=Pimelodus_maculatus__sex=M__region=valley","prey_14",13,22,59.0909090909091,6.31,446.93,1.41185420535654,83.4277484983412,1.23568559988672
"species=Pimelodus_maculatus__sex=M__region=valley","prey_49",14,22,63.6363636363636,5.79,446.93,1.29550488890878,82.4412202032859,1.22107368922123
"species=Pimelodus_maculatus__sex=M__region=valley","prey_33",12,22,54.5454545454545,6.75,446.93,1.51030362696619,82.3801978345195,1.22016985969553
"species=Pimelodus_maculatus__sex=M__region=valley","prey_1",13,22,59.0909090909091,6.12,446.93,1.36934195511601,80.9156609841281,1.19847795107872
"species=Pimelodus_maculatus__sex=M__region=valley","prey_45",11,22,50,6.94,446.93,1.55281587720672,77.6407938603361,1.14997243319947
"species=Pimelodus_maculatus__sex=M__region=valley","prey_35",12,22,54.5454545454545,6.12,446.93,1.36934195511601,74.6913793699644,1.10628733945728
"species=Pimelodus_maculatus__sex=M__region=valley","prey_55",14,22,63.6363636363636,5.17,446.93,1.15678070391336,73.6133175217596,1.09031968450324
"species=Pimelodus_maculatus__sex=M__region=valley","prey_50",13,22,59.0909090909091,5.37,446.93,1.20153044100866,70.9995260596026,1.05160565315241
"species=Pimelodus_maculatus__sex=M__region=valley","prey_9",11,22,50,5.76,446.93,1.28879242834448,64.4396214172242,0.954443979139615
"species=Pimelodus_maculatus__sex=M__region=valley","prey_10",11,22,50,4.95,446.93,1.10755599310854,55.377799655427,0.820225294573106
"species=Pimelodus_maculatus__sex=M__region=valley","prey_52",9,22,40.9090909090909,5.44,446.93,1.21719284899201,49.7942529133096,0.73752489297152
"species=Prochilodus_lineatus__sex=F__region=montain","prey_24",7,7,100,4.62,140.59,3.28615121985917,328.615121985917,4.68743205832476
"species=Prochilodus_lineatus__sex=F__region=montain","prey_36",7,7,100,4.55,140.59,3.2363610498613,323.63610498613,4.61641036047135
"species=Prochilodus_lineatus__sex=F__region=montain","prey_45",7,7,100,3.93,140.59,2.79536240130877,279.536240130877,3.9873610366269
"species=Prochilodus_lineatus__sex=F__region=montain","prey_29",6,7,85.7142857142857,4.08,140.59,2.90205562273277,248.747624805666,3.54818604785993
"species=Prochilodus_lineatus__sex=F__region=montain","prey_34",7,7,100,2.97,140.59,2.11252578419518,211.252578419518,3.01334918035163
"species=Prochilodus_lineatus__sex=F__region=montain","prey_15",6,7,85.7142857142857,3.46,140.59,2.46105697418024,210.947740644021,3.00900091313611
"species=Prochilodus_lineatus__sex=F__region=montain","prey_9",6,7,85.7142857142857,3.38,140.59,2.40415392275411,206.070336236066,2.93942863768788
"species=Prochilodus_lineatus__sex=F__region=montain","prey_4",6,7,85.7142857142857,3.19,140.59,2.26900917561704,194.486500767175,2.77419448349833
"species=Prochilodus_lineatus__sex=F__region=montain","prey_7",6,7,85.7142857142857,3.05,140.59,2.16942883562131,185.951043053255,2.65244300146392
"species=Prochilodus_lineatus__sex=F__region=montain","prey_35",5,7,71.4285714285714,3.37,140.59,2.39704104132584,171.21721723756,2.44227675271404
"species=Prochilodus_lineatus__sex=F__region=montain","prey_13",5,7,71.4285714285714,3.35,140.59,2.38281527846931,170.201091319236,2.42778252866233
"species=Prochilodus_lineatus__sex=F__region=montain","prey_16",5,7,71.4285714285714,3.33,140.59,2.36858951561277,169.184965400912,2.41328830461061
"species=Prochilodus_lineatus__sex=F__region=montain","prey_37",5,7,71.4285714285714,3,140.59,2.13386442847998,152.41888774857,2.17413360775731
"species=Prochilodus_lineatus__sex=F__region=montain","prey_14",5,7,71.4285714285714,2.91,140.59,2.06984849562558,147.846321116113,2.10890959952459
"species=Prochilodus_lineatus__sex=F__region=montain","prey_59",5,7,71.4285714285714,2.86,140.59,2.03428408848425,145.306006320303,2.0726740393953
"species=Prochilodus_lineatus__sex=F__region=montain","prey_11",5,7,71.4285714285714,2.65,140.59,1.88491357849065,134.636684177903,1.92048468685229
"species=Prochilodus_lineatus__sex=F__region=montain","prey_18",5,7,71.4285714285714,2.63,140.59,1.87068781563411,133.62055825958,1.90599046280057
"species=Prochilodus_lineatus__sex=F__region=montain","prey_1",5,7,71.4285714285714,2.59,140.59,1.84223628992105,131.588306422932,1.87700201469714
"species=Prochilodus_lineatus__sex=F__region=montain","prey_56",5,7,71.4285714285714,2.57,140.59,1.82801052706451,130.572180504608,1.86250779064543
"species=Prochilodus_lineatus__sex=F__region=montain","prey_19",5,7,71.4285714285714,2.57,140.59,1.82801052706451,130.572180504608,1.86250779064543
"species=Prochilodus_lineatus__sex=F__region=montain","prey_50",5,7,71.4285714285714,2.54,140.59,1.80667188277971,129.047991627122,1.84076645456785
"species=Prochilodus_lineatus__sex=F__region=montain","prey_41",4,7,57.1428571428571,3.14,140.59,2.23344476847571,127.625415341469,1.82047454089545
"species=Prochilodus_lineatus__sex=F__region=montain","prey_47",5,7,71.4285714285714,2.43,140.59,1.72843018706878,123.459299076342,1.76104822228342
"species=Prochilodus_lineatus__sex=F__region=montain","prey_46",5,7,71.4285714285714,2.42,140.59,1.72131730564051,122.95123611718,1.75380111025756
"species=Prochilodus_lineatus__sex=F__region=montain","prey_27",5,7,71.4285714285714,2.28,140.59,1.62173696564478,115.838354688913,1.65234154189555
"species=Prochilodus_lineatus__sex=F__region=montain","prey_23",5,7,71.4285714285714,2.27,140.59,1.61462408421652,115.330291729751,1.6450944298697
"species=Prochilodus_lineatus__sex=F__region=montain","prey_21",4,7,57.1428571428571,2.83,140.59,2.01294544419945,115.025453954254,1.64074616265418
"species=Prochilodus_lineatus__sex=F__region=montain","prey_6",5,7,71.4285714285714,2.24,140.59,1.59328543993172,113.806102852265,1.62335309379212
"species=Prochilodus_lineatus__sex=F__region=montain","prey_12",5,7,71.4285714285714,2.17,140.59,1.54349526993385,110.249662138132,1.57262330961112
"species=Prochilodus_lineatus__sex=F__region=montain","prey_33",4,7,57.1428571428571,2.67,140.59,1.89913934134718,108.522248076982,1.5479831287232
"species=Prochilodus_lineatus__sex=F__region=montain","prey_54",5,7,71.4285714285714,2.13,140.59,1.51504374422078,108.217410301485,1.54363486150769
"species=Prochilodus_lineatus__sex=F__region=montain","prey_3",4,7,57.1428571428571,2.6,140.59,1.84934917134931,105.677095505675,1.5073993013784
"species=Prochilodus_lineatus__sex=F__region=montain","prey_42",5,7,71.4285714285714,1.99,140.59,1.41546340422505,101.104528873218,1.44217529314568
"species=Prochilodus_lineatus__sex=F__region=montain","prey_43",5,7,71.4285714285714,1.99,140.59,1.41546340422505,101.104528873218,1.44217529314568
"species=Prochilodus_lineatus__sex=F__region=montain","prey_52",4,7,57.1428571428571,2.47,140.59,1.75688171278185,100.393240730391,1.43202933630948
"species=Prochilodus_lineatus__sex=F__region=montain","prey_30",4,7,57.1428571428571,2.37,140.59,1.68575289849918,96.3287370570961,1.37405244010262
"species=Prochilodus_lineatus__sex=F__region=montain","prey_25",5,7,71.4285714285714,1.86,140.59,1.32299594565759,94.4997104041133,1.34796283680953
"species=Prochilodus_lineatus__sex=F__region=montain","prey_44",4,7,57.1428571428571,2.26,140.59,1.60751120278825,91.8577830164714,1.31027785427507
"species=Prochilodus_lineatus__sex=F__region=montain","prey_53",5,7,71.4285714285714,1.79,140.59,1.27320577565972,90.94326968998,1.29723305262853
"species=Prochilodus_lineatus__sex=F__region=montain","prey_31",4,7,57.1428571428571,2.2,140.59,1.56483391421865,89.4190808124943,1.27549171655095
"species=Prochilodus_lineatus__sex=F__region=montain","prey_17",5,7,71.4285714285714,1.67,140.59,1.18785119852052,84.8465141800372,1.21026770831823
"species=Prochilodus_lineatus__sex=F__region=montain","prey_26",4,7,57.1428571428571,1.84,140.59,1.30877018280105,74.7868675886316,1.06677489020625
"species=Prochilodus_lineatus__sex=F__region=montain","prey_51",4,7,57.1428571428571,1.81,140.59,1.28743153851625,73.567516486643,1.04938182134419
"species=Prochilodus_lineatus__sex=F__region=montain","prey_55",4,7,57.1428571428571,1.81,140.59,1.28743153851625,73.567516486643,1.04938182134419
"species=Prochilodus_lineatus__sex=F__region=montain","prey_5",5,7,71.4285714285714,1.42,140.59,1.01002916281386,72.1449402009897,1.02908990767179
"species=Prochilodus_lineatus__sex=F__region=montain","prey_32",3,7,42.8571428571429,2.29,140.59,1.62884984707305,69.807850588845,0.995753192352847
"species=Prochilodus_lineatus__sex=F__region=montain","prey_58",3,7,42.8571428571429,2.24,140.59,1.59328543993172,68.2836617113593,0.974011856275274
"species=Prochilodus_lineatus__sex=F__region=montain","prey_10",3,7,42.8571428571429,2.16,140.59,1.53638238850558,65.8449595073822,0.939225718551157
"species=Prochilodus_lineatus__sex=F__region=montain","prey_48",4,7,57.1428571428571,1.45,140.59,1.03136780709866,58.9353032627803,0.840664994999493
"species=Prochilodus_lineatus__sex=F__region=montain","prey_2",4,7,57.1428571428571,1.44,140.59,1.02425492567039,58.5288528954508,0.834867305378806
"species=Prochilodus_lineatus__sex=F__region=montain","prey_49",4,7,57.1428571428571,1.37,140.59,0.974464755672523,55.6837003241442,0.794283478034003
"species=Prochilodus_lineatus__sex=F__region=montain","prey_28",3,7,42.8571428571429,1.53,140.59,1.08827085852479,46.6401796510624,0.665284883973737
"species=Prochilodus_lineatus__sex=F__region=montain","prey_22",3,7,42.8571428571429,1.39,140.59,0.988690518529056,42.3724507941024,0.604409142956532
"species=Prochilodus_lineatus__sex=F__region=montain","prey_8",4,7,57.1428571428571,1.02,140.59,0.725513905683192,41.457937467611,0.591364341309988
"species=Prochilodus_lineatus__sex=F__region=montain","prey_39",3,7,42.8571428571429,1.32,140.59,0.93890034853119,40.2385863656224,0.573971272447929
"species=Prochilodus_lineatus__sex=F__region=montain","prey_60",4,7,57.1428571428571,0.88,140.59,0.62593356568746,35.7676323249977,0.510196686620382
"species=Prochilodus_lineatus__sex=F__region=montain","prey_40",3,7,42.8571428571429,1.12,140.59,0.796642719965858,34.1418308556796,0.487005928137637
"species=Prochilodus_lineatus__sex=F__region=montain","prey_57",3,7,42.8571428571429,0.92,140.59,0.654385091400526,28.0450753457368,0.400040583827345
"species=Prochilodus_lineatus__sex=F__region=montain","prey_20",2,7,28.5714285714286,0.58,140.59,0.412547122839462,11.7870606525561,0.168132998999899
"species=Prochilodus_lineatus__sex=F__region=montain","prey_38",1,7,14.2857142857143,0.62,140.59,0.440998648552529,6.29998069360755,0.0898641891206354
"species=Prochilodus_lineatus__sex=F__region=plains","prey_17",19,22,86.3636363636364,9.36,439.64,2.12901464834865,183.869446902838,2.75341854934602
"species=Prochilodus_lineatus__sex=F__region=plains","prey_45",17,22,77.2727272727273,10.31,439.64,2.34510053680284,181.212314207492,2.71362836900515
"species=Prochilodus_lineatus__sex=F__region=plains","prey_4",17,22,77.2727272727273,9.11,439.64,2.0721499408607,160.120677248327,2.39778413594927
"species=Prochilodus_lineatus__sex=F__region=plains","prey_24",17,22,77.2727272727273,8.71,439.64,1.98116640887999,153.090131595272,2.29250272493064
"species=Prochilodus_lineatus__sex=F__region=plains","prey_47",18,22,81.8181818181818,8.21,439.64,1.8674369939041,152.790299501245,2.2880127824019
"species=Prochilodus_lineatus__sex=F__region=plains","prey_21",16,22,72.7272727272727,9.16,439.64,2.08352288235829,151.528936898785,2.26912405866033
"species=Prochilodus_lineatus__sex=F__region=plains","prey_58",16,22,72.7272727272727,8.99,439.64,2.04485488126649,148.716718637563,2.22701149425287
"species=Prochilodus_lineatus__sex=F__region=plains","prey_9",18,22,81.8181818181818,7.95,439.64,1.80829769811664,147.951629845907,2.21555439952438
"species=Prochilodus_lineatus__sex=F__region=plains","prey_50",17,22,77.2727272727273,8.36,439.64,1.90155581839687,146.938404148849,2.20038149028934
"species=Prochilodus_lineatus__sex=F__region=plains","prey_29",16,22,72.7272727272727,8.81,439.64,2.00391229187517,145.73907577274,2.1824217201744
"species=Prochilodus_lineatus__sex=F__region=plains","prey_16",17,22,77.2727272727273,8.26,439.64,1.87880993540169,145.180767735585,2.17406113753468
"species=Prochilodus_lineatus__sex=F__region=plains","prey_53",17,22,77.2727272727273,8.16,439.64,1.85606405240651,143.423131322322,2.14774078478002
"species=Prochilodus_lineatus__sex=F__region=plains","prey_56",15,22,68.1818181818182,9.1,439.64,2.06987535256119,141.127864947354,2.11336950059453
"species=Prochilodus_lineatus__sex=F__region=plains","prey_11",17,22,77.2727272727273,8.01,439.64,1.82194522791375,140.786676702426,2.10826025564804
"species=Prochilodus_lineatus__sex=F__region=plains","prey_57",16,22,72.7272727272727,8.42,439.64,1.91520334819398,139.287516232289,2.08581054300436
"species=Prochilodus_lineatus__sex=F__region=plains","prey_2",17,22,77.2727272727273,7.68,439.64,1.74688381402966,134.986476538656,2.02140309155767
"species=Prochilodus_lineatus__sex=F__region=plains","prey_12",14,22,63.6363636363636,9.29,439.64,2.11309253025202,134.469524652402,2.01366181133571
"species=Prochilodus_lineatus__sex=F__region=plains","prey_1",16,22,72.7272727272727,7.85,439.64,1.78555181512146,129.858313827016,1.94460959175585
"species=Prochilodus_lineatus__sex=F__region=plains","prey_26",15,22,68.1818181818182,8.35,439.64,1.89928123009735,129.496447506638,1.93919069560048
"species=Prochilodus_lineatus__sex=F__region=plains","prey_33",15,22,68.1818181818182,8.24,439.64,1.87426075880266,127.790506281999,1.91364447086801
"species=Prochilodus_lineatus__sex=F__region=plains","prey_55",14,22,63.6363636363636,8.64,439.64,1.96524429078337,125.061000322578,1.87277051129608
"species=Prochilodus_lineatus__sex=F__region=plains","prey_42",15,22,68.1818181818182,8.03,439.64,1.82649440451278,124.533709398599,1.86487440546968
"species=Prochilodus_lineatus__sex=F__region=plains","prey_15",15,22,68.1818181818182,7.85,439.64,1.78555181512146,121.742169212827,1.82307149227111
"species=Prochilodus_lineatus__sex=F__region=plains","prey_19",14,22,63.6363636363636,8.26,439.64,1.87880993540169,119.560632252835,1.79040328973444
"species=Prochilodus_lineatus__sex=F__region=plains","prey_51",16,22,72.7272727272727,7.2,439.64,1.63770357565281,119.105714592931,1.78359096313912
"species=Prochilodus_lineatus__sex=F__region=plains","prey_35",17,22,77.2727272727273,6.7,439.64,1.52397416067692,117.761639688671,1.76346363456203
"species=Prochilodus_lineatus__sex=F__region=plains","prey_43",15,22,68.1818181818182,7.5,439.64,1.70594122463834,116.31417440716,1.74178804994055
"species=Prochilodus_lineatus__sex=F__region=plains","prey_22",16,22,72.7272727272727,7.02,439.64,1.59676098626149,116.128071728108,1.73900118906064
"species=Prochilodus_lineatus__sex=F__region=plains","prey_18",15,22,68.1818181818182,7.44,439.64,1.69229369484123,115.383661011902,1.72785374554102
"species=Prochilodus_lineatus__sex=F__region=plains","prey_8",15,22,68.1818181818182,7.4,439.64,1.68319534164316,114.763318748397,1.71856420927467
"species=Prochilodus_lineatus__sex=F__region=plains","prey_6",13,22,59.0909090909091,8.29,439.64,1.88563370030025,111.423809563196,1.66855553904082
"species=Prochilodus_lineatus__sex=F__region=plains","prey_39",14,22,63.6363636363636,7.45,439.64,1.69456828314075,107.836163472593,1.61483105430044
"species=Prochilodus_lineatus__sex=F__region=plains","prey_10",14,22,63.6363636363636,7.42,439.64,1.6877445182422,107.40192388814,1.60832837891399
"species=Prochilodus_lineatus__sex=F__region=plains","prey_13",15,22,68.1818181818182,6.69,439.64,1.5216995723774,103.752243571186,1.55367494054697
"species=Prochilodus_lineatus__sex=F__region=plains","prey_5",14,22,63.6363636363636,7.09,439.64,1.61268310435811,102.625288459153,1.5367989496631
"species=Prochilodus_lineatus__sex=F__region=plains","prey_36",14,22,63.6363636363636,6.9,439.64,1.56946592666727,99.875104424281,1.49561533888228
"species=Prochilodus_lineatus__sex=F__region=plains","prey_32",14,22,63.6363636363636,6.78,439.64,1.54217086707306,98.1381460864674,1.4696046373365
"species=Prochilodus_lineatus__sex=F__region=plains","prey_3",15,22,68.1818181818182,6.31,439.64,1.43526521699572,97.8589920678903,1.46542434601665
"species=Prochilodus_lineatus__sex=F__region=plains","prey_54",13,22,59.0909090909091,7.12,439.64,1.61950686925666,95.6981331833484,1.43306579468886
"species=Prochilodus_lineatus__sex=F__region=plains","prey_38",13,22,59.0909090909091,7.09,439.64,1.61268310435811,95.2949107120702,1.42702759611574
"species=Prochilodus_lineatus__sex=F__region=plains","prey_40",12,22,54.5454545454545,7.4,439.64,1.68319534164316,91.810654998718,1.37485136741974
"species=Prochilodus_lineatus__sex=F__region=plains","prey_20",14,22,63.6363636363636,6.24,439.64,1.4193430988991,90.3218335663063,1.3525564803805
"species=Prochilodus_lineatus__sex=F__region=plains","prey_23",13,22,59.0909090909091,6.54,439.64,1.48758074788463,87.9024987386374,1.31632728894174
"species=Prochilodus_lineatus__sex=F__region=plains","prey_7",14,22,63.6363636363636,6.07,439.64,1.3806750978073,87.8611425877371,1.31570798652398
"species=Prochilodus_lineatus__sex=F__region=plains","prey_25",11,22,50,7.59,439.64,1.726412519334,86.3206259667,1.29263897146254
"species=Prochilodus_lineatus__sex=F__region=plains","prey_44",14,22,63.6363636363636,5.95,439.64,1.35338003821308,86.1241842499235,1.2896972849782
"species=Prochilodus_lineatus__sex=F__region=plains","prey_30",12,22,54.5454545454545,6.84,439.64,1.55581839687017,84.8628216474636,1.27080856123662
"species=Prochilodus_lineatus__sex=F__region=plains","prey_37",12,22,54.5454545454545,6.58,439.64,1.4966791010827,81.6370418772384,1.22250297265161
"species=Prochilodus_lineatus__sex=F__region=plains","prey_46",12,22,54.5454545454545,6.53,439.64,1.48530615958512,81.0166996137336,1.21321343638526
"species=Prochilodus_lineatus__sex=F__region=plains","prey_48",13,22,59.0909090909091,5.78,439.64,1.31471203712128,77.6875294662575,1.16335959175585
"species=Prochilodus_lineatus__sex=F__region=plains","prey_59",13,22,59.0909090909091,5.73,439.64,1.30333909562369,77.0154920141273,1.1532959274673
"species=Prochilodus_lineatus__sex=F__region=plains","prey_27",12,22,54.5454545454545,6.19,439.64,1.40797015740151,76.7983722219006,1.15004458977408
"species=Prochilodus_lineatus__sex=F__region=plains","prey_34",13,22,59.0909090909091,5.69,439.64,1.29424074242562,76.4778620524231,1.14524499603646
"species=Prochilodus_lineatus__sex=F__region=plains","prey_28",13,22,59.0909090909091,5.52,439.64,1.25557274133382,74.1929347151802,1.11102853745541
"species=Prochilodus_lineatus__sex=F__region=plains","prey_14",13,22,59.0909090909091,5.41,439.64,1.23055227003912,72.7144523204936,1.08888847602061
"species=Prochilodus_lineatus__sex=F__region=plains","prey_60",11,22,50,5.98,439.64,1.36020380311164,68.0101901555818,1.01844282600079
"species=Prochilodus_lineatus__sex=F__region=plains","prey_31",11,22,50,5.78,439.64,1.31471203712128,65.7356018560641,0.984381193024178
"species=Prochilodus_lineatus__sex=F__region=plains","prey_49",11,22,50,5.14,439.64,1.16913838595214,58.4569192976071,0.875383967499009
"species=Prochilodus_lineatus__sex=F__region=plains","prey_41",11,22,50,5.09,439.64,1.15776544445455,57.8882722227277,0.866868559254855
"species=Prochilodus_lineatus__sex=F__region=plains","prey_52",11,22,50,4.08,439.64,0.928032026203257,46.4016013101629,0.694857312722949
"species=Prochilodus_lineatus__sex=F__region=pothole","prey_60",21,23,91.304347826087,10.93,460.86,2.37165299657163,216.542230121757,3.1971885133554
"species=Prochilodus_lineatus__sex=F__region=pothole","prey_52",19,23,82.6086956521739,10.83,460.86,2.34995443301653,194.12667055354,2.86622872998362
"species=Prochilodus_lineatus__sex=F__region=pothole","prey_54",19,23,82.6086956521739,10.74,460.86,2.33042572581695,192.513429524009,2.8424096546652
"species=Prochilodus_lineatus__sex=F__region=pothole","prey_26",18,23,78.2608695652174,10.26,460.86,2.22627262075251,174.230031189327,2.57246013438973
"species=Prochilodus_lineatus__sex=F__region=pothole","prey_16",18,23,78.2608695652174,9.49,460.86,2.05919368137829,161.154288107866,2.37940026075619
"species=Prochilodus_lineatus__sex=F__region=pothole","prey_28",18,23,78.2608695652174,8.88,460.86,1.92683244369223,150.795582549826,2.22645672450105
"species=Prochilodus_lineatus__sex=F__region=pothole","prey_21",18,23,78.2608695652174,8.61,460.86,1.86824632209348,146.210581729055,2.15876040517501
"species=Prochilodus_lineatus__sex=F__region=pothole","prey_5",18,23,78.2608695652174,8.6,460.86,1.86607646573797,146.040766883841,2.15625313408886
"species=Prochilodus_lineatus__sex=F__region=pothole","prey_29",16,23,69.5652173913043,9.36,460.86,2.03098554875667,141.285951217855,2.08604954367666
"species=Prochilodus_lineatus__sex=F__region=pothole","prey_59",17,23,73.9130434782609,8.74,460.86,1.8964544547151,140.172720565899,2.06961298877857
"species=Prochilodus_lineatus__sex=F__region=pothole","prey_51",19,23,82.6086956521739,7.59,460.86,1.64692097383153,136.049993490431,2.00874201852038
"species=Prochilodus_lineatus__sex=F__region=pothole","prey_49",16,23,69.5652173913043,8.9,460.86,1.93117215640325,134.342410880226,1.98353001482076
"species=Prochilodus_lineatus__sex=F__region=pothole","prey_2",17,23,73.9130434782609,8.3,460.86,1.80098077507269,133.11597033146,1.96542194586523
"species=Prochilodus_lineatus__sex=F__region=pothole","prey_53",16,23,69.5652173913043,8.56,460.86,1.85739704031593,129.210228891543,1.90775471088378
"species=Prochilodus_lineatus__sex=F__region=pothole","prey_1",17,23,73.9130434782609,7.97,460.86,1.72937551534088,127.823407655631,1.88727866368023
"species=Prochilodus_lineatus__sex=F__region=pothole","prey_8",17,23,73.9130434782609,7.93,460.86,1.72069608991885,127.181884907045,1.87780675068811
"species=Prochilodus_lineatus__sex=F__region=pothole","prey_30",15,23,65.2173913043478,8.83,460.86,1.91598316191468,124.955423603131,1.84493364089192
"species=Prochilodus_lineatus__sex=F__region=pothole","prey_23",15,23,65.2173913043478,8.76,460.86,1.90079416742612,123.964837006051,1.83030789288938
"species=Prochilodus_lineatus__sex=F__region=pothole","prey_14",16,23,69.5652173913043,8.2,460.86,1.7792822115176,123.776153844702,1.82752203612699
"species=Prochilodus_lineatus__sex=F__region=pothole","prey_43",16,23,69.5652173913043,8.11,460.86,1.75975350431801,122.417635082992,1.80746386743779
"species=Prochilodus_lineatus__sex=F__region=pothole","prey_7",15,23,65.2173913043478,8.51,460.86,1.84654775853838,120.427027730764,1.77807307859459
"species=Prochilodus_lineatus__sex=F__region=pothole","prey_22",15,23,65.2173913043478,8.46,460.86,1.83569847676084,119.719465875707,1.76762611573563
"species=Prochilodus_lineatus__sex=F__region=pothole","prey_38",17,23,73.9130434782609,7.4,460.86,1.60569370307686,118.681708488289,1.7523039035425
"species=Prochilodus_lineatus__sex=F__region=pothole","prey_20",15,23,65.2173913043478,8.38,460.86,1.81833962591676,118.587366907615,1.7509109751613
"species=Prochilodus_lineatus__sex=F__region=pothole","prey_37",17,23,73.9130434782609,7.34,460.86,1.5926745649438,117.719424365411,1.73809603405431
"species=Prochilodus_lineatus__sex=F__region=pothole","prey_45",16,23,69.5652173913043,7.59,460.86,1.64692097383153,114.568415570889,1.69157222612242
"species=Prochilodus_lineatus__sex=F__region=pothole","prey_3",15,23,65.2173913043478,8.09,460.86,1.755413791607,114.483508148282,1.69031859057935
"species=Prochilodus_lineatus__sex=F__region=pothole","prey_13",16,23,69.5652173913043,7.56,460.86,1.640411404765,114.115575983652,1.68488616989269
"species=Prochilodus_lineatus__sex=F__region=pothole","prey_50",15,23,65.2173913043478,7.95,460.86,1.72503580262987,112.502334954122,1.66106709457427
"species=Prochilodus_lineatus__sex=F__region=pothole","prey_42",15,23,65.2173913043478,7.9,460.86,1.71418652085232,111.794773099064,1.65062013171531
"species=Prochilodus_lineatus__sex=F__region=pothole","prey_6",16,23,69.5652173913043,7.39,460.86,1.60352384672135,111.549484989311,1.6469985179242
"species=Prochilodus_lineatus__sex=F__region=pothole","prey_27",15,23,65.2173913043478,7.77,460.86,1.6859783882307,109.955112275915,1.62345802828202
"species=Prochilodus_lineatus__sex=F__region=pothole","prey_48",16,23,69.5652173913043,7.12,460.86,1.5449377251226,107.473928704181,1.58682401185661
"species=Prochilodus_lineatus__sex=F__region=pothole","prey_31",15,23,65.2173913043478,7.56,460.86,1.640411404765,106.983352484674,1.5795807842744
"species=Prochilodus_lineatus__sex=F__region=pothole","prey_18",15,23,65.2173913043478,7.49,460.86,1.62522241027644,105.992765887594,1.56495503627186
"species=Prochilodus_lineatus__sex=F__region=pothole","prey_58",15,23,65.2173913043478,7.33,460.86,1.59050470858829,103.72856795141,1.53152475512319
"species=Prochilodus_lineatus__sex=F__region=pothole","prey_9",16,23,69.5652173913043,6.81,460.86,1.47767217810181,102.794586302735,1.51773476414937
"species=Prochilodus_lineatus__sex=F__region=pothole","prey_46",15,23,65.2173913043478,7.09,460.86,1.53842815605607,100.332271047135,1.48137933340019
"species=Prochilodus_lineatus__sex=F__region=pothole","prey_33",14,23,60.8695652173913,7.55,460.86,1.6382415484095,99.7190507727519,1.47232529892243
"species=Prochilodus_lineatus__sex=F__region=pothole","prey_36",15,23,65.2173913043478,7.01,460.86,1.52106930521199,99.2001720790431,1.46466419282586
"species=Prochilodus_lineatus__sex=F__region=pothole","prey_44",13,23,56.5217391304348,7.93,460.86,1.72069608991885,97.2567355171523,1.43596986817326
"species=Prochilodus_lineatus__sex=F__region=pothole","prey_55",15,23,65.2173913043478,6.85,460.86,1.48635160352385,96.9359741428595,1.4312339116772
"species=Prochilodus_lineatus__sex=F__region=pothole","prey_10",15,23,65.2173913043478,6.82,460.86,1.47984203445732,96.5114370298251,1.42496573396182
"species=Prochilodus_lineatus__sex=F__region=pothole","prey_39",15,23,65.2173913043478,6.82,460.86,1.47984203445732,96.5114370298251,1.42496573396182
"species=Prochilodus_lineatus__sex=F__region=pothole","prey_19",14,23,60.8695652173913,7.2,460.86,1.56229657596667,95.0963133197104,1.40407180824391
"species=Prochilodus_lineatus__sex=F__region=pothole","prey_12",15,23,65.2173913043478,6.65,460.86,1.44295447641366,94.1057267226301,1.38944606024137
"species=Prochilodus_lineatus__sex=F__region=pothole","prey_32",15,23,65.2173913043478,6.62,460.86,1.43644490734713,93.6811896095957,1.38317788252599
"species=Prochilodus_lineatus__sex=F__region=pothole","prey_57",17,23,73.9130434782609,5.81,460.86,1.26068654255088,93.1811792320218,1.37579536210566
"species=Prochilodus_lineatus__sex=F__region=pothole","prey_25",14,23,60.8695652173913,6.77,460.86,1.46899275267977,89.4169501631166,1.32021751969601
"species=Prochilodus_lineatus__sex=F__region=pothole","prey_24",14,23,60.8695652173913,6.74,460.86,1.46248318361324,89.0207155242845,1.31436722049499
"species=Prochilodus_lineatus__sex=F__region=pothole","prey_11",12,23,52.1739130434783,7.5,460.86,1.62739226663195,84.9074226068843,1.25363554307492
"species=Prochilodus_lineatus__sex=F__region=pothole","prey_41",12,23,52.1739130434783,7.13,460.86,1.54710758147811,80.7186564249447,1.19178952294989
"species=Prochilodus_lineatus__sex=F__region=pothole","prey_34",16,23,69.5652173913043,5.09,460.86,1.10445688495422,76.8317833011628,1.13440087364468
"species=Prochilodus_lineatus__sex=F__region=pothole","prey_56",13,23,56.5217391304348,5.75,460.86,1.24766740441783,70.5203315540511,1.04121396494278
"species=Prochilodus_lineatus__sex=F__region=pothole","prey_15",12,23,52.1739130434783,6.22,460.86,1.34965065312676,70.4165558153094,1.03968174372346
"species=Prochilodus_lineatus__sex=F__region=pothole","prey_35",11,23,47.8260869565217,6.5,460.86,1.41040663108102,67.4542301821359,0.995943792553962
"species=Prochilodus_lineatus__sex=F__region=pothole","prey_47",11,23,47.8260869565217,6.39,460.86,1.38653821117042,66.3126970559766,0.97908935914151
"species=Prochilodus_lineatus__sex=F__region=pothole","prey_40",11,23,47.8260869565217,5.44,460.86,1.18040185739704,56.4540018755106,0.833528343306701
"species=Prochilodus_lineatus__sex=F__region=pothole","prey_17",10,23,43.4782608695652,5.77,460.86,1.25200711712885,54.4350920490803,0.803719675949141
"species=Prochilodus_lineatus__sex=F__region=pothole","prey_4",10,23,43.4782608695652,4.97,460.86,1.0784186086881,46.887765595135,0.692285405453593
"species=Prochilodus_lineatus__sex=F__region=valley","prey_59",14,16,87.5,7.67,298.29,2.57132320895773,224.990780783801,3.48797172722489
"species=Prochilodus_lineatus__sex=F__region=valley","prey_42",13,16,81.25,7.8,298.29,2.61490495826209,212.461027858795,3.29372632837217
"species=Prochilodus_lineatus__sex=F__region=valley","prey_43",13,16,81.25,7.35,298.29,2.4640450568239,200.203660866942,3.10370365558147
"species=Prochilodus_lineatus__sex=F__region=valley","prey_37",12,16,75,6.72,298.29,2.25284119481042,168.963089610781,2.61938945877645
"species=Prochilodus_lineatus__sex=F__region=valley","prey_21",15,16,93.75,5.3,298.29,1.77679439471655,166.574474504677,2.58235939946339
"species=Prochilodus_lineatus__sex=F__region=valley","prey_41",11,16,68.75,6.93,298.29,2.32324248214824,159.722920647692,2.47614159774961
"species=Prochilodus_lineatus__sex=F__region=valley","prey_11",13,16,81.25,5.06,298.29,1.69633578061618,137.827282175065,2.1366993873799
"species=Prochilodus_lineatus__sex=F__region=valley","prey_7",10,16,62.5,6.52,298.29,2.18579234972678,136.612021857924,2.11785953264167
"species=Prochilodus_lineatus__sex=F__region=valley","prey_30",12,16,75,5.43,298.29,1.82037614402092,136.528210801569,2.1165602323149
"species=Prochilodus_lineatus__sex=F__region=valley","prey_48",12,16,75,5.26,298.29,1.76338462569982,132.253846927487,2.05029591564942
"species=Prochilodus_lineatus__sex=F__region=valley","prey_51",11,16,68.75,5.65,298.29,1.89412987361293,130.221428810889,2.01878788272515
"species=Prochilodus_lineatus__sex=F__region=valley","prey_52",11,16,68.75,5.58,298.29,1.87066277783365,128.608065976064,1.99377635143475
"species=Prochilodus_lineatus__sex=F__region=valley","prey_56",11,16,68.75,5.52,298.29,1.85054812430856,127.225183546213,1.97233789604298
"species=Prochilodus_lineatus__sex=F__region=valley","prey_9",11,16,68.75,5.49,298.29,1.84049079754601,126.533742331288,1.9616186683471
"species=Prochilodus_lineatus__sex=F__region=valley","prey_14",12,16,75,5.02,298.29,1.68292601159945,126.219450869959,1.95674629212169
"species=Prochilodus_lineatus__sex=F__region=valley","prey_2",10,16,62.5,5.93,298.29,1.98799825673003,124.249891045627,1.9262127344425
"species=Prochilodus_lineatus__sex=F__region=valley","prey_47",11,16,68.75,5.39,298.29,1.80696637500419,124.228938281538,1.92588790936081
"species=Prochilodus_lineatus__sex=F__region=valley","prey_12",11,16,68.75,5.38,298.29,1.80361393275001,123.998457876563,1.92231483346218
"species=Prochilodus_lineatus__sex=F__region=valley","prey_5",10,16,62.5,5.76,298.29,1.93100673840893,120.687921150558,1.87099247055461
"species=Prochilodus_lineatus__sex=F__region=valley","prey_22",10,16,62.5,5.71,298.29,1.91424452713802,119.640282946126,1.85475121646993
"species=Prochilodus_lineatus__sex=F__region=valley","prey_26",10,16,62.5,5.7,298.29,1.91089208488384,119.43075530524,1.851502965653
"species=Prochilodus_lineatus__sex=F__region=valley","prey_46",10,16,62.5,5.69,298.29,1.90753964262966,119.221227664353,1.84825471483606
"species=Prochilodus_lineatus__sex=F__region=valley","prey_19",10,16,62.5,5.53,298.29,1.85390056656274,115.868785410171,1.7962827017651
"species=Prochilodus_lineatus__sex=F__region=valley","prey_57",11,16,68.75,4.97,298.29,1.66616380032854,114.548761272587,1.77581872161841
"species=Prochilodus_lineatus__sex=F__region=valley","prey_39",10,16,62.5,5.38,298.29,1.80361393275001,112.725870796876,1.74755893951107
"species=Prochilodus_lineatus__sex=F__region=valley","prey_44",10,16,62.5,5.37,298.29,1.80026149049583,112.516343155989,1.74431068869414
"species=Prochilodus_lineatus__sex=F__region=valley","prey_35",9,16,56.25,5.96,298.29,1.99805558349257,112.390626571457,1.74236173820398
"species=Prochilodus_lineatus__sex=F__region=valley","prey_24",11,16,68.75,4.76,298.29,1.59576251299071,109.708672768112,1.70078412774721
"species=Prochilodus_lineatus__sex=F__region=valley","prey_8",12,16,75,4.22,298.29,1.41473063126488,106.104797344866,1.64491421369592
"species=Prochilodus_lineatus__sex=F__region=valley","prey_32",11,16,68.75,4.57,298.29,1.53206611016125,105.329545073586,1.63289568567327
"species=Prochilodus_lineatus__sex=F__region=valley","prey_23",11,16,68.75,4.54,298.29,1.52200878339871,104.638103858661,1.62217645797738
"species=Prochilodus_lineatus__sex=F__region=valley","prey_36",10,16,62.5,4.84,298.29,1.62258205102417,101.411378189011,1.57215339539658
"species=Prochilodus_lineatus__sex=F__region=valley","prey_1",10,16,62.5,4.82,298.29,1.61587716651581,100.992322907238,1.56565689376271
"species=Prochilodus_lineatus__sex=F__region=valley","prey_10",9,16,56.25,5.26,298.29,1.76338462569982,99.190385195615,1.53772193673707
"species=Prochilodus_lineatus__sex=F__region=valley","prey_6",10,16,62.5,4.64,298.29,1.55553320594053,97.220825371283,1.50718837905788
"species=Prochilodus_lineatus__sex=F__region=valley","prey_38",10,16,62.5,4.52,298.29,1.51530389889034,94.7064936806463,1.46820936925466
"species=Prochilodus_lineatus__sex=F__region=valley","prey_40",12,16,75,3.76,298.29,1.2605182875725,94.5388715679372,1.46561076860111
"species=Prochilodus_lineatus__sex=F__region=valley","prey_33",9,16,56.25,4.83,298.29,1.61922960876999,91.0816654933119,1.41201463012168
"species=Prochilodus_lineatus__sex=F__region=valley","prey_4",8,16,50,5.32,298.29,1.78349927922492,89.1749639612458,1.38245554768757
"species=Prochilodus_lineatus__sex=F__region=valley","prey_17",9,16,56.25,4.68,298.29,1.56894297495726,88.2530423413457,1.36816324409306
"species=Prochilodus_lineatus__sex=F__region=valley","prey_18",10,16,62.5,4.08,298.29,1.36779643970633,85.4872774816454,1.32528633330951
"species=Prochilodus_lineatus__sex=F__region=valley","prey_50",9,16,56.25,4.51,298.29,1.51195145663616,85.0472694357839,1.31846500659395
"species=Prochilodus_lineatus__sex=F__region=valley","prey_27",9,16,56.25,4.44,298.29,1.48848436085688,83.7272452981997,1.29800102644726
"species=Prochilodus_lineatus__sex=F__region=valley","prey_16",9,16,56.25,4.41,298.29,1.47842703409434,83.1615206678065,1.28923074924153
"species=Prochilodus_lineatus__sex=F__region=valley","prey_28",10,16,62.5,3.93,298.29,1.31750980589359,82.3443628683496,1.27656257105549
"species=Prochilodus_lineatus__sex=F__region=valley","prey_54",9,16,56.25,4.34,298.29,1.45495993831506,81.8414965302223,1.26876676909484
"species=Prochilodus_lineatus__sex=F__region=valley","prey_49",10,16,62.5,3.87,298.29,1.2973951523685,81.0871970230313,1.25707306615388
"species=Prochilodus_lineatus__sex=F__region=valley","prey_53",10,16,62.5,3.71,298.29,1.24375607630159,77.7347547688491,1.20510105308291
"species=Prochilodus_lineatus__sex=F__region=valley","prey_13",8,16,50,4.46,298.29,1.49518924536525,74.7594622682624,1.15897589148244
"species=Prochilodus_lineatus__sex=F__region=valley","prey_29",9,16,56.25,3.81,298.29,1.27728049884341,71.8470280599416,1.11382520512704
"species=Prochilodus_lineatus__sex=F__region=valley","prey_58",8,16,50,4.1,298.29,1.37450132421469,68.7250662107345,1.06542626795471
"species=Prochilodus_lineatus__sex=F__region=valley","prey_45",8,16,50,4.07,298.29,1.36444399745214,68.2221998726072,1.05763046599406
"species=Prochilodus_lineatus__sex=F__region=valley","prey_25",8,16,50,4.05,298.29,1.35773911294378,67.886955647189,1.05243326468697
"species=Prochilodus_lineatus__sex=F__region=valley","prey_34",8,16,50,3.89,298.29,1.30410003687686,65.2050018438432,1.0108556542302
"species=Prochilodus_lineatus__sex=F__region=valley","prey_15",7,16,43.75,4.3,298.29,1.44155016929833,63.0678199068021,0.977723495897459
"species=Prochilodus_lineatus__sex=F__region=valley","prey_60",7,16,43.75,4.21,298.29,1.41137818901069,61.7477957692179,0.957259515750768
"species=Prochilodus_lineatus__sex=F__region=valley","prey_31",7,16,43.75,4.13,298.29,1.38455865097724,60.5744409802541,0.939069311175932
"species=Prochilodus_lineatus__sex=F__region=valley","prey_55",10,16,62.5,2.89,298.29,0.968855811458648,60.5534882161655,0.938744486094238
"species=Prochilodus_lineatus__sex=F__region=valley","prey_20",8,16,50,3.53,298.29,1.18341211572631,59.1706057863153,0.917306030702467
"species=Prochilodus_lineatus__sex=F__region=valley","prey_3",9,16,56.25,2.73,298.29,0.915216735391733,51.480941365785,0.798095225720949
"species=Prochilodus_lineatus__sex=M__region=montain","prey_54",15,18,83.3333333333333,8.51,372.41,2.28511586692087,190.426322243406,2.8575330076962
"species=Prochilodus_lineatus__sex=M__region=montain","prey_20",15,18,83.3333333333333,8.42,372.41,2.26094895410972,188.412412842476,2.82731232958895
"species=Prochilodus_lineatus__sex=M__region=montain","prey_37",14,18,77.7777777777778,8.95,372.41,2.40326521844204,186.920628101048,2.80492664210211
"species=Prochilodus_lineatus__sex=M__region=montain","prey_29",14,18,77.7777777777778,7.54,372.41,2.02465025106737,157.47279730524,2.36303317111172
"species=Prochilodus_lineatus__sex=M__region=montain","prey_5",12,18,66.6666666666667,8.72,372.41,2.34150533014688,156.100355343125,2.34243833862382
"species=Prochilodus_lineatus__sex=M__region=montain","prey_3",13,18,72.2222222222222,8.03,372.41,2.15622566526141,155.727409157768,2.33684191675211
"species=Prochilodus_lineatus__sex=M__region=montain","prey_19",13,18,72.2222222222222,8.01,372.41,2.15085524019226,155.339545124997,2.33102163800552
"species=Prochilodus_lineatus__sex=M__region=montain","prey_9",14,18,77.7777777777778,7.19,372.41,1.93066781235735,150.163052072238,2.25334330242616
"species=Prochilodus_lineatus__sex=M__region=montain","prey_52",11,18,61.1111111111111,8.96,372.41,2.40595043097661,147.030304115237,2.20633335870378
"species=Prochilodus_lineatus__sex=M__region=montain","prey_17",14,18,77.7777777777778,7.04,372.41,1.89038962433877,147.030304115237,2.20633335870378
"species=Prochilodus_lineatus__sex=M__region=montain","prey_43",14,18,77.7777777777778,6.76,372.41,1.81520367337075,141.182507928836,2.11858146375533
"species=Prochilodus_lineatus__sex=M__region=montain","prey_24",12,18,66.6666666666667,7.69,372.41,2.06492843908595,137.661895939064,2.06575124128637
"species=Prochilodus_lineatus__sex=M__region=montain","prey_10",12,18,66.6666666666667,7.51,372.41,2.01659461346366,134.439640897577,2.01739815631478
"species=Prochilodus_lineatus__sex=M__region=montain","prey_46",13,18,72.2222222222222,6.93,372.41,1.86085228645847,134.394887355334,2.01672658569017
"species=Prochilodus_lineatus__sex=M__region=montain","prey_23",13,18,72.2222222222222,6.92,372.41,1.8581670739239,134.200955338948,2.01381644631688
"species=Prochilodus_lineatus__sex=M__region=montain","prey_34",13,18,72.2222222222222,6.87,372.41,1.84474101125104,133.23129525702,1.99926574945043
"species=Prochilodus_lineatus__sex=M__region=montain","prey_25",13,18,72.2222222222222,6.85,372.41,1.8393705861819,132.843431224248,1.99344547070385
"species=Prochilodus_lineatus__sex=M__region=montain","prey_35",13,18,72.2222222222222,6.67,372.41,1.7910367605596,129.352654929304,1.94106296198463
"species=Prochilodus_lineatus__sex=M__region=montain","prey_41",12,18,66.6666666666667,7.21,372.41,1.93603823742649,129.069215828433,1.93680968136212
"species=Prochilodus_lineatus__sex=M__region=montain","prey_30",13,18,72.2222222222222,6.65,372.41,1.78566633549045,128.964790896533,1.93524268323804
"species=Prochilodus_lineatus__sex=M__region=montain","prey_2",14,18,77.7777777777778,6.14,372.41,1.64872049622728,128.233816373233,1.92427369636949
"species=Prochilodus_lineatus__sex=M__region=montain","prey_38",14,18,77.7777777777778,6.12,372.41,1.64335007115813,127.816116645633,1.91800570387317
"species=Prochilodus_lineatus__sex=M__region=montain","prey_7",12,18,66.6666666666667,6.93,372.41,1.86085228645847,124.056819097232,1.86159377140631
"species=Prochilodus_lineatus__sex=M__region=montain","prey_11",12,18,66.6666666666667,6.9,372.41,1.85279664885476,123.519776590317,1.85353492391105
"species=Prochilodus_lineatus__sex=M__region=montain","prey_36",12,18,66.6666666666667,6.87,372.41,1.84474101125104,122.982734083403,1.84547607641578
"species=Prochilodus_lineatus__sex=M__region=montain","prey_49",13,18,72.2222222222222,6.12,372.41,1.64335007115813,118.686394028087,1.78100529645366
"species=Prochilodus_lineatus__sex=M__region=montain","prey_57",12,18,66.6666666666667,6.51,372.41,1.74807336000644,116.53822400043,1.7487699064726
"species=Prochilodus_lineatus__sex=M__region=montain","prey_53",13,18,72.2222222222222,6,372.41,1.61112752074327,116.359209831458,1.74608362397418
"species=Prochilodus_lineatus__sex=M__region=montain","prey_48",13,18,72.2222222222222,5.86,372.41,1.57353454525926,113.644161602057,1.70534167274811
"species=Prochilodus_lineatus__sex=M__region=montain","prey_16",12,18,66.6666666666667,6.28,372.41,1.68631347171129,112.420898114086,1.6869854090089
"species=Prochilodus_lineatus__sex=M__region=montain","prey_33",11,18,61.1111111111111,6.62,372.41,1.77761069788674,108.631764870856,1.6301257627923
"species=Prochilodus_lineatus__sex=M__region=montain","prey_27",11,18,61.1111111111111,6.5,372.41,1.74538814747187,106.66260901217,1.60057665530966
"species=Prochilodus_lineatus__sex=M__region=montain","prey_58",10,18,55.5555555555556,7.11,372.41,1.90918611208077,106.065895115598,1.59162238031492
"species=Prochilodus_lineatus__sex=M__region=montain","prey_50",12,18,66.6666666666667,5.87,372.41,1.57621975779383,105.081317186255,1.5768478265736
"species=Prochilodus_lineatus__sex=M__region=montain","prey_47",11,18,61.1111111111111,6.26,372.41,1.68094304664214,102.724297294798,1.54147844034438
"species=Prochilodus_lineatus__sex=M__region=montain","prey_59",12,18,66.6666666666667,5.6,372.41,1.50371901936038,100.247934624025,1.50431819911621
"species=Prochilodus_lineatus__sex=M__region=montain","prey_8",13,18,72.2222222222222,5.11,372.41,1.37214360516635,99.0992603731252,1.48708121975134
"species=Prochilodus_lineatus__sex=M__region=montain","prey_51",11,18,61.1111111111111,6.03,372.41,1.61918315834698,98.9500818989823,1.48484265100266
"species=Prochilodus_lineatus__sex=M__region=montain","prey_6",11,18,61.1111111111111,5.93,372.41,1.59233103300126,97.3091186834104,1.46021839476712
"species=Prochilodus_lineatus__sex=M__region=montain","prey_42",11,18,61.1111111111111,5.88,372.41,1.5789049703284,96.4886370756245,1.44790626664935
"species=Prochilodus_lineatus__sex=M__region=montain","prey_1",11,18,61.1111111111111,5.87,372.41,1.57621975779383,96.3245407540674,1.4454438410258
"species=Prochilodus_lineatus__sex=M__region=montain","prey_12",11,18,61.1111111111111,5.74,372.41,1.54131199484439,94.191288573824,1.41343230791961
"species=Prochilodus_lineatus__sex=M__region=montain","prey_56",12,18,66.6666666666667,5.23,372.41,1.40436615558121,93.6244103720809,1.40492574667461
"species=Prochilodus_lineatus__sex=M__region=montain","prey_60",11,18,61.1111111111111,5.7,372.41,1.5305711447061,93.5349032875952,1.4035826054254
"species=Prochilodus_lineatus__sex=M__region=montain","prey_14",11,18,61.1111111111111,5.58,372.41,1.49834859429124,91.565747428909,1.37403349794276
"species=Prochilodus_lineatus__sex=M__region=montain","prey_15",11,18,61.1111111111111,5.46,372.41,1.46612604387637,89.5965915702228,1.34448439046012
"species=Prochilodus_lineatus__sex=M__region=montain","prey_13",9,18,50,6.55,372.41,1.75881421014473,87.9407105072366,1.31963627734971
"species=Prochilodus_lineatus__sex=M__region=montain","prey_45",11,18,61.1111111111111,5.31,372.41,1.42584785585779,87.135146746865,1.30754800610682
"species=Prochilodus_lineatus__sex=M__region=montain","prey_32",10,18,55.5555555555556,5.65,372.41,1.51714508203324,84.2858378907357,1.26479134300694
"species=Prochilodus_lineatus__sex=M__region=montain","prey_40",12,18,66.6666666666667,4.7,372.41,1.26204989124889,84.1366594165928,1.26255277425825
"species=Prochilodus_lineatus__sex=M__region=montain","prey_44",10,18,55.5555555555556,5.2,372.41,1.3963105179775,77.5728065543054,1.16405574931612
"species=Prochilodus_lineatus__sex=M__region=montain","prey_21",9,18,50,5.37,372.41,1.44195913106522,72.0979565532612,1.08190027623938
"species=Prochilodus_lineatus__sex=M__region=montain","prey_4",12,18,66.6666666666667,3.43,372.41,0.921027899358234,61.4018599572156,0.92139489695868
"species=Prochilodus_lineatus__sex=M__region=montain","prey_22",9,18,50,4.42,372.41,1.18686394028087,59.3431970140437,0.89050264822683
"species=Prochilodus_lineatus__sex=M__region=montain","prey_55",11,18,61.1111111111111,3.6,372.41,0.96667651244596,59.0746757605865,0.886473224479197
"species=Prochilodus_lineatus__sex=M__region=montain","prey_39",9,18,50,4.23,372.41,1.135844902124,56.7922451062001,0.852223122624319
"species=Prochilodus_lineatus__sex=M__region=montain","prey_26",9,18,50,4.19,372.41,1.12510405198571,56.2552025992857,0.844164275129054
"species=Prochilodus_lineatus__sex=M__region=montain","prey_31",9,18,50,4.08,372.41,1.09556671410542,54.7783357052711,0.822002444517074
"species=Prochilodus_lineatus__sex=M__region=montain","prey_18",9,18,50,3.33,372.41,0.894175774012513,44.7087887006257,0.670899053980847
"species=Prochilodus_lineatus__sex=M__region=montain","prey_28",6,18,33.3333333333333,2.7,372.41,0.72500738433447,24.166912811149,0.362648137286944
"species=Prochilodus_lineatus__sex=M__region=plains","prey_13",16,19,84.2105263157895,8.71,364.35,2.39055852888706,201.310191906279,3.11385594394344
"species=Prochilodus_lineatus__sex=M__region=plains","prey_58",17,19,89.4736842105263,7.6,364.35,2.08590640867298,186.633731302319,2.88684118798431
"species=Prochilodus_lineatus__sex=M__region=plains","prey_18",15,19,78.9473684210526,8.18,364.35,2.24509400301907,177.244263396243,2.74160536970336
"species=Prochilodus_lineatus__sex=M__region=plains","prey_39",15,19,78.9473684210526,8.04,364.35,2.20666941128036,174.210742995818,2.6946830284126
"species=Prochilodus_lineatus__sex=M__region=plains","prey_30",14,19,73.6842105263158,8.5,364.35,2.33292164127899,171.899489357399,2.65893267314344
"species=Prochilodus_lineatus__sex=M__region=plains","prey_16",15,19,78.9473684210526,7.92,364.35,2.17373404693289,171.610582652597,2.65446387873479
"species=Prochilodus_lineatus__sex=M__region=plains","prey_17",13,19,68.4210526315789,8.33,364.35,2.28626320845341,156.428535315233,2.41962873256053
"species=Prochilodus_lineatus__sex=M__region=plains","prey_57",13,19,68.4210526315789,8.05,364.35,2.20941402497598,151.170433287831,2.3382966743232
"species=Prochilodus_lineatus__sex=M__region=plains","prey_7",14,19,73.6842105263158,7.42,364.35,2.03650336215178,150.058142474341,2.32109181584992
"species=Prochilodus_lineatus__sex=M__region=plains","prey_56",13,19,68.4210526315789,7.38,364.35,2.02552490736929,138.588546293688,2.14368067782674
"species=Prochilodus_lineatus__sex=M__region=plains","prey_3",13,19,68.4210526315789,7.35,364.35,2.01729106628242,138.025178219324,2.13496652872988
"species=Prochilodus_lineatus__sex=M__region=plains","prey_27",14,19,73.6842105263158,6.79,364.35,1.86359269932757,137.317356792558,2.1240179824287
"species=Prochilodus_lineatus__sex=M__region=plains","prey_40",13,19,68.4210526315789,7.22,364.35,1.98161108823933,135.583916563744,2.09720521597683
"species=Prochilodus_lineatus__sex=M__region=plains","prey_19",14,19,73.6842105263158,6.64,364.35,1.82242349389323,134.283836392133,2.07709564113793
"species=Prochilodus_lineatus__sex=M__region=plains","prey_5",13,19,68.4210526315789,7.1,364.35,1.94867572389186,133.330444266285,2.06234861958941
"species=Prochilodus_lineatus__sex=M__region=plains","prey_59",13,19,68.4210526315789,7.08,364.35,1.94318649650062,132.954865550042,2.05653918685817
"species=Prochilodus_lineatus__sex=M__region=plains","prey_38",13,19,68.4210526315789,6.95,364.35,1.90750651845753,130.513603894462,2.01877787410512
"species=Prochilodus_lineatus__sex=M__region=plains","prey_36",12,19,63.1578947368421,7.49,364.35,2.05571565802113,129.834673138177,2.00827620724481
"species=Prochilodus_lineatus__sex=M__region=plains","prey_47",12,19,63.1578947368421,7.44,364.35,2.04199258954302,128.96795302377,1.99486982401888
"species=Prochilodus_lineatus__sex=M__region=plains","prey_60",12,19,63.1578947368421,7.3,364.35,2.00356799780431,126.54113670343,1.95733195098626
"species=Prochilodus_lineatus__sex=M__region=plains","prey_46",12,19,63.1578947368421,7.1,364.35,1.94867572389186,123.074256245802,1.90370641808253
"species=Prochilodus_lineatus__sex=M__region=plains","prey_29",11,19,57.8947368421053,7.73,364.35,2.12158638671607,122.82868554672,1.89990794283518
"species=Prochilodus_lineatus__sex=M__region=plains","prey_53",13,19,68.4210526315789,6.52,364.35,1.78948812954577,122.438661495237,1.89387507038351
"species=Prochilodus_lineatus__sex=M__region=plains","prey_2",13,19,68.4210526315789,6.26,364.35,1.71812817345959,117.556138184077,1.81835244487742
"species=Prochilodus_lineatus__sex=M__region=plains","prey_14",13,19,68.4210526315789,6.18,364.35,1.69617126389461,116.053823319105,1.79511471395247
"species=Prochilodus_lineatus__sex=M__region=plains","prey_41",13,19,68.4210526315789,6.1,364.35,1.67421435432963,114.551508454132,1.77187698302752
"species=Prochilodus_lineatus__sex=M__region=plains","prey_28",14,19,73.6842105263158,5.61,364.35,1.53972828324413,113.453662975884,1.75489556427467
"species=Prochilodus_lineatus__sex=M__region=plains","prey_52",12,19,63.1578947368421,6.19,364.35,1.69891587759023,107.299950163593,1.65971024337054
"species=Prochilodus_lineatus__sex=M__region=plains","prey_12",13,19,68.4210526315789,5.7,364.35,1.56442980650473,107.039934129271,1.65568832840276
"species=Prochilodus_lineatus__sex=M__region=plains","prey_44",13,19,68.4210526315789,5.68,364.35,1.55894057911349,106.664355413028,1.64987889567153
"species=Prochilodus_lineatus__sex=M__region=plains","prey_22",12,19,63.1578947368421,5.96,364.35,1.63578976259092,103.313037637321,1.59804088053125
"species=Prochilodus_lineatus__sex=M__region=plains","prey_42",13,19,68.4210526315789,5.5,364.35,1.50953753259229,103.284146966841,1.59759400109039
"species=Prochilodus_lineatus__sex=M__region=plains","prey_20",12,19,63.1578947368421,5.8,364.35,1.59187594346096,100.539533271218,1.55514045420826
"species=Prochilodus_lineatus__sex=M__region=plains","prey_54",11,19,57.8947368421053,6.2,364.35,1.70166049128585,98.5171863376019,1.52385889334775
"species=Prochilodus_lineatus__sex=M__region=plains","prey_15",11,19,57.8947368421053,6.13,364.35,1.6824481954165,97.4048955241129,1.50665403487447
"species=Prochilodus_lineatus__sex=M__region=plains","prey_32",12,19,63.1578947368421,5.58,364.35,1.53149444215727,96.7259647678273,1.49615236801416
"species=Prochilodus_lineatus__sex=M__region=plains","prey_45",12,19,63.1578947368421,5.44,364.35,1.49306985041855,94.2991484474876,1.45861449498154
"species=Prochilodus_lineatus__sex=M__region=plains","prey_55",12,19,63.1578947368421,5.32,364.35,1.46013448607109,92.2190201729107,1.4264391752393
"species=Prochilodus_lineatus__sex=M__region=plains","prey_6",11,19,57.8947368421053,5.73,364.35,1.5726636475916,91.0489480184611,1.40834055788429
"species=Prochilodus_lineatus__sex=M__region=plains","prey_49",10,19,52.6315789473684,6.26,364.35,1.71812817345959,90.4277986031361,1.39873264990571
"species=Prochilodus_lineatus__sex=M__region=plains","prey_34",11,19,57.8947368421053,5.64,364.35,1.547962124331,89.6188598296895,1.3862200255615
"species=Prochilodus_lineatus__sex=M__region=plains","prey_21",12,19,63.1578947368421,5.08,364.35,1.39426375737615,88.0587636237568,1.36208853575482
"species=Prochilodus_lineatus__sex=M__region=plains","prey_4",12,19,63.1578947368421,5.08,364.35,1.39426375737615,88.0587636237568,1.36208853575482
"species=Prochilodus_lineatus__sex=M__region=plains","prey_23",11,19,57.8947368421053,5.05,364.35,1.38602991628928,80.2438372588532,1.24120764700099
"species=Prochilodus_lineatus__sex=M__region=plains","prey_48",11,19,57.8947368421053,4.93,364.35,1.35309455194181,78.3370530071577,1.21171360390394
"species=Prochilodus_lineatus__sex=M__region=plains","prey_35",11,19,57.8947368421053,4.81,364.35,1.32015918759435,76.4302687554622,1.18221956080689
"species=Prochilodus_lineatus__sex=M__region=plains","prey_1",10,19,52.6315789473684,5.19,364.35,1.424454508028,74.9712898962103,1.15965214904323
"species=Prochilodus_lineatus__sex=M__region=plains","prey_9",11,19,57.8947368421053,4.67,364.35,1.28173459585563,74.205687128484,1.14780984386032
"species=Prochilodus_lineatus__sex=M__region=plains","prey_25",11,19,57.8947368421053,4.58,364.35,1.25703307259503,72.7755989397124,1.12568931153753
"species=Prochilodus_lineatus__sex=M__region=plains","prey_11",11,19,57.8947368421053,4.57,364.35,1.25428845889941,72.6167002520711,1.12323147461278
"species=Prochilodus_lineatus__sex=M__region=plains","prey_51",10,19,52.6315789473684,4.96,364.35,1.36132839302868,71.6488627909832,1.10826101334382
"species=Prochilodus_lineatus__sex=M__region=plains","prey_33",10,19,52.6315789473684,4.64,364.35,1.27350075476877,67.0263555141456,1.03676030280551
"species=Prochilodus_lineatus__sex=M__region=plains","prey_24",9,19,47.3684210526316,5.02,364.35,1.37779607520241,65.2640246148512,1.00950065691278
"species=Prochilodus_lineatus__sex=M__region=plains","prey_26",11,19,57.8947368421053,3.7,364.35,1.01550706738027,58.7925144272786,0.909399662159143
"species=Prochilodus_lineatus__sex=M__region=plains","prey_10",9,19,47.3684210526316,4.24,364.35,1.16371620694387,55.1233992762887,0.852645973169358
"species=Prochilodus_lineatus__sex=M__region=plains","prey_31",8,19,42.1052631578947,4.31,364.35,1.18292850281323,49.8075159079254,0.770420156050301
"species=Prochilodus_lineatus__sex=M__region=plains","prey_43",9,19,47.3684210526316,3.78,364.35,1.03746397694524,49.14303048688,0.760141928910419
"species=Prochilodus_lineatus__sex=M__region=plains","prey_50",7,19,36.8421052631579,4.62,364.35,1.26801152737752,46.7162141665403,0.722604055877805
"species=Prochilodus_lineatus__sex=M__region=plains","prey_37",8,19,42.1052631578947,3.57,364.35,0.979827089337176,41.2558774457758,0.638143841554425
"species=Prochilodus_lineatus__sex=M__region=plains","prey_8",8,19,42.1052631578947,3.43,364.35,0.941402497598463,39.6379998988826,0.613118592866017
"species=Prochilodus_lineatus__sex=M__region=pothole","prey_16",18,21,85.7142857142857,9.17,411.78,2.22691728592938,190.878624508233,2.85692032089727
"species=Prochilodus_lineatus__sex=M__region=pothole","prey_48",17,21,80.9523809523809,9.29,411.78,2.25605906066346,182.633352529899,2.7335116095923
"species=Prochilodus_lineatus__sex=M__region=pothole","prey_58",17,21,80.9523809523809,9.2,411.78,2.2342027296129,180.864030492473,2.70702979636697
"species=Prochilodus_lineatus__sex=M__region=pothole","prey_59",17,21,80.9523809523809,8.74,411.78,2.12249259313226,171.820828967849,2.57167830654862
"species=Prochilodus_lineatus__sex=M__region=pothole","prey_22",15,21,71.4285714285714,9.83,411.78,2.38719704696683,170.514074783345,2.55211984318613
"species=Prochilodus_lineatus__sex=M__region=pothole","prey_46",17,21,80.9523809523809,8.49,411.78,2.06178056243625,166.906045530554,2.49811771425604
"species=Prochilodus_lineatus__sex=M__region=pothole","prey_52",16,21,76.1904761904762,8.71,411.78,2.11520714944874,161.158639957999,2.41209509221037
"species=Prochilodus_lineatus__sex=M__region=pothole","prey_21",17,21,80.9523809523809,7.99,411.78,1.94035650104425,157.076478655963,2.35099652967088
"species=Prochilodus_lineatus__sex=M__region=pothole","prey_17",16,21,76.1904761904762,8.47,411.78,2.05692359998057,156.717988569948,2.34563093352719
"species=Prochilodus_lineatus__sex=M__region=pothole","prey_19",16,21,76.1904761904762,8.18,411.78,1.98649764437321,151.352201476054,2.26532007511835
"species=Prochilodus_lineatus__sex=M__region=pothole","prey_55",14,21,66.6666666666667,9.21,411.78,2.23663121084074,149.108747389383,2.23174182828361
"species=Prochilodus_lineatus__sex=M__region=pothole","prey_4",15,21,71.4285714285714,8.48,411.78,2.05935208120841,147.096577229172,2.2016252563803
"species=Prochilodus_lineatus__sex=M__region=pothole","prey_53",16,21,76.1904761904762,7.87,411.78,1.91121472631017,145.616360099822,2.17947053681924
"species=Prochilodus_lineatus__sex=M__region=pothole","prey_49",17,21,80.9523809523809,7.26,411.78,1.76307737141192,142.72531101906,2.13619960017655
"species=Prochilodus_lineatus__sex=M__region=pothole","prey_37",15,21,71.4285714285714,8.18,411.78,1.98649764437321,141.892688883801,2.12373757042345
"species=Prochilodus_lineatus__sex=M__region=pothole","prey_39",16,21,76.1904761904762,7.45,411.78,1.80921851474088,137.845220170734,2.06315825912368
"species=Prochilodus_lineatus__sex=M__region=pothole","prey_5",15,21,71.4285714285714,7.7,411.78,1.86993054543688,133.566467531206,1.99911727289249
"species=Prochilodus_lineatus__sex=M__region=pothole","prey_32",16,21,76.1904761904762,7.08,411.78,1.7193647093108,130.999215947489,1.96069268115378
"species=Prochilodus_lineatus__sex=M__region=pothole","prey_14",15,21,71.4285714285714,7.45,411.78,1.80921851474088,129.229893910063,1.93421086792845
"species=Prochilodus_lineatus__sex=M__region=pothole","prey_24",14,21,66.6666666666667,7.9,411.78,1.91850016999369,127.900011332912,1.91430623707281
"species=Prochilodus_lineatus__sex=M__region=pothole","prey_31",14,21,66.6666666666667,7.72,411.78,1.87478750789256,124.985833859504,1.87068913293697
"species=Prochilodus_lineatus__sex=M__region=pothole","prey_6",14,21,66.6666666666667,7.14,411.78,1.73393559667784,115.595706445189,1.7301451307215
"species=Prochilodus_lineatus__sex=M__region=pothole","prey_27",14,21,66.6666666666667,7.06,411.78,1.71450774685512,114.300516457008,1.71075975110557
"species=Prochilodus_lineatus__sex=M__region=pothole","prey_29",14,21,66.6666666666667,6.96,411.78,1.69022293457672,112.681528971781,1.68652802658566
"species=Prochilodus_lineatus__sex=M__region=pothole","prey_56",13,21,61.9047619047619,7.38,411.78,1.792219146146,110.946899523324,1.66056546460005
"species=Prochilodus_lineatus__sex=M__region=pothole","prey_13",16,21,76.1904761904762,5.96,411.78,1.4473748117927,110.276176136587,1.65052660729894
"species=Prochilodus_lineatus__sex=M__region=pothole","prey_3",15,21,71.4285714285714,6.31,411.78,1.53237165476711,109.455118197651,1.63823766129242
"species=Prochilodus_lineatus__sex=M__region=pothole","prey_11",14,21,66.6666666666667,6.72,411.78,1.63193938510855,108.795959007237,1.62837188773788
"species=Prochilodus_lineatus__sex=M__region=pothole","prey_28",14,21,66.6666666666667,6.46,411.78,1.56879887318471,104.586591545647,1.56536940398612
"species=Prochilodus_lineatus__sex=M__region=pothole","prey_60",15,21,71.4285714285714,5.98,411.78,1.45223177424839,103.730841017742,1.55256120673988
"species=Prochilodus_lineatus__sex=M__region=pothole","prey_9",12,21,57.1428571428571,7.45,411.78,1.80921851474088,103.38391512805,1.54736869434276
"species=Prochilodus_lineatus__sex=M__region=pothole","prey_18",13,21,61.9047619047619,6.63,411.78,1.61008305405799,99.6718081083519,1.49180881169354
"species=Prochilodus_lineatus__sex=M__region=pothole","prey_42",13,21,61.9047619047619,6.59,411.78,1.60036912914663,99.0704698995534,1.48280845687186
"species=Prochilodus_lineatus__sex=M__region=pothole","prey_47",14,21,66.6666666666667,6.09,411.78,1.47894506775463,98.5963378503084,1.47571202326246
"species=Prochilodus_lineatus__sex=M__region=pothole","prey_23",14,21,66.6666666666667,5.97,411.78,1.44980329302055,96.6535528680363,1.44663395383856
"species=Prochilodus_lineatus__sex=M__region=pothole","prey_51",14,21,66.6666666666667,5.81,411.78,1.4109475933751,94.0631728916735,1.40786319460671
"species=Prochilodus_lineatus__sex=M__region=pothole","prey_1",12,21,57.1428571428571,6.76,411.78,1.64165331001991,93.8087605725665,1.40405535218215
"species=Prochilodus_lineatus__sex=M__region=pothole","prey_7",12,21,57.1428571428571,6.63,411.78,1.61008305405799,92.004745946171,1.37705428771711
"species=Prochilodus_lineatus__sex=M__region=pothole","prey_54",11,21,52.3809523809524,7.21,411.78,1.75093496527272,91.7156410380948,1.37272719405284
"species=Prochilodus_lineatus__sex=M__region=pothole","prey_40",14,21,66.6666666666667,5.65,411.78,1.37209189372966,91.4727929153108,1.36909243537486
"species=Prochilodus_lineatus__sex=M__region=pothole","prey_30",12,21,57.1428571428571,6.59,411.78,1.60036912914663,91.4496645226647,1.36874626788171
"species=Prochilodus_lineatus__sex=M__region=pothole","prey_2",15,21,71.4285714285714,5.26,411.78,1.2773811258439,91.2415089888498,1.36563076044344
"species=Prochilodus_lineatus__sex=M__region=pothole","prey_20",12,21,57.1428571428571,6.43,411.78,1.56151342950119,89.2293388286394,1.33551418854012
"species=Prochilodus_lineatus__sex=M__region=pothole","prey_50",13,21,61.9047619047619,5.92,411.78,1.43766088688134,88.9980549021785,1.33205251360871
"species=Prochilodus_lineatus__sex=M__region=pothole","prey_45",12,21,57.1428571428571,6.32,411.78,1.53480013599495,87.7028649139971,1.31266713399278
"species=Prochilodus_lineatus__sex=M__region=pothole","prey_12",12,21,57.1428571428571,6.27,411.78,1.52265772985575,87.0090131346142,1.30228210919854
"species=Prochilodus_lineatus__sex=M__region=pothole","prey_43",11,21,52.3809523809524,6.65,411.78,1.61494001651367,84.5920961030971,1.26610760616524
"species=Prochilodus_lineatus__sex=M__region=pothole","prey_15",11,21,52.3809523809524,6.35,411.78,1.54208557967847,80.7759113164912,1.20898996979689
"species=Prochilodus_lineatus__sex=M__region=pothole","prey_57",14,21,66.6666666666667,4.91,411.78,1.19238428286949,79.4922855246329,1.18977767392753
"species=Prochilodus_lineatus__sex=M__region=pothole","prey_41",12,21,57.1428571428571,5.66,411.78,1.3745203749575,78.5440214261429,1.17558480670873
"species=Prochilodus_lineatus__sex=M__region=pothole","prey_25",12,21,57.1428571428571,5.57,411.78,1.35266404390694,77.2950882232537,1.15689176207908
"species=Prochilodus_lineatus__sex=M__region=pothole","prey_38",12,21,57.1428571428571,5.26,411.78,1.2773811258439,72.9932071910798,1.09250460835475
"species=Prochilodus_lineatus__sex=M__region=pothole","prey_10",11,21,52.3809523809524,5.6,411.78,1.35994948759046,71.2354493499765,1.06619587887599
"species=Prochilodus_lineatus__sex=M__region=pothole","prey_8",12,21,57.1428571428571,5.1,411.78,1.23852542619846,70.7728814970546,1.05927252901316
"species=Prochilodus_lineatus__sex=M__region=pothole","prey_34",11,21,52.3809523809524,5.56,411.78,1.3502355626791,70.7266247117624,1.05858019402688
"species=Prochilodus_lineatus__sex=M__region=pothole","prey_44",11,21,52.3809523809524,5.38,411.78,1.30652290057798,68.4369138397989,1.02430961220587
"species=Prochilodus_lineatus__sex=M__region=pothole","prey_35",11,21,52.3809523809524,5.02,411.78,1.21909757637573,63.8574920958718,0.955768448563838
"species=Prochilodus_lineatus__sex=M__region=pothole","prey_26",11,21,52.3809523809524,4.94,411.78,1.19966972655301,62.8398428194436,0.940537078865609
"species=Prochilodus_lineatus__sex=M__region=pothole","prey_33",9,21,42.8571428571429,5.64,411.78,1.36966341250182,58.6998605357923,0.878573097593271
"species=Prochilodus_lineatus__sex=M__region=pothole","prey_36",11,21,52.3809523809524,4.22,411.78,1.02481907814853,53.6809993315895,0.803454751581553
"species=Prochilodus_lineatus__sex=M__region=valley","prey_52",21,26,80.7692307692308,13.77,509.61,2.7020662859834,218.243815406351,3.30342200110811
"species=Prochilodus_lineatus__sex=M__region=valley","prey_19",22,26,84.6153846153846,11.97,509.61,2.34885500676988,198.749269803605,3.00834509033375
"species=Prochilodus_lineatus__sex=M__region=valley","prey_36",20,26,76.9230769230769,11.88,509.61,2.33119444280921,179.322649446862,2.71429632210564
"species=Prochilodus_lineatus__sex=M__region=valley","prey_32",22,26,84.6153846153846,10.22,509.61,2.00545515197896,169.692359013605,2.56852855665922
"species=Prochilodus_lineatus__sex=M__region=valley","prey_60",20,26,76.9230769230769,10.92,509.61,2.14281509389533,164.831930299641,2.49495924557185
"species=Prochilodus_lineatus__sex=M__region=valley","prey_33",22,26,84.6153846153846,9.89,509.61,1.94069975078982,164.213055836062,2.48559172459488
"species=Prochilodus_lineatus__sex=M__region=valley","prey_54",19,26,73.0769230769231,11.03,509.61,2.16440022762505,158.16770894183,2.39408703797844
"species=Prochilodus_lineatus__sex=M__region=valley","prey_30",19,26,73.0769230769231,9.96,509.61,1.95443574498146,142.824150594799,2.16184106058616
"species=Prochilodus_lineatus__sex=M__region=valley","prey_48",20,26,76.9230769230769,9.24,509.61,1.81315123329605,139.473171792004,2.11111936163772
"species=Prochilodus_lineatus__sex=M__region=valley","prey_28",17,26,65.3846153846154,10.85,509.61,2.1290790997037,139.209018057549,2.1071210295134
"species=Prochilodus_lineatus__sex=M__region=valley","prey_41",20,26,76.9230769230769,9.17,509.61,1.79941523910441,138.416556854186,2.09512603314046
"species=Prochilodus_lineatus__sex=M__region=valley","prey_25",19,26,73.0769230769231,9.55,509.61,1.87398206471616,136.944843190796,2.072849611305
"species=Prochilodus_lineatus__sex=M__region=valley","prey_26",19,26,73.0769230769231,9.52,509.61,1.8680952100626,136.514649966113,2.0663380418454
"species=Prochilodus_lineatus__sex=M__region=valley","prey_29",20,26,76.9230769230769,9,509.61,1.76605639606758,135.850492005199,2.05628509250427
"species=Prochilodus_lineatus__sex=M__region=valley","prey_31",19,26,73.0769230769231,9.33,509.61,1.83081179725673,133.790092876453,2.02509810193462
"species=Prochilodus_lineatus__sex=M__region=valley","prey_47",19,26,73.0769230769231,9.31,509.61,1.82688722748769,133.503297393331,2.02075705562822
"species=Prochilodus_lineatus__sex=M__region=valley","prey_40",18,26,69.2307692307692,9.44,509.61,1.85239693098644,128.242864452907,1.94113312732403
"species=Prochilodus_lineatus__sex=M__region=valley","prey_11",16,26,61.5384615384615,10.51,509.61,2.06236141363003,126.914548531079,1.92102722864177
"species=Prochilodus_lineatus__sex=M__region=valley","prey_17",17,26,65.3846153846154,9.84,509.61,1.93088832636722,126.250390570165,1.91097427930063
"species=Prochilodus_lineatus__sex=M__region=valley","prey_51",18,26,69.2307692307692,9.29,509.61,1.82296265771865,126.205107072829,1.91028885093647
"species=Prochilodus_lineatus__sex=M__region=valley","prey_24",19,26,73.0769230769231,8.46,509.61,1.66009301230353,121.314489360642,1.83626258760631
"species=Prochilodus_lineatus__sex=M__region=valley","prey_5",17,26,65.3846153846154,9.41,509.61,1.84651007633288,120.733351144842,1.82746625693282
"species=Prochilodus_lineatus__sex=M__region=valley","prey_43",17,26,65.3846153846154,9.38,509.61,1.84062322167932,120.348441417494,1.82164011583739
"species=Prochilodus_lineatus__sex=M__region=valley","prey_27",17,26,65.3846153846154,9.32,509.61,1.82884951237221,119.578621962798,1.80998783364654
"species=Prochilodus_lineatus__sex=M__region=valley","prey_38",16,26,61.5384615384615,9.81,509.61,1.92500147171366,118.461629028533,1.79308060066372
"species=Prochilodus_lineatus__sex=M__region=valley","prey_49",16,26,61.5384615384615,9.77,509.61,1.91715233217559,117.978605056959,1.78576936477926
"species=Prochilodus_lineatus__sex=M__region=valley","prey_7",18,26,69.2307692307692,8.52,509.61,1.67186672161064,115.744619188429,1.75195489881364
"species=Prochilodus_lineatus__sex=M__region=valley","prey_9",17,26,65.3846153846154,8.94,509.61,1.75428268676046,114.703098749723,1.73619004643777
"species=Prochilodus_lineatus__sex=M__region=valley","prey_46",16,26,61.5384615384615,9.48,509.61,1.86024607052452,114.476681263047,1.73276290461693
"species=Prochilodus_lineatus__sex=M__region=valley","prey_53",19,26,73.0769230769231,7.94,509.61,1.55805419830851,113.857806799468,1.72339538363997
"species=Prochilodus_lineatus__sex=M__region=valley","prey_56",16,26,61.5384615384615,9.35,509.61,1.83473636702576,112.906853355432,1.70900138799244
"species=Prochilodus_lineatus__sex=M__region=valley","prey_23",18,26,69.2307692307692,8.3,509.61,1.62869645415121,112.755908364315,1.70671662677854
"species=Prochilodus_lineatus__sex=M__region=valley","prey_13",16,26,61.5384615384615,9.13,509.61,1.79156609956633,110.250221511774,1.66878959062791
"species=Prochilodus_lineatus__sex=M__region=valley","prey_21",19,26,73.0769230769231,7.55,509.61,1.48152508781225,108.265294878587,1.63874498066521
"species=Prochilodus_lineatus__sex=M__region=valley","prey_50",16,26,61.5384615384615,8.84,509.61,1.73465983791527,106.748297717863,1.61578313046558
"species=Prochilodus_lineatus__sex=M__region=valley","prey_18",16,26,61.5384615384615,8.71,509.61,1.70915013441651,105.178469810247,1.59202161384108
"species=Prochilodus_lineatus__sex=M__region=valley","prey_20",16,26,61.5384615384615,8.43,509.61,1.65420615764997,101.797302009229,1.54084296264987
"species=Prochilodus_lineatus__sex=M__region=valley","prey_58",16,26,61.5384615384615,8.36,509.61,1.64047016345833,100.952010058974,1.52804829985206
"species=Prochilodus_lineatus__sex=M__region=valley","prey_1",16,26,61.5384615384615,8.25,509.61,1.61888502972862,99.6236941371456,1.5079424011698
"species=Prochilodus_lineatus__sex=M__region=valley","prey_35",17,26,65.3846153846154,7.76,509.61,1.52273307038716,99.5633161406988,1.50702849668424
"species=Prochilodus_lineatus__sex=M__region=valley","prey_10",18,26,69.2307692307692,7.02,509.61,1.37752398893271,95.3670453876494,1.443512134938
"species=Prochilodus_lineatus__sex=M__region=valley","prey_39",16,26,61.5384615384615,7.73,509.61,1.5168462157336,93.3443825066831,1.41289633467182
"species=Prochilodus_lineatus__sex=M__region=valley","prey_3",16,26,61.5384615384615,7.66,509.61,1.50311022154196,92.4990905564285,1.40010167187402
"species=Prochilodus_lineatus__sex=M__region=valley","prey_55",14,26,53.8461538461538,8.7,509.61,1.70718784953199,91.9254995901843,1.39141957926122
"species=Prochilodus_lineatus__sex=M__region=valley","prey_22",16,26,61.5384615384615,6.91,509.61,1.355938855203,83.4423910894153,1.2630159990404
"species=Prochilodus_lineatus__sex=M__region=valley","prey_45",16,26,61.5384615384615,6.85,509.61,1.34416514589588,82.7178551320542,1.25204914521371
"species=Prochilodus_lineatus__sex=M__region=valley","prey_12",14,26,53.8461538461538,7.6,509.61,1.49133651223485,80.302735274184,1.21549296579141
"species=Prochilodus_lineatus__sex=M__region=valley","prey_6",14,26,53.8461538461538,7.25,509.61,1.42265654127666,76.6045829918203,1.15951631605102
"species=Prochilodus_lineatus__sex=M__region=valley","prey_16",14,26,53.8461538461538,6.96,509.61,1.3657502796256,73.5403996721475,1.11313566340898
"species=Prochilodus_lineatus__sex=M__region=valley","prey_14",15,26,57.6923076923077,6.24,509.61,1.22446576794019,70.6422558427032,1.06926824810222
"species=Prochilodus_lineatus__sex=M__region=valley","prey_4",14,26,53.8461538461538,6.39,509.61,1.25390004120798,67.5176945265837,1.02197369097462
"species=Prochilodus_lineatus__sex=M__region=valley","prey_15",13,26,50,6.14,509.61,1.20484291909499,60.2421459547497,0.911848200464949
"species=Prochilodus_lineatus__sex=M__region=valley","prey_37",13,26,50,6.14,509.61,1.20484291909499,60.2421459547497,0.911848200464949
"species=Prochilodus_lineatus__sex=M__region=valley","prey_42",12,26,46.1538461538462,6.57,509.61,1.28922116912933,59.502515498277,0.90065287051687
"species=Prochilodus_lineatus__sex=M__region=valley","prey_59",14,26,53.8461538461538,5.46,509.61,1.07140754694767,57.6911756048743,0.873235735950146
"species=Prochilodus_lineatus__sex=M__region=valley","prey_8",12,26,46.1538461538462,5.96,509.61,1.16952179117364,53.9779288233989,0.817030610088363
"species=Prochilodus_lineatus__sex=M__region=valley","prey_44",13,26,50,5.23,509.61,1.02627499460372,51.3137497301858,0.776704574663141
"species=Prochilodus_lineatus__sex=M__region=valley","prey_57",12,26,46.1538461538462,4.99,509.61,0.979180157375248,45.192930340396,0.684057507439754
"species=Prochilodus_lineatus__sex=M__region=valley","prey_2",12,26,46.1538461538462,4.58,509.61,0.898726477109947,41.4796835589206,0.62785238157797
"species=Prochilodus_lineatus__sex=M__region=valley","prey_34",10,26,38.4615384615385,4.83,509.61,0.947783599222935,36.4532153547283,0.551769833155312
"species=Rhamdia_quelen__sex=F__region=montain","prey_28",16,19,84.2105263157895,8.93,367.41,2.4305272039411,204.675975068724,3.16800773377028
"species=Rhamdia_quelen__sex=F__region=montain","prey_59",15,19,78.9473684210526,8.2,367.41,2.23183908984513,176.19782288251,2.72721830384759
"species=Rhamdia_quelen__sex=F__region=montain","prey_36",14,19,73.6842105263158,8.71,367.41,2.37064859421355,174.679370099946,2.70371544692013
"species=Rhamdia_quelen__sex=F__region=montain","prey_30",14,19,73.6842105263158,8.56,367.41,2.32982226939931,171.671114587317,2.6571531831959
"species=Rhamdia_quelen__sex=F__region=montain","prey_7",14,19,73.6842105263158,8.38,367.41,2.28083067962222,168.061207972164,2.60127846672683
"species=Rhamdia_quelen__sex=F__region=montain","prey_52",14,19,73.6842105263158,7.91,367.41,2.15290819520427,158.635340699262,2.45538337372425
"species=Rhamdia_quelen__sex=F__region=montain","prey_60",14,19,73.6842105263158,7.84,367.41,2.13385591029096,157.231488126702,2.43365431731961
"species=Rhamdia_quelen__sex=F__region=montain","prey_55",14,19,73.6842105263158,7.63,367.41,2.07669905555102,153.019930409022,2.36846714810569
"species=Rhamdia_quelen__sex=F__region=montain","prey_46",14,19,73.6842105263158,7.42,367.41,2.01954220081108,148.808372691343,2.30327997889177
"species=Rhamdia_quelen__sex=F__region=montain","prey_1",14,19,73.6842105263158,7.35,367.41,2.00048991589777,147.404520118783,2.28155092248713
"species=Rhamdia_quelen__sex=F__region=montain","prey_11",15,19,78.9473684210526,6.8,367.41,1.85079339157889,146.115267756228,2.26159566660532
"species=Rhamdia_quelen__sex=F__region=montain","prey_32",12,19,63.1578947368421,8.09,367.41,2.20189978498136,139.067354840928,2.15250693445142
"species=Rhamdia_quelen__sex=F__region=montain","prey_48",13,19,68.4210526315789,7.27,367.41,1.97871587599684,135.385823094521,2.09552359265558
"species=Rhamdia_quelen__sex=F__region=montain","prey_51",13,19,68.4210526315789,7.17,367.41,1.95149832612068,133.523569681941,2.06669933415963
"species=Rhamdia_quelen__sex=F__region=montain","prey_33",15,19,78.9473684210526,6.1,367.41,1.66027054244577,131.073990193087,2.02878434798419
"species=Rhamdia_quelen__sex=F__region=montain","prey_57",13,19,68.4210526315789,7,367.41,1.90522849133121,130.357738880556,2.01769809471651
"species=Rhamdia_quelen__sex=F__region=montain","prey_49",13,19,68.4210526315789,6.89,367.41,1.87528918646743,128.309260126719,1.98599141037097
"species=Rhamdia_quelen__sex=F__region=montain","prey_3",13,19,68.4210526315789,6.83,367.41,1.85895865654174,127.191908079172,1.9686968552734
"species=Rhamdia_quelen__sex=F__region=montain","prey_40",12,19,63.1578947368421,7.23,367.41,1.96782885604638,124.283927750298,1.92368666700665
"species=Rhamdia_quelen__sex=F__region=montain","prey_56",14,19,73.6842105263158,6.17,367.41,1.67932282735908,123.739576752774,1.91526111452321
"species=Rhamdia_quelen__sex=F__region=montain","prey_17",11,19,57.8947368421053,7.56,367.41,2.05764677063771,119.126918300078,1.8438656434794
"species=Rhamdia_quelen__sex=F__region=montain","prey_34",15,19,78.9473684210526,5.54,367.41,1.50785226313927,119.040968142574,1.84253529308728
"species=Rhamdia_quelen__sex=F__region=montain","prey_42",13,19,68.4210526315789,6.31,367.41,1.71742739718571,117.508190333759,1.81881071109446
"species=Rhamdia_quelen__sex=F__region=montain","prey_35",12,19,63.1578947368421,6.82,367.41,1.85623690155412,117.236014834997,1.81459793485274
"species=Rhamdia_quelen__sex=F__region=montain","prey_9",13,19,68.4210526315789,6.28,367.41,1.70926213222286,116.949514309985,1.81016343354567
"species=Rhamdia_quelen__sex=F__region=montain","prey_53",12,19,63.1578947368421,6.77,367.41,1.84262812661604,116.376513259961,1.80129443093153
"species=Rhamdia_quelen__sex=F__region=montain","prey_14",13,19,68.4210526315789,6.09,367.41,1.65754878745815,113.411232826084,1.75539734240337
"species=Rhamdia_quelen__sex=F__region=montain","prey_26",12,19,63.1578947368421,6.22,367.41,1.69293160229716,106.921995934558,1.65495588779825
"species=Rhamdia_quelen__sex=F__region=montain","prey_45",12,19,63.1578947368421,6.15,367.41,1.67387931738385,105.718693729506,1.63633098230856
"species=Rhamdia_quelen__sex=F__region=montain","prey_44",13,19,68.4210526315789,5.67,367.41,1.54323507797828,105.589768493251,1.63433545672038
"species=Rhamdia_quelen__sex=F__region=montain","prey_6",12,19,63.1578947368421,6.09,367.41,1.65754878745815,104.687291839462,1.62036677760311
"species=Rhamdia_quelen__sex=F__region=montain","prey_24",11,19,57.8947368421053,6.53,367.41,1.77730600691326,102.896663558136,1.59265114443393
"species=Rhamdia_quelen__sex=F__region=montain","prey_19",11,19,57.8947368421053,6.51,367.41,1.77186249693803,102.581512980623,1.58777319299615
"species=Rhamdia_quelen__sex=F__region=montain","prey_27",13,19,68.4210526315789,5.49,367.41,1.49424348820119,102.237712350608,1.58245179142767
"species=Rhamdia_quelen__sex=F__region=montain","prey_37",13,19,68.4210526315789,5.42,367.41,1.47519120328788,100.934134961802,1.5622748104805
"species=Rhamdia_quelen__sex=F__region=montain","prey_4",11,19,57.8947368421053,6.32,367.41,1.72014915217332,99.5875824942449,1.54143265433727
"species=Rhamdia_quelen__sex=F__region=montain","prey_5",11,19,57.8947368421053,6.32,367.41,1.72014915217332,99.5875824942449,1.54143265433727
"species=Rhamdia_quelen__sex=F__region=montain","prey_23",11,19,57.8947368421053,6.09,367.41,1.65754878745815,95.9633508528404,1.48533621280285
"species=Rhamdia_quelen__sex=F__region=montain","prey_21",11,19,57.8947368421053,5.81,367.41,1.5813396478049,91.5512427676524,1.41704489267398
"species=Rhamdia_quelen__sex=F__region=montain","prey_58",11,19,57.8947368421053,5.8,367.41,1.57861789281729,91.3936674788957,1.41460591695509
"species=Rhamdia_quelen__sex=F__region=montain","prey_43",10,19,52.6315789473684,6.25,367.41,1.70109686726001,89.5314140663163,1.38578165845914
"species=Rhamdia_quelen__sex=F__region=montain","prey_38",11,19,57.8947368421053,5.67,367.41,1.54323507797828,89.3451887250583,1.38289923260955
"species=Rhamdia_quelen__sex=F__region=montain","prey_2",10,19,52.6315789473684,5.92,367.41,1.61127895266868,84.8041554036148,1.3126123868925
"species=Rhamdia_quelen__sex=F__region=montain","prey_20",11,19,57.8947368421053,5.01,367.41,1.36359924879562,78.945219667115,1.22192683516293
"species=Rhamdia_quelen__sex=F__region=montain","prey_54",12,19,63.1578947368421,4.54,367.41,1.23567676437767,78.0427430133266,1.20795815604567
"species=Rhamdia_quelen__sex=F__region=montain","prey_10",12,19,63.1578947368421,4.47,367.41,1.21662447946436,76.8394408082753,1.18933325055598
"species=Rhamdia_quelen__sex=F__region=montain","prey_13",10,19,52.6315789473684,5.29,367.41,1.43980838844887,75.7793888657301,1.17292559571982
"species=Rhamdia_quelen__sex=F__region=montain","prey_39",9,19,47.3684210526316,5.63,367.41,1.53234805802782,72.5849080118439,1.123480906146
"species=Rhamdia_quelen__sex=F__region=montain","prey_12",12,19,63.1578947368421,4.16,367.41,1.13225007484826,71.5105310430481,1.10685152624449
"species=Rhamdia_quelen__sex=F__region=montain","prey_50",10,19,52.6315789473684,4.92,367.41,1.33910345390708,70.4791291530042,1.09088732153904
"species=Rhamdia_quelen__sex=F__region=montain","prey_47",10,19,52.6315789473684,4.65,367.41,1.26561606924145,66.6113720653393,1.0310215538936
"species=Rhamdia_quelen__sex=F__region=montain","prey_16",12,19,63.1578947368421,3.77,367.41,1.02610163033124,64.8064187577624,1.00308419565907
"species=Rhamdia_quelen__sex=F__region=montain","prey_18",10,19,52.6315789473684,4.05,367.41,1.10231076998449,58.0163563149729,0.897986514681525
"species=Rhamdia_quelen__sex=F__region=montain","prey_31",9,19,47.3684210526316,4.47,367.41,1.21662447946436,57.6295806062065,0.891999937916982
"species=Rhamdia_quelen__sex=F__region=montain","prey_41",10,19,52.6315789473684,4.01,367.41,1.09142375003402,57.4433552649485,0.889117512067387
"species=Rhamdia_quelen__sex=F__region=montain","prey_22",8,19,42.1052631578947,4.83,367.41,1.31460765901854,55.3519014323594,0.856745652525781
"species=Rhamdia_quelen__sex=F__region=montain","prey_29",11,19,57.8947368421053,3.49,367.41,0.949892490677989,54.9937757760941,0.851202525891945
"species=Rhamdia_quelen__sex=F__region=montain","prey_15",9,19,47.3684210526316,4.11,367.41,1.11864129991018,52.9882721010086,0.82016101674246
"species=Rhamdia_quelen__sex=F__region=montain","prey_25",9,19,47.3684210526316,4.01,367.41,1.09142375003402,51.6990197384537,0.800205760860648
"species=Rhamdia_quelen__sex=F__region=montain","prey_8",8,19,42.1052631578947,3.89,367.41,1.05876269018263,44.5794816919002,0.690008403379977
"species=Rhamdia_quelen__sex=F__region=plains","prey_39",20,25,80,12.21,475.19,2.56949851638292,205.559881310634,3.12225907334624
"species=Rhamdia_quelen__sex=F__region=plains","prey_5",20,25,80,11.43,475.19,2.40535364801448,192.428291841158,2.92280271976638
"species=Rhamdia_quelen__sex=F__region=plains","prey_8",21,25,84,10.87,475.19,2.28750605021149,192.150508217765,2.91858345074834
"species=Rhamdia_quelen__sex=F__region=plains","prey_3",20,25,80,11.31,475.19,2.38010059134241,190.408047307393,2.89211712690794
"species=Rhamdia_quelen__sex=F__region=plains","prey_11",19,25,76,11.4,475.19,2.39904038384646,182.327069172331,2.76937475547418
"species=Rhamdia_quelen__sex=F__region=plains","prey_27",19,25,76,10.73,475.19,2.25804415076075,171.611355457817,2.60661325668754
"species=Rhamdia_quelen__sex=F__region=plains","prey_15",18,25,72,10.98,475.19,2.31065468549422,166.367137355584,2.52695857189251
"species=Rhamdia_quelen__sex=F__region=plains","prey_25",20,25,80,9.87,475.19,2.07706391127759,166.165112902208,2.52389001260666
"species=Rhamdia_quelen__sex=F__region=plains","prey_12",19,25,76,10.22,475.19,2.15071865990446,163.454618152739,2.48272017552159
"species=Rhamdia_quelen__sex=F__region=plains","prey_26",19,25,76,9.71,475.19,2.04339316904817,155.297880847661,2.35882709435564
"species=Rhamdia_quelen__sex=F__region=plains","prey_31",18,25,72,9.94,475.19,2.09179486100297,150.609229992214,2.28761094759668
"species=Rhamdia_quelen__sex=F__region=plains","prey_29",20,25,80,8.64,475.19,1.8182200803889,145.457606431112,2.20936268580766
"species=Rhamdia_quelen__sex=F__region=plains","prey_38",19,25,76,8.93,475.19,1.87924830067973,142.822870851659,2.16934355845478
"species=Rhamdia_quelen__sex=F__region=plains","prey_54",17,25,68,9.93,475.19,2.08969043961363,142.098949893727,2.1583478876805
"species=Rhamdia_quelen__sex=F__region=plains","prey_52",18,25,72,8.5,475.19,1.78875818093815,128.790589027547,1.95620654472553
"species=Rhamdia_quelen__sex=F__region=plains","prey_4",17,25,68,8.67,475.19,1.82453334455691,124.06826742987,1.88447897141893
"species=Rhamdia_quelen__sex=F__region=plains","prey_50",16,25,64,9.14,475.19,1.92344114985585,123.100233590774,1.86977545817426
"species=Rhamdia_quelen__sex=F__region=plains","prey_42",18,25,72,7.94,475.19,1.67091058313517,120.305561985732,1.82732705472008
"species=Rhamdia_quelen__sex=F__region=plains","prey_28",18,25,72,7.79,475.19,1.63934426229508,118.032786885246,1.79280576275434
"species=Rhamdia_quelen__sex=F__region=plains","prey_22",16,25,64,8.65,475.19,1.82032450177824,116.500768113807,1.76953585483669
"species=Rhamdia_quelen__sex=F__region=plains","prey_20",15,25,60,8.97,475.19,1.88766598623708,113.259959174225,1.72031104962628
"species=Rhamdia_quelen__sex=F__region=plains","prey_13",16,25,64,8.39,475.19,1.76560954565542,112.999010921947,1.71634749388206
"species=Rhamdia_quelen__sex=F__region=plains","prey_45",15,25,60,8.94,475.19,1.88135272206907,112.881163324144,1.71455750096532
"species=Rhamdia_quelen__sex=F__region=plains","prey_16",16,25,64,8.36,475.19,1.75929628148741,112.594962015194,1.71021037531037
"species=Rhamdia_quelen__sex=F__region=plains","prey_9",19,25,76,7.01,475.19,1.47519939392664,112.115153938425,1.70292254700649
"species=Rhamdia_quelen__sex=F__region=plains","prey_55",16,25,64,7.97,475.19,1.67722384730318,107.342326227404,1.63042783387843
"species=Rhamdia_quelen__sex=F__region=plains","prey_43",16,25,64,7.92,475.19,1.66670174035649,106.668911382815,1.62019930292562
"species=Rhamdia_quelen__sex=F__region=plains","prey_35",18,25,72,6.88,475.19,1.44784191586523,104.244617942297,1.58337659149549
"species=Rhamdia_quelen__sex=F__region=plains","prey_32",16,25,64,7.73,475.19,1.62671773395905,104.109934973379,1.58133088530493
"species=Rhamdia_quelen__sex=F__region=plains","prey_56",17,25,68,7.25,475.19,1.52570550727078,103.747974494413,1.57583304991779
"species=Rhamdia_quelen__sex=F__region=plains","prey_18",17,25,68,7.14,475.19,1.50255687198805,102.173867295187,1.55192385881559
"species=Rhamdia_quelen__sex=F__region=plains","prey_59",15,25,60,7.98,475.19,1.67932826869252,100.759696121551,1.53044394381468
"species=Rhamdia_quelen__sex=F__region=plains","prey_10",13,25,52,9,475.19,1.8939792504051,98.4869210210653,1.49592265184893
"species=Rhamdia_quelen__sex=F__region=plains","prey_36",18,25,72,6.49,475.19,1.36576948168101,98.3354026810329,1.49362123238455
"species=Rhamdia_quelen__sex=F__region=plains","prey_30",16,25,64,7.25,475.19,1.52570550727078,97.6451524653297,1.48313698815792
"species=Rhamdia_quelen__sex=F__region=plains","prey_41",17,25,68,6.71,475.19,1.41206675224647,96.02053915276,1.45846065723426
"species=Rhamdia_quelen__sex=F__region=plains","prey_46",15,25,60,7.6,475.19,1.59936025589764,95.9616153538585,1.45756566077589
"species=Rhamdia_quelen__sex=F__region=plains","prey_1",17,25,68,6.68,475.19,1.40575348807845,95.5912371893348,1.45193996875184
"species=Rhamdia_quelen__sex=F__region=plains","prey_37",14,25,56,8.04,475.19,1.69195479702856,94.7494686335992,1.43915430506082
"species=Rhamdia_quelen__sex=F__region=plains","prey_48",16,25,64,6.93,475.19,1.45836402281193,93.3352974599634,1.41767439005991
"species=Rhamdia_quelen__sex=F__region=plains","prey_24",16,25,64,6.74,475.19,1.41838001641449,90.7763210505272,1.37880597243922
"species=Rhamdia_quelen__sex=F__region=plains","prey_7",15,25,60,7.17,475.19,1.50887013615606,90.5322081693638,1.37509812996883
"species=Rhamdia_quelen__sex=F__region=plains","prey_14",12,25,48,8.72,475.19,1.83505545150361,88.0826616721732,1.33789184862797
"species=Rhamdia_quelen__sex=F__region=plains","prey_60",15,25,60,6.7,475.19,1.40996233085713,84.5977398514279,1.28495920094716
"species=Rhamdia_quelen__sex=F__region=plains","prey_57",15,25,60,6.67,475.19,1.40364906668911,84.2189440013468,1.2792056522862
"species=Rhamdia_quelen__sex=F__region=plains","prey_21",14,25,56,6.99,475.19,1.47099055114796,82.3754708642859,1.25120504880288
"species=Rhamdia_quelen__sex=F__region=plains","prey_6",12,25,48,7.71,475.19,1.62250889118037,77.8804267766578,1.18292960469285
"species=Rhamdia_quelen__sex=F__region=plains","prey_2",16,25,64,5.65,475.19,1.18899808497654,76.0958774384983,1.1558239976679
"species=Rhamdia_quelen__sex=F__region=plains","prey_47",14,25,56,6.41,475.19,1.3489341105663,75.5403101917128,1.14738545963182
"species=Rhamdia_quelen__sex=F__region=plains","prey_19",15,25,60,5.8,475.19,1.22056440581662,73.2338643489972,1.11235274111844
"species=Rhamdia_quelen__sex=F__region=plains","prey_23",13,25,52,6.58,475.19,1.38470927418506,72.0048822576233,1.09368567212955
"species=Rhamdia_quelen__sex=F__region=plains","prey_44",14,25,56,5.95,475.19,1.25213072665671,70.1193206927755,1.06504578546168
"species=Rhamdia_quelen__sex=F__region=plains","prey_51",13,25,52,6.25,475.19,1.31526336833688,68.3936951535175,1.03883517489509
"species=Rhamdia_quelen__sex=F__region=plains","prey_53",13,25,52,6,475.19,1.2626528336034,65.6579473473768,0.99728176789929
"species=Rhamdia_quelen__sex=F__region=plains","prey_34",14,25,56,5.46,475.19,1.14901407857909,64.3447884004293,0.977336132541304
"species=Rhamdia_quelen__sex=F__region=plains","prey_49",15,25,60,4.7,475.19,0.989078052989331,59.3446831793598,0.901389290216666
"species=Rhamdia_quelen__sex=F__region=plains","prey_58",11,25,44,6.32,475.19,1.32999431806225,58.519749994739,0.88885933979947
"species=Rhamdia_quelen__sex=F__region=plains","prey_17",11,25,44,5.52,475.19,1.16164060691513,51.1121867042657,0.776345499318524
"species=Rhamdia_quelen__sex=F__region=plains","prey_33",11,25,44,5.43,475.19,1.14270081441108,50.2788358340874,0.763687692264418
"species=Rhamdia_quelen__sex=F__region=plains","prey_40",11,25,44,4.32,475.19,0.909110040194449,40.0008417685557,0.607574738597106
"species=Rhamdia_quelen__sex=F__region=pothole","prey_60",17,18,94.4444444444444,8.9,374.04,2.37942466046412,224.723440154945,3.27719716250609
"species=Rhamdia_quelen__sex=F__region=pothole","prey_57",15,18,83.3333333333333,9.29,374.04,2.48369158378783,206.974298648986,3.01835706936698
"species=Rhamdia_quelen__sex=F__region=pothole","prey_32",15,18,83.3333333333333,8.71,374.04,2.32862795422949,194.052329519124,2.82991281745817
"species=Rhamdia_quelen__sex=F__region=pothole","prey_50",16,18,88.8888888888889,8.1,374.04,2.1655437921078,192.492781520693,2.80716954567607
"species=Rhamdia_quelen__sex=F__region=pothole","prey_46",16,18,88.8888888888889,8.06,374.04,2.15484974868998,191.542199883554,2.79330698001841
"species=Rhamdia_quelen__sex=F__region=pothole","prey_27",14,18,77.7777777777778,8.34,374.04,2.22970805261469,173.421737425587,2.52905182216928
"species=Rhamdia_quelen__sex=F__region=pothole","prey_19",14,18,77.7777777777778,7.73,374.04,2.066623890493,160.737413705011,2.34407321167488
"species=Rhamdia_quelen__sex=F__region=pothole","prey_37",16,18,88.8888888888889,6.47,374.04,1.72976152283178,153.75657980727,2.24226999512644
"species=Rhamdia_quelen__sex=F__region=pothole","prey_23",14,18,77.7777777777778,7.39,374.04,1.97572452144156,153.667462778788,2.24097037959604
"species=Rhamdia_quelen__sex=F__region=pothole","prey_16",14,18,77.7777777777778,7.26,374.04,1.94096888033365,150.964246248173,2.20154870850707
"species=Rhamdia_quelen__sex=F__region=pothole","prey_8",14,18,77.7777777777778,6.94,374.04,1.85541653299112,144.310174788199,2.10451074890345
"species=Rhamdia_quelen__sex=F__region=pothole","prey_39",13,18,72.2222222222222,7.46,374.04,1.99443909742274,144.042823702753,2.10061190231223
"species=Rhamdia_quelen__sex=F__region=pothole","prey_21",12,18,66.6666666666667,7.95,374.04,2.12544112929098,141.696075286066,2.06638869334489
"species=Rhamdia_quelen__sex=F__region=pothole","prey_3",13,18,72.2222222222222,7.11,374.04,1.90086621751684,137.284782376216,2.00205772458981
"species=Rhamdia_quelen__sex=F__region=pothole","prey_59",13,18,72.2222222222222,7.04,374.04,1.88215164153566,135.933174110909,1.98234688904532
"species=Rhamdia_quelen__sex=F__region=pothole","prey_10",12,18,66.6666666666667,7.58,374.04,2.02652122767618,135.101415178412,1.97021714409487
"species=Rhamdia_quelen__sex=F__region=pothole","prey_35",12,18,66.6666666666667,7.56,374.04,2.02117420596728,134.744947064485,1.96501868197325
"species=Rhamdia_quelen__sex=F__region=pothole","prey_51",13,18,72.2222222222222,6.86,374.04,1.83402844615549,132.457610000119,1.93166188335951
"species=Rhamdia_quelen__sex=F__region=pothole","prey_45",12,18,66.6666666666667,7.32,374.04,1.95700994546038,130.467329697359,1.90263713651378
"species=Rhamdia_quelen__sex=F__region=pothole","prey_52",13,18,72.2222222222222,6.61,374.04,1.76719067479414,127.630437624021,1.8612660421292
"species=Rhamdia_quelen__sex=F__region=pothole","prey_13",12,18,66.6666666666667,7.14,374.04,1.90888675008021,127.259116672014,1.85585097741918
"species=Rhamdia_quelen__sex=F__region=pothole","prey_14",12,18,66.6666666666667,6.83,374.04,1.82600791359213,121.733860906142,1.77527481453403
"species=Rhamdia_quelen__sex=F__region=pothole","prey_43",13,18,72.2222222222222,6.15,374.04,1.64420917548925,118.748440452002,1.73173769426545
"species=Rhamdia_quelen__sex=F__region=pothole","prey_11",12,18,66.6666666666667,6.62,374.04,1.76986418564859,117.990945709906,1.720690962257
"species=Rhamdia_quelen__sex=F__region=pothole","prey_29",12,18,66.6666666666667,6.55,374.04,1.75114960966742,116.743307311161,1.70249634483132
"species=Rhamdia_quelen__sex=F__region=pothole","prey_54",13,18,72.2222222222222,6.04,374.04,1.61480055609026,116.624484606519,1.70076352412411
"species=Rhamdia_quelen__sex=F__region=pothole","prey_4",11,18,61.1111111111111,7.07,374.04,1.89017217409903,115.510521750496,1.68451832999404
"species=Rhamdia_quelen__sex=F__region=pothole","prey_30",12,18,66.6666666666667,6.31,374.04,1.68698534916052,112.465689944034,1.64011479937185
"species=Rhamdia_quelen__sex=F__region=pothole","prey_53",13,18,72.2222222222222,5.71,374.04,1.52657469789327,110.25261707007,1.60784101370011
"species=Rhamdia_quelen__sex=F__region=pothole","prey_18",11,18,61.1111111111111,6.73,374.04,1.79927280504759,109.955560308464,1.6035089619321
"species=Rhamdia_quelen__sex=F__region=pothole","prey_2",13,18,72.2222222222222,5.63,374.04,1.50518661105764,108.707921909718,1.58531434450642
"species=Rhamdia_quelen__sex=F__region=pothole","prey_58",13,18,72.2222222222222,5.53,374.04,1.4784515025131,106.777052959279,1.5571560080143
"species=Rhamdia_quelen__sex=F__region=pothole","prey_47",13,18,72.2222222222222,5.47,374.04,1.46241043738638,105.618531589016,1.54026100611902
"species=Rhamdia_quelen__sex=F__region=pothole","prey_49",11,18,61.1111111111111,6.46,374.04,1.72708801197733,105.544267398615,1.53917799317702
"species=Rhamdia_quelen__sex=F__region=pothole","prey_7",10,18,55.5555555555556,6.89,374.04,1.84204897871885,102.33605437327,1.49239183408242
"species=Rhamdia_quelen__sex=F__region=pothole","prey_36",12,18,66.6666666666667,5.73,374.04,1.53192171960218,102.128114640145,1.4893593978448
"species=Rhamdia_quelen__sex=F__region=pothole","prey_20",13,18,72.2222222222222,5.22,374.04,1.39557266602502,100.791359212918,1.46986516488872
"species=Rhamdia_quelen__sex=F__region=pothole","prey_9",12,18,66.6666666666667,5.58,374.04,1.49181905678537,99.4546037856913,1.45037093193264
"species=Rhamdia_quelen__sex=F__region=pothole","prey_6",11,18,61.1111111111111,6.06,374.04,1.62014757779917,99.0090186432823,1.44387285428061
"species=Rhamdia_quelen__sex=F__region=pothole","prey_28",11,18,61.1111111111111,5.97,374.04,1.59608598010908,97.5385876733326,1.42242919802892
"species=Rhamdia_quelen__sex=F__region=pothole","prey_48",13,18,72.2222222222222,4.89,374.04,1.30734680782804,94.4194916764695,1.37694265446472
"species=Rhamdia_quelen__sex=F__region=pothole","prey_26",11,18,61.1111111111111,5.71,374.04,1.52657469789327,93.2906759823667,1.36048085774625
"species=Rhamdia_quelen__sex=F__region=pothole","prey_31",11,18,61.1111111111111,5.63,374.04,1.50518661105764,91.9836262313003,1.34141982996697
"species=Rhamdia_quelen__sex=F__region=pothole","prey_25",11,18,61.1111111111111,5.58,374.04,1.49181905678537,91.1667201368838,1.32950668760492
"species=Rhamdia_quelen__sex=F__region=pothole","prey_56",10,18,55.5555555555556,5.96,374.04,1.59341246925462,88.5229149585903,1.29095142686955
"species=Rhamdia_quelen__sex=F__region=pothole","prey_24",11,18,61.1111111111111,5.32,374.04,1.42230777456956,86.9188084459179,1.26755834732225
"species=Rhamdia_quelen__sex=F__region=pothole","prey_44",10,18,55.5555555555556,5.84,374.04,1.56133033900118,86.7405743889542,1.26495911626144
"species=Rhamdia_quelen__sex=F__region=pothole","prey_17",11,18,61.1111111111111,4.99,374.04,1.33408191637258,81.5272282227688,1.18893160773271
"species=Rhamdia_quelen__sex=F__region=pothole","prey_12",10,18,55.5555555555556,5.35,374.04,1.43032830713293,79.462683729607,1.15882384794498
"species=Rhamdia_quelen__sex=F__region=pothole","prey_55",10,18,55.5555555555556,5.26,374.04,1.40626670944284,78.12592830238,1.1393296149889
"species=Rhamdia_quelen__sex=F__region=pothole","prey_33",10,18,55.5555555555556,5.07,374.04,1.35547000320821,75.303889067123,1.09817512319272
"species=Rhamdia_quelen__sex=F__region=pothole","prey_15",12,18,66.6666666666667,4.06,374.04,1.08544540690835,72.3630271272234,1.05528781068934
"species=Rhamdia_quelen__sex=F__region=pothole","prey_1",10,18,55.5555555555556,4.68,374.04,1.2512030798845,69.5112822158058,1.01370011371636
"species=Rhamdia_quelen__sex=F__region=pothole","prey_38",10,18,55.5555555555556,4.59,374.04,1.22714148219442,68.1745267885788,0.994205880760275
"species=Rhamdia_quelen__sex=F__region=pothole","prey_42",10,18,55.5555555555556,4.45,374.04,1.18971233023206,66.0951294573367,0.963881518384145
"species=Rhamdia_quelen__sex=F__region=pothole","prey_34",9,18,50,4.59,374.04,1.22714148219442,61.3570741097209,0.894785292684248
"species=Rhamdia_quelen__sex=F__region=pothole","prey_40",9,18,50,4.48,374.04,1.19773286279542,59.8866431397711,0.873341636432555
"species=Rhamdia_quelen__sex=F__region=pothole","prey_5",10,18,55.5555555555556,3.92,374.04,1.04801625494599,58.2231252747775,0.849082146531651
"species=Rhamdia_quelen__sex=F__region=pothole","prey_41",9,18,50,4.16,374.04,1.11218051545289,55.6090257726446,0.810960090973087
"species=Rhamdia_quelen__sex=F__region=pothole","prey_22",8,18,44.4444444444444,3.14,374.04,0.839482408298578,37.3103292577146,0.54410570206314
"species=Rhamdia_quelen__sex=F__region=valley","prey_49",17,21,80.9523809523809,11.23,415.3,2.70406934745967,218.900851937211,3.21912149059944
"species=Rhamdia_quelen__sex=F__region=valley","prey_5",18,21,85.7142857142857,10.09,415.3,2.42956898627498,208.248770252141,3.06247365314898
"species=Rhamdia_quelen__sex=F__region=valley","prey_35",17,21,80.9523809523809,10.31,415.3,2.48254274018782,200.967745634252,2.95540005058595
"species=Rhamdia_quelen__sex=F__region=valley","prey_1",17,21,80.9523809523809,9.86,415.3,2.37418733445702,192.196117551282,2.82640586797066
"species=Rhamdia_quelen__sex=F__region=valley","prey_8",18,21,85.7142857142857,8.51,415.3,2.04912111726463,175.638952908397,2.58291880954388
"species=Rhamdia_quelen__sex=F__region=valley","prey_52",15,21,71.4285714285714,9.75,415.3,2.3477004575006,167.692889821472,2.46606525588062
"species=Rhamdia_quelen__sex=F__region=valley","prey_10",17,21,80.9523809523809,8.03,415.3,1.93354201781844,156.524830013874,2.30182952533513
"species=Rhamdia_quelen__sex=F__region=valley","prey_54",17,21,80.9523809523809,7.81,415.3,1.88056826390561,152.236478506645,2.23876570272321
"species=Rhamdia_quelen__sex=F__region=valley","prey_36",17,21,80.9523809523809,7.73,415.3,1.86130508066458,150.677077958561,2.2158334035916
"species=Rhamdia_quelen__sex=F__region=valley","prey_38",16,21,76.1904761904762,8.19,415.3,1.97206838430051,150.252829280038,2.20959446926903
"species=Rhamdia_quelen__sex=F__region=valley","prey_33",17,21,80.9523809523809,7.6,415.3,1.83000240789791,148.143052067926,2.17856841750274
"species=Rhamdia_quelen__sex=F__region=valley","prey_32",14,21,66.6666666666667,8.99,415.3,2.16470021671081,144.313347780721,2.12224938875306
"species=Rhamdia_quelen__sex=F__region=valley","prey_12",15,21,71.4285714285714,8.18,415.3,1.96966048639538,140.690034742527,2.06896551724138
"species=Rhamdia_quelen__sex=F__region=valley","prey_34",15,21,71.4285714285714,7.67,415.3,1.84685769323381,131.918406659558,1.93997133462609
"species=Rhamdia_quelen__sex=F__region=valley","prey_18",15,21,71.4285714285714,7.66,415.3,1.84444979532868,131.746413952048,1.93744203692775
"species=Rhamdia_quelen__sex=F__region=valley","prey_16",17,21,80.9523809523809,6.64,415.3,1.59884420900554,129.430245490925,1.90338082792345
"species=Rhamdia_quelen__sex=F__region=valley","prey_37",13,21,61.9047619047619,8.51,415.3,2.04912111726463,126.850354878286,1.86544136244836
"species=Rhamdia_quelen__sex=F__region=valley","prey_27",14,21,66.6666666666667,7.64,415.3,1.83963399951842,122.642266634561,1.80355787876233
"species=Rhamdia_quelen__sex=F__region=valley","prey_56",14,21,66.6666666666667,7.63,415.3,1.83722610161329,122.481740107553,1.80119720091055
"species=Rhamdia_quelen__sex=F__region=valley","prey_58",14,21,66.6666666666667,7.54,415.3,1.81555502046713,121.037001364475,1.7799511002445
"species=Rhamdia_quelen__sex=F__region=valley","prey_42",14,21,66.6666666666667,7.52,415.3,1.81073922465687,120.715948310458,1.77522974454093
"species=Rhamdia_quelen__sex=F__region=valley","prey_4",14,21,66.6666666666667,7.48,415.3,1.80110763303636,120.073842202424,1.7657870331338
"species=Rhamdia_quelen__sex=F__region=valley","prey_29",16,21,76.1904761904762,6.54,415.3,1.57476522995425,119.982112758419,1.76443807436135
"species=Rhamdia_quelen__sex=F__region=valley","prey_13",13,21,61.9047619047619,7.95,415.3,1.91427883457741,118.50297547384,1.74268611415564
"species=Rhamdia_quelen__sex=F__region=valley","prey_17",14,21,66.6666666666667,7.32,415.3,1.7625812665543,117.505417770287,1.72801618750527
"species=Rhamdia_quelen__sex=F__region=valley","prey_53",14,21,66.6666666666667,7.32,415.3,1.7625812665543,117.505417770287,1.72801618750527
"species=Rhamdia_quelen__sex=F__region=valley","prey_22",14,21,66.6666666666667,7.28,415.3,1.75294967493378,116.863311662252,1.71857347609814
"species=Rhamdia_quelen__sex=F__region=valley","prey_7",14,21,66.6666666666667,7.28,415.3,1.75294967493378,116.863311662252,1.71857347609814
"species=Rhamdia_quelen__sex=F__region=valley","prey_15",14,21,66.6666666666667,7.24,415.3,1.74331808331327,116.221205554218,1.709130764691
"species=Rhamdia_quelen__sex=F__region=valley","prey_14",15,21,71.4285714285714,6.57,415.3,1.58198892366964,112.999208833545,1.66174858780879
"species=Rhamdia_quelen__sex=F__region=valley","prey_46",15,21,71.4285714285714,6.46,415.3,1.55550204671322,111.107289050944,1.63392631312705
"species=Rhamdia_quelen__sex=F__region=valley","prey_23",14,21,66.6666666666667,6.9,415.3,1.66144955453889,110.763303635926,1.62886771773038
"species=Rhamdia_quelen__sex=F__region=valley","prey_26",14,21,66.6666666666667,6.83,415.3,1.64459426920299,109.639617946866,1.61234297276789
"species=Rhamdia_quelen__sex=F__region=valley","prey_39",16,21,76.1904761904762,5.95,415.3,1.43269925355165,109.15803836584,1.60526093921255
"species=Rhamdia_quelen__sex=F__region=valley","prey_50",14,21,66.6666666666667,6.67,415.3,1.60606790272092,107.071193514728,1.57457212713936
"species=Rhamdia_quelen__sex=F__region=valley","prey_41",14,21,66.6666666666667,6.66,415.3,1.6036600048158,106.91066698772,1.57221144928758
"species=Rhamdia_quelen__sex=F__region=valley","prey_30",15,21,71.4285714285714,6.16,415.3,1.48326510955935,105.947507825668,1.55804738217688
"species=Rhamdia_quelen__sex=F__region=valley","prey_9",13,21,61.9047619047619,7.03,415.3,1.69275222730556,104.789423595106,1.54101677767473
"species=Rhamdia_quelen__sex=F__region=valley","prey_40",13,21,61.9047619047619,6.81,415.3,1.63977847339273,101.510095971931,1.49279150155973
"species=Rhamdia_quelen__sex=F__region=valley","prey_20",14,21,66.6666666666667,6.27,415.3,1.50975198651577,100.650132434385,1.48014501306804
"species=Rhamdia_quelen__sex=F__region=valley","prey_28",14,21,66.6666666666667,6.1,415.3,1.46881772212858,97.9211814752388,1.44001348958772
"species=Rhamdia_quelen__sex=F__region=valley","prey_57",12,21,57.1428571428571,7.01,415.3,1.6879364314953,96.4535103711602,1.41843014922856
"species=Rhamdia_quelen__sex=F__region=valley","prey_48",13,21,61.9047619047619,6.42,415.3,1.5458704550927,95.6967424581198,1.40730123935587
"species=Rhamdia_quelen__sex=F__region=valley","prey_24",14,21,66.6666666666667,5.91,415.3,1.42306766193113,94.8711774620756,1.39516061040384
"species=Rhamdia_quelen__sex=F__region=valley","prey_59",14,21,66.6666666666667,5.47,415.3,1.31712015410547,87.8080102736977,1.29129078492539
"species=Rhamdia_quelen__sex=F__region=valley","prey_11",11,21,52.3809523809524,6.89,415.3,1.65904165663376,86.9021820141493,1.27796981704747
"species=Rhamdia_quelen__sex=F__region=valley","prey_43",12,21,57.1428571428571,6.26,415.3,1.50734408861064,86.1339479206082,1.26667228732822
"species=Rhamdia_quelen__sex=F__region=valley","prey_2",13,21,61.9047619047619,5.75,415.3,1.38454129544907,85.7096992420855,1.26043335300565
"species=Rhamdia_quelen__sex=F__region=valley","prey_45",12,21,57.1428571428571,5.68,415.3,1.36768601011317,78.1534862921812,1.14931287412528
"species=Rhamdia_quelen__sex=F__region=valley","prey_21",12,21,57.1428571428571,5.57,415.3,1.34119913315675,76.6399504661002,1.1270550543799
"species=Rhamdia_quelen__sex=F__region=valley","prey_3",12,21,57.1428571428571,5.37,415.3,1.29304117505418,73.888067145953,1.08658629120647
"species=Rhamdia_quelen__sex=F__region=valley","prey_47",10,21,47.6190476190476,6.16,415.3,1.48326510955935,70.6316718837788,1.03869825478459
"species=Rhamdia_quelen__sex=F__region=valley","prey_19",11,21,52.3809523809524,5.53,415.3,1.33156754153624,69.7487759852316,1.02571452659978
"species=Rhamdia_quelen__sex=F__region=valley","prey_60",13,21,61.9047619047619,4.57,415.3,1.10040934264387,68.1205783541445,1.00177050838884
"species=Rhamdia_quelen__sex=F__region=valley","prey_55",9,21,42.8571428571429,5.68,415.3,1.36768601011317,58.6151147191359,0.861984655593963
"species=Rhamdia_quelen__sex=F__region=valley","prey_25",11,21,52.3809523809524,4.55,415.3,1.09559354683361,57.3882334055703,0.843942332012478
"species=Rhamdia_quelen__sex=F__region=valley","prey_51",10,21,47.6190476190476,4.49,415.3,1.08114615940284,51.4831504477543,0.757103111036169
"species=Rhamdia_quelen__sex=F__region=valley","prey_6",12,21,57.1428571428571,3.37,415.3,0.811461594028413,46.3692339444808,0.68189865947222
"species=Rhamdia_quelen__sex=F__region=valley","prey_44",10,21,47.6190476190476,3.94,415.3,0.948711774620756,45.1767511724169,0.664362195430402
"species=Rhamdia_quelen__sex=F__region=valley","prey_31",11,21,52.3809523809524,2.77,415.3,0.666987719720684,34.9374519853692,0.513784672455948
"species=Rhamdia_quelen__sex=M__region=montain","prey_41",23,28,82.1428571428571,11.65,535.41,2.17590257933173,178.73485473082,2.68510112093828
"species=Rhamdia_quelen__sex=M__region=montain","prey_52",23,28,82.1428571428571,11.42,535.41,2.13294484600586,175.206183779053,2.63209054086825
"species=Rhamdia_quelen__sex=M__region=montain","prey_20",22,28,78.5714285714286,11.55,535.41,2.15722530397266,169.496273883566,2.54631160601014
"species=Rhamdia_quelen__sex=M__region=montain","prey_37",23,28,82.1428571428571,11.04,535.41,2.0619711996414,169.376205684829,2.54450784336125
"species=Rhamdia_quelen__sex=M__region=montain","prey_21",21,28,75,11.81,535.41,2.20578621990624,165.433966492968,2.48528430305617
"species=Rhamdia_quelen__sex=M__region=montain","prey_57",22,28,78.5714285714286,10.64,535.41,1.98726209820511,156.14202200183,2.34569311583964
"species=Rhamdia_quelen__sex=M__region=montain","prey_60",20,28,71.4285714285714,11.56,535.41,2.15909303150856,154.22093082204,2.31683291345747
"species=Rhamdia_quelen__sex=M__region=montain","prey_38",22,28,78.5714285714286,10.15,535.41,1.89574344894567,148.951270988588,2.23766777497861
"species=Rhamdia_quelen__sex=M__region=montain","prey_16",20,28,71.4285714285714,10.75,535.41,2.00780710110009,143.414792935721,2.15449427505777
"species=Rhamdia_quelen__sex=M__region=montain","prey_55",20,28,71.4285714285714,10.57,535.41,1.97418800545376,141.013428960983,2.11841902208006
"species=Rhamdia_quelen__sex=M__region=montain","prey_42",18,28,64.2857142857143,11.74,535.41,2.19271212715489,140.9600653171,2.11761734979167
"species=Rhamdia_quelen__sex=M__region=montain","prey_5",18,28,64.2857142857143,11.73,535.41,2.19084439961898,140.839997118363,2.11581358714278
"species=Rhamdia_quelen__sex=M__region=montain","prey_19",20,28,71.4285714285714,10.35,535.41,1.93309799966381,138.078428547415,2.07432704621841
"species=Rhamdia_quelen__sex=M__region=montain","prey_24",19,28,67.8571428571429,10.84,535.41,2.02461664892326,137.384701176935,2.0639053064693
"species=Rhamdia_quelen__sex=M__region=montain","prey_9",19,28,67.8571428571429,10.53,535.41,1.96671709531014,133.455802896045,2.00488218423632
"species=Rhamdia_quelen__sex=M__region=montain","prey_4",19,28,67.8571428571429,10.41,535.41,1.94430436487925,131.934939045378,1.9820345240171
"species=Rhamdia_quelen__sex=M__region=montain","prey_31",20,28,71.4285714285714,9.86,535.41,1.84157935040436,131.54138217174,1.9761221908902
"species=Rhamdia_quelen__sex=M__region=montain","prey_10",20,28,71.4285714285714,9.63,535.41,1.7986216170785,128.472972648464,1.93002603430757
"species=Rhamdia_quelen__sex=M__region=montain","prey_14",20,28,71.4285714285714,9.41,535.41,1.75753161128855,125.537972234896,1.88593405844592
"species=Rhamdia_quelen__sex=M__region=montain","prey_3",21,28,75,8.96,535.41,1.67348387217273,125.511290412955,1.88553322230172
"species=Rhamdia_quelen__sex=M__region=montain","prey_45",19,28,67.8571428571429,9.8,535.41,1.83037298518892,124.20388113782,1.86589225123608
"species=Rhamdia_quelen__sex=M__region=montain","prey_26",20,28,71.4285714285714,9.23,535.41,1.72391251564222,123.136608260158,1.84985880546821
"species=Rhamdia_quelen__sex=M__region=montain","prey_48",18,28,64.2857142857143,10.16,535.41,1.89761117648157,121.989289916673,1.83262285126774
"species=Rhamdia_quelen__sex=M__region=montain","prey_12",19,28,67.8571428571429,9.5,535.41,1.77434115911171,120.401721511152,1.80877310068804
"species=Rhamdia_quelen__sex=M__region=montain","prey_32",19,28,67.8571428571429,9.47,535.41,1.76873797650399,120.021505548485,1.80306118563323
"species=Rhamdia_quelen__sex=M__region=montain","prey_39",18,28,64.2857142857143,9.85,535.41,1.83971162286846,118.267175755829,1.77670620915229
"species=Rhamdia_quelen__sex=M__region=montain","prey_44",19,28,67.8571428571429,9.06,535.41,1.6921611475318,114.825220725372,1.72499834655091
"species=Rhamdia_quelen__sex=M__region=montain","prey_35",19,28,67.8571428571429,8.97,535.41,1.67535159970863,113.684572837372,1.70786260138649
"species=Rhamdia_quelen__sex=M__region=montain","prey_54",19,28,67.8571428571429,8.85,535.41,1.65293886927775,112.163708986704,1.68501494116728
"species=Rhamdia_quelen__sex=M__region=montain","prey_13",18,28,64.2857142857143,8.97,535.41,1.67535159970863,107.701174266984,1.61797509605036
"species=Rhamdia_quelen__sex=M__region=montain","prey_17",18,28,64.2857142857143,8.95,535.41,1.67161614463682,107.46103786951,1.61436757075259
"species=Rhamdia_quelen__sex=M__region=montain","prey_53",18,28,64.2857142857143,8.95,535.41,1.67161614463682,107.46103786951,1.61436757075259
"species=Rhamdia_quelen__sex=M__region=montain","prey_51",17,28,60.7142857142857,9.17,535.41,1.71270615042678,103.985730561626,1.56215866297096
"species=Rhamdia_quelen__sex=M__region=montain","prey_15",18,28,64.2857142857143,8.63,535.41,1.61184886348779,103.61885550993,1.55664716598825
"species=Rhamdia_quelen__sex=M__region=montain","prey_23",18,28,64.2857142857143,8.5,535.41,1.587568405521,102.05796892635,1.53319825155274
"species=Rhamdia_quelen__sex=M__region=montain","prey_7",18,28,64.2857142857143,8.41,535.41,1.57075885769784,100.977355137718,1.51696438771277
"species=Rhamdia_quelen__sex=M__region=montain","prey_46",17,28,60.7142857142857,8.72,535.41,1.62865841131096,98.8828321153082,1.48549875039332
"species=Rhamdia_quelen__sex=M__region=montain","prey_58",17,28,60.7142857142857,8.72,535.41,1.62865841131096,98.8828321153082,1.48549875039332
"species=Rhamdia_quelen__sex=M__region=montain","prey_56",17,28,60.7142857142857,8.68,535.41,1.62118750116733,98.4292411423022,1.47868453594197
"species=Rhamdia_quelen__sex=M__region=montain","prey_30",18,28,64.2857142857143,8.13,535.41,1.51846248669244,97.6154455730855,1.46645903354397
"species=Rhamdia_quelen__sex=M__region=montain","prey_34",17,28,60.7142857142857,8.6,535.41,1.60624568088007,97.5220591962902,1.46505610703928
"species=Rhamdia_quelen__sex=M__region=montain","prey_2",18,28,64.2857142857143,7.98,535.41,1.49044657365384,95.8144225920323,1.43940259381069
"species=Rhamdia_quelen__sex=M__region=montain","prey_18",18,28,64.2857142857143,7.9,535.41,1.47550475336658,94.8538770021372,1.4249724926196
"species=Rhamdia_quelen__sex=M__region=montain","prey_27",19,28,67.8571428571429,6.97,535.41,1.30180609252722,88.3368419929187,1.32706826439954
"species=Rhamdia_quelen__sex=M__region=montain","prey_1",18,28,64.2857142857143,7.27,535.41,1.35783791860443,87.2895804817136,1.31133544573981
"species=Rhamdia_quelen__sex=M__region=montain","prey_50",18,28,64.2857142857143,7.12,535.41,1.32982200556583,85.4885575006604,1.28427900600653
"species=Rhamdia_quelen__sex=M__region=montain","prey_11",17,28,60.7142857142857,7.32,535.41,1.36717655628397,83.0071480600981,1.24700124459623
"species=Rhamdia_quelen__sex=M__region=montain","prey_49",16,28,57.1428571428571,7.49,535.41,1.39892792439439,79.9387385368223,1.2009050880136
"species=Rhamdia_quelen__sex=M__region=montain","prey_36",15,28,53.5714285714286,7.58,535.41,1.41573747221755,75.8430788687975,1.13937673987939
"species=Rhamdia_quelen__sex=M__region=montain","prey_43",16,28,57.1428571428571,7.02,535.41,1.31114473020676,74.9225560118147,1.1255478929046
"species=Rhamdia_quelen__sex=M__region=montain","prey_28",15,28,53.5714285714286,7.45,535.41,1.39145701425076,74.5423400491479,1.11983597784979
"species=Rhamdia_quelen__sex=M__region=montain","prey_8",15,28,53.5714285714286,7.33,535.41,1.36904428381988,73.3416580617791,1.10179835136094
"species=Rhamdia_quelen__sex=M__region=montain","prey_22",16,28,57.1428571428571,6.72,535.41,1.25511290412955,71.7207373788312,1.07744755560098
"species=Rhamdia_quelen__sex=M__region=montain","prey_6",16,28,57.1428571428571,6.69,535.41,1.24950972152182,71.4005555155328,1.07263752187062
"species=Rhamdia_quelen__sex=M__region=montain","prey_47",15,28,53.5714285714286,6.83,535.41,1.27565790702452,68.3388164477423,1.02664157432404
"species=Rhamdia_quelen__sex=M__region=montain","prey_33",16,28,57.1428571428571,6.32,535.41,1.18040380269326,67.4516458681865,1.0133137725295
"species=Rhamdia_quelen__sex=M__region=montain","prey_40",16,28,57.1428571428571,6.23,535.41,1.1635942548701,66.4911002782914,0.998883671338412
"species=Rhamdia_quelen__sex=M__region=montain","prey_59",14,28,50,6.57,535.41,1.22709699109094,61.354849554547,0.921722713580529
"species=Rhamdia_quelen__sex=M__region=montain","prey_29",16,28,57.1428571428571,5.61,535.41,1.04779514764386,59.8740084367921,0.899476307577607
"species=Rhamdia_quelen__sex=M__region=montain","prey_25",14,28,50,5.09,535.41,0.950673315776695,47.5336657888347,0.714089590886589
"species=Rhamdia_quelen__sex=M__region=plains","prey_13",20,24,83.3333333333333,11.47,474.82,2.41565224716735,201.304353930612,3.06504195393084
"species=Rhamdia_quelen__sex=M__region=plains","prey_25",20,24,83.3333333333333,10.59,474.82,2.23031885767238,185.859904806032,2.8298861632195
"species=Rhamdia_quelen__sex=M__region=plains","prey_49",20,24,83.3333333333333,10.38,474.82,2.1860915715429,182.174297628575,2.77376944043611
"species=Rhamdia_quelen__sex=M__region=plains","prey_15",20,24,83.3333333333333,9.77,474.82,2.05762183564298,171.468486303582,2.61076372187483
"species=Rhamdia_quelen__sex=M__region=plains","prey_56",19,24,79.1666666666667,10.11,474.82,2.12922791794785,168.563876837538,2.56653839987173
"species=Rhamdia_quelen__sex=M__region=plains","prey_20",19,24,79.1666666666667,9.38,474.82,1.9754854471168,156.392597896747,2.38121960344183
"species=Rhamdia_quelen__sex=M__region=plains","prey_16",16,24,66.6666666666667,10.49,474.82,2.20925824522977,147.283883015318,2.24253113142002
"species=Rhamdia_quelen__sex=M__region=plains","prey_57",18,24,75,9.17,474.82,1.93125816098732,144.844362074049,2.20538720538721
"species=Rhamdia_quelen__sex=M__region=plains","prey_24",17,24,70.8333333333333,9.39,474.82,1.97759150836106,140.079398508909,2.13283629950297
"species=Rhamdia_quelen__sex=M__region=plains","prey_27",16,24,66.6666666666667,9.88,474.82,2.08078850932985,138.719233955323,2.112126556571
"species=Rhamdia_quelen__sex=M__region=plains","prey_3",17,24,70.8333333333333,8.98,474.82,1.89124299734636,133.963045645367,2.03970926193148
"species=Rhamdia_quelen__sex=M__region=plains","prey_18",18,24,75,8.27,474.82,1.74171264900383,130.628448675287,1.98893698893699
"species=Rhamdia_quelen__sex=M__region=plains","prey_12",16,24,66.6666666666667,9.19,474.82,1.93547028347584,129.031352231723,1.96461974239752
"species=Rhamdia_quelen__sex=M__region=plains","prey_23",15,24,62.5,9.75,474.82,2.05340971315446,128.338107072154,1.95406445406445
"species=Rhamdia_quelen__sex=M__region=plains","prey_14",16,24,66.6666666666667,9.07,474.82,1.91019754854471,127.346503236314,1.93896638341083
"species=Rhamdia_quelen__sex=M__region=plains","prey_60",18,24,75,7.87,474.82,1.65747019923339,124.310264942505,1.89273689273689
"species=Rhamdia_quelen__sex=M__region=plains","prey_9",18,24,75,7.75,474.82,1.63219746430226,122.41480982267,1.86387686387686
"species=Rhamdia_quelen__sex=M__region=plains","prey_47",16,24,66.6666666666667,8.68,474.82,1.82806116001853,121.870744001236,1.85559296670408
"species=Rhamdia_quelen__sex=M__region=plains","prey_22",16,24,66.6666666666667,8.61,474.82,1.81331873130871,120.88791542058,1.84062850729517
"species=Rhamdia_quelen__sex=M__region=plains","prey_7",16,24,66.6666666666667,8.56,474.82,1.8027884250874,120.185895005827,1.82993960771739
"species=Rhamdia_quelen__sex=M__region=plains","prey_37",16,24,66.6666666666667,8.51,474.82,1.7922581188661,119.483874591073,1.8192507081396
"species=Rhamdia_quelen__sex=M__region=plains","prey_43",16,24,66.6666666666667,8.51,474.82,1.7922581188661,119.483874591073,1.8192507081396
"species=Rhamdia_quelen__sex=M__region=plains","prey_34",16,24,66.6666666666667,8.36,474.82,1.76066720020218,117.377813346812,1.78718400940623
"species=Rhamdia_quelen__sex=M__region=plains","prey_46",16,24,66.6666666666667,8.17,474.82,1.72065203656122,114.710135770748,1.74656619101064
"species=Rhamdia_quelen__sex=M__region=plains","prey_30",15,24,62.5,8.61,474.82,1.81331873130871,113.332420706794,1.72558922558923
"species=Rhamdia_quelen__sex=M__region=plains","prey_11",15,24,62.5,8.58,474.82,1.80700054757592,112.937534223495,1.71957671957672
"species=Rhamdia_quelen__sex=M__region=plains","prey_10",14,24,58.3333333333333,9.09,474.82,1.91440967103323,111.673897476939,1.7003367003367
"species=Rhamdia_quelen__sex=M__region=plains","prey_1",18,24,75,7.06,474.82,1.48687923844825,111.515942883619,1.6979316979317
"species=Rhamdia_quelen__sex=M__region=plains","prey_4",15,24,62.5,8.33,474.82,1.7543490164694,109.646813529337,1.66947250280584
"species=Rhamdia_quelen__sex=M__region=plains","prey_59",15,24,62.5,8.3,474.82,1.74803083273662,109.251927046039,1.66345999679333
"species=Rhamdia_quelen__sex=M__region=plains","prey_48",16,24,66.6666666666667,7.73,474.82,1.62798534181374,108.532356120916,1.6525038747261
"species=Rhamdia_quelen__sex=M__region=plains","prey_39",15,24,62.5,8.15,474.82,1.7164399140727,107.277494629544,1.6333974667308
"species=Rhamdia_quelen__sex=M__region=plains","prey_44",15,24,62.5,8.1,474.82,1.7059096078514,106.619350490712,1.62337662337662
"species=Rhamdia_quelen__sex=M__region=plains","prey_21",15,24,62.5,7.85,474.82,1.65325807674487,103.328629796554,1.57327240660574
"species=Rhamdia_quelen__sex=M__region=plains","prey_8",16,24,66.6666666666667,7.28,474.82,1.533212585822,102.214172388133,1.556303778526
"species=Rhamdia_quelen__sex=M__region=plains","prey_17",16,24,66.6666666666667,7.2,474.82,1.51636409586791,101.090939724527,1.53920153920154
"species=Rhamdia_quelen__sex=M__region=plains","prey_31",14,24,58.3333333333333,8.21,474.82,1.72907628153827,100.862783089732,1.53572764683876
"species=Rhamdia_quelen__sex=M__region=plains","prey_50",14,24,58.3333333333333,8.08,474.82,1.70169748536287,99.2656866461677,1.51141040029929
"species=Rhamdia_quelen__sex=M__region=plains","prey_55",15,24,62.5,7.41,474.82,1.56059138199739,97.5369613748368,1.48508898508899
"species=Rhamdia_quelen__sex=M__region=plains","prey_33",14,24,58.3333333333333,7.79,474.82,1.64062170927931,95.7029330412929,1.45716423494201
"species=Rhamdia_quelen__sex=M__region=plains","prey_54",15,24,62.5,7.27,474.82,1.53110652457773,95.6941577861084,1.45703062369729
"species=Rhamdia_quelen__sex=M__region=plains","prey_45",16,24,66.6666666666667,6.8,474.82,1.43212164609747,95.4747764064979,1.45369034257923
"species=Rhamdia_quelen__sex=M__region=plains","prey_5",15,24,62.5,7,474.82,1.47424287098269,92.140179436418,1.40291806958474
"species=Rhamdia_quelen__sex=M__region=plains","prey_52",15,24,62.5,6.88,474.82,1.44897013605156,90.5606335032223,1.37886804553471
"species=Rhamdia_quelen__sex=M__region=plains","prey_41",15,24,62.5,6.78,474.82,1.42790952360895,89.2443452255592,1.35882635882636
"species=Rhamdia_quelen__sex=M__region=plains","prey_51",14,24,58.3333333333333,6.91,474.82,1.45528831978434,84.8918186540865,1.29255518144407
"species=Rhamdia_quelen__sex=M__region=plains","prey_35",13,24,54.1666666666667,7.39,474.82,1.55637925950887,84.3038765567303,1.28360322804767
"species=Rhamdia_quelen__sex=M__region=plains","prey_42",14,24,58.3333333333333,6.78,474.82,1.42790952360895,83.2947222105219,1.2682379349046
"species=Rhamdia_quelen__sex=M__region=plains","prey_53",14,24,58.3333333333333,6.62,474.82,1.39421254370077,81.3290650492116,1.23830901608679
"species=Rhamdia_quelen__sex=M__region=plains","prey_58",14,24,58.3333333333333,6.57,474.82,1.38368223747947,80.7147971863022,1.22895622895623
"species=Rhamdia_quelen__sex=M__region=plains","prey_40",14,24,58.3333333333333,6.36,474.82,1.33945495134999,78.1348721620825,1.18967452300786
"species=Rhamdia_quelen__sex=M__region=plains","prey_2",13,24,54.1666666666667,6.78,474.82,1.42790952360895,77.3450991954846,1.17764951098284
"species=Rhamdia_quelen__sex=M__region=plains","prey_36",13,24,54.1666666666667,6.65,474.82,1.40053072743355,75.8620810693175,1.15506921062477
"species=Rhamdia_quelen__sex=M__region=plains","prey_32",13,24,54.1666666666667,6.54,474.82,1.37736405374668,74.6072195779453,1.13596280262947
"species=Rhamdia_quelen__sex=M__region=plains","prey_19",13,24,54.1666666666667,6.19,474.82,1.30365191019755,70.6144784690339,1.0751696862808
"species=Rhamdia_quelen__sex=M__region=plains","prey_38",13,24,54.1666666666667,5.6,474.82,1.17939429678615,63.8838577425831,0.97268986157875
"species=Rhamdia_quelen__sex=M__region=plains","prey_29",13,24,54.1666666666667,4.87,474.82,1.0256518259551,55.5561405725679,0.845892790337235
"species=Rhamdia_quelen__sex=M__region=plains","prey_6",11,24,45.8333333333333,5.74,474.82,1.2088791542058,55.4069612344327,0.843621399176955
"species=Rhamdia_quelen__sex=M__region=plains","prey_26",11,24,45.8333333333333,5.12,474.82,1.07830335706162,49.4222371986577,0.752498530276308
"species=Rhamdia_quelen__sex=M__region=plains","prey_28",11,24,45.8333333333333,3.29,474.82,0.692894149361863,31.7576485124187,0.483539094650206
"species=Rhamdia_quelen__sex=M__region=pothole","prey_24",11,14,78.5714285714286,7.43,270.78,2.7439249575301,215.594103805936,3.31587424588508
"species=Rhamdia_quelen__sex=M__region=pothole","prey_58",12,14,85.7142857142857,6.61,270.78,2.44109609276904,209.236807951632,3.21809794669772
"species=Rhamdia_quelen__sex=M__region=pothole","prey_8",11,14,78.5714285714286,6.28,270.78,2.31922593987739,182.224895276081,2.80265010284768
"species=Rhamdia_quelen__sex=M__region=pothole","prey_35",11,14,78.5714285714286,6.22,270.78,2.29706773026073,180.483893091914,2.77587319103704
"species=Rhamdia_quelen__sex=M__region=pothole","prey_37",11,14,78.5714285714286,6.19,270.78,2.2859886254524,179.613391999831,2.76248473513171
"species=Rhamdia_quelen__sex=M__region=pothole","prey_12",11,14,78.5714285714286,5.95,270.78,2.19735578698574,172.649383263166,2.65537708788913
"species=Rhamdia_quelen__sex=M__region=pothole","prey_59",10,14,71.4285714285714,6.22,270.78,2.29706773026073,164.076266447195,2.52352108276094
"species=Rhamdia_quelen__sex=M__region=pothole","prey_46",10,14,71.4285714285714,6.2,270.78,2.28968166038851,163.548690027751,2.51540686706075
"species=Rhamdia_quelen__sex=M__region=pothole","prey_39",10,14,71.4285714285714,6.07,270.78,2.24167220621907,160.119443301362,2.46266446500947
"species=Rhamdia_quelen__sex=M__region=pothole","prey_44",10,14,71.4285714285714,6.01,270.78,2.21951399660241,158.536714043029,2.43832181790889
"species=Rhamdia_quelen__sex=M__region=pothole","prey_30",11,14,78.5714285714286,5.44,270.78,2.00901100524411,157.850864697751,2.42777333749863
"species=Rhamdia_quelen__sex=M__region=pothole","prey_6",9,14,64.2857142857143,6.22,270.78,2.29706773026073,147.668639802475,2.27116897448485
"species=Rhamdia_quelen__sex=M__region=pothole","prey_4",10,14,71.4285714285714,5.3,270.78,1.95730851613856,139.807751152754,2.15026716055193
"species=Rhamdia_quelen__sex=M__region=pothole","prey_48",10,14,71.4285714285714,5.29,270.78,1.95361548120245,139.543962943032,2.14621005270183
"species=Rhamdia_quelen__sex=M__region=pothole","prey_17",10,14,71.4285714285714,5.1,270.78,1.88344781741635,134.531986958311,2.06912500354997
"species=Rhamdia_quelen__sex=M__region=pothole","prey_11",9,14,64.2857142857143,5.5,270.78,2.03116921486077,130.575163812478,2.0082683857985
"species=Rhamdia_quelen__sex=M__region=pothole","prey_7",10,14,71.4285714285714,4.86,270.78,1.7948149789497,128.201069924979,1.97175441514762
"species=Rhamdia_quelen__sex=M__region=pothole","prey_31",10,14,71.4285714285714,4.84,270.78,1.78742890907748,127.673493505534,1.96364019944742
"species=Rhamdia_quelen__sex=M__region=pothole","prey_2",10,14,71.4285714285714,4.66,270.78,1.72095428022749,122.925305730535,1.89061225814566
"species=Rhamdia_quelen__sex=M__region=pothole","prey_10",10,14,71.4285714285714,4.65,270.78,1.71726124529138,122.661517520813,1.88655515029556
"species=Rhamdia_quelen__sex=M__region=pothole","prey_1",9,14,64.2857142857143,5.01,270.78,1.85021050299136,118.94210376373,1.82934992960918
"species=Rhamdia_quelen__sex=M__region=pothole","prey_27",10,14,71.4285714285714,4.48,270.78,1.6544796513775,118.177117955536,1.81758431684389
"species=Rhamdia_quelen__sex=M__region=pothole","prey_23",10,14,71.4285714285714,4.45,270.78,1.64340054656917,117.385753326369,1.8054129932936
"species=Rhamdia_quelen__sex=M__region=pothole","prey_19",9,14,64.2857142857143,4.92,270.78,1.81697318856636,116.805419264981,1.79648735602339
"species=Rhamdia_quelen__sex=M__region=pothole","prey_5",10,14,71.4285714285714,4.36,270.78,1.61016323214418,115.01165943887,1.76889902264272
"species=Rhamdia_quelen__sex=M__region=pothole","prey_45",9,14,64.2857142857143,4.81,270.78,1.77634980426915,114.193915988731,1.75632198830742
"species=Rhamdia_quelen__sex=M__region=pothole","prey_42",9,14,64.2857142857143,4.8,270.78,1.77265676933304,113.956506599981,1.75267059124233
"species=Rhamdia_quelen__sex=M__region=pothole","prey_56",8,14,57.1428571428571,5.4,270.78,1.99423886549967,113.956506599981,1.75267059124233
"species=Rhamdia_quelen__sex=M__region=pothole","prey_51",9,14,64.2857142857143,4.79,270.78,1.76896373439693,113.719097211231,1.74901919417724
"species=Rhamdia_quelen__sex=M__region=pothole","prey_28",10,14,71.4285714285714,4.22,270.78,1.55846074303863,111.318624502759,1.71209951274135
"species=Rhamdia_quelen__sex=M__region=pothole","prey_55",10,14,71.4285714285714,4.17,270.78,1.53999556835808,109.999683454148,1.69181397349086
"species=Rhamdia_quelen__sex=M__region=pothole","prey_15",8,14,57.1428571428571,5.09,270.78,1.87975478248024,107.414558998871,1.6520543165599
"species=Rhamdia_quelen__sex=M__region=pothole","prey_14",9,14,64.2857142857143,4.5,270.78,1.66186572124972,106.834224937482,1.64312867928968
"species=Rhamdia_quelen__sex=M__region=pothole","prey_57",10,14,71.4285714285714,4.03,270.78,1.48829307925253,106.306648518038,1.63501446358949
"species=Rhamdia_quelen__sex=M__region=pothole","prey_41",10,14,71.4285714285714,4.01,270.78,1.48090700938031,105.779072098593,1.62690024788929
"species=Rhamdia_quelen__sex=M__region=pothole","prey_54",9,14,64.2857142857143,4.25,270.78,1.56953984784696,100.898990218733,1.55184375266248
"species=Rhamdia_quelen__sex=M__region=pothole","prey_53",9,14,64.2857142857143,4.22,270.78,1.55846074303863,100.186762052483,1.54088956146721
"species=Rhamdia_quelen__sex=M__region=pothole","prey_13",8,14,57.1428571428571,4.51,270.78,1.66555875618583,95.1747860677619,1.46380451231535
"species=Rhamdia_quelen__sex=M__region=pothole","prey_22",8,14,57.1428571428571,4.38,270.78,1.6175493020164,92.4313886866513,1.42161059067433
"species=Rhamdia_quelen__sex=M__region=pothole","prey_26",7,14,50,4.57,270.78,1.6877169658025,84.3858482901248,1.29786880124634
"species=Rhamdia_quelen__sex=M__region=pothole","prey_32",8,14,57.1428571428571,3.98,270.78,1.46982790457198,83.9901659755415,1.2917831394712
"species=Rhamdia_quelen__sex=M__region=pothole","prey_40",8,14,57.1428571428571,3.92,270.78,1.44766969495531,82.7239825688751,1.27230902179073
"species=Rhamdia_quelen__sex=M__region=pothole","prey_49",8,14,57.1428571428571,3.88,270.78,1.43289755521087,81.8798602977641,1.25932627667041
"species=Rhamdia_quelen__sex=M__region=pothole","prey_29",8,14,57.1428571428571,3.69,270.78,1.36272989142477,77.870279509987,1.19765823734892
"species=Rhamdia_quelen__sex=M__region=pothole","prey_52",8,14,57.1428571428571,3.58,270.78,1.32210650712756,75.5489432644318,1.16195568826806
"species=Rhamdia_quelen__sex=M__region=pothole","prey_20",7,14,50,3.85,270.78,1.42181845040254,71.090922520127,1.09339056560141
"species=Rhamdia_quelen__sex=M__region=pothole","prey_36",7,14,50,3.72,270.78,1.3738089962331,68.6904498116552,1.05647088416551
"species=Rhamdia_quelen__sex=M__region=pothole","prey_9",6,14,42.8571428571429,4.2,270.78,1.55107467316641,66.4746288499889,1.02239117822469
"species=Rhamdia_quelen__sex=M__region=pothole","prey_33",7,14,50,3.35,270.78,1.23716670359702,61.8583351798508,0.951391790847976
"species=Rhamdia_quelen__sex=M__region=pothole","prey_21",6,14,42.8571428571429,3.8,270.78,1.40335327572199,60.1437118166566,0.925020589822339
"species=Rhamdia_quelen__sex=M__region=pothole","prey_43",8,14,57.1428571428571,2.78,270.78,1.02666371223872,58.6664978422124,0.90230078586179
"species=Rhamdia_quelen__sex=M__region=pothole","prey_34",6,14,42.8571428571429,3.67,270.78,1.35534382155255,58.0861637808236,0.893375148591575
"species=Rhamdia_quelen__sex=M__region=pothole","prey_47",7,14,50,3.14,270.78,1.1596129699387,57.9806484969348,0.891752305451536
"species=Rhamdia_quelen__sex=M__region=pothole","prey_3",7,14,50,3.08,270.78,1.13745476032203,56.8727380161016,0.874712452481124
"species=Rhamdia_quelen__sex=M__region=pothole","prey_60",7,14,50,2.88,270.78,1.06359406159982,53.1797030799911,0.817912942579753
"species=Rhamdia_quelen__sex=M__region=pothole","prey_18",7,14,50,2.87,270.78,1.05990102666371,52.9950513331856,0.815072967084684
"species=Rhamdia_quelen__sex=M__region=pothole","prey_38",6,14,42.8571428571429,2.6,270.78,0.960189083388729,41.1509607166598,0.632908824615285
"species=Rhamdia_quelen__sex=M__region=pothole","prey_25",7,14,50,2.19,270.78,0.808774651008199,40.4387325504099,0.62195463342002
"species=Rhamdia_quelen__sex=M__region=pothole","prey_50",6,14,42.8571428571429,1.7,270.78,0.627815939138784,26.9063973916622,0.413825000709994
"species=Rhamdia_quelen__sex=M__region=pothole","prey_16",5,14,35.7142857142857,1.89,270.78,0.697983602924884,24.9279858187458,0.383396691834259
"species=Rhamdia_quelen__sex=M__region=valley","prey_20",18,20,90,9.5,397.67,2.38891543239369,215.002388915432,3.23192155691678
"species=Rhamdia_quelen__sex=M__region=valley","prey_41",15,20,75,9.3,397.67,2.33862247592225,175.396685694169,2.6365675859058
"species=Rhamdia_quelen__sex=M__region=valley","prey_29",15,20,75,9.22,397.67,2.31850529333367,173.887897000025,2.61388743462919
"species=Rhamdia_quelen__sex=M__region=valley","prey_43",16,20,80,8.63,397.67,2.1701410717429,173.611285739432,2.60972940689514
"species=Rhamdia_quelen__sex=M__region=valley","prey_38",15,20,75,8.53,397.67,2.14499459350718,160.874594513038,2.41827112986844
"species=Rhamdia_quelen__sex=M__region=valley","prey_2",17,20,85,7.44,397.67,1.8708979807378,159.026328362713,2.39048794455459
"species=Rhamdia_quelen__sex=M__region=valley","prey_32",15,20,75,8.32,397.67,2.09218698921216,156.914024190912,2.35873573276734
"species=Rhamdia_quelen__sex=M__region=valley","prey_39",15,20,75,8.31,397.67,2.08967234138859,156.725425604144,2.35590071385776
"species=Rhamdia_quelen__sex=M__region=valley","prey_36",14,20,70,8.4,397.67,2.11230417180074,147.861292026052,2.22265482510768
"species=Rhamdia_quelen__sex=M__region=valley","prey_49",16,20,80,7.3,397.67,1.83569291120779,146.855432896623,2.20753472425661
"species=Rhamdia_quelen__sex=M__region=valley","prey_6",16,20,80,7.29,397.67,1.83317826338421,146.654261070737,2.2045107040864
"species=Rhamdia_quelen__sex=M__region=valley","prey_1",15,20,75,7.61,397.67,1.91364699373853,143.52352453039,2.15744939018743
"species=Rhamdia_quelen__sex=M__region=valley","prey_7",14,20,70,8.02,397.67,2.01674755450499,141.172328815349,2.12210615444805
"species=Rhamdia_quelen__sex=M__region=valley","prey_50",14,20,70,8.01,397.67,2.01423290668142,140.996303467699,2.11946013679911
"species=Rhamdia_quelen__sex=M__region=valley","prey_54",15,20,75,7.4,397.67,1.86083938944351,139.562954208263,2.09791399308633
"species=Rhamdia_quelen__sex=M__region=valley","prey_9",15,20,75,7.37,397.67,1.85329544597279,138.997158447959,2.08940893635761
"species=Rhamdia_quelen__sex=M__region=valley","prey_51",15,20,75,7.25,397.67,1.82311967208992,136.733975406744,2.05538870944269
"species=Rhamdia_quelen__sex=M__region=valley","prey_56",14,20,70,7.5,397.67,1.88598586767923,132.019010737546,1.98451323670329
"species=Rhamdia_quelen__sex=M__region=valley","prey_59",13,20,65,7.95,397.67,1.99914501973999,129.944426283099,1.95332802869795
"species=Rhamdia_quelen__sex=M__region=valley","prey_47",13,20,65,7.62,397.67,1.9161616415621,124.550506701536,1.87224648788407
"species=Rhamdia_quelen__sex=M__region=valley","prey_40",13,20,65,7.49,397.67,1.88347121985566,122.425629290618,1.84030527483618
"species=Rhamdia_quelen__sex=M__region=valley","prey_14",15,20,75,6.49,397.67,1.63200643749843,122.400482812382,1.83992727231491
"species=Rhamdia_quelen__sex=M__region=valley","prey_46",12,20,60,7.83,397.67,1.96896924585712,118.138154751427,1.77585584495849
"species=Rhamdia_quelen__sex=M__region=valley","prey_4",13,20,65,7.04,397.67,1.77031206779491,115.070284406669,1.72973953736271
"species=Rhamdia_quelen__sex=M__region=valley","prey_24",15,20,75,6.08,397.67,1.52890587673196,114.667940754897,1.72369149702228
"species=Rhamdia_quelen__sex=M__region=valley","prey_25",15,20,75,6.05,397.67,1.52136193326125,114.102144994594,1.71518644029356
"species=Rhamdia_quelen__sex=M__region=valley","prey_58",13,20,65,6.95,397.67,1.74768023738275,113.599215429879,1.70762638986802
"species=Rhamdia_quelen__sex=M__region=valley","prey_48",14,20,70,6.3,397.67,1.58422812885055,110.895969019539,1.66699111883076
"species=Rhamdia_quelen__sex=M__region=valley","prey_8",12,20,60,7.12,397.67,1.79042925038348,107.425755023009,1.61482677089456
"species=Rhamdia_quelen__sex=M__region=valley","prey_31",15,20,75,5.69,397.67,1.43083461161264,107.312595870948,1.61312575954882
"species=Rhamdia_quelen__sex=M__region=valley","prey_3",13,20,65,6.44,397.67,1.61943319838057,105.263157894737,1.58231855406476
"species=Rhamdia_quelen__sex=M__region=valley","prey_27",12,20,60,6.94,397.67,1.74516558955918,104.709935373551,1.57400249859667
"species=Rhamdia_quelen__sex=M__region=valley","prey_5",13,20,65,6.37,397.67,1.60183066361556,104.118993135011,1.56511943934666
"species=Rhamdia_quelen__sex=M__region=valley","prey_33",11,20,55,7.5,397.67,1.88598586767923,103.729222722358,1.55926040026687
"species=Rhamdia_quelen__sex=M__region=valley","prey_26",12,20,60,6.52,397.67,1.63955038096915,98.3730228581487,1.47874586323491
"species=Rhamdia_quelen__sex=M__region=valley","prey_23",13,20,65,6,397.67,1.50878869414339,98.07126511932,1.47420983297959
"species=Rhamdia_quelen__sex=M__region=valley","prey_15",11,20,55,6.94,397.67,1.74516558955918,95.984107425755,1.44283562371361
"species=Rhamdia_quelen__sex=M__region=valley","prey_34",12,20,60,6.35,397.67,1.59680136796842,95.8080820781049,1.44018960606467
"species=Rhamdia_quelen__sex=M__region=valley","prey_55",13,20,65,5.69,397.67,1.43083461161264,93.0042497548218,1.39804232494231
"species=Rhamdia_quelen__sex=M__region=valley","prey_53",13,20,65,5.56,397.67,1.3981441899062,90.8793723439032,1.36610111189442
"species=Rhamdia_quelen__sex=M__region=valley","prey_18",11,20,55,6.47,397.67,1.62697714185128,89.4837428018206,1.34512197196355
"species=Rhamdia_quelen__sex=M__region=valley","prey_17",12,20,60,5.93,397.67,1.49118615937838,89.4711695627027,1.34493297070291
"species=Rhamdia_quelen__sex=M__region=valley","prey_19",11,20,55,6.41,397.67,1.61188925490985,88.6539090200418,1.33264788876142
"species=Rhamdia_quelen__sex=M__region=valley","prey_37",11,20,55,6.4,397.67,1.60937460708628,88.5156033897453,1.3305688748944
"species=Rhamdia_quelen__sex=M__region=valley","prey_35",12,20,60,5.79,397.67,1.45598108984837,87.358865390902,1.31318075891566
"species=Rhamdia_quelen__sex=M__region=valley","prey_16",11,20,55,5.77,397.67,1.45095179420122,79.8023486810672,1.19959100127198
"species=Rhamdia_quelen__sex=M__region=valley","prey_12",11,20,55,5.63,397.67,1.41574672467121,77.8660698569165,1.17048480713366
"species=Rhamdia_quelen__sex=M__region=valley","prey_30",11,20,55,5.59,397.67,1.40568813337692,77.3128473357306,1.16216875166557
"species=Rhamdia_quelen__sex=M__region=valley","prey_22",12,20,60,5.06,397.67,1.27241179872759,76.3447079236553,1.14761565459642
"species=Rhamdia_quelen__sex=M__region=valley","prey_60",11,20,55,5.42,397.67,1.36293912037619,74.9616516206905,1.12682551592619
"species=Rhamdia_quelen__sex=M__region=valley","prey_10",11,20,55,5.35,397.67,1.34533658561118,73.9935122086152,1.11227241885703
"species=Rhamdia_quelen__sex=M__region=valley","prey_42",13,20,65,4.39,397.67,1.10393039454824,71.7554756456358,1.0786301944634
"species=Rhamdia_quelen__sex=M__region=valley","prey_28",10,20,50,5.47,397.67,1.37551235949405,68.7756179747026,1.03383689569209
"species=Rhamdia_quelen__sex=M__region=valley","prey_44",11,20,55,4.89,397.67,1.22966278572686,67.6314532149773,1.016637780974
"species=Rhamdia_quelen__sex=M__region=valley","prey_52",11,20,55,4.85,397.67,1.21960419443257,67.0782306937913,1.00832172550591
"species=Rhamdia_quelen__sex=M__region=valley","prey_45",13,20,65,4,397.67,1.00585912942892,65.38084341288,0.982806555319724
"species=Rhamdia_quelen__sex=M__region=valley","prey_57",11,20,55,4.69,397.67,1.17936982925541,64.8653406090477,0.975057503633549
"species=Rhamdia_quelen__sex=M__region=valley","prey_11",11,20,55,4.64,397.67,1.16679659013755,64.1738124575653,0.964662434298437
"species=Rhamdia_quelen__sex=M__region=valley","prey_13",10,20,50,4.32,397.67,1.08632785978324,54.3163929891619,0.816485445957925
"species=Rhamdia_quelen__sex=M__region=valley","prey_21",9,20,45,4.28,397.67,1.07626926848895,48.4321170820027,0.728032855979149
