"","scenario_name","prey_item","stomachs_with_prey","total_stomachs","frequency_occurrence","total_volume_item","total_volume_all","volume_percentage","fo_times_v","iai"
"1","sampling_area=Area_01__season=Autumn__sex=F","prey_43",19,23,82.6086956521739,11.46,456.79,2.50881148886797,207.249644732571,3.15429902534565
"2","sampling_area=Area_01__season=Autumn__sex=F","prey_34",17,23,73.9130434782609,11.26,456.79,2.46502769325073,182.197699066358,2.77301331602675
"3","sampling_area=Area_01__season=Autumn__sex=F","prey_12",19,23,82.6086956521739,9.57,456.79,2.09505462028503,173.069729501807,2.63408740598236
"4","sampling_area=Area_01__season=Autumn__sex=F","prey_22",19,23,82.6086956521739,9.55,456.79,2.09067624072331,172.708037277143,2.62858252112137
"5","sampling_area=Area_01__season=Autumn__sex=F","prey_3",18,23,78.2608695652174,10.03,456.79,2.19575735020469,171.841879581237,2.61539977053322
"6","sampling_area=Area_01__season=Autumn__sex=F","prey_49",17,23,73.9130434782609,9.99,456.79,2.18700059108124,161.64786977557,2.46024893668803
"7","sampling_area=Area_01__season=Autumn__sex=F","prey_31",16,23,69.5652173913043,10.57,456.79,2.31397359837124,160.972076408434,2.44996349392145
"8","sampling_area=Area_01__season=Autumn__sex=F","prey_37",17,23,73.9130434782609,9.37,456.79,2.05127082466779,151.615669649358,2.30756081449117
"9","sampling_area=Area_01__season=Autumn__sex=F","prey_60",17,23,73.9130434782609,8.94,456.79,1.95713566409072,144.657853432792,2.20166421361271
"10","sampling_area=Area_01__season=Autumn__sex=F","prey_40",17,23,73.9130434782609,8.91,456.79,1.95056809474813,144.172424394427,2.1942760786677
"11","sampling_area=Area_01__season=Autumn__sex=F","prey_54",15,23,65.2173913043478,9.92,456.79,2.17167626261521,141.63106060534,2.15559701924971
"12","sampling_area=Area_01__season=Autumn__sex=F","prey_38",17,23,73.9130434782609,8.69,456.79,1.90240591956917,140.612611446417,2.1400964224043
"13","sampling_area=Area_01__season=Autumn__sex=F","prey_59",17,23,73.9130434782609,8.61,456.79,1.88489240132227,139.318134010776,2.12039472921761
"14","sampling_area=Area_01__season=Autumn__sex=F","prey_35",16,23,69.5652173913043,9.02,456.79,1.97464918233762,137.366899640878,2.0906973240465
"15","sampling_area=Area_01__season=Autumn__sex=F","prey_56",18,23,78.2608695652174,7.99,456.79,1.74916263490882,136.890988818951,2.08345405449257
"16","sampling_area=Area_01__season=Autumn__sex=F","prey_11",17,23,73.9130434782609,8.21,456.79,1.79732481008779,132.845746832575,2.02188626328416
"17","sampling_area=Area_01__season=Autumn__sex=F","prey_28",16,23,69.5652173913043,8.6,456.79,1.88270321154141,130.970658194185,1.99334778124167
"18","sampling_area=Area_01__season=Autumn__sex=F","prey_4",15,23,65.2173913043478,9.12,456.79,1.99654108014624,130.209200879102,1.98175854995538
"19","sampling_area=Area_01__season=Autumn__sex=F","prey_48",16,23,69.5652173913043,8.35,456.79,1.82797346701986,127.163371618773,1.93540162481023
"20","sampling_area=Area_01__season=Autumn__sex=F","prey_14",16,23,69.5652173913043,8.32,456.79,1.82140589767727,126.706497229723,1.92844808603845
"21","sampling_area=Area_01__season=Autumn__sex=F","prey_9",16,23,69.5652173913043,8.07,456.79,1.76667615315572,122.899210654311,1.87050192960701
"22","sampling_area=Area_01__season=Autumn__sex=F","prey_32",15,23,65.2173913043478,8.41,456.79,1.84110860570503,120.072300372067,1.82747690845666
"23","sampling_area=Area_01__season=Autumn__sex=F","prey_17",17,23,73.9130434782609,7.18,456.79,1.57183826265899,116.179349848708,1.76822696350551
"24","sampling_area=Area_01__season=Autumn__sex=F","prey_44",15,23,65.2173913043478,8.13,456.79,1.77981129184089,116.074649467884,1.76663344420365
"25","sampling_area=Area_01__season=Autumn__sex=F","prey_15",16,23,69.5652173913043,7.51,456.79,1.64408152542744,114.370888725387,1.74070253920057
"26","sampling_area=Area_01__season=Autumn__sex=F","prey_58",16,23,69.5652173913043,7.49,456.79,1.63970314586571,114.066305799354,1.73606684668606
"27","sampling_area=Area_01__season=Autumn__sex=F","prey_52",16,23,69.5652173913043,7.47,456.79,1.63532476630399,113.761722873321,1.73143115417154
"28","sampling_area=Area_01__season=Autumn__sex=F","prey_18",14,23,60.8695652173913,8.52,456.79,1.86518969329451,113.533285678796,1.72795438478566
"29","sampling_area=Area_01__season=Autumn__sex=F","prey_55",15,23,65.2173913043478,7.58,456.79,1.65940585389347,108.222120906096,1.64711949656379
"30","sampling_area=Area_01__season=Autumn__sex=F","prey_6",14,23,60.8695652173913,8.06,456.79,1.76448696337485,107.403554292382,1.63466107293103
"31","sampling_area=Area_01__season=Autumn__sex=F","prey_20",14,23,60.8695652173913,7.93,456.79,1.73602749622365,105.67123890057,1.60829557175473
"32","sampling_area=Area_01__season=Autumn__sex=F","prey_33",14,23,60.8695652173913,7.89,456.79,1.7272707371002,105.138218780012,1.60018310985432
"33","sampling_area=Area_01__season=Autumn__sex=F","prey_41",15,23,65.2173913043478,7.29,456.79,1.59591935024847,104.081696755335,1.5841030514446
"34","sampling_area=Area_01__season=Autumn__sex=F","prey_53",15,23,65.2173913043478,7.29,456.79,1.59591935024847,104.081696755335,1.5841030514446
"35","sampling_area=Area_01__season=Autumn__sex=F","prey_25",14,23,60.8695652173913,7.73,456.79,1.69224370060641,103.006138297781,1.56773326225271
"36","sampling_area=Area_01__season=Autumn__sex=F","prey_47",14,23,60.8695652173913,7.71,456.79,1.68786532104468,102.739628237502,1.56367703130251
"37","sampling_area=Area_01__season=Autumn__sex=F","prey_5",13,23,56.5217391304348,8.02,456.79,1.75573020425141,99.236924588123,1.51036656738559
"38","sampling_area=Area_01__season=Autumn__sex=F","prey_57",14,23,60.8695652173913,7.41,456.79,1.62218962761882,98.7419773333194,1.5028335670495
"39","sampling_area=Area_01__season=Autumn__sex=F","prey_39",16,23,69.5652173913043,6.34,456.79,1.38794632106657,96.5527875524573,1.46951452710142
"40","sampling_area=Area_01__season=Autumn__sex=F","prey_16",16,23,69.5652173913043,6.27,456.79,1.37262199260054,95.4867473113418,1.45328960330061
"41","sampling_area=Area_01__season=Autumn__sex=F","prey_19",14,23,60.8695652173913,7.14,456.79,1.56308150353554,95.1440915195547,1.44807444922178
"42","sampling_area=Area_01__season=Autumn__sex=F","prey_8",13,23,56.5217391304348,7.41,456.79,1.62218962761882,91.688978952368,1.39548831226025
"43","sampling_area=Area_01__season=Autumn__sex=F","prey_36",16,23,69.5652173913043,5.78,456.79,1.2653516933383,88.0244656235336,1.33971513669498
"44","sampling_area=Area_01__season=Autumn__sex=F","prey_42",14,23,60.8695652173913,6.5,456.79,1.42297335756037,86.615769590631,1.31827505881535
"45","sampling_area=Area_01__season=Autumn__sex=F","prey_29",12,23,52.1739130434783,7.53,456.79,1.64845990498916,86.006603738565,1.30900367378632
"46","sampling_area=Area_01__season=Autumn__sex=F","prey_2",13,23,56.5217391304348,6.75,456.79,1.47770310208192,83.5223492481085,1.2711938067148
"47","sampling_area=Area_01__season=Autumn__sex=F","prey_46",13,23,56.5217391304348,6.23,456.79,1.36386523347709,77.0880349356616,1.17326480234566
"48","sampling_area=Area_01__season=Autumn__sex=F","prey_1",14,23,60.8695652173913,5.72,456.79,1.25221655465312,76.2218772397553,1.16008205175751
"49","sampling_area=Area_01__season=Autumn__sex=F","prey_13",13,23,56.5217391304348,6.13,456.79,1.34197333566847,75.8506667986526,1.15443230150544
"50","sampling_area=Area_01__season=Autumn__sex=F","prey_10",13,23,56.5217391304348,6.01,456.79,1.31570305829812,74.3658250342418,1.13183330049718
"51","sampling_area=Area_01__season=Autumn__sex=F","prey_21",12,23,52.1739130434783,6.16,456.79,1.34854090501106,70.3586559136203,1.07084497085308
"52","sampling_area=Area_01__season=Autumn__sex=F","prey_24",12,23,52.1739130434783,6.13,456.79,1.34197333566847,70.0160001218332,1.06562981677425
"53","sampling_area=Area_01__season=Autumn__sex=F","prey_51",11,23,47.8260869565217,6.12,456.79,1.33978414588761,64.0766330641899,0.975233812741201
"54","sampling_area=Area_01__season=Autumn__sex=F","prey_50",11,23,47.8260869565217,5.86,456.79,1.28286521158519,61.3544231627701,0.933802310892718
"55","sampling_area=Area_01__season=Autumn__sex=F","prey_45",12,23,52.1739130434783,4.98,456.79,1.09021651086933,56.8808614366606,0.865715577085772
"56","sampling_area=Area_01__season=Autumn__sex=F","prey_23",12,23,52.1739130434783,4.9,456.79,1.07270299262243,55.9671126585616,0.851808499542225
"57","sampling_area=Area_01__season=Autumn__sex=F","prey_30",10,23,43.4782608695652,5.72,456.79,1.25221655465312,54.4441980283966,0.828630036969648
"58","sampling_area=Area_01__season=Autumn__sex=F","prey_7",11,23,47.8260869565217,4.65,456.79,1.01797324810088,48.6856770830855,0.740986475367089
"59","sampling_area=Area_01__season=Autumn__sex=F","prey_27",10,23,43.4782608695652,4.45,456.79,0.974189452483636,42.3560631514624,0.644650990299813
"60","sampling_area=Area_01__season=Autumn__sex=F","prey_26",10,23,43.4782608695652,3.84,456.79,0.840648875851048,36.5499511239586,0.556283101741861
"61","sampling_area=Area_01__season=Autumn__sex=M","prey_24",17,20,85,8.77,378.8,2.31520591341077,196.792502639916,2.99501400177583
"62","sampling_area=Area_01__season=Autumn__sex=M","prey_51",16,20,80,8.75,378.8,2.30992608236536,184.794086589229,2.81240834562088
"63","sampling_area=Area_01__season=Autumn__sex=M","prey_44",15,20,75,9.31,378.8,2.45776135163675,184.332101372756,2.80537732475683
"64","sampling_area=Area_01__season=Autumn__sex=M","prey_12",16,20,80,8.68,378.8,2.29144667370644,183.315733896515,2.78990907885591
"65","sampling_area=Area_01__season=Autumn__sex=M","prey_6",16,20,80,8.49,378.8,2.24128827877508,179.303062302006,2.72883964049386
"66","sampling_area=Area_01__season=Autumn__sex=M","prey_52",15,20,75,8.95,378.8,2.36272439281943,177.204329461457,2.69689871714002
"67","sampling_area=Area_01__season=Autumn__sex=M","prey_50",15,20,75,8.31,378.8,2.19376979936642,164.532734952482,2.50404785915459
"68","sampling_area=Area_01__season=Autumn__sex=M","prey_23",15,20,75,8.2,378.8,2.16473072861668,162.354804646251,2.47090161793834
"69","sampling_area=Area_01__season=Autumn__sex=M","prey_37",15,20,75,7.86,378.8,2.07497360084477,155.623020063358,2.36844959963358
"70","sampling_area=Area_01__season=Autumn__sex=M","prey_7",15,20,75,7.86,378.8,2.07497360084477,155.623020063358,2.36844959963358
"71","sampling_area=Area_01__season=Autumn__sex=M","prey_56",16,20,80,7.3,378.8,1.92713833157339,154.171066525871,2.34635210548942
"72","sampling_area=Area_01__season=Autumn__sex=M","prey_4",14,20,70,8.28,378.8,2.18585005279831,153.009503695882,2.32867411017409
"73","sampling_area=Area_01__season=Autumn__sex=M","prey_43",14,20,70,8.26,378.8,2.1805702217529,152.639915522703,2.32304929348285
"74","sampling_area=Area_01__season=Autumn__sex=M","prey_45",14,20,70,8.24,378.8,2.1752903907075,152.270327349525,2.3174244767916
"75","sampling_area=Area_01__season=Autumn__sex=M","prey_29",15,20,75,7.14,378.8,1.88489968321014,141.36747624076,2.15149238439997
"76","sampling_area=Area_01__season=Autumn__sex=M","prey_13",14,20,70,7.32,378.8,1.9324181626188,135.269271383316,2.05868290899448
"77","sampling_area=Area_01__season=Autumn__sex=M","prey_18",14,20,70,6.96,378.8,1.83738120380148,128.616684266103,1.95743620855213
"78","sampling_area=Area_01__season=Autumn__sex=M","prey_16",13,20,65,7.38,378.8,1.94825765575502,126.636747624076,1.92730326199191
"79","sampling_area=Area_01__season=Autumn__sex=M","prey_22",15,20,75,6.29,378.8,1.66050686378036,124.538014783527,1.89536233863807
"80","sampling_area=Area_01__season=Autumn__sex=M","prey_27",12,20,60,7.46,378.8,1.96937697993664,118.162618796199,1.79833425071415
"81","sampling_area=Area_01__season=Autumn__sex=M","prey_10",13,20,65,6.78,378.8,1.78986272439282,116.341077085533,1.77061193987874
"82","sampling_area=Area_01__season=Autumn__sex=M","prey_14",12,20,60,7.29,378.8,1.92449841605069,115.469904963041,1.75735344339225
"83","sampling_area=Area_01__season=Autumn__sex=M","prey_49",14,20,70,6.18,378.8,1.63146779303062,114.202745512144,1.7380683575937
"84","sampling_area=Area_01__season=Autumn__sex=M","prey_5",13,20,65,6.45,378.8,1.70274551214361,110.678458289335,1.6844317127165
"85","sampling_area=Area_01__season=Autumn__sex=M","prey_54",13,20,65,6.37,378.8,1.68162618796199,109.305702217529,1.66353953643475
"86","sampling_area=Area_01__season=Autumn__sex=M","prey_17",13,20,65,6.24,378.8,1.64730728616684,107.074973600845,1.6295897499769
"87","sampling_area=Area_01__season=Autumn__sex=M","prey_33",13,20,65,6.13,378.8,1.61826821541711,105.187434002112,1.60086300758948
"88","sampling_area=Area_01__season=Autumn__sex=M","prey_48",13,20,65,5.96,378.8,1.57338965153115,102.270327349525,1.55646713299075
"89","sampling_area=Area_01__season=Autumn__sex=M","prey_19",12,20,60,6.43,378.8,1.6974656810982,101.847940865892,1.55003877105791
"90","sampling_area=Area_01__season=Autumn__sex=M","prey_42",13,20,65,5.92,378.8,1.56282998944034,101.583949313622,1.54602104484988
"91","sampling_area=Area_01__season=Autumn__sex=M","prey_32",13,20,65,5.91,378.8,1.56019007391763,101.412354804646,1.54340952281466
"92","sampling_area=Area_01__season=Autumn__sex=M","prey_34",11,20,55,6.86,378.8,1.81098204857445,99.6040126715945,1.51588809828965
"93","sampling_area=Area_01__season=Autumn__sex=M","prey_46",13,20,65,5.79,378.8,1.5285110876452,99.3532206969377,1.51207125839203
"94","sampling_area=Area_01__season=Autumn__sex=M","prey_15",13,20,65,5.75,378.8,1.51795142555438,98.6668426610348,1.50162517025115
"95","sampling_area=Area_01__season=Autumn__sex=M","prey_35",13,20,65,5.71,378.8,1.50739176346357,97.980464625132,1.49117908211027
"96","sampling_area=Area_01__season=Autumn__sex=M","prey_30",12,20,60,5.91,378.8,1.56019007391763,93.6114044350581,1.42468571336738
"97","sampling_area=Area_01__season=Autumn__sex=M","prey_57",12,20,60,5.85,378.8,1.54435058078141,92.6610348468849,1.41022189901847
"98","sampling_area=Area_01__season=Autumn__sex=M","prey_21",12,20,60,5.63,378.8,1.48627243928194,89.1763463569166,1.35718791307248
"99","sampling_area=Area_01__season=Autumn__sex=M","prey_58",11,20,55,5.85,378.8,1.54435058078141,84.9392819429778,1.2927034074336
"100","sampling_area=Area_01__season=Autumn__sex=M","prey_53",13,20,65,4.93,378.8,1.30147835269271,84.5960929250264,1.28748036336316
"101","sampling_area=Area_01__season=Autumn__sex=M","prey_39",12,20,60,5.31,378.8,1.40179514255544,84.1077085533263,1.2800475698783
"102","sampling_area=Area_01__season=Autumn__sex=M","prey_26",11,20,55,5.73,378.8,1.51267159450898,83.1969376979937,1.2661864144606
"103","sampling_area=Area_01__season=Autumn__sex=M","prey_1",11,20,55,5.68,378.8,1.49947201689546,82.4709609292503,1.25513766738852
"104","sampling_area=Area_01__season=Autumn__sex=M","prey_8",12,20,60,5.2,378.8,1.3727560718057,82.3653643083421,1.25353057690531
"105","sampling_area=Area_01__season=Autumn__sex=M","prey_47",13,20,65,4.75,378.8,1.25395987328405,81.5073917634636,1.24047296672921
"106","sampling_area=Area_01__season=Autumn__sex=M","prey_9",11,20,55,5.47,378.8,1.44403379091869,79.421858500528,1.20873292968577
"107","sampling_area=Area_01__season=Autumn__sex=M","prey_36",15,20,75,3.9,378.8,1.02956705385428,77.2175290390707,1.17518491584872
"108","sampling_area=Area_01__season=Autumn__sex=M","prey_55",11,20,55,5.29,378.8,1.39651531151003,76.8083421330517,1.16895744022628
"109","sampling_area=Area_01__season=Autumn__sex=M","prey_38",11,20,55,5.23,378.8,1.38067581837381,75.9371700105597,1.15569894373978
"110","sampling_area=Area_01__season=Autumn__sex=M","prey_31",12,20,60,4.72,378.8,1.24604012671595,74.7624076029567,1.13782006211405
"111","sampling_area=Area_01__season=Autumn__sex=M","prey_41",10,20,50,5.28,378.8,1.39387539598733,69.6937697993664,1.06067971891987
"112","sampling_area=Area_01__season=Autumn__sex=M","prey_11",10,20,50,5.14,378.8,1.35691657866948,67.8458289334741,1.03255563546367
"113","sampling_area=Area_01__season=Autumn__sex=M","prey_20",10,20,50,4.92,378.8,1.29883843717001,64.9419218585005,0.988360647175338
"114","sampling_area=Area_01__season=Autumn__sex=M","prey_28",9,20,45,5.38,378.8,1.42027455121436,63.9123548046462,0.972691514964021
"115","sampling_area=Area_01__season=Autumn__sex=M","prey_60",10,20,50,4.75,378.8,1.25395987328405,62.6979936642027,0.954209974407084
"116","sampling_area=Area_01__season=Autumn__sex=M","prey_2",11,20,55,4.22,378.8,1.11404435058078,61.272439281943,0.932514252883723
"117","sampling_area=Area_01__season=Autumn__sex=M","prey_40",11,20,55,4.21,378.8,1.11140443505808,61.1272439281943,0.930304503469307
"118","sampling_area=Area_01__season=Autumn__sex=M","prey_59",11,20,55,3.89,378.8,1.02692713833157,56.4809926082365,0.859592522207982
"119","sampling_area=Area_01__season=Autumn__sex=M","prey_25",12,20,60,3.43,378.8,0.905491024287223,54.3294614572334,0.826848053612539
"120","sampling_area=Area_01__season=Autumn__sex=M","prey_3",9,20,45,4.55,378.8,1.20116156282999,54.0522703273495,0.822629441094107
"121","sampling_area=Area_01__season=Spring__sex=F","prey_31",16,19,84.2105263157895,9.51,372.15,2.55542120112858,215.193364305564,3.14464628929258
"122","sampling_area=Area_01__season=Spring__sex=F","prey_58",16,19,84.2105263157895,9.01,372.15,2.42106677415021,203.87930729686,2.97931262529192
"123","sampling_area=Area_01__season=Spring__sex=F","prey_12",15,19,78.9473684210526,9.57,372.15,2.57154373236598,203.016610449946,2.96670593341187
"124","sampling_area=Area_01__season=Spring__sex=F","prey_44",16,19,84.2105263157895,8.93,372.15,2.39957006583367,202.069058175467,2.95285923905181
"125","sampling_area=Area_01__season=Spring__sex=F","prey_33",16,19,84.2105263157895,8.16,372.15,2.19266424828698,184.645410382062,2.69824539649079
"126","sampling_area=Area_01__season=Spring__sex=F","prey_56",14,19,73.6842105263158,8.99,372.15,2.41569259707107,177.998401889448,2.6011118688904
"127","sampling_area=Area_01__season=Spring__sex=F","prey_25",16,19,84.2105263157895,7.61,372.15,2.04487437861078,172.199947672486,2.51637836609007
"128","sampling_area=Area_01__season=Spring__sex=F","prey_28",15,19,78.9473684210526,7.94,372.15,2.1335483004165,168.438023717092,2.46140492280985
"129","sampling_area=Area_01__season=Spring__sex=F","prey_27",15,19,78.9473684210526,7.87,372.15,2.11473868063953,166.953053734699,2.43970487940976
"130","sampling_area=Area_01__season=Spring__sex=F","prey_59",14,19,73.6842105263158,8.09,372.15,2.17385462851001,160.178762100738,2.34071134808936
"131","sampling_area=Area_01__season=Spring__sex=F","prey_32",15,19,78.9473684210526,7.46,372.15,2.00456805051726,158.255372409258,2.31260462520925
"132","sampling_area=Area_01__season=Spring__sex=F","prey_57",14,19,73.6842105263158,7.72,372.15,2.07443235254602,152.852910187601,2.23365780064893
"133","sampling_area=Area_01__season=Spring__sex=F","prey_15",14,19,73.6842105263158,7.58,372.15,2.03681311299207,150.080966220469,2.19315105296877
"134","sampling_area=Area_01__season=Spring__sex=F","prey_40",16,19,84.2105263157895,6.63,372.15,1.78153970173317,150.024395935425,2.19232438464877
"135","sampling_area=Area_01__season=Spring__sex=F","prey_26",13,19,68.4210526315789,7.93,372.15,2.13086121187693,145.795767128422,2.13053092772852
"136","sampling_area=Area_01__season=Spring__sex=F","prey_8",13,19,68.4210526315789,7.92,372.15,2.12817412333736,145.61191370203,2.12784425568851
"137","sampling_area=Area_01__season=Spring__sex=F","prey_53",14,19,73.6842105263158,7.34,372.15,1.97232298804246,145.329062276813,2.1237109140885
"138","sampling_area=Area_01__season=Spring__sex=F","prey_20",14,19,73.6842105263158,7.07,372.15,1.89977159747414,139.9831703402,2.04559075784818
"139","sampling_area=Area_01__season=Spring__sex=F","prey_23",12,19,63.1578947368421,8.15,372.15,2.18997715974741,138.314346931416,2.02120404240808
"140","sampling_area=Area_01__season=Spring__sex=F","prey_41",13,19,68.4210526315789,7.52,372.15,2.02069058175467,138.257776646372,2.02037737408808
"141","sampling_area=Area_01__season=Spring__sex=F","prey_16",14,19,73.6842105263158,6.92,372.15,1.85946526938063,137.013230375415,2.00219067104801
"142","sampling_area=Area_01__season=Spring__sex=F","prey_36",13,19,68.4210526315789,7.32,372.15,1.96694881096332,134.580708118543,1.96664393328787
"143","sampling_area=Area_01__season=Spring__sex=F","prey_49",13,19,68.4210526315789,7.23,372.15,1.94276501410721,132.92602728102,1.94246388492777
"144","sampling_area=Area_01__season=Spring__sex=F","prey_6",13,19,68.4210526315789,7.21,372.15,1.93739083702808,132.558320428237,1.93709054084775
"145","sampling_area=Area_01__season=Spring__sex=F","prey_45",13,19,68.4210526315789,7.12,372.15,1.91320704017197,130.903639590714,1.91291049248765
"146","sampling_area=Area_01__season=Spring__sex=F","prey_34",14,19,73.6842105263158,6.5,372.15,1.7466075507188,128.697398474017,1.88067042800752
"147","sampling_area=Area_01__season=Spring__sex=F","prey_52",12,19,63.1578947368421,7.57,372.15,2.03412602445251,128.471117333842,1.87736375472751
"148","sampling_area=Area_01__season=Spring__sex=F","prey_14",12,19,63.1578947368421,7.27,372.15,1.95351336826548,123.379791679925,1.80296360592721
"149","sampling_area=Area_01__season=Spring__sex=F","prey_4",14,19,73.6842105263158,6.17,372.15,1.65793362891307,122.16353055149,1.78519023704714
"150","sampling_area=Area_01__season=Spring__sex=F","prey_1",14,19,73.6842105263158,6,372.15,1.61225312374043,118.7975985914,1.73600347200694
"151","sampling_area=Area_01__season=Spring__sex=F","prey_54",13,19,68.4210526315789,6.42,372.15,1.72511084240226,118.033899743312,1.7248434496869
"152","sampling_area=Area_01__season=Spring__sex=F","prey_50",13,19,68.4210526315789,6.38,372.15,1.71436248824399,117.298486037747,1.71409676152686
"153","sampling_area=Area_01__season=Spring__sex=F","prey_38",14,19,73.6842105263158,5.76,372.15,1.54776299879081,114.045694647744,1.66656333312667
"154","sampling_area=Area_01__season=Spring__sex=F","prey_11",14,19,73.6842105263158,5.69,372.15,1.52895337901384,112.659722664178,1.64630995928659
"155","sampling_area=Area_01__season=Spring__sex=F","prey_5",12,19,63.1578947368421,6.63,372.15,1.78153970173317,112.518296951569,1.64424328848658
"156","sampling_area=Area_01__season=Spring__sex=F","prey_60",12,19,63.1578947368421,6.39,372.15,1.71704957678355,108.445236428435,1.58472316944634
"157","sampling_area=Area_01__season=Spring__sex=F","prey_2",12,19,63.1578947368421,5.89,372.15,1.58269514980519,99.9596936719065,1.46072292144584
"158","sampling_area=Area_01__season=Spring__sex=F","prey_46",12,19,63.1578947368421,5.89,372.15,1.58269514980519,99.9596936719065,1.46072292144584
"159","sampling_area=Area_01__season=Spring__sex=F","prey_3",12,19,63.1578947368421,5.72,372.15,1.53701464463254,97.0746091346868,1.41856283712567
"160","sampling_area=Area_01__season=Spring__sex=F","prey_35",10,19,52.6315789473684,6.78,372.15,1.82184602982668,95.8866331487728,1.4012028024056
"161","sampling_area=Area_01__season=Spring__sex=F","prey_42",12,19,63.1578947368421,5.5,372.15,1.47789869676206,93.3409703218142,1.36400272800546
"162","sampling_area=Area_01__season=Spring__sex=F","prey_22",11,19,57.8947368421053,5.99,372.15,1.60956603520086,93.1854020379445,1.36172939012545
"163","sampling_area=Area_01__season=Spring__sex=F","prey_18",12,19,63.1578947368421,5.49,372.15,1.47521160822249,93.1712594666837,1.36152272304545
"164","sampling_area=Area_01__season=Spring__sex=F","prey_51",11,19,57.8947368421053,5.3,372.15,1.42415692597071,82.4511904509359,1.20486907640482
"165","sampling_area=Area_01__season=Spring__sex=F","prey_21",12,19,63.1578947368421,4.29,372.15,1.15276098347441,72.8059568510151,1.06392212784426
"166","sampling_area=Area_01__season=Spring__sex=F","prey_29",10,19,52.6315789473684,5.02,372.15,1.34891844686282,70.9957077296223,1.03746874160415
"167","sampling_area=Area_01__season=Spring__sex=F","prey_24",11,19,57.8947368421053,4.49,372.15,1.20650275426575,69.850159457491,1.02072870812408
"168","sampling_area=Area_01__season=Spring__sex=F","prey_55",13,19,68.4210526315789,3.71,372.15,0.996909848179498,68.2096211912288,0.996755326843987
"169","sampling_area=Area_01__season=Spring__sex=F","prey_19",11,19,57.8947368421053,3.96,372.15,1.06408706166868,61.6050404123974,0.900241800483601
"170","sampling_area=Area_01__season=Spring__sex=F","prey_9",8,19,42.1052631578947,5.36,372.15,1.44027945720812,60.6433455666575,0.886188439043545
"171","sampling_area=Area_01__season=Spring__sex=F","prey_7",11,19,57.8947368421053,3.77,372.15,1.0130323794169,58.6492430188733,0.857048380763428
"172","sampling_area=Area_01__season=Spring__sex=F","prey_30",10,19,52.6315789473684,4.04,372.15,1.08558376998522,57.135987893959,0.83493500320334
"173","sampling_area=Area_01__season=Spring__sex=F","prey_17",11,19,57.8947368421053,3.47,372.15,0.93241972322988,53.9821945027826,0.788848244363155
"174","sampling_area=Area_01__season=Spring__sex=F","prey_47",9,19,47.3684210526316,3.57,372.15,0.959290608625554,45.4400814612105,0.664021328042656
"175","sampling_area=Area_01__season=Spring__sex=F","prey_39",8,19,42.1052631578947,3.93,372.15,1.05602579604998,44.4642440442097,0.649761299522599
"176","sampling_area=Area_01__season=Spring__sex=F","prey_48",9,19,47.3684210526316,3.31,372.15,0.889426306596802,42.1307197861643,0.615661231322463
"177","sampling_area=Area_01__season=Spring__sex=F","prey_10",8,19,42.1052631578947,3.56,372.15,0.956603520085987,40.2780429509889,0.588587843842354
"178","sampling_area=Area_01__season=Spring__sex=F","prey_43",7,19,36.8421052631579,2.44,372.15,0.65564960365444,24.1555117135846,0.352987372641412
"179","sampling_area=Area_01__season=Spring__sex=F","prey_37",6,19,31.5789473684211,2,372.15,0.537417707913476,16.9710855130571,0.248000496000992
"180","sampling_area=Area_01__season=Spring__sex=F","prey_13",6,19,31.5789473684211,1.09,372.15,0.292892650812844,9.24924160461614,0.135160270320541
"181","sampling_area=Area_01__season=Spring__sex=M","prey_55",12,13,92.3076923076923,6.94,252.24,2.75134792261338,253.970577472005,3.72467462766671
"182","sampling_area=Area_01__season=Spring__sex=M","prey_41",10,13,76.9230769230769,6.74,252.24,2.6720583571202,205.542950547708,3.01444608435082
"183","sampling_area=Area_01__season=Spring__sex=M","prey_11",12,13,92.3076923076923,5.61,252.24,2.22407231208373,205.298982653883,3.01086810680263
"184","sampling_area=Area_01__season=Spring__sex=M","prey_21",11,13,84.6153846153846,5.51,252.24,2.18442752933714,184.836175559296,2.71076523994812
"185","sampling_area=Area_01__season=Spring__sex=M","prey_56",11,13,84.6153846153846,5.16,252.24,2.04567078972407,173.09522066896,2.53857507044143
"186","sampling_area=Area_01__season=Spring__sex=M","prey_33",10,13,76.9230769230769,5.65,252.24,2.23993022518237,172.302325014028,2.52694664340981
"187","sampling_area=Area_01__season=Spring__sex=M","prey_36",10,13,76.9230769230769,5.54,252.24,2.19632096416112,168.947766473932,2.47774945212219
"188","sampling_area=Area_01__season=Spring__sex=M","prey_38",9,13,69.2307692307692,6.12,252.24,2.42626070409134,167.971894898631,2.46343754192942
"189","sampling_area=Area_01__season=Spring__sex=M","prey_54",10,13,76.9230769230769,5.28,252.24,2.09324452901998,161.018809924614,2.36146518180598
"190","sampling_area=Area_01__season=Spring__sex=M","prey_13",9,13,69.2307692307692,5.85,252.24,2.31921979067555,160.561370123692,2.35475647390313
"191","sampling_area=Area_01__season=Spring__sex=M","prey_42",10,13,76.9230769230769,5.13,252.24,2.03377735490009,156.444411915392,2.2943781027774
"192","sampling_area=Area_01__season=Spring__sex=M","prey_6",10,13,76.9230769230769,5.01,252.24,1.98620361560419,152.784893508014,2.24070843955454
"193","sampling_area=Area_01__season=Spring__sex=M","prey_39",9,13,69.2307692307692,5.54,252.24,2.19632096416112,152.052989826539,2.22997450690997
"194","sampling_area=Area_01__season=Spring__sex=M","prey_60",10,13,76.9230769230769,4.9,252.24,1.94259435458294,149.430334967918,2.19151124826692
"195","sampling_area=Area_01__season=Spring__sex=M","prey_23",9,13,69.2307692307692,5.22,252.24,2.06945765937203,143.270145648833,2.1011673151751
"196","sampling_area=Area_01__season=Spring__sex=M","prey_47",10,13,76.9230769230769,4.65,252.24,1.84348239771646,141.806338285882,2.07969944988595
"197","sampling_area=Area_01__season=Spring__sex=M","prey_44",9,13,69.2307692307692,5.15,252.24,2.04170631144941,141.348898484959,2.07299074198309
"198","sampling_area=Area_01__season=Spring__sex=M","prey_40",10,13,76.9230769230769,4.61,252.24,1.82762448461782,140.586498816756,2.061809562145
"199","sampling_area=Area_01__season=Spring__sex=M","prey_1",9,13,69.2307692307692,5.04,252.24,1.99809705042816,138.329795798873,2.02871326982423
"200","sampling_area=Area_01__season=Spring__sex=M","prey_31",10,13,76.9230769230769,4.48,252.24,1.77608626704726,136.622020542097,2.0036674269869
"201","sampling_area=Area_01__season=Spring__sex=M","prey_37",10,13,76.9230769230769,4.39,252.24,1.74040596257532,133.877381736563,1.96341517956975
"202","sampling_area=Area_01__season=Spring__sex=M","prey_29",9,13,69.2307692307692,4.78,252.24,1.89502061528703,131.193734904487,1.92405742653965
"203","sampling_area=Area_01__season=Spring__sex=M","prey_25",9,13,69.2307692307692,4.66,252.24,1.84744687599112,127.900168337847,1.87575472963907
"204","sampling_area=Area_01__season=Spring__sex=M","prey_43",8,13,61.5384615384615,5.24,252.24,2.07738661592134,127.83917636439,1.87486023525202
"205","sampling_area=Area_01__season=Spring__sex=M","prey_26",9,13,69.2307692307692,4.65,252.24,1.84348239771646,127.625704457293,1.87172950489736
"206","sampling_area=Area_01__season=Spring__sex=M","prey_50",10,13,76.9230769230769,4.16,252.24,1.64922296225817,126.86330478909,1.86054832505926
"207","sampling_area=Area_01__season=Spring__sex=M","prey_15",10,13,76.9230769230769,4.14,252.24,1.64129400570885,126.253385054527,1.85160338118878
"208","sampling_area=Area_01__season=Spring__sex=M","prey_22",9,13,69.2307692307692,4.6,252.24,1.82366000634317,126.253385054527,1.85160338118878
"209","sampling_area=Area_01__season=Spring__sex=M","prey_28",9,13,69.2307692307692,4.58,252.24,1.81573104979385,125.70445729342,1.84355293170535
"210","sampling_area=Area_01__season=Spring__sex=M","prey_48",10,13,76.9230769230769,4.1,252.24,1.62543609261021,125.033545585401,1.83371349344783
"211","sampling_area=Area_01__season=Spring__sex=M","prey_27",10,13,76.9230769230769,3.89,252.24,1.54218204884237,118.62938837249,1.73979158280782
"212","sampling_area=Area_01__season=Spring__sex=M","prey_3",10,13,76.9230769230769,3.78,252.24,1.49857278782112,115.274829832394,1.69059439152019
"213","sampling_area=Area_01__season=Spring__sex=M","prey_30",9,13,69.2307692307692,4.19,252.24,1.66111639708214,115.000365951841,1.68656916677848
"214","sampling_area=Area_01__season=Spring__sex=M","prey_12",9,13,69.2307692307692,4.14,252.24,1.64129400570885,113.628046549074,1.6664430430699
"215","sampling_area=Area_01__season=Spring__sex=M","prey_32",8,13,61.5384615384615,4.63,252.24,1.83555344116714,112.957134841055,1.65660360481238
"216","sampling_area=Area_01__season=Spring__sex=M","prey_46",7,13,53.8461538461538,4.77,252.24,1.89105613701237,101.826099685281,1.49335837917617
"217","sampling_area=Area_01__season=Spring__sex=M","prey_10",8,13,61.5384615384615,4.1,252.24,1.62543609261021,100.026836468321,1.46697079475826
"218","sampling_area=Area_01__season=Spring__sex=M","prey_17",7,13,53.8461538461538,4.55,252.24,1.80383761496987,97.1297177291468,1.4244823113735
"219","sampling_area=Area_01__season=Spring__sex=M","prey_49",7,13,53.8461538461538,4.23,252.24,1.67697431018078,90.298616702042,1.32429894002415
"220","sampling_area=Area_01__season=Spring__sex=M","prey_45",9,13,69.2307692307692,3.21,252.24,1.27259752616556,88.1029056576155,1.29209714209043
"221","sampling_area=Area_01__season=Spring__sex=M","prey_2",8,13,61.5384615384615,3.53,252.24,1.39946083095465,86.1206665202859,1.26302607451138
"222","sampling_area=Area_01__season=Spring__sex=M","prey_24",8,13,61.5384615384615,3.36,252.24,1.33206470028544,81.973212325258,1.20220045619214
"223","sampling_area=Area_01__season=Spring__sex=M","prey_51",7,13,53.8461538461538,3.73,252.24,1.47875039644783,79.6250213471907,1.1677624222908
"224","sampling_area=Area_01__season=Spring__sex=M","prey_4",7,13,53.8461538461538,3.45,252.24,1.36774500475737,73.647807948474,1.08010197236012
"225","sampling_area=Area_01__season=Spring__sex=M","prey_19",6,13,46.1538461538462,3.97,252.24,1.57389787503964,72.6414403864451,1.06534281497384
"226","sampling_area=Area_01__season=Spring__sex=M","prey_57",7,13,53.8461538461538,3.37,252.24,1.3360291785601,71.9400326916978,1.05505612952279
"227","sampling_area=Area_01__season=Spring__sex=M","prey_8",7,13,53.8461538461538,3.24,252.24,1.28449096098953,69.1648978994364,1.01435663491212
"228","sampling_area=Area_01__season=Spring__sex=M","prey_53",8,13,61.5384615384615,2.65,252.24,1.05058674278465,64.6514918636707,0.948164050270584
"229","sampling_area=Area_01__season=Spring__sex=M","prey_58",8,13,61.5384615384615,2.46,252.24,0.975261655566127,60.0161018809925,0.880182476854958
"230","sampling_area=Area_01__season=Spring__sex=M","prey_34",7,13,53.8461538461538,2.8,252.24,1.11005391690454,59.7721339871673,0.876604499306767
"231","sampling_area=Area_01__season=Spring__sex=M","prey_20",7,13,53.8461538461538,2.75,252.24,1.09023152553124,58.7047744516822,0.860950847533432
"232","sampling_area=Area_01__season=Spring__sex=M","prey_35",6,13,46.1538461538462,3.12,252.24,1.23691722169363,57.0884871550904,0.837246746276667
"233","sampling_area=Area_01__season=Spring__sex=M","prey_16",6,13,46.1538461538462,3.04,252.24,1.20520139549635,55.6246797921394,0.815778880987522
"234","sampling_area=Area_01__season=Spring__sex=M","prey_9",6,13,46.1538461538462,3.01,252.24,1.19330796067238,55.0757520310327,0.807728431504092
"235","sampling_area=Area_01__season=Spring__sex=M","prey_18",6,13,46.1538461538462,2.87,252.24,1.13780526482715,52.5140891458684,0.770159667248088
"236","sampling_area=Area_01__season=Spring__sex=M","prey_14",6,13,46.1538461538462,2.32,252.24,0.919758959720901,42.45041352558,0.622568093385214
"237","sampling_area=Area_01__season=Spring__sex=M","prey_7",7,13,53.8461538461538,1.92,252.24,0.761179828734538,40.986606162629,0.601100228096069
"238","sampling_area=Area_01__season=Spring__sex=M","prey_5",6,13,46.1538461538462,2.23,252.24,0.884078655248969,40.8036302422601,0.598416744934925
"239","sampling_area=Area_01__season=Spring__sex=M","prey_52",5,13,38.4615384615385,1.93,252.24,0.765144307009198,29.4286271926614,0.431593541750526
"240","sampling_area=Area_01__season=Spring__sex=M","prey_59",6,13,46.1538461538462,1.57,252.24,0.622423089121472,28.7272194979141,0.421306856299477
"241","sampling_area=Area_01__season=Summer__sex=F","prey_32",12,13,92.3076923076923,6.68,267.44,2.49775650613222,230.562139027589,3.38769593569463
"242","sampling_area=Area_01__season=Summer__sex=F","prey_19",12,13,92.3076923076923,6.46,267.44,2.41549506431349,222.968775167399,3.27612511146517
"243","sampling_area=Area_01__season=Summer__sex=F","prey_55",11,13,84.6153846153846,6.74,267.44,2.52019144481005,213.246968407004,3.13328064711078
"244","sampling_area=Area_01__season=Summer__sex=F","prey_47",11,13,84.6153846153846,6.53,267.44,2.44166915943763,206.602775029338,3.03565617591
"245","sampling_area=Area_01__season=Summer__sex=F","prey_13",10,13,76.9230769230769,6.63,267.44,2.47906072390069,190.696978761591,2.80194910848995
"246","sampling_area=Area_01__season=Summer__sex=F","prey_46",10,13,76.9230769230769,6.36,267.44,2.37810349985043,182.931038450033,2.68784258370981
"247","sampling_area=Area_01__season=Summer__sex=F","prey_38",11,13,84.6153846153846,5.62,267.44,2.10140592282381,177.811270392784,2.61261680070661
"248","sampling_area=Area_01__season=Summer__sex=F","prey_16",11,13,84.6153846153846,5.21,267.44,1.94810050852528,164.839273798293,2.42201664264795
"249","sampling_area=Area_01__season=Summer__sex=F","prey_29",11,13,84.6153846153846,5.19,267.44,1.94062219563267,164.20649347661,2.41271907396216
"250","sampling_area=Area_01__season=Summer__sex=F","prey_8",10,13,76.9230769230769,5.56,267.44,2.07897098414598,159.920844934306,2.34974917695386
"251","sampling_area=Area_01__season=Summer__sex=F","prey_53",10,13,76.9230769230769,5.48,267.44,2.04905773257553,157.619825582733,2.31593983627827
"252","sampling_area=Area_01__season=Summer__sex=F","prey_25",10,13,76.9230769230769,5.46,267.44,2.04157941968292,157.04457074484,2.30748750110937
"253","sampling_area=Area_01__season=Summer__sex=F","prey_35",10,13,76.9230769230769,5.36,267.44,2.00418785521986,154.168296555374,2.26522582526488
"254","sampling_area=Area_01__season=Summer__sex=F","prey_56",11,13,84.6153846153846,4.83,267.44,1.80601256356566,152.816447686325,2.24536283761796
"255","sampling_area=Area_01__season=Summer__sex=F","prey_49",11,13,84.6153846153846,4.8,267.44,1.79479509422674,151.867277203801,2.23141648458928
"256","sampling_area=Area_01__season=Summer__sex=F","prey_58",10,13,76.9230769230769,5.27,267.44,1.97053544720311,151.579649784855,2.22719031700483
"257","sampling_area=Area_01__season=Summer__sex=F","prey_26",11,13,84.6153846153846,4.71,267.44,1.76114268620999,149.01976575623,2.18957742550323
"258","sampling_area=Area_01__season=Summer__sex=F","prey_21",9,13,69.2307692307692,5.54,267.44,2.07149267125337,143.411031086771,2.10716715760647
"259","sampling_area=Area_01__season=Summer__sex=F","prey_50",9,13,69.2307692307692,5.26,267.44,1.96679629075681,136.162820129317,2.00066773447834
"260","sampling_area=Area_01__season=Summer__sex=F","prey_48",9,13,69.2307692307692,5.13,267.44,1.91818725695483,132.797579327642,1.95122157374028
"261","sampling_area=Area_01__season=Summer__sex=F","prey_43",9,13,69.2307692307692,5.02,267.44,1.87705653604547,129.950067880071,1.90938251465424
"262","sampling_area=Area_01__season=Summer__sex=F","prey_30",9,13,69.2307692307692,4.9,267.44,1.8321866586898,126.843691755448,1.86373990474218
"263","sampling_area=Area_01__season=Summer__sex=F","prey_6",8,13,61.5384615384615,5.48,267.44,2.04905773257553,126.095860466187,1.85275186902261
"264","sampling_area=Area_01__season=Summer__sex=F","prey_4",8,13,61.5384615384615,5.42,267.44,2.0266227938977,124.715248855243,1.83246626461726
"265","sampling_area=Area_01__season=Summer__sex=F","prey_37",8,13,61.5384615384615,5.18,267.44,1.93688303918636,119.192802411468,1.75132384699583
"266","sampling_area=Area_01__season=Summer__sex=F","prey_54",9,13,69.2307692307692,4.6,267.44,1.72001196530063,119.07775144389,1.74963337996205
"267","sampling_area=Area_01__season=Summer__sex=F","prey_11",9,13,69.2307692307692,4.49,267.44,1.67888124439127,116.230239996318,1.707794320876
"268","sampling_area=Area_01__season=Summer__sex=F","prey_45",8,13,61.5384615384615,4.95,267.44,1.85088244092133,113.900457902851,1.67356236344196
"269","sampling_area=Area_01__season=Summer__sex=F","prey_10",8,13,61.5384615384615,4.73,267.44,1.7686209991026,108.838215329391,1.59918181395565
"270","sampling_area=Area_01__season=Summer__sex=F","prey_36",9,13,69.2307692307692,4.16,267.44,1.55548908166318,107.687705653605,1.58227714361785
"271","sampling_area=Area_01__season=Summer__sex=F","prey_44",9,13,69.2307692307692,4.13,267.44,1.54427161232426,106.911111622449,1.57086649113984
"272","sampling_area=Area_01__season=Summer__sex=F","prey_27",7,13,53.8461538461538,4.89,267.44,1.82844750224349,98.4548655054189,1.44661716415703
"273","sampling_area=Area_01__season=Summer__sex=F","prey_2",9,13,69.2307692307692,3.8,267.44,1.42087944959617,98.3685772797349,1.44534931388169
"274","sampling_area=Area_01__season=Summer__sex=F","prey_22",8,13,61.5384615384615,4.22,267.44,1.57792402034101,97.1030166363699,1.42675417651012
"275","sampling_area=Area_01__season=Summer__sex=F","prey_28",8,13,61.5384615384615,4.22,267.44,1.57792402034101,97.1030166363699,1.42675417651012
"276","sampling_area=Area_01__season=Summer__sex=F","prey_33",9,13,69.2307692307692,3.55,267.44,1.32740053843853,91.8969603534366,1.35026054323158
"277","sampling_area=Area_01__season=Summer__sex=F","prey_12",7,13,53.8461538461538,4.38,267.44,1.6377505234819,88.1865666490255,1.29574298139218
"278","sampling_area=Area_01__season=Summer__sex=F","prey_14",7,13,53.8461538461538,4.36,267.44,1.63027221058929,87.7838882625003,1.28982634677395
"279","sampling_area=Area_01__season=Summer__sex=F","prey_41",7,13,53.8461538461538,4.25,267.44,1.58914148967993,85.5691571366115,1.25728485637369
"280","sampling_area=Area_01__season=Summer__sex=F","prey_18",7,13,53.8461538461538,4.2,267.44,1.5704457074484,84.5624611702984,1.24249326982812
"281","sampling_area=Area_01__season=Summer__sex=F","prey_42",8,13,61.5384615384615,3.62,267.44,1.35357463356267,83.2969005269334,1.22389813245654
"282","sampling_area=Area_01__season=Summer__sex=F","prey_17",7,13,53.8461538461538,4.02,267.44,1.5031408914149,80.9383556915714,1.18924355826406
"283","sampling_area=Area_01__season=Summer__sex=F","prey_9",9,13,69.2307692307692,3.11,267.44,1.16287765480108,80.5069145631515,1.18290430688739
"284","sampling_area=Area_01__season=Summer__sex=F","prey_59",8,13,61.5384615384615,3.48,267.44,1.30122644331439,80.0754734347316,1.17656505551071
"285","sampling_area=Area_01__season=Summer__sex=F","prey_5",7,13,53.8461538461538,3.97,267.44,1.48444510918337,79.9316597252583,1.17445197171849
"286","sampling_area=Area_01__season=Summer__sex=F","prey_1",7,13,53.8461538461538,3.71,267.44,1.38722704157942,74.6968407004303,1.09753572168151
"287","sampling_area=Area_01__season=Summer__sex=F","prey_52",7,13,53.8461538461538,3.7,267.44,1.38348788513311,74.4955015071677,1.09457740437239
"288","sampling_area=Area_01__season=Summer__sex=F","prey_39",8,13,61.5384615384615,3.15,267.44,1.1778342805863,72.4821095745415,1.06499423128125
"289","sampling_area=Area_01__season=Summer__sex=F","prey_23",8,13,61.5384615384615,3.14,267.44,1.17409512413999,72.2520076393843,1.06161329721369
"290","sampling_area=Area_01__season=Summer__sex=F","prey_24",8,13,61.5384615384615,3.11,267.44,1.16287765480108,71.5617018339124,1.05147049501101
"291","sampling_area=Area_01__season=Summer__sex=F","prey_20",8,13,61.5384615384615,3.06,267.44,1.14418187256955,70.4111921581261,1.03456582467321
"292","sampling_area=Area_01__season=Summer__sex=F","prey_40",6,13,46.1538461538462,3.9,267.44,1.45827101405923,67.3048160335028,0.988923214761158
"293","sampling_area=Area_01__season=Summer__sex=F","prey_51",7,13,53.8461538461538,3.29,267.44,1.23018247083458,66.2405945834005,0.973286394698695
"294","sampling_area=Area_01__season=Summer__sex=F","prey_57",7,13,53.8461538461538,3.19,267.44,1.19279090637152,64.2272026507743,0.94370322160755
"295","sampling_area=Area_01__season=Summer__sex=F","prey_60",6,13,46.1538461538462,3.46,267.44,1.29374813042178,59.7114521733128,0.877352390531694
"296","sampling_area=Area_01__season=Summer__sex=F","prey_31",8,13,61.5384615384615,2.47,267.44,0.923571642237511,56.8351779838468,0.8350907146872
"297","sampling_area=Area_01__season=Summer__sex=F","prey_34",5,13,38.4615384615385,2.94,267.44,1.09931199521388,42.2812305851492,0.621246634914061
"298","sampling_area=Area_01__season=Summer__sex=F","prey_3",5,13,38.4615384615385,2.29,267.44,0.856266826204009,32.9333394693849,0.483896188419456
"299","sampling_area=Area_01__season=Summer__sex=F","prey_15",4,13,30.7692307692308,2.46,267.44,0.919832485791205,28.3025380243448,0.41585489030982
"300","sampling_area=Area_01__season=Summer__sex=F","prey_7",4,13,30.7692307692308,1.62,267.44,0.605743344301526,18.6382567477392,0.273855659472321
"301","sampling_area=Area_01__season=Summer__sex=M","prey_42",19,24,79.1666666666667,12.63,464.84,2.71706393597797,215.100894931589,3.25835907532503
"302","sampling_area=Area_01__season=Summer__sex=M","prey_22",19,24,79.1666666666667,10.8,464.84,2.32338008777214,183.934256948627,2.78624529006416
"303","sampling_area=Area_01__season=Summer__sex=M","prey_26",19,24,79.1666666666667,10.49,464.84,2.25669047414164,178.654662536213,2.70626973081232
"304","sampling_area=Area_01__season=Summer__sex=M","prey_36",18,24,75,10.9,464.84,2.34489286636262,175.866964977196,2.66404154927187
"305","sampling_area=Area_01__season=Summer__sex=M","prey_54",19,24,79.1666666666667,10.18,464.84,2.19000086051114,173.375068123799,2.62629417156047
"306","sampling_area=Area_01__season=Summer__sex=M","prey_41",19,24,79.1666666666667,9.7,464.84,2.08673952327683,165.200212259415,2.50246104755762
"307","sampling_area=Area_01__season=Summer__sex=M","prey_47",18,24,75,9.35,464.84,2.01144479821014,150.85835986576,2.28520995281578
"308","sampling_area=Area_01__season=Summer__sex=M","prey_50",17,24,70.8333333333333,9.84,464.84,2.1168574133035,149.944066775665,2.27136019552599
"309","sampling_area=Area_01__season=Summer__sex=M","prey_8",18,24,75,9.28,464.84,1.9963858531968,149.72893898976,2.26810142910486
"310","sampling_area=Area_01__season=Summer__sex=M","prey_49",17,24,70.8333333333333,9.67,464.84,2.08028568969968,147.353569687061,2.23211921653824
"311","sampling_area=Area_01__season=Summer__sex=M","prey_2",18,24,75,8.93,464.84,1.92109112813011,144.081834609758,2.18255881055026
"312","sampling_area=Area_01__season=Summer__sex=M","prey_55",19,24,79.1666666666667,8.33,464.84,1.79201445658721,141.867811146488,2.14902067279948
"313","sampling_area=Area_01__season=Summer__sex=M","prey_53",18,24,75,8.71,464.84,1.87376301523105,140.532226142329,2.12878916460165
"314","sampling_area=Area_01__season=Summer__sex=M","prey_29",17,24,70.8333333333333,9.16,464.84,1.97057051888822,139.582078421249,2.114396279575
"315","sampling_area=Area_01__season=Summer__sex=M","prey_37",18,24,75,8.49,464.84,1.82643490233199,136.982617674899,2.07501951865304
"316","sampling_area=Area_01__season=Summer__sex=M","prey_59",18,24,75,8.43,464.84,1.8135272351777,136.014542638327,2.06035506975797
"317","sampling_area=Area_01__season=Summer__sex=M","prey_39",16,24,66.6666666666667,9.44,464.84,2.03080629894157,135.387086596105,2.05085033436301
"318","sampling_area=Area_01__season=Summer__sex=M","prey_45",15,24,62.5,9.9,464.84,2.12976508045779,133.110317528612,2.01636172307275
"319","sampling_area=Area_01__season=Summer__sex=M","prey_24",16,24,66.6666666666667,9.15,464.84,1.96841924102917,131.227949401945,1.98784751688788
"320","sampling_area=Area_01__season=Summer__sex=M","prey_48",16,24,66.6666666666667,9.01,464.84,1.9383013510025,129.220090066833,1.95743236362402
"321","sampling_area=Area_01__season=Summer__sex=M","prey_34",17,24,70.8333333333333,7.85,464.84,1.6887531193529,119.62001262083,1.8120099120812
"322","sampling_area=Area_01__season=Summer__sex=M","prey_25",17,24,70.8333333333333,7.7,464.84,1.65648395146717,117.334279895591,1.77738551885672
"323","sampling_area=Area_01__season=Summer__sex=M","prey_44",15,24,62.5,8.49,464.84,1.82643490233199,114.152181395749,1.72918293221087
"324","sampling_area=Area_01__season=Summer__sex=M","prey_27",14,24,58.3333333333333,8.95,464.84,1.92539368384821,112.314631557812,1.70134763569707
"325","sampling_area=Area_01__season=Summer__sex=M","prey_18",17,24,70.8333333333333,7.31,464.84,1.57258411496429,111.39137480997,1.68736209647306
"326","sampling_area=Area_01__season=Summer__sex=M","prey_6",16,24,66.6666666666667,7.64,464.84,1.64357628431288,109.571752287525,1.65979836382769
"327","sampling_area=Area_01__season=Summer__sex=M","prey_52",15,24,62.5,8.05,464.84,1.73177867653386,108.236167283366,1.63956685562986
"328","sampling_area=Area_01__season=Summer__sex=M","prey_9",16,24,66.6666666666667,7.46,464.84,1.60485328285001,106.990218856668,1.62069316677416
"329","sampling_area=Area_01__season=Summer__sex=M","prey_31",16,24,66.6666666666667,7.44,464.84,1.60055072713192,106.703381808794,1.61634814487932
"330","sampling_area=Area_01__season=Summer__sex=M","prey_16",16,24,66.6666666666667,7.2,464.84,1.54892005851476,103.261337234317,1.56420788214128
"331","sampling_area=Area_01__season=Summer__sex=M","prey_60",16,24,66.6666666666667,7.01,464.84,1.50804577919284,100.536385279523,1.52293017414033
"332","sampling_area=Area_01__season=Summer__sex=M","prey_35",15,24,62.5,7.44,464.84,1.60055072713192,100.034420445745,1.51532638582437
"333","sampling_area=Area_01__season=Summer__sex=M","prey_10",16,24,66.6666666666667,6.96,464.84,1.4972893898976,99.8192926598399,1.51206761940324
"334","sampling_area=Area_01__season=Summer__sex=M","prey_12",16,24,66.6666666666667,6.94,464.84,1.4929868341795,99.5324556119669,1.5077225975084
"335","sampling_area=Area_01__season=Summer__sex=M","prey_32",15,24,62.5,7.3,464.84,1.57043283710524,98.1520523190775,1.4868121796395
"336","sampling_area=Area_01__season=Summer__sex=M","prey_13",13,24,54.1666666666667,8.23,464.84,1.77050167799673,95.9021742248229,1.45273091415187
"337","sampling_area=Area_01__season=Summer__sex=M","prey_58",15,24,62.5,7.08,464.84,1.52310472420618,95.1940452628862,1.44200414134899
"338","sampling_area=Area_01__season=Summer__sex=M","prey_11",15,24,62.5,7.04,464.84,1.51449961276999,94.6562257981241,1.43385722529617
"339","sampling_area=Area_01__season=Summer__sex=M","prey_17",13,24,54.1666666666667,7.89,464.84,1.69735823078909,91.9402375010756,1.39271529922944
"340","sampling_area=Area_01__season=Summer__sex=M","prey_4",15,24,62.5,6.82,464.84,1.46717149987092,91.6982187419327,1.38904918700567
"341","sampling_area=Area_01__season=Summer__sex=M","prey_7",14,24,58.3333333333333,7.05,464.84,1.51665089062903,88.4713019533603,1.34016769068875
"342","sampling_area=Area_01__season=Summer__sex=M","prey_28",14,24,58.3333333333333,7.03,464.84,1.51234833491094,88.2203195364713,1.33636579653077
"343","sampling_area=Area_01__season=Summer__sex=M","prey_14",13,24,54.1666666666667,7.53,464.84,1.61991222786335,87.7452456759315,1.32916935401745
"344","sampling_area=Area_01__season=Summer__sex=M","prey_57",14,24,58.3333333333333,6.88,464.84,1.48007916702521,86.3379514098041,1.3078515903459
"345","sampling_area=Area_01__season=Summer__sex=M","prey_19",15,24,62.5,6.24,464.84,1.34239738404612,83.8998365028827,1.27091890423979
"346","sampling_area=Area_01__season=Summer__sex=M","prey_51",13,24,54.1666666666667,7.16,464.84,1.54031494707856,83.4337263000889,1.26385824366068
"347","sampling_area=Area_01__season=Summer__sex=M","prey_33",14,24,58.3333333333333,6.58,464.84,1.41554083125376,82.5732151564696,1.25082317797617
"348","sampling_area=Area_01__season=Summer__sex=M","prey_23",13,24,54.1666666666667,6.9,464.84,1.48438172274331,80.4040099819293,1.21796394989647
"349","sampling_area=Area_01__season=Summer__sex=M","prey_21",15,24,62.5,5.96,464.84,1.28216160399277,80.1351002495482,1.21389049187006
"350","sampling_area=Area_01__season=Summer__sex=M","prey_20",15,24,62.5,5.71,464.84,1.22837965751656,76.7737285947853,1.16297226653994
"351","sampling_area=Area_01__season=Summer__sex=M","prey_46",16,24,66.6666666666667,5.25,464.84,1.12942087600034,75.2947250666896,1.14056824739468
"352","sampling_area=Area_01__season=Summer__sex=M","prey_38",14,24,58.3333333333333,5.66,464.84,1.21762326822132,71.0280239795772,1.07593604670899
"353","sampling_area=Area_01__season=Summer__sex=M","prey_3",15,24,62.5,5.28,464.84,1.13587470957749,70.9921693485931,1.07539291897213
"354","sampling_area=Area_01__season=Summer__sex=M","prey_43",12,24,50,6.03,464.84,1.29722054900611,64.8610274503055,0.982518075969992
"355","sampling_area=Area_01__season=Summer__sex=M","prey_30",11,24,45.8333333333333,6.43,464.84,1.38327166336804,63.3999512377019,0.960385620693167
"356","sampling_area=Area_01__season=Summer__sex=M","prey_1",13,24,54.1666666666667,5.28,464.84,1.13587470957749,61.5265467687807,0.932007196442513
"357","sampling_area=Area_01__season=Summer__sex=M","prey_40",14,24,58.3333333333333,4.69,464.84,1.00894931589364,58.8553767604624,0.891544180046845
"358","sampling_area=Area_01__season=Summer__sex=M","prey_56",12,24,50,5.39,464.84,1.15953876602702,57.976938301351,0.878237550493907
"359","sampling_area=Area_01__season=Summer__sex=M","prey_15",11,24,45.8333333333333,5.37,464.84,1.15523621030892,52.9483263058257,0.802063885400047
"360","sampling_area=Area_01__season=Summer__sex=M","prey_5",11,24,45.8333333333333,5.23,464.84,1.12511832028225,51.5679230129363,0.781153467531145
"361","sampling_area=Area_01__season=Winter__sex=F","prey_34",17,21,80.9523809523809,11.72,420.77,2.7853696793973,225.482307379781,3.33650393869568
"362","sampling_area=Area_01__season=Winter__sex=F","prey_19",18,21,85.7142857142857,10.84,420.77,2.57622929391354,220.819653764018,3.26750977975457
"363","sampling_area=Area_01__season=Winter__sex=F","prey_36",18,21,85.7142857142857,10.35,420.77,2.45977612472372,210.837953547747,3.11980869192433
"364","sampling_area=Area_01__season=Winter__sex=F","prey_58",17,21,80.9523809523809,9.78,420.77,2.3243101932172,188.158444212821,2.78421574406516
"365","sampling_area=Area_01__season=Winter__sex=F","prey_21",17,21,80.9523809523809,9.49,420.77,2.25538892981914,182.579103842502,2.70165719950699
"366","sampling_area=Area_01__season=Winter__sex=F","prey_32",16,21,76.1904761904762,10.06,420.77,2.39085486132567,182.160370386717,2.69546112212636
"367","sampling_area=Area_01__season=Winter__sex=F","prey_37",17,21,80.9523809523809,8.46,420.77,2.01059961499156,162.762825975508,2.40843202400729
"368","sampling_area=Area_01__season=Winter__sex=F","prey_43",17,21,80.9523809523809,8.19,420.77,1.94643154217268,157.568267699693,2.33156717217727
"369","sampling_area=Area_01__season=Winter__sex=F","prey_15",14,21,66.6666666666667,9.86,420.77,2.3433229555339,156.221530368927,2.31163924762874
"370","sampling_area=Area_01__season=Winter__sex=F","prey_9",16,21,76.1904761904762,8.33,420.77,1.97970387622692,150.83458104586,2.23192754943465
"371","sampling_area=Area_01__season=Winter__sex=F","prey_26",15,21,71.4285714285714,8.74,420.77,2.07714428310003,148.367448792859,2.19542093135416
"372","sampling_area=Area_01__season=Winter__sex=F","prey_12",15,21,71.4285714285714,8.49,420.77,2.01772940086033,144.123528632881,2.13262284979369
"373","sampling_area=Area_01__season=Winter__sex=F","prey_50",15,21,71.4285714285714,8.4,420.77,1.99634004325403,142.595717375288,2.11001554043192
"374","sampling_area=Area_01__season=Winter__sex=F","prey_39",15,21,71.4285714285714,8.31,420.77,1.97495068564774,141.067906117696,2.08740823107015
"375","sampling_area=Area_01__season=Winter__sex=F","prey_17",15,21,71.4285714285714,8.28,420.77,1.96782089977898,140.558635698498,2.07987246128289
"376","sampling_area=Area_01__season=Winter__sex=F","prey_13",14,21,66.6666666666667,8.5,420.77,2.02010599614992,134.673733076661,1.99279245485237
"377","sampling_area=Area_01__season=Winter__sex=F","prey_59",15,21,71.4285714285714,7.78,420.77,1.84899113529957,132.070795378541,1.95427629816194
"378","sampling_area=Area_01__season=Winter__sex=F","prey_55",16,21,76.1904761904762,7.28,420.77,1.73016137082016,131.821818729155,1.95059214404373
"379","sampling_area=Area_01__season=Winter__sex=F","prey_54",16,21,76.1904761904762,7.2,420.77,1.71114860850346,130.373227314549,1.92915706553775
"380","sampling_area=Area_01__season=Winter__sex=F","prey_6",15,21,71.4285714285714,7.25,420.77,1.7230315849514,123.073684639386,1.82114436525374
"381","sampling_area=Area_01__season=Winter__sex=F","prey_4",16,21,76.1904761904762,6.69,420.77,1.58994224873446,121.138457046435,1.79250844006216
"382","sampling_area=Area_01__season=Winter__sex=F","prey_60",15,21,71.4285714285714,7.11,420.77,1.68975925089716,120.697089349797,1.78597743957987
"383","sampling_area=Area_01__season=Winter__sex=F","prey_10",14,21,66.6666666666667,7.57,420.77,1.79908263421822,119.938842281215,1.7747575156744
"384","sampling_area=Area_01__season=Winter__sex=F","prey_40",14,21,66.6666666666667,7.52,420.77,1.78719965777028,119.146643851352,1.76303520711645
"385","sampling_area=Area_01__season=Winter__sex=F","prey_14",16,21,76.1904761904762,6.53,420.77,1.55191672410105,118.241274217223,1.74963828305021
"386","sampling_area=Area_01__season=Winter__sex=F","prey_20",14,21,66.6666666666667,7.37,420.77,1.75155072842646,116.770048561764,1.72786828144258
"387","sampling_area=Area_01__season=Winter__sex=F","prey_42",14,21,66.6666666666667,7.37,420.77,1.75155072842646,116.770048561764,1.72786828144258
"388","sampling_area=Area_01__season=Winter__sex=F","prey_8",13,21,61.9047619047619,7.85,420.77,1.86562730232669,115.491213953557,1.70894512619902
"389","sampling_area=Area_01__season=Winter__sex=F","prey_48",13,21,61.9047619047619,7.81,420.77,1.85612092116833,114.902723691373,1.70023712555597
"390","sampling_area=Area_01__season=Winter__sex=F","prey_45",14,21,66.6666666666667,7.12,420.77,1.69213584618675,112.80905641245,1.66925673865281
"391","sampling_area=Area_01__season=Winter__sex=F","prey_38",13,21,61.9047619047619,7.06,420.77,1.67787627444922,103.868531275428,1.53696211349874
"392","sampling_area=Area_01__season=Winter__sex=F","prey_51",13,21,61.9047619047619,6.99,420.77,1.66124010742211,102.838673316607,1.5217231123734
"393","sampling_area=Area_01__season=Winter__sex=F","prey_47",15,21,71.4285714285714,5.95,420.77,1.41407419730494,101.005299807496,1.49459434113927
"394","sampling_area=Area_01__season=Winter__sex=F","prey_3",14,21,66.6666666666667,6.25,420.77,1.48537205599259,99.024803732839,1.46528856974439
"395","sampling_area=Area_01__season=Winter__sex=F","prey_53",13,21,61.9047619047619,6.73,420.77,1.59944862989282,99.0134866124124,1.46512110819356
"396","sampling_area=Area_01__season=Winter__sex=F","prey_49",13,21,61.9047619047619,6.62,420.77,1.57330608170735,97.3951383914071,1.44117410642516
"397","sampling_area=Area_01__season=Winter__sex=F","prey_52",13,21,61.9047619047619,6.58,420.77,1.56379970054899,96.8066481292234,1.43246610578211
"398","sampling_area=Area_01__season=Winter__sex=F","prey_33",15,21,71.4285714285714,5.7,420.77,1.35465931506524,96.761379647517,1.4317962595788
"399","sampling_area=Area_01__season=Winter__sex=F","prey_27",15,21,71.4285714285714,5.61,420.77,1.33326995745894,95.2335683899246,1.40918895021703
"400","sampling_area=Area_01__season=Winter__sex=F","prey_29",14,21,66.6666666666667,5.82,420.77,1.3831784585403,92.2118972360197,1.36447671614597
"401","sampling_area=Area_01__season=Winter__sex=F","prey_31",12,21,57.1428571428571,6.62,420.77,1.57330608170735,89.9032046689912,1.33031455977707
"402","sampling_area=Area_01__season=Winter__sex=F","prey_1",13,21,61.9047619047619,5.99,420.77,1.42358057846329,88.1264167620134,1.30402309629709
"403","sampling_area=Area_01__season=Winter__sex=F","prey_56",13,21,61.9047619047619,5.85,420.77,1.39030824440906,86.0667008443704,1.27354509404641
"404","sampling_area=Area_01__season=Winter__sex=F","prey_2",12,21,57.1428571428571,6.09,420.77,1.44734653135917,82.7055160776671,1.22380901345051
"405","sampling_area=Area_01__season=Winter__sex=F","prey_5",13,21,61.9047619047619,5.51,420.77,1.30950400456306,81.0645336158087,1.19952708858046
"406","sampling_area=Area_01__season=Winter__sex=F","prey_25",12,21,57.1428571428571,5.86,420.77,1.39268483969865,79.5819908399227,1.177589625422
"407","sampling_area=Area_01__season=Winter__sex=F","prey_46",12,21,57.1428571428571,5.83,420.77,1.38555505382988,79.1745745045648,1.1715610095922
"408","sampling_area=Area_01__season=Winter__sex=F","prey_57",12,21,57.1428571428571,5.67,420.77,1.34752952919647,77.0016873826556,1.13940839183324
"409","sampling_area=Area_01__season=Winter__sex=F","prey_30",12,21,57.1428571428571,5.59,420.77,1.32851676687977,75.915243821701,1.12333208295375
"410","sampling_area=Area_01__season=Winter__sex=F","prey_22",12,21,57.1428571428571,5.36,420.77,1.27385507521924,72.7917185839566,1.07711269492525
"411","sampling_area=Area_01__season=Winter__sex=F","prey_23",11,21,52.3809523809524,5.74,420.77,1.36416569622359,71.4562983736166,1.05735223192755
"412","sampling_area=Area_01__season=Winter__sex=F","prey_41",10,21,47.6190476190476,5.92,420.77,1.40694441143618,66.9973529255322,0.991372380901345
"413","sampling_area=Area_01__season=Winter__sex=F","prey_7",12,21,57.1428571428571,4.92,420.77,1.16928488247736,66.8162789987065,0.988692996088098
"414","sampling_area=Area_01__season=Winter__sex=F","prey_28",10,21,47.6190476190476,5.28,420.77,1.25484231290254,59.7543958525017,0.88419698837147
"415","sampling_area=Area_01__season=Winter__sex=F","prey_16",10,21,47.6190476190476,5.22,420.77,1.24058274116501,59.0753686269051,0.874149295321794
"416","sampling_area=Area_01__season=Winter__sex=F","prey_18",10,21,47.6190476190476,5.22,420.77,1.24058274116501,59.0753686269051,0.874149295321794
"417","sampling_area=Area_01__season=Winter__sex=F","prey_24",11,21,52.3809523809524,4.45,420.77,1.05758490386672,55.3973044882568,0.819724291302717
"418","sampling_area=Area_01__season=Winter__sex=F","prey_11",10,21,47.6190476190476,4.52,420.77,1.07422107089384,51.153384328278,0.756926209742243
"419","sampling_area=Area_01__season=Winter__sex=F","prey_35",11,21,52.3809523809524,3.62,420.77,0.860327494830905,45.0647735387617,0.666831895396817
"420","sampling_area=Area_01__season=Winter__sex=F","prey_44",10,21,47.6190476190476,3.95,420.77,0.938755139387314,44.7026256851102,0.661473125770323
"421","sampling_area=Area_01__season=Winter__sex=M","prey_22",18,19,94.7368421052632,11.17,353.34,3.16126110828098,299.487894468724,4.60045212838982
"422","sampling_area=Area_01__season=Winter__sex=M","prey_46",15,19,78.9473684210526,9.46,353.34,2.67730797532122,211.366419104307,3.24681267789971
"423","sampling_area=Area_01__season=Winter__sex=M","prey_45",16,19,84.2105263157895,8.33,353.34,2.35750268862852,198.526542200296,3.04957853213864
"424","sampling_area=Area_01__season=Winter__sex=M","prey_18",14,19,73.6842105263158,8.3,353.34,2.34901228278712,173.085115573788,2.65877119923852
"425","sampling_area=Area_01__season=Winter__sex=M","prey_6",15,19,78.9473684210526,7.47,353.34,2.11411105450841,166.903504303295,2.56381508498
"426","sampling_area=Area_01__season=Winter__sex=M","prey_8",16,19,84.2105263157895,6.68,353.34,1.89053036735156,159.202557250658,2.44552035950614
"427","sampling_area=Area_01__season=Winter__sex=M","prey_30",14,19,73.6842105263158,7.56,353.34,2.1395822720326,157.653430570823,2.42172412846304
"428","sampling_area=Area_01__season=Winter__sex=M","prey_39",15,19,78.9473684210526,7.05,353.34,1.99524537272882,157.519371531222,2.41966483923815
"429","sampling_area=Area_01__season=Winter__sex=M","prey_9",13,19,68.4210526315789,7.76,353.34,2.19618497764193,150.265287943922,2.30823441118057
"430","sampling_area=Area_01__season=Winter__sex=M","prey_7",13,19,68.4210526315789,7.57,353.34,2.14241240731307,146.586112079315,2.25171836245321
"431","sampling_area=Area_01__season=Winter__sex=M","prey_38",13,19,68.4210526315789,7.55,353.34,2.13675213675214,146.198830409357,2.24576930469243
"432","sampling_area=Area_01__season=Winter__sex=M","prey_54",14,19,73.6842105263158,6.98,353.34,1.97543442576555,145.558326109041,2.23593047839577
"433","sampling_area=Area_01__season=Winter__sex=M","prey_29",14,19,73.6842105263158,6.87,353.34,1.94430293768042,143.264426986978,2.20069375165887
"434","sampling_area=Area_01__season=Winter__sex=M","prey_10",14,19,73.6842105263158,6.78,353.34,1.91883172015622,141.387600432564,2.1718637025105
"435","sampling_area=Area_01__season=Winter__sex=M","prey_55",13,19,68.4210526315789,7.24,353.34,2.04901794305768,140.195964524999,2.15355890940043
"436","sampling_area=Area_01__season=Winter__sex=M","prey_36",14,19,73.6842105263158,6.58,353.34,1.8622290145469,137.216874756087,2.10779692662524
"437","sampling_area=Area_01__season=Winter__sex=M","prey_16",13,19,68.4210526315789,6.84,353.34,1.93581253183902,132.450331125828,2.03457775418493
"438","sampling_area=Area_01__season=Winter__sex=M","prey_35",13,19,68.4210526315789,6.76,353.34,1.91317144959529,130.901204445994,2.01078152314183
"439","sampling_area=Area_01__season=Winter__sex=M","prey_1",12,19,63.1578947368421,7.14,353.34,2.02071659025301,127.62420570019,1.96044334208913
"440","sampling_area=Area_01__season=Winter__sex=M","prey_3",13,19,68.4210526315789,6.44,353.34,1.82260712062037,124.704697726657,1.91559659896944
"441","sampling_area=Area_01__season=Winter__sex=M","prey_50",13,19,68.4210526315789,6.44,353.34,1.82260712062037,124.704697726657,1.91559659896944
"442","sampling_area=Area_01__season=Winter__sex=M","prey_11",12,19,63.1578947368421,6.63,353.34,1.87637969094923,118.50819100732,1.82041167479705
"443","sampling_area=Area_01__season=Winter__sex=M","prey_52",12,19,63.1578947368421,6.6,353.34,1.86788928510783,117.971954848915,1.81217451789751
"444","sampling_area=Area_01__season=Winter__sex=M","prey_51",12,19,63.1578947368421,6.56,353.34,1.85656874398596,117.256973304377,1.80119164203147
"445","sampling_area=Area_01__season=Winter__sex=M","prey_21",12,19,63.1578947368421,6.47,353.34,1.83109752646177,115.648264829164,1.77648017133286
"446","sampling_area=Area_01__season=Winter__sex=M","prey_17",12,19,63.1578947368421,6.26,353.34,1.77166468557197,111.894611720335,1.71882007303612
"447","sampling_area=Area_01__season=Winter__sex=M","prey_42",12,19,63.1578947368421,6.08,353.34,1.72072225052358,108.67719476991,1.66939713163892
"448","sampling_area=Area_01__season=Winter__sex=M","prey_53",12,19,63.1578947368421,5.9,353.34,1.66977981547518,105.459777819485,1.61997419024171
"449","sampling_area=Area_01__season=Winter__sex=M","prey_24",11,19,57.8947368421053,6.35,353.34,1.79713590309617,104.044710179252,1.5982372484235
"450","sampling_area=Area_01__season=Winter__sex=M","prey_20",12,19,63.1578947368421,5.71,353.34,1.61600724514632,102.063615482925,1.567805529878
"451","sampling_area=Area_01__season=Winter__sex=M","prey_25",13,19,68.4210526315789,5.22,353.34,1.47733061640346,101.080515859184,1.55270407556219
"452","sampling_area=Area_01__season=Winter__sex=M","prey_32",11,19,57.8947368421053,6.16,353.34,1.74336333276731,100.931561370739,1.55041597642343
"453","sampling_area=Area_01__season=Winter__sex=M","prey_37",11,19,57.8947368421053,6.08,353.34,1.72072225052358,99.6207618724175,1.53028070400234
"454","sampling_area=Area_01__season=Winter__sex=M","prey_15",13,19,68.4210526315789,5.04,353.34,1.42638818135507,97.5949808295573,1.49916255571521
"455","sampling_area=Area_01__season=Winter__sex=M","prey_4",11,19,57.8947368421053,5.83,353.34,1.64996886851192,95.5245134401635,1.46735797768646
"456","sampling_area=Area_01__season=Winter__sex=M","prey_31",12,19,63.1578947368421,5.34,353.34,1.51129223976906,95.4500361959407,1.46621392811708
"457","sampling_area=Area_01__season=Winter__sex=M","prey_44",12,19,63.1578947368421,5.31,353.34,1.50280183392766,94.9138000375365,1.45797677121754
"458","sampling_area=Area_01__season=Winter__sex=M","prey_40",12,19,63.1578947368421,5.24,353.34,1.4829908869644,93.6625823345935,1.43875673845196
"459","sampling_area=Area_01__season=Winter__sex=M","prey_14",12,19,63.1578947368421,5.22,353.34,1.47733061640346,93.305091562324,1.43326530051894
"460","sampling_area=Area_01__season=Winter__sex=M","prey_2",11,19,57.8947368421053,5.63,353.34,1.59336616290259,92.2475146943603,1.41701979663375
"461","sampling_area=Area_01__season=Winter__sex=M","prey_49",11,19,57.8947368421053,4.98,353.34,1.40940736967227,81.5972687704999,1.25342070821245
"462","sampling_area=Area_01__season=Winter__sex=M","prey_27",12,19,63.1578947368421,4.48,353.34,1.26790060564895,80.0779329883547,1.2300820969971
"463","sampling_area=Area_01__season=Winter__sex=M","prey_19",11,19,57.8947368421053,4.72,353.34,1.33582385238014,77.3371704009557,1.18798107284392
"464","sampling_area=Area_01__season=Winter__sex=M","prey_23",11,19,57.8947368421053,4.53,353.34,1.28205128205128,74.2240215924427,1.14015980084385
"465","sampling_area=Area_01__season=Winter__sex=M","prey_5",11,19,57.8947368421053,4.22,353.34,1.19431708835682,69.1446735364477,1.06213562021215
"466","sampling_area=Area_01__season=Winter__sex=M","prey_56",10,19,52.6315789473684,4.6,353.34,1.30186222901455,68.5190646849762,1.05252560382936
"467","sampling_area=Area_01__season=Winter__sex=M","prey_34",9,19,47.3684210526316,5.02,353.34,1.42072791079414,67.2976378797222,1.03376319089154
"468","sampling_area=Area_01__season=Winter__sex=M","prey_58",9,19,47.3684210526316,4.98,353.34,1.40940736967227,66.7614017213181,1.025526033992
"469","sampling_area=Area_01__season=Winter__sex=M","prey_12",9,19,47.3684210526316,4.97,353.34,1.4065772343918,66.627342681717,1.02346674476712
"470","sampling_area=Area_01__season=Winter__sex=M","prey_43",10,19,52.6315789473684,4.45,353.34,1.25941019980755,66.2847473582922,1.01820411674797
"471","sampling_area=Area_01__season=Winter__sex=M","prey_13",9,19,47.3684210526316,4.71,353.34,1.33299371709968,63.14180765209,0.969925224920145
"472","sampling_area=Area_01__season=Winter__sex=M","prey_41",10,19,52.6315789473684,4.11,353.34,1.16318560027169,61.2202947511417,0.940408746030148
"473","sampling_area=Area_01__season=Winter__sex=M","prey_57",11,19,57.8947368421053,3.67,353.34,1.03865964793117,60.1329269854889,0.923705622317204
"474","sampling_area=Area_01__season=Winter__sex=M","prey_47",10,19,52.6315789473684,3.96,353.34,1.1207335710647,58.9859774244577,0.906087258948756
"475","sampling_area=Area_01__season=Winter__sex=M","prey_26",8,19,42.1052631578947,4.64,353.34,1.31318277013641,55.2919061110068,0.84934240030752
"476","sampling_area=Area_01__season=Winter__sex=M","prey_28",10,19,52.6315789473684,3.53,353.34,0.999037754004641,52.5809344212969,0.807698995982098
"477","sampling_area=Area_01__season=Winter__sex=M","prey_33",9,19,47.3684210526316,3.65,353.34,1.03299937737024,48.9315494543797,0.75164056708249
"478","sampling_area=Area_01__season=Winter__sex=M","prey_59",10,19,52.6315789473684,2.66,353.34,0.752815984604064,39.6218939265297,0.608634370910023
"479","sampling_area=Area_01__season=Winter__sex=M","prey_60",7,19,36.8421052631579,3.49,353.34,0.987717212882776,36.3895815272602,0.558982619598942
"480","sampling_area=Area_01__season=Winter__sex=M","prey_48",7,19,36.8421052631579,3.37,353.34,0.953755589517179,35.1383638243171,0.539762586833362
"481","sampling_area=Area_02__season=Autumn__sex=F","prey_6",16,17,94.1176470588235,8.18,338.51,2.41647218693687,227.432676417588,3.34605659764743
"482","sampling_area=Area_02__season=Autumn__sex=F","prey_45",14,17,82.3529411764706,7.77,338.51,2.29535316534223,189.029084204655,2.78105162509236
"483","sampling_area=Area_02__season=Autumn__sex=F","prey_41",15,17,88.2352941176471,7.23,338.51,2.13583055153467,188.455636900118,2.77261489925782
"484","sampling_area=Area_02__season=Autumn__sex=F","prey_28",13,17,76.4705882352941,7.93,338.51,2.34261912498892,179.141462499153,2.63558201903632
"485","sampling_area=Area_02__season=Autumn__sex=F","prey_15",14,17,82.3529411764706,6.78,338.51,2.00289504002836,164.9442974141,2.42670914004198
"486","sampling_area=Area_02__season=Autumn__sex=F","prey_56",13,17,76.4705882352941,6.97,338.51,2.0590233671088,157.454728073026,2.31652038747581
"487","sampling_area=Area_02__season=Autumn__sex=F","prey_53",12,17,70.5882352941177,7.5,338.51,2.21559185843845,156.394719419185,2.30092522759985
"488","sampling_area=Area_02__season=Autumn__sex=F","prey_3",12,17,70.5882352941177,7.48,338.51,2.20968361348261,155.977666834067,2.29478942699292
"489","sampling_area=Area_02__season=Autumn__sex=F","prey_21",12,17,70.5882352941177,7.37,338.51,2.17718826622552,153.683877615919,2.26104252365479
"490","sampling_area=Area_02__season=Autumn__sex=F","prey_39",13,17,76.4705882352941,6.51,338.51,1.92313373312458,147.063167827173,2.16363668901973
"491","sampling_area=Area_02__season=Autumn__sex=F","prey_34",13,17,76.4705882352941,6.48,338.51,1.91427136569082,146.385457376357,2.15366601303346
"492","sampling_area=Area_02__season=Autumn__sex=F","prey_31",13,17,76.4705882352941,6.35,338.51,1.87586777347789,143.448712089486,2.11045975042631
"493","sampling_area=Area_02__season=Autumn__sex=F","prey_5",12,17,70.5882352941177,6.86,338.51,2.0265280198517,143.049036695414,2.104579608178
"494","sampling_area=Area_02__season=Autumn__sex=F","prey_60",13,17,76.4705882352941,6.29,338.51,1.85814303861038,142.093291187853,2.09051839845378
"495","sampling_area=Area_02__season=Autumn__sex=F","prey_22",13,17,76.4705882352941,6.28,338.51,1.85518891613246,141.867387704247,2.08719483979169
"496","sampling_area=Area_02__season=Autumn__sex=F","prey_29",13,17,76.4705882352941,6.16,338.51,1.81973944639745,139.156545900981,2.04731213584663
"497","sampling_area=Area_02__season=Autumn__sex=F","prey_2",14,17,82.3529411764706,5.57,338.51,1.64544622020029,135.5073357812,1.99362388053596
"498","sampling_area=Area_02__season=Autumn__sex=F","prey_46",12,17,70.5882352941177,6.44,338.51,1.90245487577915,134.29093240794,1.97572779543241
"499","sampling_area=Area_02__season=Autumn__sex=F","prey_1",12,17,70.5882352941177,6.4,338.51,1.89063838586748,133.456827237704,1.96345619421854
"500","sampling_area=Area_02__season=Autumn__sex=F","prey_13",11,17,64.7058823529412,6.96,338.51,2.05606924463088,133.039774652587,1.95732039361161
"501","sampling_area=Area_02__season=Autumn__sex=F","prey_48",12,17,70.5882352941177,6.37,338.51,1.88177601843372,132.831248360028,1.95425249330814
"502","sampling_area=Area_02__season=Autumn__sex=F","prey_44",11,17,64.7058823529412,6.89,338.51,2.03539038728546,131.701730942,1.9376346999977
"503","sampling_area=Area_02__season=Autumn__sex=F","prey_35",12,17,70.5882352941177,6.26,338.51,1.84928067117663,130.53745914188,1.92050558997001
"504","sampling_area=Area_02__season=Autumn__sex=F","prey_12",11,17,64.7058823529412,6.8,338.51,2.0088032849842,129.981389028389,1.9123245224941
"505","sampling_area=Area_02__season=Autumn__sex=F","prey_36",11,17,64.7058823529412,6.64,338.51,1.96153732533751,126.923003404192,1.86732865137659
"506","sampling_area=Area_02__season=Autumn__sex=F","prey_7",12,17,70.5882352941177,6.03,338.51,1.78133585418451,125.741354413025,1.84994388299028
"507","sampling_area=Area_02__season=Autumn__sex=F","prey_30",12,17,70.5882352941177,6.01,338.51,1.77542760922868,125.324301827907,1.84380808238335
"508","sampling_area=Area_02__season=Autumn__sex=F","prey_11",12,17,70.5882352941177,5.98,338.51,1.76656524179492,124.69872295023,1.83460438147295
"509","sampling_area=Area_02__season=Autumn__sex=F","prey_14",12,17,70.5882352941177,5.75,338.51,1.69862042480281,119.902618221375,1.76404267449322
"510","sampling_area=Area_02__season=Autumn__sex=F","prey_33",12,17,70.5882352941177,5.44,338.51,1.60704262798736,113.438303152049,1.66893776508576
"511","sampling_area=Area_02__season=Autumn__sex=F","prey_25",11,17,64.7058823529412,5.67,338.51,1.67498744497947,108.381540557495,1.5945411827267
"512","sampling_area=Area_02__season=Autumn__sex=F","prey_26",12,17,70.5882352941177,5.18,338.51,1.53023544356149,108.016619545517,1.58917235719563
"513","sampling_area=Area_02__season=Autumn__sex=F","prey_57",11,17,64.7058823529412,5.32,338.51,1.57159315825234,101.691322004563,1.49611271465715
"514","sampling_area=Area_02__season=Autumn__sex=F","prey_40",12,17,70.5882352941177,4.85,338.51,1.4327494017902,101.135251891073,1.48793164718124
"515","sampling_area=Area_02__season=Autumn__sex=F","prey_23",11,17,64.7058823529412,5.25,338.51,1.55091430090692,100.353278293977,1.47642702104324
"516","sampling_area=Area_02__season=Autumn__sex=F","prey_51",13,17,76.4705882352941,4.38,338.51,1.29390564532806,98.9457258192042,1.45571869399484
"517","sampling_area=Area_02__season=Autumn__sex=F","prey_27",11,17,64.7058823529412,5.11,338.51,1.50955658621606,97.6771908728042,1.43705563381542
"518","sampling_area=Area_02__season=Autumn__sex=F","prey_42",10,17,58.8235294117647,5.61,338.51,1.65726271011196,97.4860417712919,1.43424339187058
"519","sampling_area=Area_02__season=Autumn__sex=F","prey_32",10,17,58.8235294117647,5.34,338.51,1.57750140320818,92.7942001887163,1.36521563504258
"520","sampling_area=Area_02__season=Autumn__sex=F","prey_55",10,17,58.8235294117647,5.3,338.51,1.56568491329651,92.0991125468532,1.35498930069769
"521","sampling_area=Area_02__season=Autumn__sex=F","prey_43",10,17,58.8235294117647,5.16,338.51,1.52432719860565,89.6663058003326,1.31919713049058
"522","sampling_area=Area_02__season=Autumn__sex=F","prey_49",11,17,64.7058823529412,4.69,338.51,1.38548344214351,89.648928609286,1.31894147213196
"523","sampling_area=Area_02__season=Autumn__sex=F","prey_52",10,17,58.8235294117647,5.02,338.51,1.4829694839148,87.2334990538119,1.28340496028347
"524","sampling_area=Area_02__season=Autumn__sex=F","prey_37",11,17,64.7058823529412,4.42,338.51,1.30572213523973,84.4879028684529,1.24301093962117
"525","sampling_area=Area_02__season=Autumn__sex=F","prey_10",8,17,47.0588235294118,5.82,338.51,1.71929928214824,80.9082015128583,1.19034531774499
"526","sampling_area=Area_02__season=Autumn__sex=F","prey_54",10,17,58.8235294117647,4.54,338.51,1.34117160497474,78.8924473514554,1.16068894814482
"527","sampling_area=Area_02__season=Autumn__sex=F","prey_38",11,17,64.7058823529412,3.99,338.51,1.17869486868926,76.2684915034224,1.12208453599286
"528","sampling_area=Area_02__season=Autumn__sex=F","prey_59",10,17,58.8235294117647,4.29,338.51,1.26731854302679,74.5481495898114,1.09677435848926
"529","sampling_area=Area_02__season=Autumn__sex=F","prey_8",10,17,58.8235294117647,4.25,338.51,1.25550205311512,73.8530619479484,1.08654802414438
"530","sampling_area=Area_02__season=Autumn__sex=F","prey_9",9,17,52.9411764705882,4.68,338.51,1.38252931966559,73.1927286881785,1.07683300651673
"531","sampling_area=Area_02__season=Autumn__sex=F","prey_19",10,17,58.8235294117647,3.99,338.51,1.17869486868926,69.3349922758386,1.0200768509026
"532","sampling_area=Area_02__season=Autumn__sex=F","prey_20",10,17,58.8235294117647,3.93,338.51,1.16097013382175,68.292360813044,1.00473734938527
"533","sampling_area=Area_02__season=Autumn__sex=F","prey_18",9,17,52.9411764705882,4.24,338.51,1.2525479306372,66.3113610337343,0.975592296502338
"534","sampling_area=Area_02__season=Autumn__sex=F","prey_47",9,17,52.9411764705882,4.14,338.51,1.22300670585802,64.7474138395425,0.952583044226339
"535","sampling_area=Area_02__season=Autumn__sex=F","prey_17",9,17,52.9411764705882,3.99,338.51,1.17869486868926,62.4014930482547,0.918069165812342
"536","sampling_area=Area_02__season=Autumn__sex=F","prey_50",9,17,52.9411764705882,3.96,338.51,1.1698325012555,61.9323088899972,0.911166390129542
"537","sampling_area=Area_02__season=Autumn__sex=F","prey_16",8,17,47.0588235294118,4.39,338.51,1.29685976780597,61.0286949555752,0.897872155481187
"538","sampling_area=Area_02__season=Autumn__sex=F","prey_4",8,17,47.0588235294118,4.39,338.51,1.29685976780597,61.0286949555752,0.897872155481187
"539","sampling_area=Area_02__season=Autumn__sex=F","prey_58",8,17,47.0588235294118,3.83,338.51,1.13142890904257,53.2437133667091,0.783337210818439
"540","sampling_area=Area_02__season=Autumn__sex=F","prey_24",9,17,52.9411764705882,3.1,338.51,0.91577796815456,48.4823630199473,0.713286820555955
"541","sampling_area=Area_02__season=Autumn__sex=M","prey_37",18,21,85.7142857142857,9.91,415.83,2.3831854363562,204.27303740196,3.06927813978138
"542","sampling_area=Area_02__season=Autumn__sex=M","prey_49",19,21,90.4761904761905,9.25,415.83,2.22446672919222,201.261275498344,3.02402530029475
"543","sampling_area=Area_02__season=Autumn__sex=M","prey_54",17,21,80.9523809523809,9.74,415.83,2.342303345117,189.615032699947,2.84903618334455
"544","sampling_area=Area_02__season=Autumn__sex=M","prey_56",18,21,85.7142857142857,9.07,415.83,2.18117980905659,186.958269347707,2.80911732874037
"545","sampling_area=Area_02__season=Autumn__sex=M","prey_24",18,21,85.7142857142857,8.46,415.83,2.03448524637472,174.384449689262,2.6201910254844
"546","sampling_area=Area_02__season=Autumn__sex=M","prey_11",14,21,66.6666666666667,9.9,415.83,2.38078060745978,158.718707163985,2.38480743454254
"547","sampling_area=Area_02__season=Autumn__sex=M","prey_36",15,21,71.4285714285714,8.99,415.83,2.16194117788519,154.424369848942,2.32028342386769
"548","sampling_area=Area_02__season=Autumn__sex=M","prey_34",17,21,80.9523809523809,7.81,415.83,1.87817136810716,152.042444084865,2.2844941059467
"549","sampling_area=Area_02__season=Autumn__sex=M","prey_3",17,21,80.9523809523809,7.75,415.83,1.86374239472862,150.874384335174,2.26694357504315
"550","sampling_area=Area_02__season=Autumn__sex=M","prey_4",16,21,76.1904761904762,8.07,415.83,1.94069691941418,147.862622431557,2.22169073555652
"551","sampling_area=Area_02__season=Autumn__sex=M","prey_40",16,21,76.1904761904762,8.04,415.83,1.93348243272491,147.312947255231,2.21343166219013
"552","sampling_area=Area_02__season=Autumn__sex=M","prey_8",17,21,80.9523809523809,7.32,415.83,1.76033475218238,142.503289462383,2.1411647702343
"553","sampling_area=Area_02__season=Autumn__sex=M","prey_52",15,21,71.4285714285714,7.98,415.83,1.91905345934637,137.075247096169,2.05960642074129
"554","sampling_area=Area_02__season=Autumn__sex=M","prey_31",16,21,76.1904761904762,7.35,415.83,1.76754923887165,134.670418199745,2.02347297476337
"555","sampling_area=Area_02__season=Autumn__sex=M","prey_14",15,21,71.4285714285714,7.77,415.83,1.86855205252146,133.468003751533,2.00540625177441
"556","sampling_area=Area_02__season=Autumn__sex=M","prey_42",15,21,71.4285714285714,7.52,415.83,1.80843133011086,129.17366643649,1.94088224109956
"557","sampling_area=Area_02__season=Autumn__sex=M","prey_60",14,21,66.6666666666667,7.9,415.83,1.89981482817498,126.654321878332,1.90302815483698
"558","sampling_area=Area_02__season=Autumn__sex=M","prey_57",15,21,71.4285714285714,7.33,415.83,1.76273958107881,125.909970077058,1.89184399298667
"559","sampling_area=Area_02__season=Autumn__sex=M","prey_19",15,21,71.4285714285714,7.3,415.83,1.75552509438953,125.394649599252,1.88410111170569
"560","sampling_area=Area_02__season=Autumn__sex=M","prey_25",15,21,71.4285714285714,7.06,415.83,1.69780920087536,121.272085776811,1.82215806145783
"561","sampling_area=Area_02__season=Autumn__sex=M","prey_29",14,21,66.6666666666667,7.54,415.83,1.81324098790371,120.882732526914,1.81630788448998
"562","sampling_area=Area_02__season=Autumn__sex=M","prey_26",16,21,76.1904761904762,6.59,415.83,1.58478224274343,120.745313732833,1.81424311614838
"563","sampling_area=Area_02__season=Autumn__sex=M","prey_23",14,21,66.6666666666667,7.3,415.83,1.75552509438953,117.035006292636,1.75849437092531
"564","sampling_area=Area_02__season=Autumn__sex=M","prey_35",13,21,61.9047619047619,7.68,415.83,1.84690859245365,114.332436675702,1.71788726020727
"565","sampling_area=Area_02__season=Autumn__sex=M","prey_48",15,21,71.4285714285714,6.53,415.83,1.57035326936488,112.16809066892,1.68536715882714
"566","sampling_area=Area_02__season=Autumn__sex=M","prey_18",14,21,66.6666666666667,6.98,415.83,1.67857056970397,111.904704646931,1.68140968617242
"567","sampling_area=Area_02__season=Autumn__sex=M","prey_33",13,21,61.9047619047619,7.47,415.83,1.79640718562874,111.206159110351,1.67091378043598
"568","sampling_area=Area_02__season=Autumn__sex=M","prey_55",12,21,57.1428571428571,8.05,415.83,1.93588726162134,110.622129235505,1.6621385149842
"569","sampling_area=Area_02__season=Autumn__sex=M","prey_51",14,21,66.6666666666667,6.78,415.83,1.63047399177549,108.698266118366,1.63323175820186
"570","sampling_area=Area_02__season=Autumn__sex=M","prey_44",14,21,66.6666666666667,6.72,415.83,1.61604501839694,107.736334559796,1.61877837981069
"571","sampling_area=Area_02__season=Autumn__sex=M","prey_32",13,21,61.9047619047619,7.13,415.83,1.71464300315033,106.144566861687,1.59486147985388
"572","sampling_area=Area_02__season=Autumn__sex=M","prey_9",13,21,61.9047619047619,7.05,415.83,1.69540437197893,104.953603979648,1.57696682089339
"573","sampling_area=Area_02__season=Autumn__sex=M","prey_7",12,21,57.1428571428571,7.47,415.83,1.79640718562874,102.651839178785,1.54238195117167
"574","sampling_area=Area_02__season=Autumn__sex=M","prey_59",13,21,61.9047619047619,6.84,415.83,1.64490296515403,101.827326414297,1.5299933411221
"575","sampling_area=Area_02__season=Autumn__sex=M","prey_27",13,21,61.9047619047619,6.82,415.83,1.64009330736118,101.529585693787,1.52551967638198
"576","sampling_area=Area_02__season=Autumn__sex=M","prey_2",13,21,61.9047619047619,6.5,415.83,1.56313878267561,96.7657341656331,1.45394104054001
"577","sampling_area=Area_02__season=Autumn__sex=M","prey_28",12,21,57.1428571428571,6.94,415.83,1.66895125411827,95.3686430924725,1.43294922906712
"578","sampling_area=Area_02__season=Autumn__sex=M","prey_6",13,21,61.9047619047619,6.38,415.83,1.53428083591852,94.9792898425753,1.42709905209927
"579","sampling_area=Area_02__season=Autumn__sex=M","prey_10",12,21,57.1428571428571,6.79,415.83,1.63287882067191,93.307361181252,1.40197770394319
"580","sampling_area=Area_02__season=Autumn__sex=M","prey_22",13,21,61.9047619047619,6.2,415.83,1.49099391578289,92.2996233579886,1.38683606943816
"581","sampling_area=Area_02__season=Autumn__sex=M","prey_46",12,21,57.1428571428571,6.51,415.83,1.56554361157204,89.4596349469735,1.34416419037852
"582","sampling_area=Area_02__season=Autumn__sex=M","prey_30",12,21,57.1428571428571,6.49,415.83,1.56073395377919,89.1847973588108,1.34003465369533
"583","sampling_area=Area_02__season=Autumn__sex=M","prey_12",13,21,61.9047619047619,5.99,415.83,1.44049250895799,89.1733457926373,1.33986258966687
"584","sampling_area=Area_02__season=Autumn__sex=M","prey_15",14,21,66.6666666666667,5.51,415.83,1.32506072192963,88.3373814619756,1.32730191558883
"585","sampling_area=Area_02__season=Autumn__sex=M","prey_47",12,21,57.1428571428571,6.3,415.83,1.51504220474713,86.5738402712647,1.30080405520502
"586","sampling_area=Area_02__season=Autumn__sex=M","prey_50",11,21,52.3809523809524,6.69,415.83,1.60883053170767,84.2720754704017,1.2662191854833
"587","sampling_area=Area_02__season=Autumn__sex=M","prey_5",13,21,61.9047619047619,5.66,415.83,1.361133155376,84.2606239042283,1.26604712145484
"588","sampling_area=Area_02__season=Autumn__sex=M","prey_39",12,21,57.1428571428571,6.03,415.83,1.45011182454368,82.8635328310676,1.24505530998195
"589","sampling_area=Area_02__season=Autumn__sex=M","prey_45",12,21,57.1428571428571,6,415.83,1.44289733785441,82.4512764488235,1.23886100495716
"590","sampling_area=Area_02__season=Autumn__sex=M","prey_13",13,21,61.9047619047619,5.15,415.83,1.23848688165837,76.6682355312324,1.1519686705817
"591","sampling_area=Area_02__season=Autumn__sex=M","prey_17",11,21,52.3809523809524,6,415.83,1.44289733785441,75.5803367447549,1.1356225878774
"592","sampling_area=Area_02__season=Autumn__sex=M","prey_20",12,21,57.1428571428571,5.46,415.83,1.31303657744751,75.0306615684294,1.12736351451102
"593","sampling_area=Area_02__season=Autumn__sex=M","prey_16",11,21,52.3809523809524,5.57,415.83,1.33948969530818,70.1637459447142,1.05423630241285
"594","sampling_area=Area_02__season=Autumn__sex=M","prey_41",12,21,57.1428571428571,4.84,415.83,1.16393718586923,66.5106963353843,0.999347877332113
"595","sampling_area=Area_02__season=Autumn__sex=M","prey_53",10,21,47.6190476190476,5.63,415.83,1.35391866868672,64.4723175565106,0.968720480265116
"596","sampling_area=Area_02__season=Autumn__sex=M","prey_1",12,21,57.1428571428571,4.42,415.83,1.06293437221942,60.7391069839667,0.912627606985111
"597","sampling_area=Area_02__season=Autumn__sex=M","prey_58",11,21,52.3809523809524,4.78,415.83,1.14950821249068,60.2123349399881,0.904712661675663
"598","sampling_area=Area_02__season=Autumn__sex=M","prey_43",10,21,47.6190476190476,4.85,415.83,1.16634201476565,55.5400959412214,0.834510538061424
"599","sampling_area=Area_02__season=Autumn__sex=M","prey_38",9,21,42.8571428571429,5.09,415.83,1.22405790827983,52.459624640564,0.788225314403996
"600","sampling_area=Area_02__season=Autumn__sex=M","prey_21",10,21,47.6190476190476,4.58,415.83,1.1014116345622,52.4481730743905,0.78805325037553
"601","sampling_area=Area_02__season=Spring__sex=F","prey_24",8,8,100,4.79,146.32,3.27364680153089,327.364680153089,4.93973573960683
"602","sampling_area=Area_02__season=Spring__sex=F","prey_29",7,8,87.5,4.38,146.32,2.99343903772553,261.925915800984,3.95230422172092
"603","sampling_area=Area_02__season=Spring__sex=F","prey_6",7,8,87.5,4.04,146.32,2.76107162383816,241.593767085839,3.64550435062842
"604","sampling_area=Area_02__season=Spring__sex=F","prey_49",7,8,87.5,3.7,146.32,2.52870420995079,221.261618370694,3.33870447953593
"605","sampling_area=Area_02__season=Spring__sex=F","prey_33",6,8,75,4.09,146.32,2.79524330235101,209.643247676326,3.16339026748308
"606","sampling_area=Area_02__season=Spring__sex=F","prey_46",6,8,75,3.82,146.32,2.61071623838163,195.803717878622,2.95456010312601
"607","sampling_area=Area_02__season=Spring__sex=F","prey_36",6,8,75,3.79,146.32,2.59021323127392,194.265992345544,2.93135675153078
"608","sampling_area=Area_02__season=Spring__sex=F","prey_35",6,8,75,3.7,146.32,2.52870420995079,189.652815746309,2.86174669674509
"609","sampling_area=Area_02__season=Spring__sex=F","prey_23",6,8,75,3.63,146.32,2.4808638600328,186.06478950246,2.80760554302288
"610","sampling_area=Area_02__season=Spring__sex=F","prey_41",6,8,75,3.57,146.32,2.43985784581739,182.989338436304,2.76119883983242
"611","sampling_area=Area_02__season=Spring__sex=F","prey_47",7,8,87.5,2.9,146.32,1.98195735374522,173.421268452706,2.61682242990654
"612","sampling_area=Area_02__season=Spring__sex=F","prey_12",6,8,75,3.37,146.32,2.30317113176599,172.737834882449,2.60650982919755
"613","sampling_area=Area_02__season=Spring__sex=F","prey_59",6,8,75,3.24,146.32,2.21432476763259,166.074357572444,2.50596197228489
"614","sampling_area=Area_02__season=Spring__sex=F","prey_13",5,8,62.5,3.8,146.32,2.59704756697649,162.315472936031,2.44924266838543
"615","sampling_area=Area_02__season=Spring__sex=F","prey_22",7,8,87.5,2.51,146.32,1.715418261345,150.099097867687,2.26490493071221
"616","sampling_area=Area_02__season=Spring__sex=F","prey_43",6,8,75,2.91,146.32,1.98879168944779,149.159376708584,2.25072510473735
"617","sampling_area=Area_02__season=Spring__sex=F","prey_39",6,8,75,2.7,146.32,1.84527063969382,138.395297977037,2.08830164357074
"618","sampling_area=Area_02__season=Spring__sex=F","prey_54",5,8,62.5,3.19,146.32,2.18015308911974,136.259568069984,2.05607476635514
"619","sampling_area=Area_02__season=Spring__sex=F","prey_48",6,8,75,2.57,146.32,1.75642427556042,131.731820667031,1.98775378665807
"620","sampling_area=Area_02__season=Spring__sex=F","prey_17",6,8,75,2.32,146.32,1.58556588299617,118.917441224713,1.79439252336449
"621","sampling_area=Area_02__season=Spring__sex=F","prey_5",6,8,75,2.3,146.32,1.57189721159103,117.892290869328,1.778923622301
"622","sampling_area=Area_02__season=Spring__sex=F","prey_15",6,8,75,2.26,146.32,1.54455986878075,115.841990158557,1.74798582017403
"623","sampling_area=Area_02__season=Spring__sex=F","prey_58",6,8,75,2.15,146.32,1.46938217605249,110.203663203937,1.66290686432485
"624","sampling_area=Area_02__season=Spring__sex=F","prey_16",6,8,75,2.14,146.32,1.46254784034992,109.691088026244,1.6551724137931
"625","sampling_area=Area_02__season=Spring__sex=F","prey_42",5,8,62.5,2.54,146.32,1.73592126845271,108.495079278294,1.63712536255237
"626","sampling_area=Area_02__season=Spring__sex=F","prey_9",5,8,62.5,2.48,146.32,1.69491525423729,105.932203389831,1.59845310989365
"627","sampling_area=Area_02__season=Spring__sex=F","prey_4",4,8,50,3.01,146.32,2.05713504647348,102.856752323674,1.55204640670319
"628","sampling_area=Area_02__season=Spring__sex=F","prey_7",4,8,50,2.99,146.32,2.04346637506834,102.173318753417,1.5417338059942
"629","sampling_area=Area_02__season=Spring__sex=F","prey_2",5,8,62.5,2.35,146.32,1.60606889010388,100.379305631493,1.5146632291331
"630","sampling_area=Area_02__season=Spring__sex=F","prey_50",6,8,75,1.93,146.32,1.31902679059595,98.9270092946966,1.49274895262649
"631","sampling_area=Area_02__season=Spring__sex=F","prey_56",4,8,50,2.83,146.32,1.93411700382723,96.7058501913614,1.45923300032227
"632","sampling_area=Area_02__season=Spring__sex=F","prey_1",5,8,62.5,2.2,146.32,1.50355385456534,93.9721159103335,1.4179825974863
"633","sampling_area=Area_02__season=Spring__sex=F","prey_21",4,8,50,2.73,146.32,1.86577364680153,93.2886823400765,1.40766999677731
"634","sampling_area=Area_02__season=Spring__sex=F","prey_38",5,8,62.5,2.14,146.32,1.46254784034992,91.4092400218699,1.37931034482759
"635","sampling_area=Area_02__season=Spring__sex=F","prey_28",4,8,50,2.63,146.32,1.79743028977583,89.8715144887917,1.35610699323236
"636","sampling_area=Area_02__season=Spring__sex=F","prey_40",5,8,62.5,2.1,146.32,1.43521049753964,89.7006560962275,1.35352884305511
"637","sampling_area=Area_02__season=Spring__sex=F","prey_57",5,8,62.5,2.04,146.32,1.39420448332422,87.1377802077638,1.31485659039639
"638","sampling_area=Area_02__season=Spring__sex=F","prey_30",6,8,75,1.7,146.32,1.16183706943685,87.1377802077638,1.31485659039639
"639","sampling_area=Area_02__season=Spring__sex=F","prey_18",5,8,62.5,1.92,146.32,1.31219245489338,82.0120284308365,1.23751208507896
"640","sampling_area=Area_02__season=Spring__sex=F","prey_25",4,8,50,2.36,146.32,1.61290322580645,80.6451612903226,1.21688688366097
"641","sampling_area=Area_02__season=Spring__sex=F","prey_55",5,8,62.5,1.86,146.32,1.27118644067797,79.4491525423729,1.19883983242024
"642","sampling_area=Area_02__season=Spring__sex=F","prey_45",4,8,50,2.22,146.32,1.51722252597048,75.8611262985238,1.14469867869803
"643","sampling_area=Area_02__season=Spring__sex=F","prey_8",4,8,50,2.22,146.32,1.51722252597048,75.8611262985238,1.14469867869803
"644","sampling_area=Area_02__season=Spring__sex=F","prey_53",4,8,50,2.04,146.32,1.39420448332422,69.710224166211,1.05188527231711
"645","sampling_area=Area_02__season=Spring__sex=F","prey_19",4,8,50,1.92,146.32,1.31219245489338,65.6096227446692,0.990009668063164
"646","sampling_area=Area_02__season=Spring__sex=F","prey_27",5,8,62.5,1.46,146.32,0.997813012575178,62.3633132859486,0.941024814695456
"647","sampling_area=Area_02__season=Spring__sex=F","prey_31",3,8,37.5,1.94,146.32,1.32586112629852,49.7197922361946,0.750241701579117
"648","sampling_area=Area_02__season=Spring__sex=F","prey_37",4,8,50,1.43,146.32,0.977310005467469,48.8655002733734,0.737350950692878
"649","sampling_area=Area_02__season=Spring__sex=F","prey_32",3,8,37.5,1.84,146.32,1.25751776927283,47.156916347731,0.7115694489204
"650","sampling_area=Area_02__season=Spring__sex=F","prey_10",4,8,50,1.34,146.32,0.915800984144341,45.7900492072171,0.690944247502417
"651","sampling_area=Area_02__season=Spring__sex=F","prey_44",4,8,50,1.33,146.32,0.908966648441772,45.4483324220886,0.685787947147921
"652","sampling_area=Area_02__season=Spring__sex=F","prey_20",3,8,37.5,1.72,146.32,1.17550574084199,44.0814652815746,0.665162745729939
"653","sampling_area=Area_02__season=Spring__sex=F","prey_52",4,8,50,1.28,146.32,0.874794969928923,43.7397484964462,0.660006445375443
"654","sampling_area=Area_02__season=Spring__sex=F","prey_14",4,8,50,1.05,146.32,0.71760524876982,35.880262438491,0.541411537222043
"655","sampling_area=Area_02__season=Spring__sex=F","prey_60",3,8,37.5,1.39,146.32,0.94997266265719,35.6239748496446,0.537544311956171
"656","sampling_area=Area_02__season=Spring__sex=F","prey_11",3,8,37.5,1.34,146.32,0.915800984144341,34.3425369054128,0.518208185626813
"657","sampling_area=Area_02__season=Spring__sex=F","prey_51",3,8,37.5,1.18,146.32,0.806451612903226,30.241935483871,0.456332581372865
"658","sampling_area=Area_02__season=Spring__sex=F","prey_34",3,8,37.5,1.06,146.32,0.724439584472389,27.1664844177146,0.409925878182404
"659","sampling_area=Area_02__season=Spring__sex=F","prey_3",2,8,25,1.39,146.32,0.94997266265719,23.7493165664297,0.358362874637448
"660","sampling_area=Area_02__season=Spring__sex=F","prey_26",3,8,37.5,0.49,146.32,0.334882449425916,12.5580918534718,0.189494038027715
"661","sampling_area=Area_02__season=Spring__sex=M","prey_42",18,21,85.7142857142857,11.35,399.4,2.84176264396595,243.579655197081,3.72308146495875
"662","sampling_area=Area_02__season=Spring__sex=M","prey_15",17,21,80.9523809523809,10.13,399.4,2.53630445668503,205.319884588788,3.13828614332132
"663","sampling_area=Area_02__season=Spring__sex=M","prey_47",18,21,85.7142857142857,8.69,399.4,2.1757636454682,186.494026754417,2.85053550048384
"664","sampling_area=Area_02__season=Spring__sex=M","prey_11",17,21,80.9523809523809,8.95,399.4,2.24086129193791,181.403056966402,2.77272072879821
"665","sampling_area=Area_02__season=Spring__sex=M","prey_35",16,21,76.1904761904762,9.39,399.4,2.35102653980971,179.12583160455,2.73791365293883
"666","sampling_area=Area_02__season=Spring__sex=M","prey_43",16,21,76.1904761904762,8.86,399.4,2.21832749123686,169.01542790376,2.58337752556315
"667","sampling_area=Area_02__season=Spring__sex=M","prey_55",16,21,76.1904761904762,8.77,399.4,2.1957936905358,167.298566897966,2.55713554166917
"668","sampling_area=Area_02__season=Spring__sex=M","prey_58",17,21,80.9523809523809,8.03,399.4,2.01051577366049,162.756038820135,2.48770362594968
"669","sampling_area=Area_02__season=Spring__sex=M","prey_21",15,21,71.4285714285714,9.02,399.4,2.25838758137206,161.313398669433,2.46565307003876
"670","sampling_area=Area_02__season=Spring__sex=M","prey_45",16,21,76.1904761904762,8.1,399.4,2.02804206309464,154.517490521497,2.36177855045841
"671","sampling_area=Area_02__season=Spring__sex=M","prey_17",15,21,71.4285714285714,7.85,399.4,1.96544817225839,140.389155161313,2.14582889133085
"672","sampling_area=Area_02__season=Spring__sex=M","prey_28",14,21,66.6666666666667,8.33,399.4,2.085628442664,139.0418961776,2.12523622341405
"673","sampling_area=Area_02__season=Spring__sex=M","prey_16",16,21,76.1904761904762,7.22,399.4,1.80771156735103,137.730405131507,2.10519026349503
"674","sampling_area=Area_02__season=Spring__sex=M","prey_52",14,21,66.6666666666667,8.18,399.4,2.04807210816224,136.53814054415,2.08696666356865
"675","sampling_area=Area_02__season=Spring__sex=M","prey_53",14,21,66.6666666666667,8.15,399.4,2.04056084126189,136.03738941746,2.07931275159958
"676","sampling_area=Area_02__season=Spring__sex=M","prey_8",13,21,61.9047619047619,8.45,399.4,2.1156735102654,130.970264921191,2.00186245191248
"677","sampling_area=Area_02__season=Spring__sex=M","prey_29",13,21,61.9047619047619,8.23,399.4,2.06059088632949,127.56038820135,1.94974295612304
"678","sampling_area=Area_02__season=Spring__sex=M","prey_12",15,21,71.4285714285714,7.01,399.4,1.75513269904857,125.366621360612,1.91621153225851
"679","sampling_area=Area_02__season=Spring__sex=M","prey_9",13,21,61.9047619047619,8.08,399.4,2.02303455182774,125.235472256003,1.9142069362666
"680","sampling_area=Area_02__season=Spring__sex=M","prey_39",14,21,66.6666666666667,7.44,399.4,1.86279419128693,124.186279419129,1.89817016833139
"681","sampling_area=Area_02__season=Spring__sex=M","prey_5",17,21,80.9523809523809,6.07,399.4,1.51977966950426,123.029782769392,1.88049327640281
"682","sampling_area=Area_02__season=Spring__sex=M","prey_57",15,21,71.4285714285714,6.51,399.4,1.62994491737606,116.424636955433,1.77953453281068
"683","sampling_area=Area_02__season=Spring__sex=M","prey_22",13,21,61.9047619047619,7.51,399.4,1.88032048072108,116.400791663686,1.77917006081215
"684","sampling_area=Area_02__season=Spring__sex=M","prey_38",13,21,61.9047619047619,7.42,399.4,1.85778668002003,115.005842096478,1.75784844889829
"685","sampling_area=Area_02__season=Spring__sex=M","prey_2",13,21,61.9047619047619,7.25,399.4,1.81522283425138,112.370937358419,1.717574293061
"686","sampling_area=Area_02__season=Spring__sex=M","prey_59",14,21,66.6666666666667,6.71,399.4,1.68002003004507,112.001335336338,1.71192497708382
"687","sampling_area=Area_02__season=Spring__sex=M","prey_44",13,21,61.9047619047619,7.17,399.4,1.79519278918378,111.130982187567,1.69862174913757
"688","sampling_area=Area_02__season=Spring__sex=M","prey_46",14,21,66.6666666666667,6.31,399.4,1.57986980470706,105.324653647137,1.60987281749611
"689","sampling_area=Area_02__season=Spring__sex=M","prey_50",15,21,71.4285714285714,5.86,399.4,1.4672008012018,104.8000572287,1.60185443352851
"690","sampling_area=Area_02__season=Spring__sex=M","prey_25",13,21,61.9047619047619,6.75,399.4,1.69003505257887,104.621217540597,1.59912089353955
"691","sampling_area=Area_02__season=Spring__sex=M","prey_4",12,21,57.1428571428571,7.23,399.4,1.81021532298448,103.440875599113,1.58107952961244
"692","sampling_area=Area_02__season=Spring__sex=M","prey_33",14,21,66.6666666666667,6.02,399.4,1.50726089133701,100.484059422467,1.53588500179502
"693","sampling_area=Area_02__season=Spring__sex=M","prey_13",13,21,61.9047619047619,6.42,399.4,1.60741111667501,99.5064024608341,1.5209416498554
"694","sampling_area=Area_02__season=Spring__sex=M","prey_1",13,21,61.9047619047619,6.38,399.4,1.59739609414121,98.8864248754084,1.51146537789368
"695","sampling_area=Area_02__season=Spring__sex=M","prey_18",14,21,66.6666666666667,5.88,399.4,1.4722083124687,98.1472208312469,1.50016674593933
"696","sampling_area=Area_02__season=Spring__sex=M","prey_19",14,21,66.6666666666667,5.7,399.4,1.4271407110666,95.1427140711067,1.45424327412486
"697","sampling_area=Area_02__season=Spring__sex=M","prey_49",12,21,57.1428571428571,6.65,399.4,1.66499749624437,95.1427140711067,1.45424327412486
"698","sampling_area=Area_02__season=Spring__sex=M","prey_51",12,21,57.1428571428571,6.53,399.4,1.63495242864296,93.4258530653122,1.42800129023087
"699","sampling_area=Area_02__season=Spring__sex=M","prey_27",12,21,57.1428571428571,6.51,399.4,1.62994491737606,93.1397095643465,1.42362762624854
"700","sampling_area=Area_02__season=Spring__sex=M","prey_26",12,21,57.1428571428571,6.28,399.4,1.57235853780671,89.8490593032406,1.37333049045175
"701","sampling_area=Area_02__season=Spring__sex=M","prey_48",13,21,61.9047619047619,5.73,399.4,1.43465197796695,88.8117891122398,1.3574759585158
"702","sampling_area=Area_02__season=Spring__sex=M","prey_14",13,21,61.9047619047619,5.69,399.4,1.42463695543315,88.191811526814,1.34799968655408
"703","sampling_area=Area_02__season=Spring__sex=M","prey_36",14,21,66.6666666666667,5.16,399.4,1.29193790686029,86.129193790686,1.31647285868145
"704","sampling_area=Area_02__season=Spring__sex=M","prey_7",13,21,61.9047619047619,5.49,399.4,1.37456184276415,85.0919235996853,1.3006183267455
"705","sampling_area=Area_02__season=Spring__sex=M","prey_24",11,21,52.3809523809524,6.27,399.4,1.56985478217326,82.2304885900279,1.2568816869222
"706","sampling_area=Area_02__season=Spring__sex=M","prey_41",12,21,57.1428571428571,5.46,399.4,1.3670505758638,78.1171757636455,1.1940102671762
"707","sampling_area=Area_02__season=Spring__sex=M","prey_34",11,21,52.3809523809524,5.82,399.4,1.457185778668,76.3287788826097,1.16667486728663
"708","sampling_area=Area_02__season=Spring__sex=M","prey_20",11,21,52.3809523809524,5.76,399.4,1.4421632448673,75.5418842549539,1.15464729133523
"709","sampling_area=Area_02__season=Spring__sex=M","prey_23",11,21,52.3809523809524,5.51,399.4,1.37956935403105,72.2631566397215,1.10453239153769
"710","sampling_area=Area_02__season=Spring__sex=M","prey_40",10,21,47.6190476190476,6.04,399.4,1.51226840260391,72.0127810763765,1.10070543555315
"711","sampling_area=Area_02__season=Spring__sex=M","prey_32",12,21,57.1428571428571,4.92,399.4,1.23184777165749,70.3913012375706,1.07592133965328
"712","sampling_area=Area_02__season=Spring__sex=M","prey_6",12,21,57.1428571428571,4.9,399.4,1.22684026039059,70.1051577366049,1.07154767567095
"713","sampling_area=Area_02__season=Spring__sex=M","prey_10",10,21,47.6190476190476,5.21,399.4,1.30445668502754,62.1169850013115,0.949449556164224
"714","sampling_area=Area_02__season=Spring__sex=M","prey_60",11,21,52.3809523809524,4.66,399.4,1.16675012518778,61.1154827479314,0.934141732226067
"715","sampling_area=Area_02__season=Spring__sex=M","prey_56",12,21,57.1428571428571,4.2,399.4,1.05157736604907,60.0901352028042,0.918469436289383
"716","sampling_area=Area_02__season=Spring__sex=M","prey_3",11,21,52.3809523809524,4.45,399.4,1.11417125688533,58.3613515511362,0.892045216396137
"717","sampling_area=Area_02__season=Spring__sex=M","prey_31",10,21,47.6190476190476,3.81,399.4,0.953930896344517,45.4252807783103,0.694319157194951
"718","sampling_area=Area_02__season=Spring__sex=M","prey_54",8,21,38.0952380952381,3.42,399.4,0.85628442663996,32.6203591100937,0.498597693985665
"719","sampling_area=Area_02__season=Spring__sex=M","prey_30",10,21,47.6190476190476,2.61,399.4,0.653480220330496,31.1181057300236,0.475635958078431
"720","sampling_area=Area_02__season=Spring__sex=M","prey_37",7,21,33.3333333333333,2.9,399.4,0.726089133700551,24.2029711233517,0.369939078505446
"721","sampling_area=Area_02__season=Summer__sex=F","prey_48",14,16,87.5,9.28,332.92,2.78745644599303,243.90243902439,3.56114969876051
"722","sampling_area=Area_02__season=Summer__sex=F","prey_50",14,16,87.5,7.95,332.92,2.38796107172894,208.946593776283,3.05076940788211
"723","sampling_area=Area_02__season=Summer__sex=F","prey_52",13,16,81.25,7.64,332.92,2.29484560855461,186.456205695062,2.72239368904629
"724","sampling_area=Area_02__season=Summer__sex=F","prey_2",12,16,75,7.52,332.92,2.25880091313228,169.410068484921,2.4735079188435
"725","sampling_area=Area_02__season=Summer__sex=F","prey_24",12,16,75,7.33,332.92,2.20173014538027,165.12976090352,2.41101237302166
"726","sampling_area=Area_02__season=Summer__sex=F","prey_60",12,16,75,7.21,332.92,2.16568544995795,162.426408746846,2.37154150197628
"727","sampling_area=Area_02__season=Summer__sex=F","prey_31",13,16,81.25,6.38,332.92,1.91637630662021,155.705574912892,2.27341253090514
"728","sampling_area=Area_02__season=Summer__sex=F","prey_40",12,16,75,6.81,332.92,2.04553646521687,153.415234891265,2.23997193182503
"729","sampling_area=Area_02__season=Summer__sex=F","prey_15",11,16,68.75,7.2,332.92,2.16268172533942,148.684368617085,2.17089790749563
"730","sampling_area=Area_02__season=Summer__sex=F","prey_23",11,16,68.75,7,332.92,2.10260723296888,144.554247266611,2.11059518784297
"731","sampling_area=Area_02__season=Summer__sex=F","prey_29",12,16,75,6.27,332.92,1.88333533581641,141.250150186231,2.06235301212085
"732","sampling_area=Area_02__season=Summer__sex=F","prey_49",12,16,75,6.23,332.92,1.8713204373423,140.349032800673,2.04919605510572
"733","sampling_area=Area_02__season=Summer__sex=F","prey_41",12,16,75,6.21,332.92,1.86531298810525,139.898474107894,2.04261757659816
"734","sampling_area=Area_02__season=Summer__sex=F","prey_19",12,16,75,6.16,332.92,1.85029436501262,138.772077375946,2.02617138032925
"735","sampling_area=Area_02__season=Summer__sex=F","prey_17",13,16,81.25,5.59,332.92,1.67908206175658,136.425417517722,1.9919084714357
"736","sampling_area=Area_02__season=Summer__sex=F","prey_42",12,16,75,6.05,332.92,1.81725339420882,136.294004565661,1.98998974853766
"737","sampling_area=Area_02__season=Summer__sex=F","prey_16",12,16,75,6,332.92,1.80223477111618,135.167607833714,1.97354355226875
"738","sampling_area=Area_02__season=Summer__sex=F","prey_8",12,16,75,5.9,332.92,1.77219752493091,132.914814369819,1.94065115973094
"739","sampling_area=Area_02__season=Summer__sex=F","prey_28",12,16,75,5.83,332.92,1.75117145260123,131.337858945092,1.91762648495447
"740","sampling_area=Area_02__season=Summer__sex=F","prey_57",12,16,75,5.81,332.92,1.74516400336417,130.887300252313,1.91104800644691
"741","sampling_area=Area_02__season=Summer__sex=F","prey_39",11,16,68.75,6.33,332.92,1.90135768352757,130.718340742521,1.90858107700657
"742","sampling_area=Area_02__season=Summer__sex=F","prey_14",12,16,75,5.7,332.92,1.71212303256037,128.409227442028,1.87486637465532
"743","sampling_area=Area_02__season=Summer__sex=F","prey_43",12,16,75,5.66,332.92,1.70010813408627,127.50811005647,1.86170941764019
"744","sampling_area=Area_02__season=Summer__sex=F","prey_51",12,16,75,5.27,332.92,1.58296287396372,118.722215547279,1.73342908674272
"745","sampling_area=Area_02__season=Summer__sex=F","prey_55",10,16,62.5,6.26,332.92,1.88033161119789,117.520725699868,1.71588647738922
"746","sampling_area=Area_02__season=Summer__sex=F","prey_46",11,16,68.75,5.64,332.92,1.69410068484921,116.469422083383,1.70053669420491
"747","sampling_area=Area_02__season=Summer__sex=F","prey_21",12,16,75,5,332.92,1.50186230926349,112.639673194761,1.64461962689063
"748","sampling_area=Area_02__season=Summer__sex=F","prey_44",11,16,68.75,5.44,332.92,1.63402619247867,112.339300732909,1.64023397455225
"749","sampling_area=Area_02__season=Summer__sex=F","prey_35",11,16,68.75,5.29,332.92,1.58897032320077,109.241709720053,1.59500693481276
"750","sampling_area=Area_02__season=Summer__sex=F","prey_20",10,16,62.5,5.69,332.92,1.70911930794185,106.819956746365,1.55964761283461
"751","sampling_area=Area_02__season=Summer__sex=F","prey_7",10,16,62.5,5.61,332.92,1.68508951099363,105.318094437102,1.53771935114274
"752","sampling_area=Area_02__season=Summer__sex=F","prey_33",11,16,68.75,5.09,332.92,1.52889583083023,105.111588369578,1.5347042151601
"753","sampling_area=Area_02__season=Summer__sex=F","prey_9",11,16,68.75,4.83,332.92,1.45079899074853,99.7424306139613,1.45631067961165
"754","sampling_area=Area_02__season=Summer__sex=F","prey_54",12,16,75,4.4,332.92,1.32163883215187,99.1229124113901,1.44726527166375
"755","sampling_area=Area_02__season=Summer__sex=F","prey_27",12,16,75,4.38,332.92,1.31563138291481,98.6723537186111,1.44068679315619
"756","sampling_area=Area_02__season=Summer__sex=F","prey_1",11,16,68.75,4.77,332.92,1.43277664303737,98.5033942088189,1.43821986371585
"757","sampling_area=Area_02__season=Summer__sex=F","prey_45",9,16,56.25,5.83,332.92,1.75117145260123,98.5033942088189,1.43821986371585
"758","sampling_area=Area_02__season=Summer__sex=F","prey_47",9,16,56.25,5.82,332.92,1.7481677279827,98.3344346990268,1.43575293427552
"759","sampling_area=Area_02__season=Summer__sex=F","prey_58",11,16,68.75,4.75,332.92,1.42676919380031,98.0903820737715,1.43218959175059
"760","sampling_area=Area_02__season=Summer__sex=F","prey_38",11,16,68.75,4.71,332.92,1.4147542953262,97.2643578036766,1.42012904782006
"761","sampling_area=Area_02__season=Summer__sex=F","prey_26",9,16,56.25,5.57,332.92,1.67307461251952,94.1104469542232,1.37407969826712
"762","sampling_area=Area_02__season=Summer__sex=F","prey_22",10,16,62.5,4.97,332.92,1.49285113540791,93.3031959629941,1.36229325760774
"763","sampling_area=Area_02__season=Summer__sex=F","prey_34",9,16,56.25,5.45,332.92,1.6370299170972,92.0829328367175,1.34447654498309
"764","sampling_area=Area_02__season=Summer__sex=F","prey_4",10,16,62.5,4.89,332.92,1.46882133845969,91.8013336537306,1.34036499591586
"765","sampling_area=Area_02__season=Summer__sex=F","prey_6",11,16,68.75,4.39,332.92,1.31863510753334,90.6561636429172,1.32364469637581
"766","sampling_area=Area_02__season=Summer__sex=F","prey_56",10,16,62.5,4.74,332.92,1.42376546918179,88.9853418238616,1.2992495052436
"767","sampling_area=Area_02__season=Summer__sex=F","prey_3",9,16,56.25,5.1,332.92,1.53189955544876,86.1693499939926,1.25813401457133
"768","sampling_area=Area_02__season=Summer__sex=F","prey_18",10,16,62.5,4.46,332.92,1.33966117986303,83.7288237414394,1.22250058932203
"769","sampling_area=Area_02__season=Summer__sex=F","prey_36",8,16,50,5.26,332.92,1.57995914934519,78.9979574672594,1.15342656499263
"770","sampling_area=Area_02__season=Summer__sex=F","prey_12",9,16,56.25,4.58,332.92,1.37570587528535,77.3834554848011,1.12985368367386
"771","sampling_area=Area_02__season=Summer__sex=F","prey_10",10,16,62.5,4.05,332.92,1.21650847050342,76.031779406464,1.11011824815117
"772","sampling_area=Area_02__season=Summer__sex=F","prey_32",9,16,56.25,4.48,332.92,1.34566862910008,75.6938603868797,1.1051843892705
"773","sampling_area=Area_02__season=Summer__sex=F","prey_11",10,16,62.5,3.87,332.92,1.16244142736994,72.6525892106212,1.06077965934445
"774","sampling_area=Area_02__season=Summer__sex=F","prey_25",8,16,50,4.75,332.92,1.42676919380031,71.3384596900156,1.04159243036406
"775","sampling_area=Area_02__season=Summer__sex=F","prey_53",9,16,56.25,4.1,332.92,1.23152709359606,69.2733990147783,1.01144107053774
"776","sampling_area=Area_02__season=Summer__sex=F","prey_5",8,16,50,4.52,332.92,1.35768352757419,67.8841763787096,0.991157428472752
"777","sampling_area=Area_02__season=Summer__sex=F","prey_30",7,16,43.75,5.15,332.92,1.54691817854139,67.6776703111859,0.988142292490119
"778","sampling_area=Area_02__season=Summer__sex=F","prey_59",8,16,50,4.42,332.92,1.32764628138892,66.3823140694461,0.969229166780876
"779","sampling_area=Area_02__season=Summer__sex=F","prey_37",9,16,56.25,3.86,332.92,1.15943770275141,65.2183707797669,0.952234763969673
"780","sampling_area=Area_02__season=Summer__sex=F","prey_13",9,16,56.25,3.47,332.92,1.04229244262886,58.6289498978733,0.856024515796571
"781","sampling_area=Area_02__season=Summer__sex=M","prey_48",18,19,94.7368421052632,8.99,386.17,2.32799026335552,220.546446002102,3.25289870221765
"782","sampling_area=Area_02__season=Summer__sex=M","prey_36",17,19,89.4736842105263,8.49,386.17,2.19851360799648,196.709112294422,2.90131547207436
"783","sampling_area=Area_02__season=Summer__sex=M","prey_25",14,19,73.6842105263158,9.73,386.17,2.51961571328689,185.655894663245,2.73828859977807
"784","sampling_area=Area_02__season=Summer__sex=M","prey_39",17,19,89.4736842105263,7.88,386.17,2.04055208845845,182.575713177861,2.69285817667208
"785","sampling_area=Area_02__season=Summer__sex=M","prey_6",14,19,73.6842105263158,8.97,386.17,2.32281119714116,171.154509263033,2.52440377595163
"786","sampling_area=Area_02__season=Summer__sex=M","prey_3",15,19,78.9473684210526,8.24,386.17,2.13377528031696,168.455943182918,2.48460190084107
"787","sampling_area=Area_02__season=Summer__sex=M","prey_32",15,19,78.9473684210526,8.08,386.17,2.09234275060207,165.1849539949,2.43635720373736
"788","sampling_area=Area_02__season=Summer__sex=M","prey_46",15,19,78.9473684210526,7.62,386.17,1.97322422767175,155.780860079349,2.29765369956419
"789","sampling_area=Area_02__season=Summer__sex=M","prey_35",15,19,78.9473684210526,7.58,386.17,1.96286609524303,154.963112782344,2.28559252528826
"790","sampling_area=Area_02__season=Summer__sex=M","prey_60",14,19,73.6842105263158,7.84,386.17,2.03019395602973,149.593238865348,2.20639081420967
"791","sampling_area=Area_02__season=Summer__sex=M","prey_30",13,19,68.4210526315789,8.44,386.17,2.18556594246057,149.538722378881,2.20558673592461
"792","sampling_area=Area_02__season=Summer__sex=M","prey_53",15,19,78.9473684210526,7.25,386.17,1.87741150270606,148.216697582058,2.18608783751186
"793","sampling_area=Area_02__season=Summer__sex=M","prey_40",14,19,73.6842105263158,7.64,386.17,1.97840329388611,145.777084812661,2.15010533425534
"794","sampling_area=Area_02__season=Summer__sex=M","prey_22",13,19,68.4210526315789,8.22,386.17,2.1285962141026,145.640793596493,2.14809513854269
"795","sampling_area=Area_02__season=Summer__sex=M","prey_55",15,19,78.9473684210526,7.1,386.17,1.83856850609835,145.150145218291,2.14085843397713
"796","sampling_area=Area_02__season=Summer__sex=M","prey_29",14,19,73.6842105263158,7.56,386.17,1.95768702902867,144.250623191586,2.12759114227361
"797","sampling_area=Area_02__season=Summer__sex=M","prey_43",15,19,78.9473684210526,6.95,386.17,1.79972550949064,142.083592854524,2.0956290304424
"798","sampling_area=Area_02__season=Summer__sex=M","prey_8",14,19,73.6842105263158,7.32,386.17,1.89553823445633,139.671238328361,2.06004856632842
"799","sampling_area=Area_02__season=Summer__sex=M","prey_31",14,19,73.6842105263158,6.98,386.17,1.80749410881218,133.183776438792,1.96436325040606
"800","sampling_area=Area_02__season=Summer__sex=M","prey_1",13,19,68.4210526315789,7.48,386.17,1.93697076417122,132.529578601189,1.95471431098532
"801","sampling_area=Area_02__season=Summer__sex=M","prey_13",12,19,63.1578947368421,7.95,386.17,2.05867882020872,130.021820223708,1.91772670987247
"802","sampling_area=Area_02__season=Summer__sex=M","prey_57",14,19,73.6842105263158,6.73,386.17,1.74275578113266,128.413583872933,1.89400640046315
"803","sampling_area=Area_02__season=Summer__sex=M","prey_7",12,19,63.1578947368421,7.84,386.17,2.03019395602973,128.222776170299,1.89119212646543
"804","sampling_area=Area_02__season=Summer__sex=M","prey_26",14,19,73.6842105263158,6.68,386.17,1.72980811559676,127.459545359761,1.87993503047457
"805","sampling_area=Area_02__season=Summer__sex=M","prey_14",13,19,68.4210526315789,7.07,386.17,1.83079990677681,125.265256779466,1.84757087950083
"806","sampling_area=Area_02__season=Summer__sex=M","prey_47",13,19,68.4210526315789,6.47,386.17,1.67542792034596,114.634541918408,1.69077561391377
"807","sampling_area=Area_02__season=Summer__sex=M","prey_44",13,19,68.4210526315789,6.33,386.17,1.63917445684543,112.154041784161,1.65419005194346
"808","sampling_area=Area_02__season=Summer__sex=M","prey_33",12,19,63.1578947368421,6.79,386.17,1.75829297977575,111.050082933205,1.63790746667096
"809","sampling_area=Area_02__season=Summer__sex=M","prey_10",12,19,63.1578947368421,6.7,386.17,1.73498718181112,109.578137798597,1.61619735297429
"810","sampling_area=Area_02__season=Summer__sex=M","prey_58",13,19,68.4210526315789,6.06,386.17,1.56925706295155,107.370220096685,1.58363218242928
"811","sampling_area=Area_02__season=Summer__sex=M","prey_45",13,19,68.4210526315789,5.95,386.17,1.54077219877256,105.421255705491,1.55488638373832
"812","sampling_area=Area_02__season=Summer__sex=M","prey_20",13,19,68.4210526315789,5.92,386.17,1.53300359945102,104.889719962438,1.54704662045897
"813","sampling_area=Area_02__season=Summer__sex=M","prey_54",11,19,57.8947368421053,6.94,386.17,1.79713597638346,104.0447144222,1.53458340704051
"814","sampling_area=Area_02__season=Summer__sex=M","prey_15",12,19,63.1578947368421,6.34,386.17,1.64176398995261,103.690357260165,1.52935689818761
"815","sampling_area=Area_02__season=Summer__sex=M","prey_34",10,19,52.6315789473684,7.52,386.17,1.94732889659994,102.490994557892,1.51166717591625
"816","sampling_area=Area_02__season=Summer__sex=M","prey_27",13,19,68.4210526315789,5.77,386.17,1.49416060284331,102.232041247174,1.5078478040622
"817","sampling_area=Area_02__season=Summer__sex=M","prey_23",11,19,57.8947368421053,6.53,386.17,1.69096511898905,97.89798057305,1.44392358039979
"818","sampling_area=Area_02__season=Summer__sex=M","prey_21",11,19,57.8947368421053,6.42,386.17,1.66248025481006,96.2488568574244,1.41960021227667
"819","sampling_area=Area_02__season=Summer__sex=M","prey_4",14,19,73.6842105263158,4.89,386.17,1.2662816894114,93.3049665882083,1.37617998488333
"820","sampling_area=Area_02__season=Summer__sex=M","prey_17",12,19,63.1578947368421,5.58,386.17,1.44495947380687,91.2605983456972,1.34602704919351
"821","sampling_area=Area_02__season=Summer__sex=M","prey_12",11,19,57.8947368421053,6.06,386.17,1.56925706295155,90.851724697195,1.33999646205555
"822","sampling_area=Area_02__season=Summer__sex=M","prey_37",12,19,63.1578947368421,5.34,386.17,1.38281067923453,87.3354113200758,1.28813341266906
"823","sampling_area=Area_02__season=Summer__sex=M","prey_41",11,19,57.8947368421053,5.78,386.17,1.49675013595049,86.6539552392388,1.27808243410578
"824","sampling_area=Area_02__season=Summer__sex=M","prey_38",14,19,73.6842105263158,4.45,386.17,1.15234223269544,84.9094276722959,1.25235192898381
"825","sampling_area=Area_02__season=Summer__sex=M","prey_9",10,19,52.6315789473684,6.14,386.17,1.589973327809,83.6828067267893,1.23426016756991
"826","sampling_area=Area_02__season=Summer__sex=M","prey_11",14,19,73.6842105263158,4.32,386.17,1.11867830230209,82.4289275380491,1.21576636701349
"827","sampling_area=Area_02__season=Summer__sex=M","prey_24",11,19,57.8947368421053,5.49,386.17,1.42165367584225,82.3062654434984,1.2139571908721
"828","sampling_area=Area_02__season=Summer__sex=M","prey_49",11,19,57.8947368421053,5.41,386.17,1.4009374109848,81.1069027412252,1.19626746860074
"829","sampling_area=Area_02__season=Summer__sex=M","prey_5",10,19,52.6315789473684,5.53,386.17,1.43201180827097,75.3690425405773,1.11163822909798
"830","sampling_area=Area_02__season=Summer__sex=M","prey_16",12,19,63.1578947368421,4.51,386.17,1.16787943133853,73.7608061898019,1.08791791968866
"831","sampling_area=Area_02__season=Summer__sex=M","prey_51",12,19,63.1578947368421,4,386.17,1.03581324287231,65.4197837603564,0.9648939420742
"832","sampling_area=Area_02__season=Summer__sex=M","prey_50",9,19,47.3684210526316,5.17,386.17,1.33878861641246,63.4163028826955,0.935344065098178
"833","sampling_area=Area_02__season=Summer__sex=M","prey_56",9,19,47.3684210526316,5.14,386.17,1.33102001709092,63.0483165990435,0.929916536674011
"834","sampling_area=Area_02__season=Summer__sex=M","prey_2",10,19,52.6315789473684,4.55,386.17,1.17823756376725,62.0125033561712,0.914639049257836
"835","sampling_area=Area_02__season=Summer__sex=M","prey_42",10,19,52.6315789473684,4.34,386.17,1.12385736851646,59.1503878166556,0.872424939292089
"836","sampling_area=Area_02__season=Summer__sex=M","prey_59",11,19,57.8947368421053,3.85,386.17,0.996970246264598,57.7193300468978,0.851317884309216
"837","sampling_area=Area_02__season=Summer__sex=M","prey_18",9,19,47.3684210526316,4.64,386.17,1.20154336173188,56.9152118715101,0.839457729604554
"838","sampling_area=Area_02__season=Summer__sex=M","prey_52",8,19,42.1052631578947,4.91,386.17,1.27146075562576,53.5351897105583,0.789604875930721
"839","sampling_area=Area_02__season=Summer__sex=M","prey_19",11,19,57.8947368421053,3.45,386.17,0.893388921977368,51.7225165355318,0.762869272952415
"840","sampling_area=Area_02__season=Summer__sex=M","prey_28",8,19,42.1052631578947,4.25,386.17,1.10055157055183,46.3390134969191,0.683466542302559
"841","sampling_area=Area_02__season=Winter__sex=F","prey_57",18,22,81.8181818181818,11.61,423.69,2.7402110033279,224.199082090465,3.45196681830345
"842","sampling_area=Area_02__season=Winter__sex=F","prey_51",17,22,77.2727272727273,9.18,423.69,2.16667846774765,167.425154325954,2.57782535010258
"843","sampling_area=Area_02__season=Winter__sex=F","prey_16",18,22,81.8181818181818,8.54,423.69,2.01562463121622,164.914742554054,2.53917283620254
"844","sampling_area=Area_02__season=Winter__sex=F","prey_18",18,22,81.8181818181818,8.43,423.69,1.98966225306238,162.790547977831,2.50646686290251
"845","sampling_area=Area_02__season=Winter__sex=F","prey_60",16,22,72.7272727272727,8.95,423.69,2.11239349524416,153.628617835939,2.3654017053357
"846","sampling_area=Area_02__season=Winter__sex=F","prey_54",17,22,77.2727272727273,8.33,423.69,1.96606009110435,151.922825221699,2.33913781768567
"847","sampling_area=Area_02__season=Winter__sex=F","prey_20",14,22,63.6363636363636,10.04,423.69,2.36965706058675,150.796358400975,2.32179374093566
"848","sampling_area=Area_02__season=Winter__sex=F","prey_8",17,22,77.2727272727273,7.97,423.69,1.88109230805542,145.357132895191,2.23804662748557
"849","sampling_area=Area_02__season=Winter__sex=F","prey_11",17,22,77.2727272727273,7.81,423.69,1.84332884892256,142.439047416743,2.19311720961886
"850","sampling_area=Area_02__season=Winter__sex=F","prey_39",16,22,72.7272727272727,8.09,423.69,1.90941490240506,138.866538356732,2.1381117090688
"851","sampling_area=Area_02__season=Winter__sex=F","prey_41",14,22,63.6363636363636,9.24,423.69,2.18083976492247,138.780712313248,2.13679025560214
"852","sampling_area=Area_02__season=Winter__sex=F","prey_14",16,22,72.7272727272727,7.88,423.69,1.85985036229319,135.261844530414,2.08261066346875
"853","sampling_area=Area_02__season=Winter__sex=F","prey_55",14,22,63.6363636363636,8.75,423.69,2.06518917132809,131.421129084515,2.02347562083536
"854","sampling_area=Area_02__season=Winter__sex=F","prey_25",14,22,63.6363636363636,8.72,423.69,2.05810852274068,130.970542356225,2.01653799013535
"855","sampling_area=Area_02__season=Winter__sex=F","prey_28",15,22,68.1818181818182,7.98,423.69,1.88345252425122,128.417217562583,1.97722474950198
"856","sampling_area=Area_02__season=Winter__sex=F","prey_59",14,22,63.6363636363636,8.47,423.69,1.99910311784559,127.215652953811,1.95872440096863
"857","sampling_area=Area_02__season=Winter__sex=F","prey_15",15,22,68.1818181818182,7.82,423.69,1.84568906511836,125.84243625807,1.93758114550194
"858","sampling_area=Area_02__season=Winter__sex=F","prey_9",15,22,68.1818181818182,7.73,423.69,1.82444711935613,124.394121774282,1.91528161825192
"859","sampling_area=Area_02__season=Winter__sex=F","prey_24",14,22,63.6363636363636,8.14,423.69,1.92121598338408,122.259198942623,1.88241046326855
"860","sampling_area=Area_02__season=Winter__sex=F","prey_45",15,22,68.1818181818182,7.34,423.69,1.7323986877198,118.118092344531,1.81865033350182
"861","sampling_area=Area_02__season=Winter__sex=F","prey_49",16,22,72.7272727272727,6.79,423.69,1.6025867969506,116.551767050953,1.79453380773513
"862","sampling_area=Area_02__season=Winter__sex=F","prey_38",15,22,68.1818181818182,6.98,423.69,1.64743090467087,112.324834409377,1.72945222450173
"863","sampling_area=Area_02__season=Winter__sex=F","prey_46",16,22,72.7272727272727,6.5,423.69,1.5341405272723,111.573856528894,1.71788950666838
"864","sampling_area=Area_02__season=Winter__sex=F","prey_3",15,22,68.1818181818182,6.92,423.69,1.63326960749605,111.359291420185,1.71458587300171
"865","sampling_area=Area_02__season=Winter__sex=F","prey_32",15,22,68.1818181818182,6.89,423.69,1.62618895890864,110.876519925589,1.70715269725171
"866","sampling_area=Area_02__season=Winter__sex=F","prey_36",16,22,72.7272727272727,6.43,423.69,1.51761901390167,110.372291920122,1.69938915813503
"867","sampling_area=Area_02__season=Winter__sex=F","prey_35",16,22,72.7272727272727,6.42,423.69,1.51525879770587,110.200639833154,1.6967462512017
"868","sampling_area=Area_02__season=Winter__sex=F","prey_13",14,22,63.6363636363636,7.32,423.69,1.72767825532819,109.943161702703,1.69278189080169
"869","sampling_area=Area_02__season=Winter__sex=F","prey_21",14,22,63.6363636363636,7.3,423.69,1.72295782293658,109.64277055051,1.68815680366835
"870","sampling_area=Area_02__season=Winter__sex=F","prey_2",13,22,59.0909090909091,7.76,423.69,1.83152776794354,108.226640833028,1.66635282146833
"871","sampling_area=Area_02__season=Winter__sex=F","prey_50",15,22,68.1818181818182,6.69,423.69,1.57898463499257,107.658043294948,1.65759819225166
"872","sampling_area=Area_02__season=Winter__sex=F","prey_52",17,22,77.2727272727273,5.84,423.69,1.37836625834926,106.510119963352,1.63992375213497
"873","sampling_area=Area_02__season=Winter__sex=F","prey_27",15,22,68.1818181818182,6.61,423.69,1.56010290542614,106.370652642691,1.63777639025164
"874","sampling_area=Area_02__season=Winter__sex=F","prey_12",14,22,63.6363636363636,6.96,423.69,1.64271047227926,104.536120963226,1.60953032240161
"875","sampling_area=Area_02__season=Winter__sex=F","prey_42",13,22,59.0909090909091,7.49,423.69,1.76780193065685,104.461023175177,1.60837405061828
"876","sampling_area=Area_02__season=Winter__sex=F","prey_7",13,22,59.0909090909091,7.48,423.69,1.76544171446104,104.321555854516,1.60622668873494
"877","sampling_area=Area_02__season=Winter__sex=F","prey_4",14,22,63.6363636363636,6.79,423.69,1.6025867969506,101.982796169584,1.57021708176824
"878","sampling_area=Area_02__season=Winter__sex=F","prey_48",14,22,63.6363636363636,6.77,423.69,1.59786636455899,101.682405017391,1.5655919946349
"879","sampling_area=Area_02__season=Winter__sex=F","prey_47",13,22,59.0909090909091,7.06,423.69,1.6663126342373,98.4639283867493,1.51603748963485
"880","sampling_area=Area_02__season=Winter__sex=F","prey_10",14,22,63.6363636363636,6.54,423.69,1.54358139205551,98.227906767169,1.51240349260151
"881","sampling_area=Area_02__season=Winter__sex=F","prey_29",13,22,59.0909090909091,6.95,423.69,1.64035025608346,96.929787859477,1.49241650891816
"882","sampling_area=Area_02__season=Winter__sex=F","prey_34",13,22,59.0909090909091,6.95,423.69,1.64035025608346,96.929787859477,1.49241650891816
"883","sampling_area=Area_02__season=Winter__sex=F","prey_17",12,22,54.5454545454545,6.74,423.69,1.59078571597158,86.7701299620863,1.33598945480134
"884","sampling_area=Area_02__season=Winter__sex=F","prey_23",12,22,54.5454545454545,6.65,423.69,1.56954377020935,85.6114783750555,1.31814983300132
"885","sampling_area=Area_02__season=Winter__sex=F","prey_19",12,22,54.5454545454545,6.61,423.69,1.56010290542614,85.0965221141529,1.31022111220131
"886","sampling_area=Area_02__season=Winter__sex=F","prey_58",12,22,54.5454545454545,6.29,423.69,1.48457598716042,80.9768720269322,1.24679134580125
"887","sampling_area=Area_02__season=Winter__sex=F","prey_22",14,22,63.6363636363636,5.36,423.69,1.2650758809507,80.5048287877715,1.23952335173457
"888","sampling_area=Area_02__season=Winter__sex=F","prey_43",13,22,59.0909090909091,5.77,423.69,1.36184474497864,80.4726440214651,1.23902780668457
"889","sampling_area=Area_02__season=Winter__sex=F","prey_40",12,22,54.5454545454545,5.93,423.69,1.3996082041115,76.3422656788089,1.17543285860118
"890","sampling_area=Area_02__season=Winter__sex=F","prey_1",12,22,54.5454545454545,5.82,423.69,1.37364582595766,74.9261359613268,1.15362887640115
"891","sampling_area=Area_02__season=Winter__sex=F","prey_44",11,22,50,6.31,423.69,1.48929641955203,74.4648209776015,1.14652606401781
"892","sampling_area=Area_02__season=Winter__sex=F","prey_30",12,22,54.5454545454545,5.67,423.69,1.3382425830206,72.9950499829421,1.12389617340112
"893","sampling_area=Area_02__season=Winter__sex=F","prey_37",11,22,50,5.89,423.69,1.39016733932828,69.5083669664141,1.07021212631774
"894","sampling_area=Area_02__season=Winter__sex=F","prey_56",13,22,59.0909090909091,4.97,423.69,1.17302744931436,69.3152583685757,1.06723885601773
"895","sampling_area=Area_02__season=Winter__sex=F","prey_26",12,22,54.5454545454545,4.96,423.69,1.17066723311855,63.8545763519211,0.983161379200983
"896","sampling_area=Area_02__season=Winter__sex=F","prey_31",10,22,45.4545454545455,5.59,423.69,1.31936085345418,59.9709478842807,0.923365609834257
"897","sampling_area=Area_02__season=Winter__sex=F","prey_33",10,22,45.4545454545455,5.17,423.69,1.22023177323043,55.4650806013831,0.853989302834187
"898","sampling_area=Area_02__season=Winter__sex=F","prey_5",11,22,50,4.62,423.69,1.09041988246123,54.5209941230617,0.839453314700839
"899","sampling_area=Area_02__season=Winter__sex=F","prey_53",11,22,50,4.28,423.69,1.01017253180391,50.5086265901957,0.777675365134111
"900","sampling_area=Area_02__season=Winter__sex=F","prey_6",10,22,45.4545454545455,4.6,423.69,1.08569945006963,49.3499750031648,0.759835743334093
"901","sampling_area=Area_02__season=Winter__sex=M","prey_25",27,34,79.4117647058823,15.1,671.84,2.24755894260538,178.48262191278,2.70335681723995
"902","sampling_area=Area_02__season=Winter__sex=M","prey_9",25,34,73.5294117647059,15.16,671.84,2.25648964039057,165.918355911071,2.51305428926647
"903","sampling_area=Area_02__season=Winter__sex=M","prey_30",26,34,76.4705882352941,14.3,671.84,2.12848297213622,162.766344928064,2.46531288852051
"904","sampling_area=Area_02__season=Winter__sex=M","prey_58",26,34,76.4705882352941,13.19,671.84,1.96326506311026,150.132034237844,2.27394944053046
"905","sampling_area=Area_02__season=Winter__sex=M","prey_56",26,34,76.4705882352941,12.82,671.84,1.90819242676828,145.920597341104,2.21016162453378
"906","sampling_area=Area_02__season=Winter__sex=M","prey_45",25,34,73.5294117647059,13.22,671.84,1.96773041200286,144.686059706092,2.19146290924161
"907","sampling_area=Area_02__season=Winter__sex=M","prey_5",22,34,64.7058823529412,14.95,671.84,2.22523219814242,143.98561282098,2.18085370907584
"908","sampling_area=Area_02__season=Winter__sex=M","prey_26",23,34,67.6470588235294,13.96,671.84,2.07787568468683,140.562178669991,2.12900124326565
"909","sampling_area=Area_02__season=Winter__sex=M","prey_42",23,34,67.6470588235294,13.93,671.84,2.07341033579424,140.260110950787,2.12442602569416
"910","sampling_area=Area_02__season=Winter__sex=M","prey_34",25,34,73.5294117647059,12.56,671.84,1.8694927363658,137.462701203368,2.08205553253212
"911","sampling_area=Area_02__season=Winter__sex=M","prey_50",23,34,67.6470588235294,13.55,671.84,2.01684924982139,136.433919840858,2.06647326978864
"912","sampling_area=Area_02__season=Winter__sex=M","prey_21",25,34,73.5294117647059,12.41,671.84,1.84716599190283,135.821028816385,2.0571902196436
"913","sampling_area=Area_02__season=Winter__sex=M","prey_15",26,34,76.4705882352941,11.73,671.84,1.74595141700405,133.513931888545,2.0222461665976
"914","sampling_area=Area_02__season=Winter__sex=M","prey_52",26,34,76.4705882352941,11.71,671.84,1.74297451774232,133.286286650883,2.01879817654372
"915","sampling_area=Area_02__season=Winter__sex=M","prey_7",25,34,73.5294117647059,12.04,671.84,1.79209335556085,131.771570261827,1.99585578118525
"916","sampling_area=Area_02__season=Winter__sex=M","prey_38",25,34,73.5294117647059,11.84,671.84,1.76232436294356,129.58267374585,1.96270203066722
"917","sampling_area=Area_02__season=Winter__sex=M","prey_6",24,34,70.5882352941177,12.33,671.84,1.83525839485592,129.547651401594,1.96217157065893
"918","sampling_area=Area_02__season=Winter__sex=M","prey_23",23,34,67.6470588235294,12.81,671.84,1.90670397713741,128.982916100472,1.95361790302528
"919","sampling_area=Area_02__season=Winter__sex=M","prey_40",23,34,67.6470588235294,12.72,671.84,1.89330793045963,128.076712942858,1.93989225031082
"920","sampling_area=Area_02__season=Winter__sex=M","prey_49",23,34,67.6470588235294,12.65,671.84,1.88288878304358,127.371888264713,1.92921674264401
"921","sampling_area=Area_02__season=Winter__sex=M","prey_55",23,34,67.6470588235294,12.39,671.84,1.84418909264111,124.753968031604,1.88956485702445
"922","sampling_area=Area_02__season=Winter__sex=M","prey_60",24,34,70.5882352941177,11.86,671.84,1.76530126220529,124.60950086155,1.88737670949026
"923","sampling_area=Area_02__season=Winter__sex=M","prey_41",23,34,67.6470588235294,12.02,671.84,1.78911645629912,121.028466161411,1.83313717364277
"924","sampling_area=Area_02__season=Winter__sex=M","prey_32",24,34,70.5882352941177,11.29,671.84,1.68045963324601,118.620679993836,1.79666804807294
"925","sampling_area=Area_02__season=Winter__sex=M","prey_1",24,34,70.5882352941177,11.11,671.84,1.65366753989045,116.729473404032,1.76802320762536
"926","sampling_area=Area_02__season=Winter__sex=M","prey_43",24,34,70.5882352941177,10.97,671.84,1.63282924505835,115.258534945295,1.74574388727725
"927","sampling_area=Area_02__season=Winter__sex=M","prey_27",23,34,67.6470588235294,11.31,671.84,1.68343653250774,113.879530140229,1.72485702445089
"928","sampling_area=Area_02__season=Winter__sex=M","prey_35",25,34,73.5294117647059,10.18,671.84,1.51524172422005,111.414832663239,1.68752590136759
"929","sampling_area=Area_02__season=Winter__sex=M","prey_8",23,34,67.6470588235294,11.06,671.84,1.64622529173613,111.362299146856,1.68673021135516
"930","sampling_area=Area_02__season=Winter__sex=M","prey_53",23,34,67.6470588235294,11.02,671.84,1.64027149321267,110.959542187916,1.68062992125984
"931","sampling_area=Area_02__season=Winter__sex=M","prey_54",20,34,58.8235294117647,12.62,671.84,1.87842343415099,110.495496126529,1.67360132615002
"932","sampling_area=Area_02__season=Winter__sex=M","prey_3",22,34,64.7058823529412,11.44,671.84,1.70278637770898,110.180295028228,1.66882718607542
"933","sampling_area=Area_02__season=Winter__sex=M","prey_29",21,34,61.7647058823529,11.79,671.84,1.75488211478924,108.389777678159,1.64170741815168
"934","sampling_area=Area_02__season=Winter__sex=M","prey_4",22,34,64.7058823529412,10.92,671.84,1.62538699690402,105.172099799672,1.59297140489018
"935","sampling_area=Area_02__season=Winter__sex=M","prey_59",22,34,64.7058823529412,10.92,671.84,1.62538699690402,105.172099799672,1.59297140489018
"936","sampling_area=Area_02__season=Winter__sex=M","prey_24",22,34,64.7058823529412,10.81,671.84,1.60901405096452,104.112673885939,1.57692498963945
"937","sampling_area=Area_02__season=Winter__sex=M","prey_44",23,34,67.6470588235294,10.29,671.84,1.53161467015956,103.609227687264,1.56929962702031
"938","sampling_area=Area_02__season=Winter__sex=M","prey_57",20,34,58.8235294117647,11.61,671.84,1.72809002143367,101.652354201981,1.53966017405719
"939","sampling_area=Area_02__season=Winter__sex=M","prey_10",22,34,64.7058823529412,10.54,671.84,1.56882591093117,101.512264824958,1.53753833402404
"940","sampling_area=Area_02__season=Winter__sex=M","prey_20",21,34,61.7647058823529,10.52,671.84,1.56584901166945,96.7142036619363,1.46486531288852
"941","sampling_area=Area_02__season=Winter__sex=M","prey_17",20,34,58.8235294117647,10.81,671.84,1.60901405096452,94.6478853508539,1.4335681723995
"942","sampling_area=Area_02__season=Winter__sex=M","prey_33",23,34,67.6470588235294,9.25,671.84,1.37681590854965,93.1375467548296,1.41069208454206
"943","sampling_area=Area_02__season=Winter__sex=M","prey_51",22,34,64.7058823529412,9.61,671.84,1.43040009526078,92.5553002815796,1.40187318690427
"944","sampling_area=Area_02__season=Winter__sex=M","prey_48",20,34,58.8235294117647,10.41,671.84,1.54947606572994,91.1456509252903,1.38052217157066
"945","sampling_area=Area_02__season=Winter__sex=M","prey_11",21,34,61.7647058823529,9.67,671.84,1.43933079304596,88.8998430998977,1.34650642353916
"946","sampling_area=Area_02__season=Winter__sex=M","prey_46",23,34,67.6470588235294,8.74,671.84,1.30090497737557,88.0023955283471,1.33291338582677
"947","sampling_area=Area_02__season=Winter__sex=M","prey_14",22,34,64.7058823529412,8.93,671.84,1.32918552036199,86.0061219057759,1.30267716535433
"948","sampling_area=Area_02__season=Winter__sex=M","prey_16",19,34,55.8823529411765,10.29,671.84,1.53161467015956,85.5902315677402,1.29637795275591
"949","sampling_area=Area_02__season=Winter__sex=M","prey_18",18,34,52.9411764705882,10.64,671.84,1.58371040723982,83.8434921479904,1.26992125984252
"950","sampling_area=Area_02__season=Winter__sex=M","prey_36",19,34,55.8823529411765,10.07,671.84,1.49886877828054,83.7603140803833,1.26866141732283
"951","sampling_area=Area_02__season=Winter__sex=M","prey_13",22,34,64.7058823529412,8.36,671.84,1.24434389140271,80.5163694437051,1.21952755905512
"952","sampling_area=Area_02__season=Winter__sex=M","prey_2",17,34,50,10.4,671.84,1.54798761609907,77.3993808049536,1.17231661831745
"953","sampling_area=Area_02__season=Winter__sex=M","prey_19",19,34,55.8823529411765,8.99,671.84,1.33811621814718,74.7770827788129,1.13259842519685
"954","sampling_area=Area_02__season=Winter__sex=M","prey_39",20,34,58.8235294117647,8.51,671.84,1.26667063586568,74.5100374038637,1.12855366763365
"955","sampling_area=Area_02__season=Winter__sex=M","prey_22",18,34,52.9411764705882,9.22,671.84,1.37235055965706,72.653853158315,1.10043928719436
"956","sampling_area=Area_02__season=Winter__sex=M","prey_28",19,34,55.8823529411765,8.57,671.84,1.27560133365087,71.2836039393133,1.07968503937008
"957","sampling_area=Area_02__season=Winter__sex=M","prey_47",18,34,52.9411764705882,8.81,671.84,1.31132412479162,69.4230419007327,1.05150435142976
"958","sampling_area=Area_02__season=Winter__sex=M","prey_12",17,34,50,7.55,671.84,1.12377947130269,56.1889735651345,0.851056775797762
"959","sampling_area=Area_02__season=Winter__sex=M","prey_31",16,34,47.0588235294118,7.85,671.84,1.16843296022863,54.9850804813471,0.832822213012847
"960","sampling_area=Area_02__season=Winter__sex=M","prey_37",13,34,38.2352941176471,7.51,671.84,1.11782567277923,42.7403933709707,0.647360132615002
"961","sampling_area=Area_03__season=Autumn__sex=F","prey_31",14,15,93.3333333333333,7.14,301.44,2.36863057324841,221.072186836518,3.19954932318457
"962","sampling_area=Area_03__season=Autumn__sex=F","prey_19",14,15,93.3333333333333,6.95,301.44,2.30559978768578,215.189313517339,3.11440725436033
"963","sampling_area=Area_03__season=Autumn__sex=F","prey_38",13,15,86.6666666666667,6.8,301.44,2.25583864118896,195.50601556971,2.82953341506118
"964","sampling_area=Area_03__season=Autumn__sex=F","prey_4",13,15,86.6666666666667,6.77,301.44,2.2458864118896,194.643489030432,2.8170501794065
"965","sampling_area=Area_03__season=Autumn__sex=F","prey_10",12,15,80,7.32,301.44,2.42834394904459,194.267515923567,2.81160876899292
"966","sampling_area=Area_03__season=Autumn__sex=F","prey_50",13,15,86.6666666666667,6.44,301.44,2.1364118895966,185.155697098372,2.679734587205
"967","sampling_area=Area_03__season=Autumn__sex=F","prey_1",14,15,93.3333333333333,5.74,301.44,1.9041932059448,177.724699221514,2.57218671079544
"968","sampling_area=Area_03__season=Autumn__sex=F","prey_8",11,15,73.3333333333333,6.46,301.44,2.14304670912951,157.156758669497,2.27450955287611
"969","sampling_area=Area_03__season=Autumn__sex=F","prey_3",11,15,73.3333333333333,6.42,301.44,2.12977707006369,156.183651804671,2.2604259023939
"970","sampling_area=Area_03__season=Autumn__sex=F","prey_2",11,15,73.3333333333333,6.34,301.44,2.10323779193206,154.237438075018,2.23225860142949
"971","sampling_area=Area_03__season=Autumn__sex=F","prey_30",12,15,80,5.71,301.44,1.89424097664544,151.539278131635,2.19320847963792
"972","sampling_area=Area_03__season=Autumn__sex=F","prey_36",11,15,73.3333333333333,6.18,301.44,2.05015923566879,150.345010615711,2.17592399950067
"973","sampling_area=Area_03__season=Autumn__sex=F","prey_44",11,15,73.3333333333333,6.02,301.44,1.99708067940552,146.452583156405,2.11958939757185
"974","sampling_area=Area_03__season=Autumn__sex=F","prey_12",12,15,80,5.49,301.44,1.82125796178344,145.700636942675,2.10870657674469
"975","sampling_area=Area_03__season=Autumn__sex=F","prey_43",11,15,73.3333333333333,5.96,301.44,1.97717622080679,144.992922859165,2.09846392184854
"976","sampling_area=Area_03__season=Autumn__sex=F","prey_49",11,15,73.3333333333333,5.95,301.44,1.97385881104034,144.749646142958,2.09494300922799
"977","sampling_area=Area_03__season=Autumn__sex=F","prey_15",11,15,73.3333333333333,5.89,301.44,1.95395435244161,143.289985845718,2.07381753350468
"978","sampling_area=Area_03__season=Autumn__sex=F","prey_25",11,15,73.3333333333333,5.85,301.44,1.9406847133758,142.316878980892,2.05973388302248
"979","sampling_area=Area_03__season=Autumn__sex=F","prey_56",11,15,73.3333333333333,5.77,301.44,1.91414543524416,140.370665251238,2.03156658205807
"980","sampling_area=Area_03__season=Autumn__sex=F","prey_18",10,15,66.6666666666667,6.21,301.44,2.06011146496815,137.34076433121,1.98771521578393
"981","sampling_area=Area_03__season=Autumn__sex=F","prey_32",10,15,66.6666666666667,6.17,301.44,2.04684182590234,136.456121726822,1.97491189716374
"982","sampling_area=Area_03__season=Autumn__sex=F","prey_17",12,15,80,5.05,301.44,1.67529193205945,134.023354564756,1.93970277095823
"983","sampling_area=Area_03__season=Autumn__sex=F","prey_16",10,15,66.6666666666667,6.03,301.44,2.00039808917197,133.359872611465,1.93010028199309
"984","sampling_area=Area_03__season=Autumn__sex=F","prey_34",11,15,73.3333333333333,5.44,301.44,1.80467091295117,132.342533616419,1.91537646557988
"985","sampling_area=Area_03__season=Autumn__sex=F","prey_28",11,15,73.3333333333333,5.06,301.44,1.6786093418259,123.098018400566,1.78158178599893
"986","sampling_area=Area_03__season=Autumn__sex=F","prey_53",11,15,73.3333333333333,4.95,301.44,1.6421178343949,120.421974522293,1.74285174717287
"987","sampling_area=Area_03__season=Autumn__sex=F","prey_41",9,15,60,5.91,301.44,1.96058917197452,117.635350318471,1.70252129351928
"988","sampling_area=Area_03__season=Autumn__sex=F","prey_24",10,15,66.6666666666667,5.31,301.44,1.76154458598726,117.436305732484,1.69964054682974
"989","sampling_area=Area_03__season=Autumn__sex=F","prey_48",10,15,66.6666666666667,5.3,301.44,1.75822717622081,117.215145081387,1.69643971717469
"990","sampling_area=Area_03__season=Autumn__sex=F","prey_11",10,15,66.6666666666667,5.15,301.44,1.70846602972399,113.897735314933,1.64842727234899
"991","sampling_area=Area_03__season=Autumn__sex=F","prey_51",11,15,73.3333333333333,4.59,301.44,1.52269108280255,111.664012738853,1.61609889283302
"992","sampling_area=Area_03__season=Autumn__sex=F","prey_22",10,15,66.6666666666667,4.87,301.44,1.61557855626327,107.705237084218,1.55880404200769
"993","sampling_area=Area_03__season=Autumn__sex=F","prey_58",11,15,73.3333333333333,4.38,301.44,1.45302547770701,106.555201698514,1.54215972780145
"994","sampling_area=Area_03__season=Autumn__sex=F","prey_46",10,15,66.6666666666667,4.71,301.44,1.5625,104.166666666667,1.50759076752694
"995","sampling_area=Area_03__season=Autumn__sex=F","prey_27",9,15,60,5.14,301.44,1.70514861995754,102.308917197452,1.48070379842455
"996","sampling_area=Area_03__season=Autumn__sex=F","prey_42",11,15,73.3333333333333,4.08,301.44,1.35350318471338,99.2569002123142,1.43653234918491
"997","sampling_area=Area_03__season=Autumn__sex=F","prey_47",9,15,60,4.89,301.44,1.62221337579618,97.3328025477707,1.408685131186
"998","sampling_area=Area_03__season=Autumn__sex=F","prey_7",9,15,60,4.67,301.44,1.54923036093418,92.953821656051,1.34530870401608
"999","sampling_area=Area_03__season=Autumn__sex=F","prey_57",9,15,60,4.64,301.44,1.53927813163482,92.3566878980892,1.33666646394746
"1000","sampling_area=Area_03__season=Autumn__sex=F","prey_9",8,15,53.3333333333333,5.11,301.44,1.69519639065817,90.410474168436,1.30849916298305
"1001","sampling_area=Area_03__season=Autumn__sex=F","prey_39",8,15,53.3333333333333,5.09,301.44,1.68856157112527,90.0566171266808,1.30337783553497
"1002","sampling_area=Area_03__season=Autumn__sex=F","prey_40",9,15,60,4.21,301.44,1.39662951167728,83.7977707006369,1.21279435629715
"1003","sampling_area=Area_03__season=Autumn__sex=F","prey_55",9,15,60,4.08,301.44,1.35350318471338,81.2101910828026,1.17534464933311
"1004","sampling_area=Area_03__season=Autumn__sex=F","prey_45",9,15,60,3.96,301.44,1.31369426751592,78.8216560509554,1.1407756890586
"1005","sampling_area=Area_03__season=Autumn__sex=F","prey_6",8,15,53.3333333333333,4.43,301.44,1.46961252653928,78.3793347487615,1.13437402974851
"1006","sampling_area=Area_03__season=Autumn__sex=F","prey_52",9,15,60,3.89,301.44,1.29047239915074,77.4283439490446,1.12061046223181
"1007","sampling_area=Area_03__season=Autumn__sex=F","prey_21",9,15,60,3.67,301.44,1.21748938428875,73.0493630573248,1.05723403506189
"1008","sampling_area=Area_03__season=Autumn__sex=F","prey_23",9,15,60,3.64,301.44,1.20753715498938,72.4522292993631,1.04859179499326
"1009","sampling_area=Area_03__season=Autumn__sex=F","prey_5",9,15,60,3.64,301.44,1.20753715498938,72.4522292993631,1.04859179499326
"1010","sampling_area=Area_03__season=Autumn__sex=F","prey_37",9,15,60,3.55,301.44,1.1776804670913,70.6608280254777,1.02266507478739
"1011","sampling_area=Area_03__season=Autumn__sex=F","prey_29",7,15,46.6666666666667,4.55,301.44,1.50942144373673,70.4396673743807,1.01946424513234
"1012","sampling_area=Area_03__season=Autumn__sex=F","prey_33",9,15,60,3.46,301.44,1.14782377919321,68.8694267515923,0.996738354581507
"1013","sampling_area=Area_03__season=Autumn__sex=F","prey_13",8,15,53.3333333333333,3.86,301.44,1.28052016985138,68.2944090587403,0.988416197478386
"1014","sampling_area=Area_03__season=Autumn__sex=F","prey_26",7,15,46.6666666666667,4.28,301.44,1.41985138004246,66.2597310686483,0.958968564651958
"1015","sampling_area=Area_03__season=Autumn__sex=F","prey_20",9,15,60,3.15,301.44,1.04498407643312,62.6990445859873,0.907435207205708
"1016","sampling_area=Area_03__season=Autumn__sex=F","prey_59",8,15,53.3333333333333,3.48,301.44,1.15445859872611,61.5711252653928,0.89111097596497
"1017","sampling_area=Area_03__season=Autumn__sex=F","prey_54",9,15,60,2.9,301.44,0.962048832271762,57.7229299363057,0.835416539967159
"1018","sampling_area=Area_03__season=Autumn__sex=F","prey_14",6,15,40,3.99,301.44,1.32364649681529,52.9458598726115,0.766278619418153
"1019","sampling_area=Area_03__season=Autumn__sex=F","prey_60",7,15,46.6666666666667,2.38,301.44,0.789543524416136,36.845364472753,0.533258220530762
"1020","sampling_area=Area_03__season=Autumn__sex=F","prey_35",7,15,46.6666666666667,2.37,301.44,0.786226114649682,36.6905520169851,0.531017639772229
"1021","sampling_area=Area_03__season=Autumn__sex=M","prey_51",21,23,91.304347826087,12.79,448.47,2.85191874595848,260.392581152731,3.86424291253336
"1022","sampling_area=Area_03__season=Autumn__sex=M","prey_58",20,23,86.9565217391304,11.13,448.47,2.48177135594354,215.806204864656,3.2025781761418
"1023","sampling_area=Area_03__season=Autumn__sex=M","prey_21",18,23,78.2608695652174,11.37,448.47,2.53528664124691,198.413737141062,2.94447281908886
"1024","sampling_area=Area_03__season=Autumn__sex=M","prey_45",19,23,82.6086956521739,10.32,448.47,2.30115726804469,190.095600403691,2.82103112658528
"1025","sampling_area=Area_03__season=Autumn__sex=M","prey_44",17,23,73.9130434782609,11.11,448.47,2.47731174883493,183.105651000842,2.71729982088006
"1026","sampling_area=Area_03__season=Autumn__sex=M","prey_55",18,23,78.2608695652174,9.89,448.47,2.20527571520949,172.586795103351,2.56119931229453
"1027","sampling_area=Area_03__season=Autumn__sex=M","prey_52",18,23,78.2608695652174,9.61,448.47,2.1428412156889,167.700616880001,2.48868810830642
"1028","sampling_area=Area_03__season=Autumn__sex=M","prey_25",17,23,73.9130434782609,9.76,448.47,2.1762882690035,160.856089448085,2.38711487414846
"1029","sampling_area=Area_03__season=Autumn__sex=M","prey_60",16,23,69.5652173913043,9.97,448.47,2.22311414364394,154.651418688274,2.29503715479847
"1030","sampling_area=Area_03__season=Autumn__sex=M","prey_31",17,23,73.9130434782609,8.92,448.47,1.98898477044172,147.011917815258,2.1816664628488
"1031","sampling_area=Area_03__season=Autumn__sex=M","prey_10",18,23,78.2608695652174,8.05,448.47,1.79499186121703,140.477623921333,2.08469711465834
"1032","sampling_area=Area_03__season=Autumn__sex=M","prey_11",16,23,69.5652173913043,9.04,448.47,2.01574241309341,140.225559171715,2.08095645730975
"1033","sampling_area=Area_03__season=Autumn__sex=M","prey_46",18,23,78.2608695652174,7.84,448.47,1.74816598657658,136.812990253819,2.03031371166725
"1034","sampling_area=Area_03__season=Autumn__sex=M","prey_30",17,23,73.9130434782609,8.23,448.47,1.83512832519455,135.639919688293,2.01290526785265
"1035","sampling_area=Area_03__season=Autumn__sex=M","prey_48",15,23,65.2173913043478,9.17,448.47,2.0447298592994,133.351947345613,1.97895160884234
"1036","sampling_area=Area_03__season=Autumn__sex=M","prey_54",17,23,73.9130434782609,8.02,448.47,1.78830245055411,132.178876780086,1.96154316502773
"1037","sampling_area=Area_03__season=Autumn__sex=M","prey_6",17,23,73.9130434782609,8.01,448.47,1.7860726469998,132.014065213029,1.9590973506075
"1038","sampling_area=Area_03__season=Autumn__sex=M","prey_23",18,23,78.2608695652174,7.35,448.47,1.63890561241555,128.262178362956,1.90341910468805
"1039","sampling_area=Area_03__season=Autumn__sex=M","prey_9",18,23,78.2608695652174,7.24,448.47,1.61437777331817,126.342608346639,1.87493256026415
"1040","sampling_area=Area_03__season=Autumn__sex=M","prey_34",14,23,60.8695652173913,9.04,448.47,2.01574241309341,122.697364275251,1.82083690014603
"1041","sampling_area=Area_03__season=Autumn__sex=M","prey_41",17,23,73.9130434782609,7.43,448.47,1.65674404085,122.454994323696,1.81724011423392
"1042","sampling_area=Area_03__season=Autumn__sex=M","prey_43",18,23,78.2608695652174,6.93,448.47,1.54525386313466,120.93291102793,1.79465229870588
"1043","sampling_area=Area_03__season=Autumn__sex=M","prey_49",16,23,69.5652173913043,7.68,448.47,1.71248912970767,119.12967858836,1.76789221151979
"1044","sampling_area=Area_03__season=Autumn__sex=M","prey_7",17,23,73.9130434782609,7.02,448.47,1.56532209512342,115.69772007434,1.71696172300432
"1045","sampling_area=Area_03__season=Autumn__sex=M","prey_14",13,23,56.5217391304348,8.72,448.47,1.94438869935559,109.900230833142,1.63092660398668
"1046","sampling_area=Area_03__season=Autumn__sex=M","prey_3",14,23,60.8695652173913,8,448.47,1.78384284344549,108.581738296682,1.6113600886248
"1047","sampling_area=Area_03__season=Autumn__sex=M","prey_42",15,23,65.2173913043478,7.39,448.47,1.64782482663277,107.466836519529,1.5948148734291
"1048","sampling_area=Area_03__season=Autumn__sex=M","prey_4",15,23,65.2173913043478,7.31,448.47,1.62998639819832,106.303460752064,1.57755030105098
"1049","sampling_area=Area_03__season=Autumn__sex=M","prey_32",16,23,69.5652173913043,6.83,448.47,1.52295582759159,105.944753223763,1.57222705790106
"1050","sampling_area=Area_03__season=Autumn__sex=M","prey_28",14,23,60.8695652173913,7.79,448.47,1.73701696880505,105.731467666394,1.5690618862984
"1051","sampling_area=Area_03__season=Autumn__sex=M","prey_15",14,23,60.8695652173913,7.66,448.47,1.70802952259906,103.967014419073,1.54287728485825
"1052","sampling_area=Area_03__season=Autumn__sex=M","prey_17",14,23,60.8695652173913,7.6,448.47,1.69465070127322,103.152651381848,1.53079208419356
"1053","sampling_area=Area_03__season=Autumn__sex=M","prey_16",14,23,60.8695652173913,7.47,448.47,1.66566325506723,101.388198134527,1.50460748275341
"1054","sampling_area=Area_03__season=Autumn__sex=M","prey_22",16,23,69.5652173913043,6.46,448.47,1.44045309608224,100.205432770938,1.48705516750232
"1055","sampling_area=Area_03__season=Autumn__sex=M","prey_38",17,23,73.9130434782609,6.08,448.47,1.35572056101857,100.205432770938,1.48705516750232
"1056","sampling_area=Area_03__season=Autumn__sex=M","prey_20",15,23,65.2173913043478,6.79,448.47,1.51403661337436,98.7415182635453,1.46533058059318
"1057","sampling_area=Area_03__season=Autumn__sex=M","prey_8",14,23,60.8695652173913,7.15,448.47,1.59430954132941,97.0449286026597,1.44015307920842
"1058","sampling_area=Area_03__season=Autumn__sex=M","prey_33",14,23,60.8695652173913,6.96,448.47,1.55194327379758,94.4661123181135,1.40188327710358
"1059","sampling_area=Area_03__season=Autumn__sex=M","prey_26",15,23,65.2173913043478,6.46,448.47,1.44045309608224,93.9425932227545,1.39411421953343
"1060","sampling_area=Area_03__season=Autumn__sex=M","prey_29",15,23,65.2173913043478,6.25,448.47,1.39362722144179,90.8887318331603,1.34879471704085
"1061","sampling_area=Area_03__season=Autumn__sex=M","prey_37",14,23,60.8695652173913,6.63,448.47,1.47835975650545,89.9871156133753,1.33541467344781
"1062","sampling_area=Area_03__season=Autumn__sex=M","prey_5",13,23,56.5217391304348,7.09,448.47,1.58093072000357,89.3569537393321,1.32606303007632
"1063","sampling_area=Area_03__season=Autumn__sex=M","prey_1",13,23,56.5217391304348,7.02,448.47,1.56532209512342,88.4747271156715,1.31297072935625
"1064","sampling_area=Area_03__season=Autumn__sex=M","prey_18",13,23,56.5217391304348,6.93,448.47,1.54525386313466,87.3404357423937,1.29613777128758
"1065","sampling_area=Area_03__season=Autumn__sex=M","prey_2",14,23,60.8695652173913,6.42,448.47,1.43153388186501,87.1368449830874,1.29311647112141
"1066","sampling_area=Area_03__season=Autumn__sex=M","prey_24",13,23,56.5217391304348,6.82,448.47,1.52072602403728,85.9540796194986,1.27556415587031
"1067","sampling_area=Area_03__season=Autumn__sex=M","prey_35",12,23,52.1739130434783,7.36,448.47,1.64113541596985,85.6244564853836,1.27067252702985
"1068","sampling_area=Area_03__season=Autumn__sex=M","prey_57",13,23,56.5217391304348,6.51,448.47,1.45160211385377,82.0470760004304,1.21758396696712
"1069","sampling_area=Area_03__season=Autumn__sex=M","prey_13",13,23,56.5217391304348,6.46,448.47,1.44045309608224,81.4169141263872,1.20823232359563
"1070","sampling_area=Area_03__season=Autumn__sex=M","prey_59",14,23,60.8695652173913,5.61,448.47,1.25091979396615,76.1429439805484,1.12996626214814
"1071","sampling_area=Area_03__season=Autumn__sex=M","prey_53",13,23,56.5217391304348,6.03,448.47,1.34457154324704,75.9975220096153,1.12780819060088
"1072","sampling_area=Area_03__season=Autumn__sex=M","prey_36",12,23,52.1739130434783,5.99,448.47,1.33565232902981,69.6862084711206,1.03414788544956
"1073","sampling_area=Area_03__season=Autumn__sex=M","prey_19",12,23,52.1739130434783,5.86,448.47,1.30666488282382,68.1738199734169,1.011703941358
"1074","sampling_area=Area_03__season=Autumn__sex=M","prey_40",14,23,60.8695652173913,5.01,448.47,1.11713158070774,67.9993136082972,1.00911425550128
"1075","sampling_area=Area_03__season=Autumn__sex=M","prey_56",13,23,56.5217391304348,4.99,448.47,1.11267197359913,62.8901550295158,0.933294008474028
"1076","sampling_area=Area_03__season=Autumn__sex=M","prey_12",12,23,52.1739130434783,5.13,448.47,1.14388922335942,59.6811768709264,0.885672562997705
"1077","sampling_area=Area_03__season=Autumn__sex=M","prey_50",12,23,52.1739130434783,5.07,448.47,1.13051040203358,58.9831514104477,0.875313819570831
"1078","sampling_area=Area_03__season=Autumn__sex=M","prey_39",11,23,47.8260869565217,5.41,448.47,1.20632372288001,57.6937432681746,0.856178918518412
"1079","sampling_area=Area_03__season=Autumn__sex=M","prey_27",13,23,56.5217391304348,4.01,448.47,0.894151225277053,50.5389822982682,0.750001798392956
"1080","sampling_area=Area_03__season=Autumn__sex=M","prey_47",9,23,39.1304347826087,3.28,448.47,0.731375565812652,28.6190438796255,0.424708480501824
"1081","sampling_area=Area_03__season=Spring__sex=F","prey_59",22,26,84.6153846153846,13.87,545.12,2.54439389492222,215.29486803188,3.14415897817409
"1082","sampling_area=Area_03__season=Spring__sex=F","prey_35",21,26,80.7692307692308,11.49,545.12,2.10779277957147,170.244801426926,2.48624932766477
"1083","sampling_area=Area_03__season=Spring__sex=F","prey_15",20,26,76.9230769230769,11.68,545.12,2.14264749046082,164.819037727755,2.40701165793232
"1084","sampling_area=Area_03__season=Spring__sex=F","prey_55",22,26,84.6153846153846,10.61,545.12,1.94636043439977,164.692036756903,2.40515694004521
"1085","sampling_area=Area_03__season=Spring__sex=F","prey_18",20,26,76.9230769230769,11.47,545.12,2.10412386263575,161.855681741212,2.36373490723319
"1086","sampling_area=Area_03__season=Spring__sex=F","prey_34",20,26,76.9230769230769,11.4,545.12,2.09128265336073,160.867896412364,2.34930932366682
"1087","sampling_area=Area_03__season=Spring__sex=F","prey_8",21,26,80.7692307692308,10.82,545.12,1.98488406222483,160.317558872006,2.3412722128227
"1088","sampling_area=Area_03__season=Spring__sex=F","prey_26",20,26,76.9230769230769,11.07,545.12,2.03074552392134,156.211194147795,2.28130300113962
"1089","sampling_area=Area_03__season=Spring__sex=F","prey_17",19,26,73.0769230769231,11.55,545.12,2.11879953037863,154.8353502969,2.26121022402931
"1090","sampling_area=Area_03__season=Spring__sex=F","prey_53",20,26,76.9230769230769,10.77,545.12,1.97571176988553,151.977828452733,2.21947907156944
"1091","sampling_area=Area_03__season=Spring__sex=F","prey_49",20,26,76.9230769230769,10.5,545.12,1.9261813912533,148.167799327177,2.16383753495628
"1092","sampling_area=Area_03__season=Spring__sex=F","prey_19",22,26,84.6153846153846,9.5,545.12,1.74273554446727,147.462238378,2.15353354669458
"1093","sampling_area=Area_03__season=Spring__sex=F","prey_6",21,26,80.7692307692308,9.89,545.12,1.81427942471382,146.537953534578,2.14003532207176
"1094","sampling_area=Area_03__season=Spring__sex=F","prey_20",20,26,76.9230769230769,10,545.12,1.83445846786029,141.112189835407,2.06079765233931
"1095","sampling_area=Area_03__season=Spring__sex=F","prey_50",19,26,73.0769230769231,10.38,545.12,1.90416788963898,139.150730396695,2.0321525649718
"1096","sampling_area=Area_03__season=Spring__sex=F","prey_38",20,26,76.9230769230769,9.64,545.12,1.76841796301732,136.032151001332,1.9866089368551
"1097","sampling_area=Area_03__season=Spring__sex=F","prey_60",21,26,80.7692307692308,9.16,545.12,1.68036395656002,135.721704183694,1.98207518201995
"1098","sampling_area=Area_03__season=Spring__sex=F","prey_23",18,26,69.2307692307692,10.44,545.12,1.91517464044614,132.589013569348,1.93632547413802
"1099","sampling_area=Area_03__season=Spring__sex=F","prey_24",19,26,73.0769230769231,9.82,545.12,1.8014382154388,131.643561897451,1.92251812986735
"1100","sampling_area=Area_03__season=Spring__sex=F","prey_16",18,26,69.2307692307692,10.26,545.12,1.88215438802466,130.302996094015,1.90294055217012
"1101","sampling_area=Area_03__season=Spring__sex=F","prey_45",17,26,65.3846153846154,10.62,545.12,1.94819489286763,127.381973764422,1.8602820407667
"1102","sampling_area=Area_03__season=Spring__sex=F","prey_10",19,26,73.0769230769231,9.3,545.12,1.70604637511007,124.672619719582,1.82071472584178
"1103","sampling_area=Area_03__season=Spring__sex=F","prey_57",17,26,65.3846153846154,10.36,545.12,1.90049897270326,124.263394369059,1.81473841265
"1104","sampling_area=Area_03__season=Spring__sex=F","prey_30",16,26,61.5384615384615,10.91,545.12,2.00139418843557,123.162719288343,1.79866419096175
"1105","sampling_area=Area_03__season=Spring__sex=F","prey_2",18,26,69.2307692307692,9.68,545.12,1.77575579688876,122.936939784606,1.79536691471801
"1106","sampling_area=Area_03__season=Spring__sex=F","prey_58",18,26,69.2307692307692,9.55,545.12,1.75190783680657,121.285927163532,1.77125558218564
"1107","sampling_area=Area_03__season=Spring__sex=F","prey_4",17,26,65.3846153846154,10.04,545.12,1.84179630173173,120.425142805536,1.75868471650637
"1108","sampling_area=Area_03__season=Spring__sex=F","prey_1",19,26,73.0769230769231,8.96,545.12,1.64367478720282,120.114695987898,1.75415096167122
"1109","sampling_area=Area_03__season=Spring__sex=F","prey_21",18,26,69.2307692307692,9.18,545.12,1.68403287349574,116.586891242013,1.70263102036274
"1110","sampling_area=Area_03__season=Spring__sex=F","prey_29",18,26,69.2307692307692,9.06,545.12,1.66201937188142,115.062879591791,1.68037440571748
"1111","sampling_area=Area_03__season=Spring__sex=F","prey_12",17,26,65.3846153846154,9.33,545.12,1.71154975051365,111.909022148969,1.63431557818769
"1112","sampling_area=Area_03__season=Spring__sex=F","prey_40",16,26,61.5384615384615,9.83,545.12,1.80327267390666,110.970626086564,1.62061127379964
"1113","sampling_area=Area_03__season=Spring__sex=F","prey_54",18,26,69.2307692307692,8.52,545.12,1.56295861461696,108.20482716579,1.58021963981379
"1114","sampling_area=Area_03__season=Spring__sex=F","prey_5",19,26,73.0769230769231,7.92,545.12,1.45289110654535,106.17281163216,1.5505441536201
"1115","sampling_area=Area_03__season=Spring__sex=F","prey_46",18,26,69.2307692307692,8.28,545.12,1.51893161138832,105.156803865345,1.53570641052326
"1116","sampling_area=Area_03__season=Spring__sex=F","prey_36",17,26,65.3846153846154,8.75,545.12,1.60515115937775,104.952191190084,1.53271825392737
"1117","sampling_area=Area_03__season=Spring__sex=F","prey_42",19,26,73.0769230769231,7.81,545.12,1.43271206339888,104.69818924838,1.52900881815315
"1118","sampling_area=Area_03__season=Spring__sex=F","prey_7",17,26,65.3846153846154,8.53,545.12,1.56479307308483,102.313393240162,1.49418133782862
"1119","sampling_area=Area_03__season=Spring__sex=F","prey_48",15,26,57.6923076923077,9.18,545.12,1.68403287349574,97.1557427016775,1.41885918363562
"1120","sampling_area=Area_03__season=Spring__sex=F","prey_32",17,26,65.3846153846154,7.87,545.12,1.44371881420605,94.3969993903954,1.37857058953238
"1121","sampling_area=Area_03__season=Spring__sex=F","prey_56",18,26,69.2307692307692,7.42,545.12,1.36116818315233,94.2347203720846,1.37620067223219
"1122","sampling_area=Area_03__season=Spring__sex=F","prey_27",17,26,65.3846153846154,7.84,545.12,1.43821543880247,94.0371633063151,1.37331555551892
"1123","sampling_area=Area_03__season=Spring__sex=F","prey_28",14,26,53.8461538461538,9.44,545.12,1.73172879366011,93.2469350432368,1.36177508866582
"1124","sampling_area=Area_03__season=Spring__sex=F","prey_52",16,26,61.5384615384615,8.24,545.12,1.51159377751688,93.0211555395001,1.35847781242208
"1125","sampling_area=Area_03__season=Spring__sex=F","prey_39",15,26,57.6923076923077,8.67,545.12,1.59047549163487,91.7582014404732,1.34003367343364
"1126","sampling_area=Area_03__season=Spring__sex=F","prey_44",16,26,61.5384615384615,8.1,545.12,1.48591135896683,91.4406990133436,1.33539687871588
"1127","sampling_area=Area_03__season=Spring__sex=F","prey_41",15,26,57.6923076923077,8.62,545.12,1.58130319929557,91.2290307285904,1.33230568223737
"1128","sampling_area=Area_03__season=Spring__sex=F","prey_31",16,26,61.5384615384615,7.59,545.12,1.39235397710596,85.683321668059,1.25131633450043
"1129","sampling_area=Area_03__season=Spring__sex=F","prey_43",15,26,57.6923076923077,8.09,545.12,1.48407690049897,85.619821182633,1.25038897555688
"1130","sampling_area=Area_03__season=Spring__sex=F","prey_13",18,26,69.2307692307692,6.28,545.12,1.15203991781626,79.7566096949719,1.16476283310218
"1131","sampling_area=Area_03__season=Spring__sex=F","prey_37",15,26,57.6923076923077,7.48,545.12,1.3721749339595,79.1639384976632,1.15610748296236
"1132","sampling_area=Area_03__season=Spring__sex=F","prey_25",14,26,53.8461538461538,7.91,545.12,1.45105664807749,78.1338195118647,1.14106366010028
"1133","sampling_area=Area_03__season=Spring__sex=F","prey_51",15,26,57.6923076923077,7.22,545.12,1.32447901379513,76.4122507958727,1.11592192874174
"1134","sampling_area=Area_03__season=Spring__sex=F","prey_14",13,26,50,7.87,545.12,1.44371881420605,72.1859407103023,1.05420103905418
"1135","sampling_area=Area_03__season=Spring__sex=F","prey_11",17,26,65.3846153846154,5.44,545.12,0.997945406515997,65.2502765798921,0.952912834441699
"1136","sampling_area=Area_03__season=Spring__sex=F","prey_33",12,26,46.1538461538462,6.6,545.12,1.21074258878779,55.8804271748211,0.816075870326369
"1137","sampling_area=Area_03__season=Spring__sex=F","prey_22",12,26,46.1538461538462,6.28,545.12,1.15203991781626,53.1710731299813,0.776508555401454
"1138","sampling_area=Area_03__season=Spring__sex=F","prey_3",14,26,53.8461538461538,5.36,545.12,0.983269738773114,52.9452936262446,0.773211279157711
"1139","sampling_area=Area_03__season=Spring__sex=F","prey_9",12,26,46.1538461538462,6.08,545.12,1.11535074845905,51.4777268519564,0.751778983573382
"1140","sampling_area=Area_03__season=Spring__sex=F","prey_47",11,26,42.3076923076923,6.59,545.12,1.20890813031993,51.1461132058432,0.746936109090385
"1141","sampling_area=Area_03__season=Spring__sex=M","prey_27",11,14,78.5714285714286,7.82,272.19,2.87299312979904,225.73517448421,3.35586965087564
"1142","sampling_area=Area_03__season=Spring__sex=M","prey_40",12,14,85.7142857142857,6.57,272.19,2.41375509754216,206.893294075042,3.07575869884952
"1143","sampling_area=Area_03__season=Spring__sex=M","prey_34",11,14,78.5714285714286,6.66,272.19,2.44682023586465,192.250161389366,2.85806801468437
"1144","sampling_area=Area_03__season=Spring__sex=M","prey_59",11,14,78.5714285714286,6.57,272.19,2.41375509754216,189.652186235455,2.81944547394539
"1145","sampling_area=Area_03__season=Spring__sex=M","prey_10",11,14,78.5714285714286,6.54,272.19,2.40273338476799,188.786194517485,2.80657129369906
"1146","sampling_area=Area_03__season=Spring__sex=M","prey_31",11,14,78.5714285714286,6.4,272.19,2.35129872515522,184.744899833625,2.74649178588288
"1147","sampling_area=Area_03__season=Spring__sex=M","prey_52",12,14,85.7142857142857,5.65,272.19,2.0757559058011,177.921934782951,2.64505885060879
"1148","sampling_area=Area_03__season=Spring__sex=M","prey_13",12,14,85.7142857142857,5.29,272.19,1.94349535251111,166.585315929524,2.47652412738416
"1149","sampling_area=Area_03__season=Spring__sex=M","prey_3",11,14,78.5714285714286,5.73,272.19,2.10514713986554,165.404418132292,2.45896842704826
"1150","sampling_area=Area_03__season=Spring__sex=M","prey_7",10,14,71.4285714285714,6.16,272.19,2.2631250229619,161.651787354422,2.40318031264752
"1151","sampling_area=Area_03__season=Spring__sex=M","prey_22",10,14,71.4285714285714,6.11,272.19,2.24475550167163,160.33967869083,2.38367397894096
"1152","sampling_area=Area_03__season=Spring__sex=M","prey_42",11,14,78.5714285714286,5.49,272.19,2.01697343767221,158.476484388531,2.35597498507765
"1153","sampling_area=Area_03__season=Spring__sex=M","prey_8",11,14,78.5714285714286,5.37,272.19,1.97288658657555,155.012517516651,2.30447826409235
"1154","sampling_area=Area_03__season=Spring__sex=M","prey_1",9,14,64.2857142857143,6.55,272.19,2.40640728902605,154.697611437389,2.29979674400278
"1155","sampling_area=Area_03__season=Spring__sex=M","prey_56",9,14,64.2857142857143,6.27,272.19,2.30353796980051,148.08458377289,2.20148482212174
"1156","sampling_area=Area_03__season=Spring__sex=M","prey_51",10,14,71.4285714285714,5.38,272.19,1.97656049083361,141.182892202401,2.09888150682527
"1157","sampling_area=Area_03__season=Spring__sex=M","prey_24",11,14,78.5714285714286,4.85,272.19,1.78184356515669,140.001994405169,2.08132580648937
"1158","sampling_area=Area_03__season=Spring__sex=M","prey_4",11,14,78.5714285714286,4.78,272.19,1.75612623535031,137.981347063238,2.05128605258127
"1159","sampling_area=Area_03__season=Spring__sex=M","prey_16",10,14,71.4285714285714,5.2,272.19,1.91043021418862,136.459301013473,2.02865870548167
"1160","sampling_area=Area_03__season=Spring__sex=M","prey_28",11,14,78.5714285714286,4.71,272.19,1.73040890554392,135.960699721308,2.02124629867318
"1161","sampling_area=Area_03__season=Spring__sex=M","prey_23",11,14,78.5714285714286,4.67,272.19,1.7157132885117,134.806044097348,2.00408072501141
"1162","sampling_area=Area_03__season=Spring__sex=M","prey_17",10,14,71.4285714285714,5.13,272.19,1.88471288438223,134.622348884445,2.00134983829249
"1163","sampling_area=Area_03__season=Spring__sex=M","prey_32",9,14,64.2857142857143,5.58,272.19,2.05003857599471,131.788194171089,1.95921615748634
"1164","sampling_area=Area_03__season=Spring__sex=M","prey_19",9,14,64.2857142857143,5.49,272.19,2.01697343767221,129.662578136071,1.92761589688172
"1165","sampling_area=Area_03__season=Spring__sex=M","prey_38",10,14,71.4285714285714,4.82,272.19,1.77082185238253,126.48727517018,1.88041056931186
"1166","sampling_area=Area_03__season=Spring__sex=M","prey_29",9,14,64.2857142857143,5.13,272.19,1.88471288438223,121.160113996001,1.80121485446324
"1167","sampling_area=Area_03__season=Spring__sex=M","prey_5",9,14,64.2857142857143,5.09,272.19,1.87001726735001,120.215395758215,1.78717029419453
"1168","sampling_area=Area_03__season=Spring__sex=M","prey_9",10,14,71.4285714285714,4.42,272.19,1.62386568206033,115.990405861452,1.72435989965942
"1169","sampling_area=Area_03__season=Spring__sex=M","prey_26",9,14,64.2857142857143,4.86,272.19,1.78551746941475,114.783265890948,1.70641407264939
"1170","sampling_area=Area_03__season=Spring__sex=M","prey_14",10,14,71.4285714285714,4.28,272.19,1.57243102244756,112.316501603397,1.66974216528107
"1171","sampling_area=Area_03__season=Spring__sex=M","prey_36",10,14,71.4285714285714,3.9,272.19,1.43282266064146,102.344475760105,1.52149402911125
"1172","sampling_area=Area_03__season=Spring__sex=M","prey_21",8,14,57.1428571428571,4.87,272.19,1.7891913736728,102.239507067017,1.51993352241473
"1173","sampling_area=Area_03__season=Spring__sex=M","prey_57",9,14,64.2857142857143,4.29,272.19,1.57610492670561,101.321031002504,1.50627908882014
"1174","sampling_area=Area_03__season=Spring__sex=M","prey_60",10,14,71.4285714285714,3.81,272.19,1.39975752231897,99.9826801656406,1.48638262843945
"1175","sampling_area=Area_03__season=Spring__sex=M","prey_44",9,14,64.2857142857143,4.15,272.19,1.52467026709284,98.014517170254,1.45712312787962
"1176","sampling_area=Area_03__season=Spring__sex=M","prey_48",8,14,57.1428571428571,4.53,272.19,1.66427862889893,95.1016359370818,1.41381906705107
"1177","sampling_area=Area_03__season=Spring__sex=M","prey_43",8,14,57.1428571428571,4.52,272.19,1.66060472464088,94.8916985509072,1.41069805365802
"1178","sampling_area=Area_03__season=Spring__sex=M","prey_54",8,14,57.1428571428571,4.48,272.19,1.64590910760866,94.0519490062089,1.39821400008583
"1179","sampling_area=Area_03__season=Spring__sex=M","prey_33",8,14,57.1428571428571,4.47,272.19,1.6422352033506,93.8420116200343,1.39509298669278
"1180","sampling_area=Area_03__season=Spring__sex=M","prey_2",9,14,64.2857142857143,3.91,272.19,1.43649656489952,92.3462077435405,1.37285576626731
"1181","sampling_area=Area_03__season=Spring__sex=M","prey_39",8,14,57.1428571428571,4.13,272.19,1.51732245857673,86.7041404900988,1.28897853132912
"1182","sampling_area=Area_03__season=Spring__sex=M","prey_30",8,14,57.1428571428571,3.98,272.19,1.4622138947059,83.5550796974802,1.24216333043339
"1183","sampling_area=Area_03__season=Spring__sex=M","prey_50",9,14,64.2857142857143,3.35,272.19,1.23075792644844,79.1201524145424,1.17623192250524
"1184","sampling_area=Area_03__season=Spring__sex=M","prey_45",7,14,50,4.26,272.19,1.56508321393144,78.2541606965722,1.16335774225891
"1185","sampling_area=Area_03__season=Spring__sex=M","prey_11",8,14,57.1428571428571,3.69,272.19,1.35567067122231,77.4668954984176,1.15165394203498
"1186","sampling_area=Area_03__season=Spring__sex=M","prey_47",10,14,71.4285714285714,2.82,272.19,1.03604100077152,74.0029286265371,1.10015722104967
"1187","sampling_area=Area_03__season=Spring__sex=M","prey_18",7,14,50,3.82,272.19,1.40343142657702,70.1715713288512,1.04319872662654
"1188","sampling_area=Area_03__season=Spring__sex=M","prey_15",8,14,57.1428571428571,3.34,272.19,1.22708402219038,70.1190869823075,1.04241847327827
"1189","sampling_area=Area_03__season=Spring__sex=M","prey_41",8,14,57.1428571428571,3.2,272.19,1.17564936257761,67.1799635758635,0.998724285775591
"1190","sampling_area=Area_03__season=Spring__sex=M","prey_53",8,14,57.1428571428571,3.17,272.19,1.16462764980345,66.5501514173398,0.989361245596445
"1191","sampling_area=Area_03__season=Spring__sex=M","prey_49",7,14,50,3.61,272.19,1.32627943715787,66.3139718578934,0.985850105529265
"1192","sampling_area=Area_03__season=Spring__sex=M","prey_6",6,14,42.8571428571429,3.87,272.19,1.4218009478673,60.9343263371699,0.905874137332392
"1193","sampling_area=Area_03__season=Spring__sex=M","prey_35",8,14,57.1428571428571,2.82,272.19,1.03604100077152,59.2023429012297,0.88012577683974
"1194","sampling_area=Area_03__season=Spring__sex=M","prey_55",8,14,57.1428571428571,2.67,272.19,0.980932436900694,56.0532821086111,0.833310575944009
"1195","sampling_area=Area_03__season=Spring__sex=M","prey_25",6,14,42.8571428571429,2.61,272.19,0.958889011352364,41.0952433436727,0.610938371689287
"1196","sampling_area=Area_03__season=Spring__sex=M","prey_37",6,14,42.8571428571429,2.6,272.19,0.955215107094309,40.9377903040418,0.608597611644501
"1197","sampling_area=Area_03__season=Spring__sex=M","prey_20",5,14,35.7142857142857,3.02,272.19,1.10951908593262,39.6256816404507,0.589091277937947
"1198","sampling_area=Area_03__season=Spring__sex=M","prey_12",6,14,42.8571428571429,2.45,272.19,0.900106543223484,38.5759947095779,0.573486210972703
"1199","sampling_area=Area_03__season=Spring__sex=M","prey_46",7,14,50,1.14,272.19,0.418825085418274,20.9412542709137,0.31132108595661
"1200","sampling_area=Area_03__season=Spring__sex=M","prey_58",2,14,14.2857142857143,1.14,272.19,0.418825085418274,5.98321550597534,0.0889488817018886
"1201","sampling_area=Area_03__season=Summer__sex=F","prey_45",16,20,80,10.93,391.49,2.79189762190605,223.351809752484,3.33766573338754
"1202","sampling_area=Area_03__season=Summer__sex=F","prey_33",17,20,85,9.4,391.49,2.40108304171243,204.092058545557,3.04985695445636
"1203","sampling_area=Area_03__season=Summer__sex=F","prey_42",15,20,75,8.95,391.49,2.2861375769496,171.46031827122,2.56222338007363
"1204","sampling_area=Area_03__season=Summer__sex=F","prey_54",16,20,80,8.19,391.49,2.09200745868349,167.360596694679,2.50095904450539
"1205","sampling_area=Area_03__season=Summer__sex=F","prey_53",15,20,75,8.57,391.49,2.18907251781655,164.180438836241,2.45343624214872
"1206","sampling_area=Area_03__season=Summer__sex=F","prey_30",15,20,75,8.12,391.49,2.07412705305372,155.559528979029,2.32460936829027
"1207","sampling_area=Area_03__season=Summer__sex=F","prey_34",13,20,65,9.28,391.49,2.37043091777568,154.078009655419,2.30247023144941
"1208","sampling_area=Area_03__season=Summer__sex=F","prey_51",14,20,70,8.33,391.49,2.12776826994304,148.943778896013,2.22574667101815
"1209","sampling_area=Area_03__season=Summer__sex=F","prey_10",16,20,80,7.24,391.49,1.84934481085085,147.947584868068,2.21086001003895
"1210","sampling_area=Area_03__season=Summer__sex=F","prey_39",18,20,90,6.3,391.49,1.60923650667961,144.831285601165,2.16429148082197
"1211","sampling_area=Area_03__season=Summer__sex=F","prey_58",14,20,70,7.91,391.49,2.0204858361644,141.434008531508,2.11352414979035
"1212","sampling_area=Area_03__season=Summer__sex=F","prey_37",16,20,80,6.83,391.49,1.74461672073361,139.569337658689,2.08565937411133
"1213","sampling_area=Area_03__season=Summer__sex=F","prey_60",15,20,75,7.27,391.49,1.85700784183504,139.275588137628,2.08126971766875
"1214","sampling_area=Area_03__season=Summer__sex=F","prey_38",13,20,65,8.36,391.49,2.13543130092723,138.80303456027,2.07420809643503
"1215","sampling_area=Area_03__season=Summer__sex=F","prey_27",14,20,70,7.73,391.49,1.97450765025927,138.215535518149,2.06542878354986
"1216","sampling_area=Area_03__season=Summer__sex=F","prey_36",15,20,75,7.16,391.49,1.82891006155968,137.168254616976,2.04977870405891
"1217","sampling_area=Area_03__season=Summer__sex=F","prey_31",14,20,70,7.46,391.49,1.90554037140157,133.38782599811,1.99328573418913
"1218","sampling_area=Area_03__season=Summer__sex=F","prey_32",15,20,75,6.94,391.49,1.77271450100897,132.953587575672,1.98679667683922
"1219","sampling_area=Area_03__season=Summer__sex=F","prey_46",14,20,70,7.39,391.49,1.88765996577179,132.136197604026,1.97458198065116
"1220","sampling_area=Area_03__season=Summer__sex=F","prey_17",13,20,65,7.89,391.49,2.01537714884161,130.999514674704,1.95759591876464
"1221","sampling_area=Area_03__season=Summer__sex=F","prey_23",14,20,70,7.28,391.49,1.85956218549644,130.169352984751,1.94519036794864
"1222","sampling_area=Area_03__season=Summer__sex=F","prey_55",14,20,70,7.19,391.49,1.83657309254387,128.560116478071,1.92114268482839
"1223","sampling_area=Area_03__season=Summer__sex=F","prey_15",14,20,70,7.17,391.49,1.83146440522108,128.202508365475,1.91579875524612
"1224","sampling_area=Area_03__season=Summer__sex=F","prey_56",15,20,75,6.58,391.49,1.6807581291987,126.056859689903,1.88373517775246
"1225","sampling_area=Area_03__season=Summer__sex=F","prey_16",13,20,65,7.59,391.49,1.93874683899972,126.018544534982,1.88316261386864
"1226","sampling_area=Area_03__season=Summer__sex=F","prey_50",13,20,65,7.54,391.49,1.92597512069274,125.188382845028,1.87075706305264
"1227","sampling_area=Area_03__season=Summer__sex=F","prey_9",12,20,60,7.97,391.49,2.03581189813277,122.148713887966,1.82533366160329
"1228","sampling_area=Area_03__season=Summer__sex=F","prey_2",14,20,70,6.66,391.49,1.70119287848987,119.083501494291,1.77952855089807
"1229","sampling_area=Area_03__season=Summer__sex=F","prey_3",16,20,80,5.79,391.49,1.4789649799484,118.317198395872,1.76807727322176
"1230","sampling_area=Area_03__season=Summer__sex=F","prey_11",15,20,75,6.13,391.49,1.56581266443587,117.43594983269,1.75490830389401
"1231","sampling_area=Area_03__season=Summer__sex=F","prey_5",14,20,70,6.41,391.49,1.63733428695497,114.613400086848,1.71272943111961
"1232","sampling_area=Area_03__season=Summer__sex=F","prey_24",14,20,70,6.39,391.49,1.63222559963217,114.255791974252,1.70738550153733
"1233","sampling_area=Area_03__season=Summer__sex=F","prey_28",13,20,65,6.52,391.49,1.66543206723033,108.253084369971,1.61768382640626
"1234","sampling_area=Area_03__season=Summer__sex=F","prey_20",13,20,65,6.48,391.49,1.65521469258474,107.588955018008,1.60775938575347
"1235","sampling_area=Area_03__season=Summer__sex=F","prey_4",13,20,65,6.46,391.49,1.65010600526195,107.256890342027,1.60279716542707
"1236","sampling_area=Area_03__season=Summer__sex=F","prey_43",12,20,60,6.84,391.49,1.747171064395,104.8302638637,1.56653478611876
"1237","sampling_area=Area_03__season=Summer__sex=F","prey_7",12,20,60,6.46,391.49,1.65010600526195,99.0063603157169,1.47950507577883
"1238","sampling_area=Area_03__season=Summer__sex=F","prey_26",13,20,65,5.9,391.49,1.50706276022376,97.9590794145444,1.46385499628788
"1239","sampling_area=Area_03__season=Summer__sex=F","prey_29",13,20,65,5.67,391.49,1.44831285601165,94.1403356407571,1.40678946253428
"1240","sampling_area=Area_03__season=Summer__sex=F","prey_47",12,20,60,6.03,391.49,1.54026922782191,92.4161536693147,1.38102408776259
"1241","sampling_area=Area_03__season=Summer__sex=F","prey_44",12,20,60,5.96,391.49,1.52238882219214,91.3433293315283,1.36499229901576
"1242","sampling_area=Area_03__season=Summer__sex=F","prey_59",11,20,55,6.43,391.49,1.64244297427776,90.3343635852768,1.34991478340863
"1243","sampling_area=Area_03__season=Summer__sex=F","prey_8",12,20,60,5.77,391.49,1.47385629262561,88.4313775575366,1.3214774438458
"1244","sampling_area=Area_03__season=Summer__sex=F","prey_6",13,20,65,5.15,391.49,1.31548698561905,85.506654065238,1.27777173404789
"1245","sampling_area=Area_03__season=Summer__sex=F","prey_52",12,20,60,5.56,391.49,1.42021507573629,85.2129045441774,1.27338207760531
"1246","sampling_area=Area_03__season=Summer__sex=F","prey_1",11,20,55,5.6,391.49,1.43043245038187,78.6737847710031,1.17566450810082
"1247","sampling_area=Area_03__season=Summer__sex=F","prey_40",11,20,55,5.44,391.49,1.38956295179954,76.4259623489744,1.14207409358366
"1248","sampling_area=Area_03__season=Summer__sex=F","prey_19",12,20,60,4.75,391.49,1.2133132391632,72.7987943497918,1.08787137924914
"1249","sampling_area=Area_03__season=Summer__sex=F","prey_12",10,20,50,5.54,391.49,1.4151063884135,70.7553194206749,1.05733463877899
"1250","sampling_area=Area_03__season=Summer__sex=F","prey_18",11,20,55,4.66,391.49,1.19032414621063,65.4678280415847,0.978320822812472
"1251","sampling_area=Area_03__season=Summer__sex=F","prey_35",11,20,55,4.64,391.49,1.18521545888784,65.1868502388311,0.974122020997826
"1252","sampling_area=Area_03__season=Summer__sex=F","prey_57",10,20,50,5.02,391.49,1.28228051802089,64.1140259010447,0.958090232250997
"1253","sampling_area=Area_03__season=Summer__sex=F","prey_14",10,20,50,4.95,391.49,1.26440011239112,63.2200056195561,0.944730408295306
"1254","sampling_area=Area_03__season=Summer__sex=F","prey_41",9,20,45,5.49,391.49,1.40233467010652,63.1050601547932,0.94301271664386
"1255","sampling_area=Area_03__season=Summer__sex=F","prey_22",12,20,60,3.94,391.49,1.0064114025901,60.3846841554063,0.902360680892971
"1256","sampling_area=Area_03__season=Summer__sex=F","prey_25",9,20,45,4.99,391.49,1.27461748703671,57.3577869166518,0.857128134071559
"1257","sampling_area=Area_03__season=Summer__sex=F","prey_13",10,20,50,4.06,391.49,1.03706352652686,51.8531763263429,0.774869789430089
"1258","sampling_area=Area_03__season=Summer__sex=F","prey_48",10,20,50,3.79,391.49,0.968096247669161,48.4048123834581,0.723339039886709
"1259","sampling_area=Area_03__season=Summer__sex=F","prey_21",10,20,50,3.48,391.49,0.888911594165879,44.445579708294,0.664174105225791
"1260","sampling_area=Area_03__season=Summer__sex=F","prey_49",11,20,55,2.96,391.49,0.756085723773276,41.5847148075302,0.621422668567579
"1261","sampling_area=Area_03__season=Summer__sex=M","prey_5",13,16,81.25,6.91,311.16,2.22072245789947,180.433699704332,2.72893528082242
"1262","sampling_area=Area_03__season=Summer__sex=M","prey_17",12,16,75,7.2,311.16,2.31392209795604,173.544157346703,2.6247357036965
"1263","sampling_area=Area_03__season=Summer__sex=M","prey_52",12,16,75,7.15,311.16,2.29785319449801,172.338989587351,2.60650837242083
"1264","sampling_area=Area_03__season=Summer__sex=M","prey_27",12,16,75,6.89,311.16,2.21429489651626,166.07211723872,2.51172624978735
"1265","sampling_area=Area_03__season=Summer__sex=M","prey_3",12,16,75,6.62,311.16,2.12752281784291,159.564211338218,2.41329866089873
"1266","sampling_area=Area_03__season=Summer__sex=M","prey_11",13,16,81.25,6.03,311.16,1.93790975703818,157.455167759352,2.38140083116631
"1267","sampling_area=Area_03__season=Summer__sex=M","prey_45",13,16,81.25,5.96,311.16,1.91541329219694,155.627329991001,2.35375604539821
"1268","sampling_area=Area_03__season=Summer__sex=M","prey_51",12,16,75,6.44,311.16,2.06967476539401,155.225607404551,2.34768026830632
"1269","sampling_area=Area_03__season=Summer__sex=M","prey_31",13,16,81.25,5.93,311.16,1.90577195012212,154.843970947423,2.34190828006902
"1270","sampling_area=Area_03__season=Summer__sex=M","prey_14",12,16,75,6.33,311.16,2.03432317778635,152.574238333976,2.30758013949984
"1271","sampling_area=Area_03__season=Summer__sex=M","prey_36",12,16,75,6.03,311.16,1.93790975703818,145.343231777863,2.19821615184582
"1272","sampling_area=Area_03__season=Summer__sex=M","prey_20",11,16,68.75,6.56,311.16,2.10824013369328,144.941509191413,2.19214037475393
"1273","sampling_area=Area_03__season=Summer__sex=M","prey_60",12,16,75,5.4,311.16,1.73544157346703,130.158118010027,1.96855177777238
"1274","sampling_area=Area_03__season=Summer__sex=M","prey_4",11,16,68.75,5.83,311.16,1.87363414320607,128.812347345417,1.94819792451455
"1275","sampling_area=Area_03__season=Summer__sex=M","prey_38",10,16,62.5,6.4,311.16,2.05681964262759,128.551227664224,1.94424866940482
"1276","sampling_area=Area_03__season=Summer__sex=M","prey_59",11,16,68.75,5.77,311.16,1.85435145905643,127.48666281013,1.92814786011131
"1277","sampling_area=Area_03__season=Summer__sex=M","prey_23",11,16,68.75,5.75,311.16,1.84792389767322,127.044767965034,1.92146450531023
"1278","sampling_area=Area_03__season=Summer__sex=M","prey_57",10,16,62.5,6.29,311.16,2.02146805501993,126.341753438745,1.91083189539942
"1279","sampling_area=Area_03__season=Summer__sex=M","prey_44",10,16,62.5,6.24,311.16,2.0053991515619,125.337446972619,1.8956424526697
"1280","sampling_area=Area_03__season=Summer__sex=M","prey_15",9,16,56.25,6.92,311.16,2.22393623859108,125.096413420748,1.89199698641456
"1281","sampling_area=Area_03__season=Summer__sex=M","prey_39",11,16,68.75,5.65,311.16,1.81578609075717,124.835293739555,1.88804773130483
"1282","sampling_area=Area_03__season=Summer__sex=M","prey_22",11,16,68.75,5.62,311.16,1.80614474868235,124.172451471912,1.87802269910322
"1283","sampling_area=Area_03__season=Summer__sex=M","prey_41",12,16,75,5.08,311.16,1.63260059133565,122.445044350174,1.85189685760809
"1284","sampling_area=Area_03__season=Summer__sex=M","prey_34",10,16,62.5,6.06,311.16,1.947551099113,121.721943694562,1.84096045884269
"1285","sampling_area=Area_03__season=Summer__sex=M","prey_40",10,16,62.5,5.98,311.16,1.92184085358015,120.115053348759,1.81665735047513
"1286","sampling_area=Area_03__season=Summer__sex=M","prey_54",12,16,75,4.97,311.16,1.59724900372799,119.793675279599,1.81179672880161
"1287","sampling_area=Area_03__season=Summer__sex=M","prey_56",11,16,68.75,5.4,311.16,1.73544157346703,119.311608175858,1.80450579629135
"1288","sampling_area=Area_03__season=Summer__sex=M","prey_47",10,16,62.5,5.84,311.16,1.87684792389767,117.302995243605,1.7741269108319
"1289","sampling_area=Area_03__season=Summer__sex=M","prey_49",11,16,68.75,5.07,311.16,1.62938681064404,112.020343231778,1.69423044207354
"1290","sampling_area=Area_03__season=Summer__sex=M","prey_19",10,16,62.5,5.57,311.16,1.79007584522432,111.87974032652,1.69210392009138
"1291","sampling_area=Area_03__season=Summer__sex=M","prey_48",10,16,62.5,5.5,311.16,1.76757938038308,110.473711273943,1.67083870026976
"1292","sampling_area=Area_03__season=Summer__sex=M","prey_28",11,16,68.75,4.98,311.16,1.60046278441959,110.031816428847,1.66415534546869
"1293","sampling_area=Area_03__season=Summer__sex=M","prey_25",12,16,75,4.53,311.16,1.45584265329734,109.1881989973,1.65139621357572
"1294","sampling_area=Area_03__season=Summer__sex=M","prey_43",11,16,68.75,4.94,311.16,1.58760766165317,109.148026738655,1.65078863586653
"1295","sampling_area=Area_03__season=Summer__sex=M","prey_16",10,16,62.5,5.36,311.16,1.7225864507006,107.661653168788,1.62830826062653
"1296","sampling_area=Area_03__season=Summer__sex=M","prey_21",10,16,62.5,5.3,311.16,1.70330376655097,106.456485409436,1.61008092935086
"1297","sampling_area=Area_03__season=Summer__sex=M","prey_30",12,16,75,4.38,311.16,1.40763594292325,105.572695719244,1.59671421974871
"1298","sampling_area=Area_03__season=Summer__sex=M","prey_12",10,16,62.5,5.16,311.16,1.65831083686849,103.644427304281,1.56755048970763
"1299","sampling_area=Area_03__season=Summer__sex=M","prey_26",11,16,68.75,4.58,311.16,1.47191155675537,101.193919526931,1.5304882494471
"1300","sampling_area=Area_03__season=Summer__sex=M","prey_6",11,16,68.75,4.57,311.16,1.46869777606376,100.972972104384,1.52714657204656
"1301","sampling_area=Area_03__season=Summer__sex=M","prey_29",10,16,62.5,4.91,311.16,1.57796631957835,98.622894973647,1.49160327605901
"1302","sampling_area=Area_03__season=Summer__sex=M","prey_53",11,16,68.75,4.44,311.16,1.42691862707289,98.1006556112611,1.48370476583955
"1303","sampling_area=Area_03__season=Summer__sex=M","prey_2",11,16,68.75,4.4,311.16,1.41406350430647,97.2168659210696,1.47033805623739
"1304","sampling_area=Area_03__season=Summer__sex=M","prey_1",9,16,56.25,5.21,311.16,1.67437974032652,94.1838603933667,1.42446593919362
"1305","sampling_area=Area_03__season=Summer__sex=M","prey_9",10,16,62.5,4.5,311.16,1.44620131122252,90.3875819514076,1.36704984567526
"1306","sampling_area=Area_03__season=Summer__sex=M","prey_18",8,16,50,5.23,311.16,1.68080730170973,84.0403650854866,1.2710525676234
"1307","sampling_area=Area_03__season=Summer__sex=M","prey_42",10,16,62.5,4.16,311.16,1.33693276770793,83.5582979817457,1.26376163511313
"1308","sampling_area=Area_03__season=Summer__sex=M","prey_24",8,16,50,5.04,311.16,1.61974546856922,80.9872734284612,1.22487666172503
"1309","sampling_area=Area_03__season=Summer__sex=M","prey_7",9,16,56.25,4.42,311.16,1.42049106568968,79.9026224450443,1.20847206357693
"1310","sampling_area=Area_03__season=Summer__sex=M","prey_58",9,16,56.25,4.28,311.16,1.3754981360072,77.3717701504049,1.17019466789802
"1311","sampling_area=Area_03__season=Summer__sex=M","prey_33",10,16,62.5,3.84,311.16,1.23409178557655,77.1307365985345,1.16654920164289
"1312","sampling_area=Area_03__season=Summer__sex=M","prey_32",10,16,62.5,3.66,311.16,1.17624373312765,73.5152333204782,1.11186720781588
"1313","sampling_area=Area_03__season=Summer__sex=M","prey_13",8,16,50,4.02,311.16,1.29193983802545,64.5969919012727,0.976984956375921
"1314","sampling_area=Area_03__season=Summer__sex=M","prey_55",7,16,43.75,4.4,311.16,1.41406350430647,61.8652783134079,0.935669672151068
"1315","sampling_area=Area_03__season=Summer__sex=M","prey_37",9,16,56.25,3.18,311.16,1.02198225993058,57.4865021210953,0.869443701849467
"1316","sampling_area=Area_03__season=Summer__sex=M","prey_46",7,16,43.75,3.76,311.16,1.20838154004371,52.8666923769122,0.799572265292731
"1317","sampling_area=Area_03__season=Summer__sex=M","prey_50",8,16,50,3.16,311.16,1.01555469854737,50.7777349273686,0.767978224414903
"1318","sampling_area=Area_03__season=Summer__sex=M","prey_8",7,16,43.75,2.9,311.16,0.931996400565625,40.7748425247461,0.61669137482684
"1319","sampling_area=Area_03__season=Summer__sex=M","prey_35",6,16,37.5,2.64,311.16,0.84843810258388,31.8164288468955,0.481201545677692
"1320","sampling_area=Area_03__season=Summer__sex=M","prey_10",6,16,37.5,1.82,311.16,0.58490808587222,21.9340532202083,0.331737429217197
"1321","sampling_area=Area_03__season=Winter__sex=F","prey_30",12,15,80,7.69,300.57,2.55847223608477,204.677778886782,3.0469825693314
"1322","sampling_area=Area_03__season=Winter__sex=F","prey_11",14,15,93.3333333333333,6.07,300.57,2.01949629038161,188.486320435617,2.80594471978525
"1323","sampling_area=Area_03__season=Winter__sex=F","prey_56",12,15,80,7.05,300.57,2.34554346741192,187.643477392953,2.79339754405545
"1324","sampling_area=Area_03__season=Winter__sex=F","prey_36",12,15,80,6.84,300.57,2.27567621519114,182.054097215291,2.71018995763677
"1325","sampling_area=Area_03__season=Winter__sex=F","prey_58",12,15,80,6.39,300.57,2.12596067471804,170.076853977443,2.53188798673962
"1326","sampling_area=Area_03__season=Winter__sex=F","prey_9",12,15,80,6.37,300.57,2.11930665069701,169.544532055761,2.52396345469974
"1327","sampling_area=Area_03__season=Winter__sex=F","prey_13",13,15,86.6666666666667,5.64,300.57,1.87643477392953,162.624347073893,2.42094453818139
"1328","sampling_area=Area_03__season=Winter__sex=F","prey_3",11,15,73.3333333333333,6.49,300.57,2.15923079482317,158.343591620366,2.3572180930274
"1329","sampling_area=Area_03__season=Winter__sex=F","prey_23",11,15,73.3333333333333,6.26,300.57,2.08270951858136,152.732031362633,2.27368031777374
"1330","sampling_area=Area_03__season=Winter__sex=F","prey_51",11,15,73.3333333333333,6.23,300.57,2.07272848254982,152.00008872032,2.26278408621891
"1331","sampling_area=Area_03__season=Winter__sex=F","prey_60",10,15,66.6666666666667,6.83,300.57,2.27234920318062,151.489946878708,2.25518974301403
"1332","sampling_area=Area_03__season=Winter__sex=F","prey_54",12,15,80,5.65,300.57,1.87976178594005,150.380942875204,2.23868030126429
"1333","sampling_area=Area_03__season=Winter__sex=F","prey_29",13,15,86.6666666666667,5.18,300.57,1.72339222144592,149.36065919198,2.22349161485454
"1334","sampling_area=Area_03__season=Winter__sex=F","prey_8",11,15,73.3333333333333,5.98,300.57,1.98955318228699,145.900566701046,2.17198215659536
"1335","sampling_area=Area_03__season=Winter__sex=F","prey_12",11,15,73.3333333333333,5.97,300.57,1.98622617027647,145.656585820275,2.16835007941042
"1336","sampling_area=Area_03__season=Winter__sex=F","prey_25",11,15,73.3333333333333,5.83,300.57,1.93964800212929,142.240853489481,2.11750099882123
"1337","sampling_area=Area_03__season=Winter__sex=F","prey_52",10,15,66.6666666666667,6.39,300.57,2.12596067471804,141.730711647869,2.10990665561635
"1338","sampling_area=Area_03__season=Winter__sex=F","prey_53",11,15,73.3333333333333,5.64,300.57,1.87643477392953,137.605216754832,2.04849153230733
"1339","sampling_area=Area_03__season=Winter__sex=F","prey_42",11,15,73.3333333333333,5.41,300.57,1.79991349768773,131.9936564971,1.96495375705366
"1340","sampling_area=Area_03__season=Winter__sex=F","prey_27",10,15,66.6666666666667,5.92,300.57,1.96959111022391,131.306074014927,1.95471790316882
"1341","sampling_area=Area_03__season=Winter__sex=F","prey_31",11,15,73.3333333333333,5.35,300.57,1.77995142562465,130.529771212474,1.94316129394401
"1342","sampling_area=Area_03__season=Winter__sex=F","prey_37",11,15,73.3333333333333,5.27,300.57,1.75333532954054,128.577924166306,1.91410467646447
"1343","sampling_area=Area_03__season=Winter__sex=F","prey_14",10,15,66.6666666666667,5.24,300.57,1.743354293509,116.223619567267,1.7301894953724
"1344","sampling_area=Area_03__season=Winter__sex=F","prey_26",10,15,66.6666666666667,5.15,300.57,1.71341118541438,114.227412360959,1.70047250022288
"1345","sampling_area=Area_03__season=Winter__sex=F","prey_57",9,15,60,5.7,300.57,1.89639684599261,113.783810759557,1.69386872352298
"1346","sampling_area=Area_03__season=Winter__sex=F","prey_43",10,15,66.6666666666667,5.01,300.57,1.66683301726719,111.122201151146,1.65424606332361
"1347","sampling_area=Area_03__season=Winter__sex=F","prey_49",10,15,66.6666666666667,4.99,300.57,1.66017899324617,110.678599549744,1.64764228662372
"1348","sampling_area=Area_03__season=Winter__sex=F","prey_4",10,15,66.6666666666667,4.92,300.57,1.63688990917257,109.125993944838,1.62452906817409
"1349","sampling_area=Area_03__season=Winter__sex=F","prey_21",10,15,66.6666666666667,4.87,300.57,1.62025484912001,108.016989941334,1.60801962642435
"1350","sampling_area=Area_03__season=Winter__sex=F","prey_17",10,15,66.6666666666667,4.78,300.57,1.59031174102539,106.020782735026,1.57830263127483
"1351","sampling_area=Area_03__season=Winter__sex=F","prey_19",10,15,66.6666666666667,4.7,300.57,1.56369564494128,104.246376329419,1.55188752447525
"1352","sampling_area=Area_03__season=Winter__sex=F","prey_20",8,15,53.3333333333333,5.84,300.57,1.9429750141398,103.625334087456,1.54264223709539
"1353","sampling_area=Area_03__season=Winter__sex=F","prey_32",10,15,66.6666666666667,4.59,300.57,1.52709851282563,101.806567521709,1.51556675262583
"1354","sampling_area=Area_03__season=Winter__sex=F","prey_59",9,15,60,5.1,300.57,1.69677612536181,101.806567521709,1.51556675262583
"1355","sampling_area=Area_03__season=Winter__sex=F","prey_1",10,15,66.6666666666667,4.53,300.57,1.50713644076255,100.475762717503,1.49575542252614
"1356","sampling_area=Area_03__season=Winter__sex=F","prey_34",9,15,60,5.03,300.57,1.67348704128822,100.409222477293,1.49476485602116
"1357","sampling_area=Area_03__season=Winter__sex=F","prey_55",10,15,66.6666666666667,4.42,300.57,1.4705393086469,98.0359539097936,1.45943465067672
"1358","sampling_area=Area_03__season=Winter__sex=F","prey_45",9,15,60,4.91,300.57,1.63356289716206,98.0137738297235,1.45910446184173
"1359","sampling_area=Area_03__season=Winter__sex=F","prey_28",10,15,66.6666666666667,4.4,300.57,1.46388528462588,97.5923523083918,1.45283087397683
"1360","sampling_area=Area_03__season=Winter__sex=F","prey_44",9,15,60,4.86,300.57,1.61692783710949,97.0156702265695,1.44424596426696
"1361","sampling_area=Area_03__season=Winter__sex=F","prey_33",9,15,60,4.84,300.57,1.61027381308847,96.6164287853079,1.43830256523706
"1362","sampling_area=Area_03__season=Winter__sex=F","prey_38",10,15,66.6666666666667,4.31,300.57,1.43394217653126,95.5961451020838,1.4231138788273
"1363","sampling_area=Area_03__season=Winter__sex=F","prey_18",10,15,66.6666666666667,4.1,300.57,1.36407492431048,90.9383282873651,1.35377422347841
"1364","sampling_area=Area_03__season=Winter__sex=F","prey_47",8,15,53.3333333333333,5.02,300.57,1.67016002927771,89.0752015614777,1.32603836133885
"1365","sampling_area=Area_03__season=Winter__sex=F","prey_5",9,15,60,4.26,300.57,1.41730711647869,85.0384269887214,1.26594399336981
"1366","sampling_area=Area_03__season=Winter__sex=F","prey_24",8,15,53.3333333333333,4.78,300.57,1.59031174102539,84.8166261880205,1.26264210501986
"1367","sampling_area=Area_03__season=Winter__sex=F","prey_40",8,15,53.3333333333333,4.72,300.57,1.57034966896231,83.7519823446563,1.24679304094011
"1368","sampling_area=Area_03__season=Winter__sex=F","prey_2",10,15,66.6666666666667,3.75,300.57,1.24762950394251,83.1753002628339,1.23820813123025
"1369","sampling_area=Area_03__season=Winter__sex=F","prey_10",9,15,60,4.14,300.57,1.37738297235253,82.6429783411518,1.23028359919038
"1370","sampling_area=Area_03__season=Winter__sex=F","prey_39",8,15,53.3333333333333,4.56,300.57,1.51711747679409,80.9129320956849,1.20452887006079
"1371","sampling_area=Area_03__season=Winter__sex=F","prey_35",8,15,53.3333333333333,4.46,300.57,1.48384735668896,79.1385256900777,1.17811376326121
"1372","sampling_area=Area_03__season=Winter__sex=F","prey_7",8,15,53.3333333333333,3.88,300.57,1.29088066007918,68.8469685375564,1.02490614382365
"1373","sampling_area=Area_03__season=Winter__sex=F","prey_50",9,15,60,3.36,300.57,1.11787603553249,67.0725621319493,0.998491037024074
"1374","sampling_area=Area_03__season=Winter__sex=F","prey_6",9,15,60,3.05,300.57,1.01473866320657,60.8843197923944,0.906368352060543
"1375","sampling_area=Area_03__season=Winter__sex=F","prey_22",8,15,53.3333333333333,2.97,300.57,0.988122567122467,52.6998702465316,0.784528671947487
"1376","sampling_area=Area_03__season=Winter__sex=F","prey_41",6,15,40,3.69,300.57,1.22766743187943,49.1066972751772,0.73103808067834
"1377","sampling_area=Area_03__season=Winter__sex=F","prey_46",7,15,46.6666666666667,3.12,300.57,1.03802774728017,48.4412948730745,0.721132415628498
"1378","sampling_area=Area_03__season=Winter__sex=F","prey_48",7,15,46.6666666666667,2.68,300.57,0.89163921881758,41.6098302114871,0.61943425445012
"1379","sampling_area=Area_03__season=Winter__sex=F","prey_15",7,15,46.6666666666667,2.27,300.57,0.755231726386532,35.2441472313715,0.524670058806632
"1380","sampling_area=Area_03__season=Winter__sex=F","prey_16",5,15,33.3333333333333,3.12,300.57,1.03802774728017,34.6009249093389,0.515094582591784
"1381","sampling_area=Area_03__season=Winter__sex=M","prey_50",18,19,94.7368421052632,10.52,382.95,2.74709492100796,260.251097779702,3.8081141629831
"1382","sampling_area=Area_03__season=Winter__sex=M","prey_52",17,19,89.4736842105263,9.57,382.95,2.49902075989033,223.596594305977,3.27176855289249
"1383","sampling_area=Area_03__season=Winter__sex=M","prey_56",16,19,84.2105263157895,9,382.95,2.35017626321974,197.90958006061,2.89590430645103
"1384","sampling_area=Area_03__season=Winter__sex=M","prey_16",14,19,73.6842105263158,9.54,382.95,2.49118683901293,183.561135506216,2.68595124423333
"1385","sampling_area=Area_03__season=Winter__sex=M","prey_57",15,19,78.9473684210526,8.6,382.95,2.24572398485442,177.293998804296,2.59424760786238
"1386","sampling_area=Area_03__season=Winter__sex=M","prey_6",17,19,89.4736842105263,6.85,382.95,1.78874526700614,160.045629153181,2.34186150337654
"1387","sampling_area=Area_03__season=Winter__sex=M","prey_54",15,19,78.9473684210526,7.72,382.95,2.01592897245071,159.15228729874,2.32878971310437
"1388","sampling_area=Area_03__season=Winter__sex=M","prey_46",16,19,84.2105263157895,7.16,382.95,1.86969578273926,157.448065914885,2.30385275935437
"1389","sampling_area=Area_03__season=Winter__sex=M","prey_51",14,19,73.6842105263158,8.14,382.95,2.1256038647343,156.623442664633,2.29178649141083
"1390","sampling_area=Area_03__season=Winter__sex=M","prey_59",13,19,68.4210526315789,8.59,382.95,2.24311267789529,153.476130592835,2.24573356875963
"1391","sampling_area=Area_03__season=Winter__sex=M","prey_49",14,19,73.6842105263158,7.92,382.95,2.06815511163337,152.39037664667,2.22984631596729
"1392","sampling_area=Area_03__season=Winter__sex=M","prey_20",14,19,73.6842105263158,7.84,382.95,2.04726465596031,150.851079912865,2.20732261580601
"1393","sampling_area=Area_03__season=Winter__sex=M","prey_1",16,19,84.2105263157895,6.75,382.95,1.76263219741481,148.432185045457,2.17192822983827
"1394","sampling_area=Area_03__season=Winter__sex=M","prey_31",14,19,73.6842105263158,7.53,382.95,1.96631414022718,144.886305069371,2.12004327768102
"1395","sampling_area=Area_03__season=Winter__sex=M","prey_26",14,19,73.6842105263158,7.32,382.95,1.91147669408539,140.845651143134,2.06091856475765
"1396","sampling_area=Area_03__season=Winter__sex=M","prey_47",15,19,78.9473684210526,6.53,382.95,1.70518344431388,134.619745603727,1.96981824178388
"1397","sampling_area=Area_03__season=Winter__sex=M","prey_14",14,19,73.6842105263158,6.86,382.95,1.79135657396527,131.994694923757,1.93140728883026
"1398","sampling_area=Area_03__season=Winter__sex=M","prey_40",14,19,73.6842105263158,6.45,382.95,1.68429298864081,124.105799163007,1.81597332550367
"1399","sampling_area=Area_03__season=Winter__sex=M","prey_35",13,19,68.4210526315789,6.93,382.95,1.8096357226792,123.817181025419,1.81175013172343
"1400","sampling_area=Area_03__season=Winter__sex=M","prey_12",13,19,68.4210526315789,6.91,382.95,1.80441310876093,123.459844283643,1.80652141561455
"1401","sampling_area=Area_03__season=Winter__sex=M","prey_10",14,19,73.6842105263158,6.24,382.95,1.62945554249902,120.06514523677,1.75684861258029
"1402","sampling_area=Area_03__season=Winter__sex=M","prey_27",13,19,68.4210526315789,6.72,382.95,1.75479827653741,120.06514523677,1.75684861258029
"1403","sampling_area=Area_03__season=Winter__sex=M","prey_33",12,19,63.1578947368421,7.17,382.95,1.87230708969839,118.250974086214,1.73030282310449
"1404","sampling_area=Area_03__season=Winter__sex=M","prey_29",13,19,68.4210526315789,6.35,382.95,1.65817991904948,113.454415513912,1.6601173645662
"1405","sampling_area=Area_03__season=Winter__sex=M","prey_58",15,19,78.9473684210526,5.48,382.95,1.43099621360491,112.973385284598,1.6530787082658
"1406","sampling_area=Area_03__season=Winter__sex=M","prey_19",13,19,68.4210526315789,6.29,382.95,1.64251207729469,112.382405288584,1.64443121623959
"1407","sampling_area=Area_03__season=Winter__sex=M","prey_13",11,19,57.8947368421053,7.34,382.95,1.91669930800366,110.966802042317,1.62371745626983
"1408","sampling_area=Area_03__season=Winter__sex=M","prey_25",14,19,73.6842105263158,5.75,382.95,1.5015015015015,110.636952742216,1.61889094909242
"1409","sampling_area=Area_03__season=Winter__sex=M","prey_44",12,19,63.1578947368421,6.44,382.95,1.68168168168168,106.211474632527,1.55413531112872
"1410","sampling_area=Area_03__season=Winter__sex=M","prey_30",13,19,68.4210526315789,5.81,382.95,1.5171693432563,103.806323485957,1.51894202962671
"1411","sampling_area=Area_03__season=Winter__sex=M","prey_38",13,19,68.4210526315789,5.81,382.95,1.5171693432563,103.806323485957,1.51894202962671
"1412","sampling_area=Area_03__season=Winter__sex=M","prey_11",11,19,57.8947368421053,6.86,382.95,1.79135657396527,103.710117440095,1.51753429836663
"1413","sampling_area=Area_03__season=Winter__sex=M","prey_17",11,19,57.8947368421053,6.73,382.95,1.75740958349654,101.744765360326,1.48877635976784
"1414","sampling_area=Area_03__season=Winter__sex=M","prey_21",13,19,68.4210526315789,5.67,382.95,1.48061104582844,101.304966293525,1.48234101686462
"1415","sampling_area=Area_03__season=Winter__sex=M","prey_42",12,19,63.1578947368421,6.13,382.95,1.60073116594856,101.098810480962,1.47932444987873
"1416","sampling_area=Area_03__season=Winter__sex=M","prey_22",12,19,63.1578947368421,6.12,382.95,1.59811985898942,100.933885830911,1.47691119629002
"1417","sampling_area=Area_03__season=Winter__sex=M","prey_45",11,19,57.8947368421053,6.5,382.95,1.69734952343648,98.2676039884278,1.43789692993923
"1418","sampling_area=Area_03__season=Winter__sex=M","prey_28",11,19,57.8947368421053,6.48,382.95,1.69212690951821,97.9652421300019,1.43347263169326
"1419","sampling_area=Area_03__season=Winter__sex=M","prey_3",11,19,57.8947368421053,6.47,382.95,1.68951560255908,97.8140612007889,1.43126048257028
"1420","sampling_area=Area_03__season=Winter__sex=M","prey_39",11,19,57.8947368421053,6.43,382.95,1.67907037472255,97.209337483937,1.42241188607834
"1421","sampling_area=Area_03__season=Winter__sex=M","prey_15",12,19,63.1578947368421,5.89,382.95,1.53805979892936,97.1406188797493,1.42140636374971
"1422","sampling_area=Area_03__season=Winter__sex=M","prey_4",13,19,68.4210526315789,5.26,382.95,1.37354746050398,93.9795630871146,1.37515233663279
"1423","sampling_area=Area_03__season=Winter__sex=M","prey_41",12,19,63.1578947368421,5.48,382.95,1.43099621360491,90.3787082276785,1.32246296661264
"1424","sampling_area=Area_03__season=Winter__sex=M","prey_8",11,19,57.8947368421053,5.97,382.95,1.55895025460243,90.2550147401406,1.3206530264211
"1425","sampling_area=Area_03__season=Winter__sex=M","prey_24",11,19,57.8947368421053,5.9,382.95,1.5406711058885,89.1967482356499,1.30516798256022
"1426","sampling_area=Area_03__season=Winter__sex=M","prey_18",12,19,63.1578947368421,5.26,382.95,1.37354746050398,86.7503659265673,1.26937138766103
"1427","sampling_area=Area_03__season=Winter__sex=M","prey_53",12,19,63.1578947368421,5.09,382.95,1.32915524219872,83.9466468757087,1.22834607665298
"1428","sampling_area=Area_03__season=Winter__sex=M","prey_5",12,19,63.1578947368421,4.99,382.95,1.30304217260739,82.2974003752036,1.20421354076589
"1429","sampling_area=Area_03__season=Winter__sex=M","prey_48",11,19,57.8947368421053,5.42,382.95,1.41532837185011,81.9400636334275,1.19898482465702
"1430","sampling_area=Area_03__season=Winter__sex=M","prey_2",11,19,57.8947368421053,5.39,382.95,1.40749445097271,81.4865208457886,1.19234837728807
"1431","sampling_area=Area_03__season=Winter__sex=M","prey_43",12,19,63.1578947368421,4.74,382.95,1.23775949862906,78.1742841239409,1.14388220104816
"1432","sampling_area=Area_03__season=Winter__sex=M","prey_32",11,19,57.8947368421053,4.96,382.95,1.29520825172999,74.9857408896311,1.09722596499978
"1433","sampling_area=Area_03__season=Winter__sex=M","prey_36",11,19,57.8947368421053,4.92,382.95,1.28476302389346,74.3810171727792,1.08837736850785
"1434","sampling_area=Area_03__season=Winter__sex=M","prey_55",10,19,52.6315789473684,5.35,382.95,1.39704922313618,73.5289064808515,1.07590889163285
"1435","sampling_area=Area_03__season=Winter__sex=M","prey_60",9,19,47.3684210526316,5.25,382.95,1.37093615354485,64.9390809573876,0.950218600554244
"1436","sampling_area=Area_03__season=Winter__sex=M","prey_37",11,19,57.8947368421053,4.17,382.95,1.08891500195848,63.0424474818068,0.922466184284088
"1437","sampling_area=Area_03__season=Winter__sex=M","prey_23",9,19,47.3684210526316,4.2,382.95,1.09674892283588,51.9512647659101,0.760174880443395
"1438","sampling_area=Area_03__season=Winter__sex=M","prey_9",10,19,52.6315789473684,3.74,382.95,0.976628802715759,51.4015159324084,0.752130701814364
"1439","sampling_area=Area_03__season=Winter__sex=M","prey_7",9,19,47.3684210526316,3.64,382.95,0.950515733124429,45.0244294637887,0.658818229717609
"1440","sampling_area=Area_03__season=Winter__sex=M","prey_34",8,19,42.1052631578947,3.81,382.95,0.994907951429691,41.8908611128291,0.612966411532134
"1441","sampling_area=Area_04__season=Autumn__sex=F","prey_8",18,20,90,10.76,412.46,2.60873781700044,234.786403530039,3.45576978663726
"1442","sampling_area=Area_04__season=Autumn__sex=F","prey_23",17,20,85,10.75,412.46,2.60631333947534,221.536633855404,3.26074932108612
"1443","sampling_area=Area_04__season=Autumn__sex=F","prey_33",18,20,90,9.45,412.46,2.29113126121321,206.201813509189,3.03503945016005
"1444","sampling_area=Area_04__season=Autumn__sex=F","prey_29",15,20,75,10.08,412.46,2.44387334529409,183.290500897057,2.69781284458671
"1445","sampling_area=Area_04__season=Autumn__sex=F","prey_55",17,20,85,8.74,412.46,2.11899335693158,180.114435339184,2.65106502942258
"1446","sampling_area=Area_04__season=Autumn__sex=F","prey_40",16,20,80,9,412.46,2.18202977258401,174.562381806721,2.56934556627306
"1447","sampling_area=Area_04__season=Autumn__sex=F","prey_17",15,20,75,9.53,412.46,2.31052708141396,173.289531106047,2.55061075485232
"1448","sampling_area=Area_04__season=Autumn__sex=F","prey_5",17,20,85,8.13,412.46,1.97110022790089,167.543519371575,2.46603646329583
"1449","sampling_area=Area_04__season=Autumn__sex=F","prey_25",15,20,75,9.19,412.46,2.22809484556078,167.107113417059,2.45961309938015
"1450","sampling_area=Area_04__season=Autumn__sex=F","prey_58",15,20,75,8.76,412.46,2.12384231198177,159.288173398633,2.34452782922416
"1451","sampling_area=Area_04__season=Autumn__sex=F","prey_32",16,20,80,8.2,412.46,1.98807157057654,159.045725646123,2.34095929371545
"1452","sampling_area=Area_04__season=Autumn__sex=F","prey_36",14,20,70,9.04,412.46,2.19172768268438,153.420937787907,2.25816926991332
"1453","sampling_area=Area_04__season=Autumn__sex=F","prey_4",16,20,80,7.77,412.46,1.88381903699753,150.705522959802,2.21820167221574
"1454","sampling_area=Area_04__season=Autumn__sex=F","prey_41",16,20,80,7.73,412.46,1.87412112689715,149.929690151772,2.20678235858786
"1455","sampling_area=Area_04__season=Autumn__sex=F","prey_1",15,20,75,7.92,412.46,1.92018619987393,144.013964990545,2.11971009217527
"1456","sampling_area=Area_04__season=Autumn__sex=F","prey_51",15,20,75,7.81,412.46,1.8935169470979,142.013771032343,2.09026967422839
"1457","sampling_area=Area_04__season=Autumn__sex=F","prey_45",14,20,70,8.1,412.46,1.96382679532561,137.467875672793,2.02335963344003
"1458","sampling_area=Area_04__season=Autumn__sex=F","prey_60",13,20,65,8.63,412.46,2.09232410415555,136.001066770111,2.00176999361232
"1459","sampling_area=Area_04__season=Autumn__sex=F","prey_26",15,20,75,7.45,412.46,1.80623575619454,135.46768171459,1.99391921549315
"1460","sampling_area=Area_04__season=Autumn__sex=F","prey_10",15,20,75,7.37,412.46,1.78683993599379,134.012995199535,1.97250800244088
"1461","sampling_area=Area_04__season=Autumn__sex=F","prey_3",14,20,70,7.61,412.46,1.84502739659603,129.151917761722,1.90095886549119
"1462","sampling_area=Area_04__season=Autumn__sex=F","prey_39",16,20,80,6.55,412.46,1.58803277893614,127.042622314891,1.86991260656539
"1463","sampling_area=Area_04__season=Autumn__sex=F","prey_57",15,20,75,6.98,412.46,1.69228531251515,126.921398438636,1.86812833881104
"1464","sampling_area=Area_04__season=Autumn__sex=F","prey_34",14,20,70,7.47,412.46,1.81108471124473,126.775929787131,1.86598721750581
"1465","sampling_area=Area_04__season=Autumn__sex=F","prey_28",14,20,70,7.46,412.46,1.80866023371963,126.606216360374,1.86348924264971
"1466","sampling_area=Area_04__season=Autumn__sex=F","prey_20",17,20,85,6.08,412.46,1.47408233525675,125.296998496824,1.84421915090266
"1467","sampling_area=Area_04__season=Autumn__sex=F","prey_42",13,20,65,7.93,412.46,1.92261067739902,124.969694030936,1.8394016279659
"1468","sampling_area=Area_04__season=Autumn__sex=F","prey_11",14,20,70,6.69,412.46,1.62197546428745,113.538282500121,1.6711451787301
"1469","sampling_area=Area_04__season=Autumn__sex=F","prey_7",13,20,65,7.09,412.46,1.71895456529118,111.732046743927,1.64455958919019
"1470","sampling_area=Area_04__season=Autumn__sex=F","prey_52",15,20,75,6.04,412.46,1.46438442515638,109.828831886728,1.6165465854468
"1471","sampling_area=Area_04__season=Autumn__sex=F","prey_9",13,20,65,6.96,412.46,1.68743635746497,109.683363235223,1.61440546414157
"1472","sampling_area=Area_04__season=Autumn__sex=F","prey_19",13,20,65,6.63,412.46,1.60742859913689,104.482858943898,1.53786037747969
"1473","sampling_area=Area_04__season=Autumn__sex=F","prey_2",12,20,60,6.92,412.46,1.67773844736459,100.664306841876,1.48165594321746
"1474","sampling_area=Area_04__season=Autumn__sex=F","prey_16",15,20,75,5.46,412.46,1.32376472870097,99.2823546525724,1.4613152908178
"1475","sampling_area=Area_04__season=Autumn__sex=F","prey_37",12,20,60,6.5,412.46,1.57591039131067,94.5546234786404,1.39172884839791
"1476","sampling_area=Area_04__season=Autumn__sex=F","prey_14",12,20,60,6.46,412.46,1.5662124812103,93.9727488726179,1.383164363177
"1477","sampling_area=Area_04__season=Autumn__sex=F","prey_38",11,20,55,6.88,412.46,1.66804053726422,91.7422295495321,1.35033383649684
"1478","sampling_area=Area_04__season=Autumn__sex=F","prey_43",12,20,60,6.24,412.46,1.51287397565825,90.7724385394948,1.33605969446199
"1479","sampling_area=Area_04__season=Autumn__sex=F","prey_24",11,20,55,6.69,412.46,1.62197546428745,89.2086505358096,1.31304264043079
"1480","sampling_area=Area_04__season=Autumn__sex=F","prey_49",12,20,60,5.99,412.46,1.45226203753091,87.1357222518547,1.2825316618313
"1481","sampling_area=Area_04__season=Autumn__sex=F","prey_54",12,20,60,5.73,412.46,1.38922562187849,83.3535373127091,1.22686250789538
"1482","sampling_area=Area_04__season=Autumn__sex=F","prey_13",12,20,60,5.64,412.46,1.36740532415264,82.0443194491587,1.20759241614834
"1483","sampling_area=Area_04__season=Autumn__sex=F","prey_50",12,20,60,5.44,412.46,1.31891577365078,79.1349464190467,1.16476999004379
"1484","sampling_area=Area_04__season=Autumn__sex=F","prey_12",11,20,55,5.9,412.46,1.43044173980507,78.674295689279,1.15798977257723
"1485","sampling_area=Area_04__season=Autumn__sex=F","prey_53",11,20,55,5.86,412.46,1.4207438297047,78.1409106337584,1.15013899445806
"1486","sampling_area=Area_04__season=Autumn__sex=F","prey_35",11,20,55,5.82,412.46,1.41104591960433,77.6075255782379,1.1422882163389
"1487","sampling_area=Area_04__season=Autumn__sex=F","prey_44",11,20,55,5.68,412.46,1.37710323425302,75.740677883916,1.11481049292181
"1488","sampling_area=Area_04__season=Autumn__sex=F","prey_56",10,20,50,6.11,412.46,1.48135576783203,74.0677883916016,1.09018759791169
"1489","sampling_area=Area_04__season=Autumn__sex=F","prey_48",11,20,55,5.4,412.46,1.30921786355041,72.0069824952723,1.05985504608764
"1490","sampling_area=Area_04__season=Autumn__sex=F","prey_21",11,20,55,5.38,412.46,1.30436890850022,71.740289967512,1.05592965702805
"1491","sampling_area=Area_04__season=Autumn__sex=F","prey_18",10,20,50,5.42,412.46,1.31406681860059,65.7033409300296,0.967073122861109
"1492","sampling_area=Area_04__season=Autumn__sex=F","prey_27",10,20,50,5.35,412.46,1.29709547592494,64.8547737962469,0.954583248580615
"1493","sampling_area=Area_04__season=Autumn__sex=F","prey_15",10,20,50,5.28,412.46,1.28012413324928,64.0062066624643,0.942093374300121
"1494","sampling_area=Area_04__season=Autumn__sex=F","prey_46",11,20,55,4.71,412.46,1.14192891431896,62.8060902875431,0.924429123531994
"1495","sampling_area=Area_04__season=Autumn__sex=F","prey_30",11,20,55,4.65,412.46,1.1273820491684,62.0060127042622,0.912652956353242
"1496","sampling_area=Area_04__season=Autumn__sex=F","prey_6",9,20,45,4.22,412.46,1.02312951558939,46.0408282015226,0.677664893104519
"1497","sampling_area=Area_04__season=Autumn__sex=F","prey_47",9,20,45,4.12,412.46,0.998884740338457,44.9498133152306,0.661606483315312
"1498","sampling_area=Area_04__season=Autumn__sex=F","prey_59",8,20,40,4.61,412.46,1.11768413906803,44.7073655627212,0.6580379478066
"1499","sampling_area=Area_04__season=Autumn__sex=F","prey_31",7,20,35,4.34,412.46,1.05222324589051,36.8278136061679,0.542060543773441
"1500","sampling_area=Area_04__season=Autumn__sex=F","prey_22",8,20,40,3.76,412.46,0.911603549435097,36.4641419774039,0.536707740510372
"1501","sampling_area=Area_04__season=Autumn__sex=M","prey_55",18,19,94.7368421052632,10.21,384.45,2.65574196904669,251.596607593897,3.83757642577929
"1502","sampling_area=Area_04__season=Autumn__sex=M","prey_30",17,19,89.4736842105263,8.82,384.45,2.29418650019508,205.269318438508,3.13095118773178
"1503","sampling_area=Area_04__season=Autumn__sex=M","prey_48",15,19,78.9473684210526,9.53,384.45,2.47886591234231,195.699940448077,2.98499047809963
"1504","sampling_area=Area_04__season=Autumn__sex=M","prey_53",15,19,78.9473684210526,8.34,384.45,2.16933281310964,171.263116824445,2.61225819384585
"1505","sampling_area=Area_04__season=Autumn__sex=M","prey_14",13,19,68.4210526315789,9.09,384.45,2.36441669918065,161.775879417623,2.46755036584144
"1506","sampling_area=Area_04__season=Autumn__sex=M","prey_42",15,19,78.9473684210526,7.84,384.45,2.0392768890623,160.995543873339,2.45564799037787
"1507","sampling_area=Area_04__season=Autumn__sex=M","prey_29",14,19,73.6842105263158,8.19,384.45,2.13031603589544,156.970655276506,2.39425679061842
"1508","sampling_area=Area_04__season=Autumn__sex=M","prey_56",15,19,78.9473684210526,7.51,384.45,1.95343997919105,154.218945725609,2.352285256089
"1509","sampling_area=Area_04__season=Autumn__sex=M","prey_3",14,19,73.6842105263158,7.75,384.45,2.01586682273378,148.537555359331,2.26562761017006
"1510","sampling_area=Area_04__season=Autumn__sex=M","prey_31",14,19,73.6842105263158,7.54,384.45,1.96124333463389,144.512666762497,2.20423641041061
"1511","sampling_area=Area_04__season=Autumn__sex=M","prey_57",14,19,73.6842105263158,7.5,384.45,1.95083886071011,143.746021315481,2.19254284855167
"1512","sampling_area=Area_04__season=Autumn__sex=M","prey_8",14,19,73.6842105263158,7.06,384.45,1.83638964754845,135.312921398307,2.0639136681033
"1513","sampling_area=Area_04__season=Autumn__sex=M","prey_60",14,19,73.6842105263158,6.92,384.45,1.79997398881519,132.629662333751,2.02298620159701
"1514","sampling_area=Area_04__season=Autumn__sex=M","prey_23",13,19,68.4210526315789,7.41,384.45,1.92742879438158,131.876706984003,2.01150145334269
"1515","sampling_area=Area_04__season=Autumn__sex=M","prey_36",12,19,63.1578947368421,7.36,384.45,1.91442320197685,120.910939072222,1.84424175603889
"1516","sampling_area=Area_04__season=Autumn__sex=M","prey_1",13,19,68.4210526315789,6.77,384.45,1.76095721160099,120.48654605691,1.83776853429555
"1517","sampling_area=Area_04__season=Autumn__sex=M","prey_16",13,19,68.4210526315789,6.72,384.45,1.74795161919625,119.596689734481,1.82419564999499
"1518","sampling_area=Area_04__season=Autumn__sex=M","prey_20",12,19,63.1578947368421,7.2,384.45,1.8728053062817,118.282440396739,1.80414954395109
"1519","sampling_area=Area_04__season=Autumn__sex=M","prey_27",12,19,63.1578947368421,7.17,384.45,1.86500195083886,117.789596895086,1.79663225418462
"1520","sampling_area=Area_04__season=Autumn__sex=M","prey_45",12,19,63.1578947368421,7.12,384.45,1.85199635843413,116.968191058997,1.78410343790719
"1521","sampling_area=Area_04__season=Autumn__sex=M","prey_35",11,19,57.8947368421053,7.76,384.45,2.01846794121472,116.858670280852,1.78243292907019
"1522","sampling_area=Area_04__season=Autumn__sex=M","prey_19",12,19,63.1578947368421,6.97,384.45,1.81297958121992,114.503973550732,1.74651698907487
"1523","sampling_area=Area_04__season=Autumn__sex=M","prey_33",13,19,68.4210526315789,6.42,384.45,1.66991806476785,114.257551799906,1.74275834419164
"1524","sampling_area=Area_04__season=Autumn__sex=M","prey_12",14,19,73.6842105263158,5.84,384.45,1.51905319287294,111.930235264322,1.70726003140557
"1525","sampling_area=Area_04__season=Autumn__sex=M","prey_4",11,19,57.8947368421053,7.24,384.45,1.88320978020549,109.027934643476,1.66299154722528
"1526","sampling_area=Area_04__season=Autumn__sex=M","prey_6",12,19,63.1578947368421,6.6,384.45,1.71673819742489,108.425570363677,1.65380374862183
"1527","sampling_area=Area_04__season=Autumn__sex=M","prey_46",13,19,68.4210526315789,5.95,384.45,1.54766549616335,105.892902369071,1.6151732317664
"1528","sampling_area=Area_04__season=Autumn__sex=M","prey_39",11,19,57.8947368421053,7.03,384.45,1.82858629210561,105.865522174535,1.61475560455715
"1529","sampling_area=Area_04__season=Autumn__sex=M","prey_41",13,19,68.4210526315789,5.92,384.45,1.53986214072051,105.358988575614,1.60702950118606
"1530","sampling_area=Area_04__season=Autumn__sex=M","prey_38",11,19,57.8947368421053,6.99,384.45,1.81818181818182,105.263157894737,1.60556780595369
"1531","sampling_area=Area_04__season=Autumn__sex=M","prey_7",12,19,63.1578947368421,6.29,384.45,1.63610352451554,103.332854179929,1.57612508770171
"1532","sampling_area=Area_04__season=Autumn__sex=M","prey_54",12,19,63.1578947368421,6.25,384.45,1.62569905059175,102.675729511058,1.56610203467976
"1533","sampling_area=Area_04__season=Autumn__sex=M","prey_15",12,19,63.1578947368421,6.23,384.45,1.62049681362986,102.347167176623,1.56109050816879
"1534","sampling_area=Area_04__season=Autumn__sex=M","prey_40",12,19,63.1578947368421,6.02,384.45,1.56587332552998,98.8972626650512,1.50846947980355
"1535","sampling_area=Area_04__season=Autumn__sex=M","prey_37",11,19,57.8947368421053,6.48,384.45,1.68552477565353,97.5830133273097,1.48842337375965
"1536","sampling_area=Area_04__season=Autumn__sex=M","prey_18",12,19,63.1578947368421,5.81,384.45,1.51124983743009,95.4473581534797,1.45584845143831
"1537","sampling_area=Area_04__season=Autumn__sex=M","prey_5",13,19,68.4210526315789,5.36,384.45,1.39419950578749,95.3925977644071,1.45501319701981
"1538","sampling_area=Area_04__season=Autumn__sex=M","prey_10",11,19,57.8947368421053,6.26,384.45,1.6283001690727,94.2700097884196,1.43789048144065
"1539","sampling_area=Area_04__season=Autumn__sex=M","prey_17",11,19,57.8947368421053,6.2,384.45,1.61269345818702,93.3664633687223,1.42410878353547
"1540","sampling_area=Area_04__season=Autumn__sex=M","prey_51",12,19,63.1578947368421,5.68,384.45,1.47743529717779,93.3117029796497,1.42327352911697
"1541","sampling_area=Area_04__season=Autumn__sex=M","prey_44",11,19,57.8947368421053,6.15,384.45,1.59968786578229,92.6135080189745,1.41262403528115
"1542","sampling_area=Area_04__season=Autumn__sex=M","prey_50",11,19,57.8947368421053,6.12,384.45,1.59188451033945,92.1617348091258,1.40573318632856
"1543","sampling_area=Area_04__season=Autumn__sex=M","prey_49",12,19,63.1578947368421,5.57,384.45,1.44882299388737,91.504610140255,1.39571013330661
"1544","sampling_area=Area_04__season=Autumn__sex=M","prey_26",10,19,52.6315789473684,6.55,384.45,1.70373260502016,89.6701371063241,1.36772911028699
"1545","sampling_area=Area_04__season=Autumn__sex=M","prey_2",13,19,68.4210526315789,5.01,384.45,1.30316035895435,89.1636035074029,1.36000300691591
"1546","sampling_area=Area_04__season=Autumn__sex=M","prey_11",11,19,57.8947368421053,5.68,384.45,1.47743529717779,85.5357277313455,1.30466740169055
"1547","sampling_area=Area_04__season=Autumn__sex=M","prey_22",11,19,57.8947368421053,5.42,384.45,1.40980621667317,81.6203599126572,1.2449467107681
"1548","sampling_area=Area_04__season=Autumn__sex=M","prey_32",11,19,57.8947368421053,5.39,384.45,1.40200286123033,81.1685867028085,1.23805586181551
"1549","sampling_area=Area_04__season=Autumn__sex=M","prey_59",11,19,57.8947368421053,5.37,384.45,1.39680062426844,80.8674045629094,1.23346196251378
"1550","sampling_area=Area_04__season=Autumn__sex=M","prey_43",12,19,63.1578947368421,4.78,384.45,1.24333463389257,78.5263979300573,1.19775483612308
"1551","sampling_area=Area_04__season=Autumn__sex=M","prey_47",9,19,47.3684210526316,6.36,384.45,1.65431135388217,78.3621167628396,1.1952490728676
"1552","sampling_area=Area_04__season=Autumn__sex=M","prey_9",10,19,52.6315789473684,5.28,384.45,1.37339055793991,72.283713575785,1.10253583241455
"1553","sampling_area=Area_04__season=Autumn__sex=M","prey_24",11,19,57.8947368421053,4.79,384.45,1.24593575237352,72.1331225058354,1.10023888276369
"1554","sampling_area=Area_04__season=Autumn__sex=M","prey_13",10,19,52.6315789473684,4.93,384.45,1.28235141110678,67.4921795319356,1.02945107079616
"1555","sampling_area=Area_04__season=Autumn__sex=M","prey_52",11,19,57.8947368421053,4.33,384.45,1.12628430224997,65.205933288156,0.994579198823962
"1556","sampling_area=Area_04__season=Autumn__sex=M","prey_34",10,19,52.6315789473684,4.51,384.45,1.17310443490701,61.7423386793163,0.941749356854098
"1557","sampling_area=Area_04__season=Autumn__sex=M","prey_58",9,19,47.3684210526316,4.93,384.45,1.28235141110678,60.742961578742,0.926505963716548
"1558","sampling_area=Area_04__season=Autumn__sex=M","prey_25",11,19,57.8947368421053,3.85,384.45,1.00143061516452,57.9775619305775,0.884325615582506
"1559","sampling_area=Area_04__season=Autumn__sex=M","prey_21",9,19,47.3684210526316,3.6,384.45,0.936402653140851,44.3559151487771,0.676556078981658
"1560","sampling_area=Area_04__season=Autumn__sex=M","prey_28",9,19,47.3684210526316,2.48,384.45,0.645077383274808,30.5562971024909,0.466071965520698
"1561","sampling_area=Area_04__season=Spring__sex=F","prey_42",15,18,83.3333333333333,8.04,366.1,2.19612127833925,183.010106528271,2.69999798507613
"1562","sampling_area=Area_04__season=Spring__sex=F","prey_37",14,18,77.7777777777778,8.54,366.1,2.33269598470363,181.431909921394,2.67671442036237
"1563","sampling_area=Area_04__season=Spring__sex=F","prey_29",14,18,77.7777777777778,8.47,366.1,2.31357552581262,179.944763118759,2.65477413822826
"1564","sampling_area=Area_04__season=Spring__sex=F","prey_33",15,18,83.3333333333333,7.51,366.1,2.05135208959301,170.946007466084,2.52201304327385
"1565","sampling_area=Area_04__season=Spring__sex=F","prey_10",15,18,83.3333333333333,7.41,366.1,2.02403714832013,168.669762360011,2.48843097878285
"1566","sampling_area=Area_04__season=Spring__sex=F","prey_25",14,18,77.7777777777778,7.84,366.1,2.1414913957935,166.56044189505,2.45731159902119
"1567","sampling_area=Area_04__season=Spring__sex=F","prey_48",14,18,77.7777777777778,7.57,366.1,2.06774105435673,160.824304227746,2.37268479650388
"1568","sampling_area=Area_04__season=Spring__sex=F","prey_5",14,18,77.7777777777778,7.25,366.1,1.98033324228353,154.025918844275,2.27238636389077
"1569","sampling_area=Area_04__season=Spring__sex=F","prey_16",12,18,66.6666666666667,8.3,366.1,2.26714012564873,151.142675043249,2.22984908220218
"1570","sampling_area=Area_04__season=Spring__sex=F","prey_4",14,18,77.7777777777778,7.04,366.1,1.92297186561049,149.564478436371,2.20656551748842
"1571","sampling_area=Area_04__season=Spring__sex=F","prey_59",14,18,77.7777777777778,6.98,366.1,1.90658290084676,148.28978117697,2.18775956137346
"1572","sampling_area=Area_04__season=Spring__sex=F","prey_23",12,18,66.6666666666667,7.93,366.1,2.16607484293909,144.404989529272,2.13044617130883
"1573","sampling_area=Area_04__season=Spring__sex=F","prey_2",15,18,83.3333333333333,6.33,366.1,1.72903578257307,144.086315214422,2.12574468228009
"1574","sampling_area=Area_04__season=Spring__sex=F","prey_7",14,18,77.7777777777778,6.77,366.1,1.84922152417372,143.828340769067,2.12193871497111
"1575","sampling_area=Area_04__season=Spring__sex=F","prey_3",14,18,77.7777777777778,6.61,366.1,1.80551761813712,140.429148077332,2.07178949866455
"1576","sampling_area=Area_04__season=Spring__sex=F","prey_6",15,18,83.3333333333333,6.1,366.1,1.66621141764545,138.850951470454,2.0485059339508
"1577","sampling_area=Area_04__season=Spring__sex=F","prey_18",13,18,72.2222222222222,6.57,366.1,1.79459164162797,129.609396339798,1.91216275211735
"1578","sampling_area=Area_04__season=Spring__sex=F","prey_34",12,18,66.6666666666667,7.09,366.1,1.93662933624693,129.108622416462,1.90477469792933
"1579","sampling_area=Area_04__season=Spring__sex=F","prey_38",12,18,66.6666666666667,7.06,366.1,1.92843485386506,128.562323591004,1.89671500245149
"1580","sampling_area=Area_04__season=Spring__sex=F","prey_21",12,18,66.6666666666667,7.02,366.1,1.91750887735591,127.833925157061,1.88596874181437
"1581","sampling_area=Area_04__season=Spring__sex=F","prey_19",14,18,77.7777777777778,5.96,366.1,1.62797049986343,126.619927767155,1.86805830741917
"1582","sampling_area=Area_04__season=Spring__sex=F","prey_28",12,18,66.6666666666667,6.87,366.1,1.8765364654466,125.102431029773,1.84567026442518
"1583","sampling_area=Area_04__season=Spring__sex=F","prey_15",13,18,72.2222222222222,6.26,366.1,1.70991532368205,123.493884488148,1.82193893885154
"1584","sampling_area=Area_04__season=Spring__sex=F","prey_36",13,18,72.2222222222222,6.22,366.1,1.6989893471729,122.70478618471,1.81029715649466
"1585","sampling_area=Area_04__season=Spring__sex=F","prey_43",12,18,66.6666666666667,6.38,366.1,1.74269325320951,116.179550213967,1.71402857162047
"1586","sampling_area=Area_04__season=Spring__sex=F","prey_8",13,18,72.2222222222222,5.84,366.1,1.59519257033597,115.208352302043,1.69970022410431
"1587","sampling_area=Area_04__season=Spring__sex=F","prey_58",15,18,83.3333333333333,5.05,366.1,1.37940453428025,114.950377856688,1.69589425679533
"1588","sampling_area=Area_04__season=Spring__sex=F","prey_17",12,18,66.6666666666667,6.27,366.1,1.71264681780934,114.176454520623,1.68447635486839
"1589","sampling_area=Area_04__season=Spring__sex=F","prey_40",13,18,72.2222222222222,5.78,366.1,1.57880360557225,114.024704846885,1.68223755056899
"1590","sampling_area=Area_04__season=Spring__sex=F","prey_13",11,18,61.1111111111111,6.55,366.1,1.7891286533734,109.335639928374,1.61305849771754
"1591","sampling_area=Area_04__season=Spring__sex=F","prey_54",12,18,66.6666666666667,5.99,366.1,1.63616498224529,109.077665483019,1.60925253040856
"1592","sampling_area=Area_04__season=Spring__sex=F","prey_53",13,18,72.2222222222222,5.49,366.1,1.49959027588091,108.303742146954,1.59783462848162
"1593","sampling_area=Area_04__season=Spring__sex=F","prey_41",12,18,66.6666666666667,5.85,366.1,1.59792406446326,106.528270964217,1.57164061817864
"1594","sampling_area=Area_04__season=Spring__sex=F","prey_60",10,18,55.5555555555556,6.83,366.1,1.86561048893745,103.645027163192,1.52910333649005
"1595","sampling_area=Area_04__season=Spring__sex=F","prey_39",10,18,55.5555555555556,6.8,366.1,1.85741600655559,103.189778141977,1.52238692359185
"1596","sampling_area=Area_04__season=Spring__sex=F","prey_51",12,18,66.6666666666667,5.62,366.1,1.53509969953565,102.339979969043,1.50984961951521
"1597","sampling_area=Area_04__season=Spring__sex=F","prey_26",11,18,61.1111111111111,6.04,366.1,1.64982245288173,100.822483231661,1.48746157652121
"1598","sampling_area=Area_04__season=Spring__sex=F","prey_30",12,18,66.6666666666667,5.47,366.1,1.49412728762633,99.6084858417554,1.46955114212601
"1599","sampling_area=Area_04__season=Spring__sex=F","prey_44",11,18,61.1111111111111,5.95,366.1,1.62523900573614,99.3201614616528,1.46529741395715
"1600","sampling_area=Area_04__season=Spring__sex=F","prey_31",13,18,72.2222222222222,4.96,366.1,1.35482108713466,97.8481896263923,1.44358101225298
"1601","sampling_area=Area_04__season=Spring__sex=F","prey_27",10,18,55.5555555555556,5.95,366.1,1.62523900573614,90.2910558742299,1.33208855814287
"1602","sampling_area=Area_04__season=Spring__sex=F","prey_20",12,18,66.6666666666667,4.93,366.1,1.3466266047528,89.77510698352,1.32447662352491
"1603","sampling_area=Area_04__season=Spring__sex=F","prey_46",12,18,66.6666666666667,4.91,366.1,1.34116361649822,89.4109077665483,1.31910349320635
"1604","sampling_area=Area_04__season=Spring__sex=F","prey_14",10,18,55.5555555555556,5.72,366.1,1.56241464080852,86.8008133782512,1.28059605925667
"1605","sampling_area=Area_04__season=Spring__sex=F","prey_22",10,18,55.5555555555556,5.7,366.1,1.55695165255395,86.4973140307748,1.27611845065787
"1606","sampling_area=Area_04__season=Spring__sex=F","prey_52",10,18,55.5555555555556,5.66,366.1,1.5460256760448,85.890315335822,1.26716323346027
"1607","sampling_area=Area_04__season=Spring__sex=F","prey_12",10,18,55.5555555555556,5.57,366.1,1.52144222889921,84.5245682721782,1.24701399476568
"1608","sampling_area=Area_04__season=Spring__sex=F","prey_57",9,18,50,6.17,366.1,1.68533187653647,84.2665938268233,1.2432080274567
"1609","sampling_area=Area_04__season=Spring__sex=F","prey_9",10,18,55.5555555555556,5.4,366.1,1.47500682873532,81.9448238186288,1.20895432167588
"1610","sampling_area=Area_04__season=Spring__sex=F","prey_35",10,18,55.5555555555556,5.21,366.1,1.42310844031685,79.061580017603,1.16641703998728
"1611","sampling_area=Area_04__season=Spring__sex=F","prey_11",11,18,61.1111111111111,4.7,366.1,1.28380223982518,78.4545813226502,1.15746182278968
"1612","sampling_area=Area_04__season=Spring__sex=F","prey_47",10,18,55.5555555555556,5.04,366.1,1.37667304015296,76.4818355640535,1.12835736689749
"1613","sampling_area=Area_04__season=Spring__sex=F","prey_24",11,18,61.1111111111111,4.56,366.1,1.24556132204316,76.1176363470818,1.12298423657893
"1614","sampling_area=Area_04__season=Spring__sex=F","prey_45",10,18,55.5555555555556,4.87,366.1,1.33023763998907,73.9020911105041,1.09029769380769
"1615","sampling_area=Area_04__season=Spring__sex=F","prey_49",9,18,50,5.23,366.1,1.42857142857143,71.4285714285714,1.05380518372747
"1616","sampling_area=Area_04__season=Spring__sex=F","prey_55",10,18,55.5555555555556,4.26,366.1,1.16361649822453,64.6453610124738,0.953730631544305
"1617","sampling_area=Area_04__season=Spring__sex=F","prey_1",10,18,55.5555555555556,4.06,366.1,1.10898661567878,61.6103675377098,0.908954545556309
"1618","sampling_area=Area_04__season=Spring__sex=F","prey_56",9,18,50,4.25,366.1,1.16088500409724,58.0442502048621,0.856342644520415
"1619","sampling_area=Area_04__season=Spring__sex=F","prey_32",10,18,55.5555555555556,3.76,366.1,1.02704179186015,57.0578773255638,0.841790416574316
"1620","sampling_area=Area_04__season=Spring__sex=F","prey_50",9,18,50,3.54,366.1,0.96694892105982,48.347446052991,0.713283049788769
"1621","sampling_area=Area_04__season=Spring__sex=M","prey_51",11,14,78.5714285714286,7.38,289.32,2.55080879303194,200.420690881081,2.84287495272381
"1622","sampling_area=Area_04__season=Spring__sex=M","prey_42",11,14,78.5714285714286,7.25,289.32,2.50587584681322,196.890245106753,2.79279720965415
"1623","sampling_area=Area_04__season=Spring__sex=M","prey_34",12,14,85.7142857142857,6.48,289.32,2.23973454997926,191.97724714108,2.7231086021656
"1624","sampling_area=Area_04__season=Spring__sex=M","prey_24",12,14,85.7142857142857,6.37,289.32,2.20171436471727,188.718374118623,2.67688299317822
"1625","sampling_area=Area_04__season=Spring__sex=M","prey_30",12,14,85.7142857142857,6.06,289.32,2.09456656988801,179.534277418973,2.54661082239561
"1626","sampling_area=Area_04__season=Spring__sex=M","prey_52",12,14,85.7142857142857,6.06,289.32,2.09456656988801,179.534277418973,2.54661082239561
"1627","sampling_area=Area_04__season=Spring__sex=M","prey_6",11,14,78.5714285714286,6.46,289.32,2.23282178902254,175.435997708914,2.4884786171539
"1628","sampling_area=Area_04__season=Spring__sex=M","prey_20",12,14,85.7142857142857,5.73,289.32,1.98050601410203,169.757658351603,2.40793399543347
"1629","sampling_area=Area_04__season=Spring__sex=M","prey_4",11,14,78.5714285714286,6.22,289.32,2.14986865754182,168.918251664,2.39602739917915
"1630","sampling_area=Area_04__season=Spring__sex=M","prey_46",12,14,85.7142857142857,5.6,289.32,1.93557306788331,165.906262961427,2.35330373026657
"1631","sampling_area=Area_04__season=Spring__sex=M","prey_49",12,14,85.7142857142857,5.49,289.32,1.89755288262132,162.64738993897,2.30707812127919
"1632","sampling_area=Area_04__season=Spring__sex=M","prey_56",10,14,71.4285714285714,6.52,289.32,2.25356007189271,160.968576563765,2.28326492877054
"1633","sampling_area=Area_04__season=Spring__sex=M","prey_39",12,14,85.7142857142857,5.42,289.32,1.87335821927278,160.573561651952,2.27766182465086
"1634","sampling_area=Area_04__season=Spring__sex=M","prey_60",11,14,78.5714285714286,5.73,289.32,1.98050601410203,155.611186822303,2.20727282914735
"1635","sampling_area=Area_04__season=Spring__sex=M","prey_44",11,14,78.5714285714286,5.68,289.32,1.96322411171022,154.253323062946,2.18801215873594
"1636","sampling_area=Area_04__season=Spring__sex=M","prey_41",11,14,78.5714285714286,5.55,289.32,1.9182911654915,150.722877288618,2.13793441566628
"1637","sampling_area=Area_04__season=Spring__sex=M","prey_59",12,14,85.7142857142857,5,289.32,1.72819023918153,148.130591929845,2.10116404488086
"1638","sampling_area=Area_04__season=Spring__sex=M","prey_15",11,14,78.5714285714286,5.31,289.32,1.83533803401078,144.205131243704,2.04548319769152
"1639","sampling_area=Area_04__season=Spring__sex=M","prey_55",10,14,71.4285714285714,5.73,289.32,1.98050601410203,141.464715293002,2.00661166286123
"1640","sampling_area=Area_04__season=Spring__sex=M","prey_12",11,14,78.5714285714286,5.13,289.32,1.77312318540025,139.31682171002,1.97614478421045
"1641","sampling_area=Area_04__season=Spring__sex=M","prey_9",10,14,71.4285714285714,5.62,289.32,1.94248582884004,138.748987774288,1.96809032203841
"1642","sampling_area=Area_04__season=Spring__sex=M","prey_32",10,14,71.4285714285714,5.59,289.32,1.93211668740495,138.008334814639,1.95758450181401
"1643","sampling_area=Area_04__season=Spring__sex=M","prey_26",12,14,85.7142857142857,4.58,289.32,1.58302225909028,135.687622207738,1.92466626511087
"1644","sampling_area=Area_04__season=Spring__sex=M","prey_47",10,14,71.4285714285714,5.4,289.32,1.86644545831605,133.317532736861,1.89104764039278
"1645","sampling_area=Area_04__season=Spring__sex=M","prey_53",9,14,64.2857142857143,5.82,289.32,2.0116134384073,129.318006754755,1.83431621118099
"1646","sampling_area=Area_04__season=Spring__sex=M","prey_45",10,14,71.4285714285714,5.11,289.32,1.76621042444352,126.157887460252,1.78949137822354
"1647","sampling_area=Area_04__season=Spring__sex=M","prey_23",10,14,71.4285714285714,5.02,289.32,1.73510300013826,123.935928581304,1.75797391755032
"1648","sampling_area=Area_04__season=Spring__sex=M","prey_58",10,14,71.4285714285714,4.91,289.32,1.69708281487626,121.22020106259,1.71945257672751
"1649","sampling_area=Area_04__season=Spring__sex=M","prey_40",10,14,71.4285714285714,4.72,289.32,1.63141158578736,116.529398984812,1.65291571530628
"1650","sampling_area=Area_04__season=Spring__sex=M","prey_31",10,14,71.4285714285714,4.66,289.32,1.61067330291719,115.048093065513,1.63190407485747
"1651","sampling_area=Area_04__season=Spring__sex=M","prey_3",11,14,78.5714285714286,4.19,289.32,1.44822342043412,113.78898303411,1.61404418047598
"1652","sampling_area=Area_04__season=Spring__sex=M","prey_43",10,14,71.4285714285714,4.4,289.32,1.52080741047975,108.629100748553,1.54085363291263
"1653","sampling_area=Area_04__season=Spring__sex=M","prey_16",10,14,71.4285714285714,4.33,289.32,1.4966127471312,106.900910509372,1.51634005238902
"1654","sampling_area=Area_04__season=Spring__sex=M","prey_11",9,14,64.2857142857143,4.72,289.32,1.63141158578736,104.876459086331,1.48762414377565
"1655","sampling_area=Area_04__season=Spring__sex=M","prey_17",10,14,71.4285714285714,4.22,289.32,1.45859256186921,104.185182990658,1.47781871156621
"1656","sampling_area=Area_04__season=Spring__sex=M","prey_19",9,14,64.2857142857143,4.62,289.32,1.59684778100373,102.654500207383,1.45610668310244
"1657","sampling_area=Area_04__season=Spring__sex=M","prey_1",9,14,64.2857142857143,4.47,289.32,1.54500207382829,99.3215618889613,1.40883049209262
"1658","sampling_area=Area_04__season=Spring__sex=M","prey_29",8,14,57.1428571428571,5.01,289.32,1.73164661965989,98.9512354091367,1.40357758198042
"1659","sampling_area=Area_04__season=Spring__sex=M","prey_22",10,14,71.4285714285714,3.95,289.32,1.36527028895341,97.5193063538149,1.38326632954657
"1660","sampling_area=Area_04__season=Spring__sex=M","prey_10",8,14,57.1428571428571,4.85,289.32,1.67634453200608,95.7911161146333,1.35875274902296
"1661","sampling_area=Area_04__season=Spring__sex=M","prey_50",9,14,64.2857142857143,4.29,289.32,1.48278722521775,95.3220359068555,1.35209906288084
"1662","sampling_area=Area_04__season=Spring__sex=M","prey_37",9,14,64.2857142857143,4.13,289.32,1.42748513756394,91.7669017005392,1.3016711258037
"1663","sampling_area=Area_04__season=Spring__sex=M","prey_2",9,14,64.2857142857143,3.86,289.32,1.33416286464814,85.7676127273805,1.21657398198602
"1664","sampling_area=Area_04__season=Spring__sex=M","prey_8",8,14,57.1428571428571,4.32,289.32,1.49315636665284,85.3232209515909,1.21027048985138
"1665","sampling_area=Area_04__season=Spring__sex=M","prey_13",8,14,57.1428571428571,4.28,289.32,1.47933084473939,84.5331911279651,1.19906428161201
"1666","sampling_area=Area_04__season=Spring__sex=M","prey_25",8,14,57.1428571428571,4.18,289.32,1.44476703995576,82.5581165689005,1.1710487610136
"1667","sampling_area=Area_04__season=Spring__sex=M","prey_48",8,14,57.1428571428571,4.07,289.32,1.40674685469376,80.3855345539294,1.14023168835535
"1668","sampling_area=Area_04__season=Spring__sex=M","prey_28",8,14,57.1428571428571,3.87,289.32,1.3376192451265,76.4353854358002,1.08420064715853
"1669","sampling_area=Area_04__season=Spring__sex=M","prey_18",8,14,57.1428571428571,3.78,289.32,1.30651182082124,74.657818332642,1.05898667861996
"1670","sampling_area=Area_04__season=Spring__sex=M","prey_57",7,14,50,4.28,289.32,1.47933084473939,73.9665422369695,1.04918124641051
"1671","sampling_area=Area_04__season=Spring__sex=M","prey_33",8,14,57.1428571428571,3.47,289.32,1.19936402599198,68.5350871995418,0.97213856476488
"1672","sampling_area=Area_04__season=Spring__sex=M","prey_38",7,14,50,3.85,289.32,1.33070648416978,66.5353242084889,0.943772850158988
"1673","sampling_area=Area_04__season=Spring__sex=M","prey_35",6,14,42.8571428571429,4.4,289.32,1.52080741047975,65.177460449132,0.92451217974758
"1674","sampling_area=Area_04__season=Spring__sex=M","prey_27",8,14,57.1428571428571,3.25,289.32,1.12332365546799,64.1899231695997,0.910504419448374
"1675","sampling_area=Area_04__season=Spring__sex=M","prey_7",7,14,50,3.7,289.32,1.27886077699433,63.9430388497166,0.907002479373573
"1676","sampling_area=Area_04__season=Spring__sex=M","prey_14",8,14,57.1428571428571,2.9,289.32,1.00235033872529,57.2771622128735,0.812450097353934
"1677","sampling_area=Area_04__season=Spring__sex=M","prey_5",6,14,42.8571428571429,3.8,289.32,1.31342458177796,56.2896249333412,0.798442337054728
"1678","sampling_area=Area_04__season=Spring__sex=M","prey_36",8,14,57.1428571428571,2.62,289.32,0.905571685331121,51.7469534474926,0.734006639678382
"1679","sampling_area=Area_04__season=Spring__sex=M","prey_54",7,14,50,2.92,289.32,1.00926309968201,50.4631549841006,0.715796551289414
"1680","sampling_area=Area_04__season=Spring__sex=M","prey_21",6,14,42.8571428571429,1.99,289.32,0.687819715194249,29.4779877940392,0.418131644931292
"1681","sampling_area=Area_04__season=Summer__sex=F","prey_8",16,18,88.8888888888889,9.83,385.46,2.55019976132413,226.684423228812,3.21492010735478
"1682","sampling_area=Area_04__season=Summer__sex=F","prey_55",16,18,88.8888888888889,9.16,385.46,2.37638146630001,211.233908115556,2.99579533910171
"1683","sampling_area=Area_04__season=Summer__sex=F","prey_53",14,18,77.7777777777778,9.18,385.46,2.38157007212162,185.233227831682,2.62704432984001
"1684","sampling_area=Area_04__season=Summer__sex=F","prey_54",15,18,83.3333333333333,8.46,385.46,2.19478026254346,182.898355211955,2.59393032568236
"1685","sampling_area=Area_04__season=Summer__sex=F","prey_56",16,18,88.8888888888889,7.76,385.46,2.0131790587869,178.949249669947,2.53792268902066
"1686","sampling_area=Area_04__season=Summer__sex=F","prey_29",14,18,77.7777777777778,8.23,385.46,2.13511129559487,166.064211879601,2.35518244385439
"1687","sampling_area=Area_04__season=Summer__sex=F","prey_49",14,18,77.7777777777778,7.97,385.46,2.06765941991387,160.81795488219,2.28077813821622
"1688","sampling_area=Area_04__season=Summer__sex=F","prey_7",13,18,72.2222222222222,8.55,385.46,2.21812898874073,160.198204742386,2.27198861859413
"1689","sampling_area=Area_04__season=Summer__sex=F","prey_38",14,18,77.7777777777778,7.83,385.46,2.03133917916256,157.993047268199,2.24071428133413
"1690","sampling_area=Area_04__season=Summer__sex=F","prey_50",16,18,88.8888888888889,6.68,385.46,1.73299434441965,154.043941726192,2.18470664467243
"1691","sampling_area=Area_04__season=Summer__sex=F","prey_51",14,18,77.7777777777778,7.62,385.46,1.97685881803559,153.755685847213,2.18061849601099
"1692","sampling_area=Area_04__season=Summer__sex=F","prey_40",14,18,77.7777777777778,7.61,385.46,1.97426451512479,153.553906731928,2.17775679194798
"1693","sampling_area=Area_04__season=Summer__sex=F","prey_5",15,18,83.3333333333333,6.96,385.46,1.80563482592227,150.469568826856,2.1340136012706
"1694","sampling_area=Area_04__season=Summer__sex=F","prey_36",15,18,83.3333333333333,6.94,385.46,1.80044622010066,150.037185008388,2.12788137827844
"1695","sampling_area=Area_04__season=Summer__sex=F","prey_3",13,18,72.2222222222222,7.96,385.46,2.06506511700306,149.143591783554,2.11520811742798
"1696","sampling_area=Area_04__season=Summer__sex=F","prey_42",15,18,83.3333333333333,6.77,385.46,1.75634307061693,146.36192255141,2.07575748284511
"1697","sampling_area=Area_04__season=Summer__sex=F","prey_39",13,18,72.2222222222222,7.72,385.46,2.00280184714367,144.646800071487,2.05143299830955
"1698","sampling_area=Area_04__season=Summer__sex=F","prey_25",13,18,72.2222222222222,7.69,385.46,1.99501893841125,144.084701107479,2.04346110841975
"1699","sampling_area=Area_04__season=Summer__sex=F","prey_46",13,18,72.2222222222222,7.6,385.46,1.97167021221398,142.398404215454,2.01954543875033
"1700","sampling_area=Area_04__season=Summer__sex=F","prey_20",15,18,83.3333333333333,6.55,385.46,1.69926840657915,141.605700548263,2.00830302993138
"1701","sampling_area=Area_04__season=Summer__sex=F","prey_24",13,18,72.2222222222222,7.47,385.46,1.93794427437348,139.962642038084,1.98500058256118
"1702","sampling_area=Area_04__season=Summer__sex=F","prey_17",13,18,72.2222222222222,7.36,385.46,1.90940694235459,137.901612503387,1.9557703196319
"1703","sampling_area=Area_04__season=Summer__sex=F","prey_41",14,18,77.7777777777778,6.83,385.46,1.77190888808177,137.815135739693,1.95454387503347
"1704","sampling_area=Area_04__season=Summer__sex=F","prey_37",12,18,66.6666666666667,7.87,385.46,2.04171639080579,136.114426053719,1.93042379793099
"1705","sampling_area=Area_04__season=Summer__sex=F","prey_48",13,18,72.2222222222222,7.23,385.46,1.87568100451409,135.465850326017,1.92122546344275
"1706","sampling_area=Area_04__season=Summer__sex=F","prey_15",12,18,66.6666666666667,7.55,385.46,1.95869869765994,130.579913177329,1.85193134363138
"1707","sampling_area=Area_04__season=Summer__sex=F","prey_11",14,18,77.7777777777778,6.2,385.46,1.60846780470088,125.103051476735,1.77425651906406
"1708","sampling_area=Area_04__season=Summer__sex=F","prey_47",12,18,66.6666666666667,7.17,385.46,1.86011518704924,124.007679136616,1.7587215541506
"1709","sampling_area=Area_04__season=Summer__sex=F","prey_31",12,18,66.6666666666667,7.16,385.46,1.85752088413843,123.834725609229,1.75626866495373
"1710","sampling_area=Area_04__season=Summer__sex=F","prey_22",13,18,72.2222222222222,6.36,385.46,1.6499766512738,119.164980369775,1.69004065663844
"1711","sampling_area=Area_04__season=Summer__sex=F","prey_52",14,18,77.7777777777778,5.87,385.46,1.52285580864422,118.444340672328,1.67982028498484
"1712","sampling_area=Area_04__season=Summer__sex=F","prey_26",14,18,77.7777777777778,5.81,385.46,1.50728999117937,117.233665980618,1.6626500606068
"1713","sampling_area=Area_04__season=Summer__sex=F","prey_2",12,18,66.6666666666667,6.48,385.46,1.6811082862035,112.0738857469,1.58947219956706
"1714","sampling_area=Area_04__season=Summer__sex=F","prey_34",13,18,72.2222222222222,5.92,385.46,1.53582732319826,110.920862230985,1.57311960492131
"1715","sampling_area=Area_04__season=Summer__sex=F","prey_6",11,18,61.1111111111111,6.7,385.46,1.73818295024127,106.222291403633,1.50648278173988
"1716","sampling_area=Area_04__season=Summer__sex=F","prey_14",12,18,66.6666666666667,6.04,385.46,1.56695895812795,104.463930541863,1.4815450749051
"1717","sampling_area=Area_04__season=Summer__sex=F","prey_32",11,18,61.1111111111111,6.53,385.46,1.69407980075754,103.527098935183,1.46825859175543
"1718","sampling_area=Area_04__season=Summer__sex=F","prey_60",11,18,61.1111111111111,6.43,385.46,1.66813677164946,101.9416916008,1.44577377411752
"1719","sampling_area=Area_04__season=Summer__sex=F","prey_4",12,18,66.6666666666667,5.52,385.46,1.43205520676594,95.4703471177295,1.35399483666824
"1720","sampling_area=Area_04__season=Summer__sex=F","prey_30",13,18,72.2222222222222,4.83,385.46,1.2530483059202,90.4979332053477,1.28347427225844
"1721","sampling_area=Area_04__season=Summer__sex=F","prey_28",11,18,61.1111111111111,5.6,385.46,1.4528096300524,88.7828107254248,1.25914978772288
"1722","sampling_area=Area_04__season=Summer__sex=F","prey_43",11,18,61.1111111111111,5.52,385.46,1.43205520676594,87.5144848579187,1.24116193361255
"1723","sampling_area=Area_04__season=Summer__sex=F","prey_12",11,18,61.1111111111111,5.46,385.46,1.41648938930109,86.5632404572891,1.22767104302981
"1724","sampling_area=Area_04__season=Summer__sex=F","prey_59",10,18,55.5555555555556,6,385.46,1.55658174648472,86.4767636935955,1.22644459843138
"1725","sampling_area=Area_04__season=Summer__sex=F","prey_19",9,18,50,6.4,385.46,1.66035386291703,83.0176931458517,1.17738681449412
"1726","sampling_area=Area_04__season=Summer__sex=F","prey_10",10,18,55.5555555555556,5.7,385.46,1.47875265916048,82.1529255089158,1.16512236850981
"1727","sampling_area=Area_04__season=Summer__sex=F","prey_23",11,18,61.1111111111111,5.17,385.46,1.34125460488767,81.9655591875796,1.16246507187987
"1728","sampling_area=Area_04__season=Summer__sex=F","prey_44",12,18,66.6666666666667,4.48,385.46,1.16224770404192,77.4831802694616,1.09889436019451
"1729","sampling_area=Area_04__season=Summer__sex=F","prey_57",9,18,50,5.8,385.46,1.50469568826856,75.2347844134281,1.0670068006353
"1730","sampling_area=Area_04__season=Summer__sex=F","prey_33",11,18,61.1111111111111,4.6,385.46,1.19337933897162,72.9287373815989,1.0343016113438
"1731","sampling_area=Area_04__season=Summer__sex=F","prey_27",10,18,55.5555555555556,4.93,385.46,1.27899133502828,71.0550741682377,1.00772864504445
"1732","sampling_area=Area_04__season=Summer__sex=F","prey_9",11,18,61.1111111111111,4.42,385.46,1.14668188657708,70.0750041797102,0.993828939595559
"1733","sampling_area=Area_04__season=Summer__sex=F","prey_13",10,18,55.5555555555556,4.8,385.46,1.24526539718778,69.1814109548764,0.981155678745102
"1734","sampling_area=Area_04__season=Summer__sex=F","prey_1",10,18,55.5555555555556,4.61,385.46,1.19597364188243,66.4429801045792,0.942318266461442
"1735","sampling_area=Area_04__season=Summer__sex=F","prey_16",8,18,44.4444444444444,5.45,385.46,1.41389508639029,62.8397816173461,0.891216408193468
"1736","sampling_area=Area_04__season=Summer__sex=F","prey_18",9,18,50,4.62,385.46,1.19856794479323,59.9283972396617,0.849926106712944
"1737","sampling_area=Area_04__season=Summer__sex=F","prey_45",10,18,55.5555555555556,4.13,385.46,1.07144710216365,59.5248390090916,0.844202698586931
"1738","sampling_area=Area_04__season=Summer__sex=F","prey_21",11,18,61.1111111111111,3.09,385.46,0.801639599439631,48.9890866324219,0.694780865011375
"1739","sampling_area=Area_04__season=Summer__sex=F","prey_58",11,18,61.1111111111111,2.94,385.46,0.762725055777513,46.610975630848,0.661053638554512
"1740","sampling_area=Area_04__season=Summer__sex=F","prey_35",9,18,50,3.34,385.46,0.866497172209827,43.3248586104914,0.61444874381412
"1741","sampling_area=Area_04__season=Summer__sex=M","prey_56",19,21,90.4761904761905,9.82,408.75,2.40244648318043,217.364205621086,3.32487472467942
"1742","sampling_area=Area_04__season=Summer__sex=M","prey_37",16,21,76.1904761904762,9.97,408.75,2.43914373088685,185.839522353284,2.84266275099614
"1743","sampling_area=Area_04__season=Summer__sex=M","prey_30",17,21,80.9523809523809,9.35,408.75,2.28746177370031,185.175476918596,2.83250529257044
"1744","sampling_area=Area_04__season=Summer__sex=M","prey_15",16,21,76.1904761904762,8.83,408.75,2.16024464831804,164.590068443279,2.51762408137372
"1745","sampling_area=Area_04__season=Summer__sex=M","prey_1",17,21,80.9523809523809,8.28,408.75,2.0256880733945,163.984272608126,2.50835762807308
"1746","sampling_area=Area_04__season=Summer__sex=M","prey_39",15,21,71.4285714285714,9.37,408.75,2.29235474006116,163.739624290083,2.50461540654782
"1747","sampling_area=Area_04__season=Summer__sex=M","prey_21",15,21,71.4285714285714,8.87,408.75,2.17003058103976,155.002184359983,2.3709646377886
"1748","sampling_area=Area_04__season=Summer__sex=M","prey_31",15,21,71.4285714285714,8.84,408.75,2.16269113149847,154.477937964177,2.36294559166304
"1749","sampling_area=Area_04__season=Summer__sex=M","prey_41",15,21,71.4285714285714,8.56,408.75,2.09418960244648,149.58497160332,2.28810116115788
"1750","sampling_area=Area_04__season=Summer__sex=M","prey_48",15,21,71.4285714285714,8.54,408.75,2.08929663608563,149.235474006116,2.28275513040751
"1751","sampling_area=Area_04__season=Summer__sex=M","prey_9",15,21,71.4285714285714,8.08,408.75,1.97675840978593,141.197029270424,2.15979642314903
"1752","sampling_area=Area_04__season=Summer__sex=M","prey_53",14,21,66.6666666666667,8.62,408.75,2.10886850152905,140.59123343527,2.15052996984839
"1753","sampling_area=Area_04__season=Summer__sex=M","prey_17",16,21,76.1904761904762,7.39,408.75,1.80795107033639,137.748652978011,2.10704891974539
"1754","sampling_area=Area_04__season=Summer__sex=M","prey_34",16,21,76.1904761904762,7.16,408.75,1.75168195718654,133.461482452308,2.04147094254086
"1755","sampling_area=Area_04__season=Summer__sex=M","prey_11",15,21,71.4285714285714,7.59,408.75,1.85688073394495,132.634338138925,2.02881866976499
"1756","sampling_area=Area_04__season=Summer__sex=M","prey_20",13,21,61.9047619047619,8.64,408.75,2.11376146788991,130.851900393185,2.00155391293811
"1757","sampling_area=Area_04__season=Summer__sex=M","prey_40",14,21,66.6666666666667,7.51,408.75,1.83730886850153,122.487257900102,1.87360557697928
"1758","sampling_area=Area_04__season=Summer__sex=M","prey_8",14,21,66.6666666666667,7.4,408.75,1.81039755351682,120.693170234455,1.84616261912738
"1759","sampling_area=Area_04__season=Summer__sex=M","prey_14",14,21,66.6666666666667,7.27,408.75,1.77859327217125,118.572884811417,1.81373003257515
"1760","sampling_area=Area_04__season=Summer__sex=M","prey_54",15,21,71.4285714285714,6.64,408.75,1.62446483180428,116.033202271734,1.77488220912247
"1761","sampling_area=Area_04__season=Summer__sex=M","prey_26",14,21,66.6666666666667,7.11,408.75,1.7394495412844,115.963302752294,1.77381300297239
"1762","sampling_area=Area_04__season=Summer__sex=M","prey_24",14,21,66.6666666666667,7.08,408.75,1.73211009174312,115.474006116208,1.76632855992188
"1763","sampling_area=Area_04__season=Summer__sex=M","prey_27",14,21,66.6666666666667,6.97,408.75,1.70519877675841,113.679918450561,1.73888560206998
"1764","sampling_area=Area_04__season=Summer__sex=M","prey_47",14,21,66.6666666666667,6.96,408.75,1.70275229357798,113.516819571865,1.73639078771981
"1765","sampling_area=Area_04__season=Summer__sex=M","prey_49",14,21,66.6666666666667,6.79,408.75,1.6611620795107,110.744138634047,1.69397894376688
"1766","sampling_area=Area_04__season=Summer__sex=M","prey_45",14,21,66.6666666666667,6.72,408.75,1.64403669724771,109.60244648318,1.67651524331568
"1767","sampling_area=Area_04__season=Summer__sex=M","prey_22",15,21,71.4285714285714,6.24,408.75,1.52660550458716,109.043250327654,1.66796159411509
"1768","sampling_area=Area_04__season=Summer__sex=M","prey_4",16,21,76.1904761904762,5.77,408.75,1.41162079510703,107.552060579584,1.64515186291352
"1769","sampling_area=Area_04__season=Summer__sex=M","prey_29",12,21,57.1428571428571,7.62,408.75,1.86422018348624,106.526867627785,1.62947017271243
"1770","sampling_area=Area_04__season=Summer__sex=M","prey_52",13,21,61.9047619047619,7,408.75,1.71253822629969,106.014271151886,1.62162932761189
"1771","sampling_area=Area_04__season=Summer__sex=M","prey_25",13,21,61.9047619047619,6.92,408.75,1.69296636085627,104.802679481579,1.60309642101061
"1772","sampling_area=Area_04__season=Summer__sex=M","prey_58",13,21,61.9047619047619,6.79,408.75,1.6611620795107,102.833843017329,1.57298044778354
"1773","sampling_area=Area_04__season=Summer__sex=M","prey_3",13,21,61.9047619047619,6.77,408.75,1.65626911314985,102.530945099752,1.56834722113322
"1774","sampling_area=Area_04__season=Summer__sex=M","prey_57",12,21,57.1428571428571,7.29,408.75,1.78348623853211,101.913499344692,1.55890256680756
"1775","sampling_area=Area_04__season=Summer__sex=M","prey_35",13,21,61.9047619047619,6.67,408.75,1.63180428134557,101.016455511868,1.54518108788162
"1776","sampling_area=Area_04__season=Summer__sex=M","prey_50",12,21,57.1428571428571,6.96,408.75,1.70275229357798,97.3001310615989,1.4883349609027
"1777","sampling_area=Area_04__season=Summer__sex=M","prey_7",12,21,57.1428571428571,6.93,408.75,1.6954128440367,96.8807339449541,1.48191972400225
"1778","sampling_area=Area_04__season=Summer__sex=M","prey_18",14,21,66.6666666666667,5.93,408.75,1.45076452599388,96.7176350662589,1.47942490965208
"1779","sampling_area=Area_04__season=Summer__sex=M","prey_28",13,21,61.9047619047619,6.36,408.75,1.55596330275229,96.3215377894277,1.47336607480166
"1780","sampling_area=Area_04__season=Summer__sex=M","prey_23",12,21,57.1428571428571,6.88,408.75,1.68318042813456,96.1817387505461,1.47122766250151
"1781","sampling_area=Area_04__season=Summer__sex=M","prey_44",13,21,61.9047619047619,6.24,408.75,1.52660550458716,94.5041502839668,1.44556671489974
"1782","sampling_area=Area_04__season=Summer__sex=M","prey_32",14,21,66.6666666666667,5.78,408.75,1.41406727828746,94.2711518858308,1.4420026943995
"1783","sampling_area=Area_04__season=Summer__sex=M","prey_6",13,21,61.9047619047619,6.13,408.75,1.49969418960245,92.8382117372943,1.42008396832299
"1784","sampling_area=Area_04__season=Summer__sex=M","prey_2",13,21,61.9047619047619,6.09,408.75,1.48990825688073,92.2324159021407,1.41081751502235
"1785","sampling_area=Area_04__season=Summer__sex=M","prey_19",12,21,57.1428571428571,6.5,408.75,1.59021406727829,90.869375273045,1.38996799509591
"1786","sampling_area=Area_04__season=Summer__sex=M","prey_13",12,21,57.1428571428571,6.46,408.75,1.58042813455657,90.3101791175186,1.38141434589532
"1787","sampling_area=Area_04__season=Summer__sex=M","prey_42",14,21,66.6666666666667,5.5,408.75,1.34556574923547,89.7043832823649,1.37214789259468
"1788","sampling_area=Area_04__season=Summer__sex=M","prey_60",11,21,52.3809523809524,6.94,408.75,1.69785932721713,88.9354885685161,1.36038662494387
"1789","sampling_area=Area_04__season=Summer__sex=M","prey_5",13,21,61.9047619047619,5.14,408.75,1.25749235474006,77.8447648172419,1.19073924913216
"1790","sampling_area=Area_04__season=Summer__sex=M","prey_33",11,21,52.3809523809524,5.57,408.75,1.36269113149847,71.3790592689675,1.09183768025034
"1791","sampling_area=Area_04__season=Summer__sex=M","prey_43",12,21,57.1428571428571,4.99,408.75,1.22079510703364,69.7597204019222,1.06706773777363
"1792","sampling_area=Area_04__season=Summer__sex=M","prey_51",10,21,47.6190476190476,5.58,408.75,1.3651376146789,65.0065530799476,0.994361719568611
"1793","sampling_area=Area_04__season=Summer__sex=M","prey_12",11,21,52.3809523809524,5.03,408.75,1.23058103975535,64.459006844328,0.985986271393033
"1794","sampling_area=Area_04__season=Summer__sex=M","prey_16",12,21,57.1428571428571,4.27,408.75,1.04464831804281,59.6941896024465,0.913102052163004
"1795","sampling_area=Area_04__season=Summer__sex=M","prey_46",10,21,47.6190476190476,5.1,408.75,1.24770642201835,59.4145915246833,0.908825227562709
"1796","sampling_area=Area_04__season=Summer__sex=M","prey_38",11,21,52.3809523809524,4.56,408.75,1.11559633027523,58.435998252512,0.893856341461676
"1797","sampling_area=Area_04__season=Summer__sex=M","prey_59",10,21,47.6190476190476,4.4,408.75,1.07645259938838,51.2596475899228,0.784084510054102
"1798","sampling_area=Area_04__season=Summer__sex=M","prey_36",10,21,47.6190476190476,4.01,408.75,0.981039755351682,46.7161788262706,0.714586110299306
"1799","sampling_area=Area_04__season=Summer__sex=M","prey_55",11,21,52.3809523809524,3.62,408.75,0.885626911314985,46.3899810688802,0.709596481598962
"1800","sampling_area=Area_04__season=Summer__sex=M","prey_10",9,21,42.8571428571429,4.35,408.75,1.06422018348624,45.6094364351245,0.697657012923138
"1801","sampling_area=Area_04__season=Winter__sex=F","prey_11",10,11,90.9090909090909,6.02,225.9,2.66489597166888,242.263270151716,3.50834251213642
"1802","sampling_area=Area_04__season=Winter__sex=F","prey_46",9,11,81.8181818181818,6.04,225.9,2.67374944665781,218.761318362912,3.16799832159029
"1803","sampling_area=Area_04__season=Winter__sex=F","prey_45",11,11,100,4.78,225.9,2.11598052235502,211.598052235502,3.06426327721151
"1804","sampling_area=Area_04__season=Winter__sex=F","prey_50",9,11,81.8181818181818,5.82,225.9,2.57636122177955,210.793190872872,3.0526076542476
"1805","sampling_area=Area_04__season=Winter__sex=F","prey_2",9,11,81.8181818181818,5.67,225.9,2.50996015936255,205.360376675118,2.97393219924122
"1806","sampling_area=Area_04__season=Winter__sex=F","prey_32",8,11,72.7272727272727,6.37,225.9,2.81983178397521,205.078675198197,2.96985273120385
"1807","sampling_area=Area_04__season=Winter__sex=F","prey_38",9,11,81.8181818181818,5.27,225.9,2.33289065958389,190.872872147773,2.76413098589087
"1808","sampling_area=Area_04__season=Winter__sex=F","prey_55",9,11,81.8181818181818,5.14,225.9,2.27534307215582,186.164433176385,2.695945591552
"1809","sampling_area=Area_04__season=Winter__sex=F","prey_60",10,11,90.9090909090909,4.56,225.9,2.01859229747676,183.508390679705,2.65748203577111
"1810","sampling_area=Area_04__season=Winter__sex=F","prey_3",9,11,81.8181818181818,4.79,225.9,2.12040725984949,173.487866714958,2.51236952987045
"1811","sampling_area=Area_04__season=Winter__sex=F","prey_26",8,11,72.7272727272727,5.37,225.9,2.37715803452855,172.884220692986,2.50362781264752
"1812","sampling_area=Area_04__season=Winter__sex=F","prey_19",9,11,81.8181818181818,4.74,225.9,2.09827357237716,171.67692864904,2.48614437820165
"1813","sampling_area=Area_04__season=Winter__sex=F","prey_30",8,11,72.7272727272727,5.04,225.9,2.23107569721116,162.260050706266,2.34977358952393
"1814","sampling_area=Area_04__season=Winter__sex=F","prey_52",9,11,81.8181818181818,4.21,225.9,1.86365648517043,152.480985150308,2.20815777051244
"1815","sampling_area=Area_04__season=Winter__sex=F","prey_39",8,11,72.7272727272727,4.7,225.9,2.08056662239929,151.313936174494,2.19125711721477
"1816","sampling_area=Area_04__season=Winter__sex=F","prey_36",9,11,81.8181818181818,4.14,225.9,1.83266932270916,149.945671858022,2.17144255817613
"1817","sampling_area=Area_04__season=Winter__sex=F","prey_4",9,11,81.8181818181818,4.06,225.9,1.79725542275343,147.048170952553,2.12948231550606
"1818","sampling_area=Area_04__season=Winter__sex=F","prey_49",7,11,63.6363636363636,5.05,225.9,2.23550243470562,142.259245844903,2.0601313588708
"1819","sampling_area=Area_04__season=Winter__sex=F","prey_54",8,11,72.7272727272727,4.33,225.9,1.91677733510403,139.401988007566,2.01875389734893
"1820","sampling_area=Area_04__season=Winter__sex=F","prey_37",8,11,72.7272727272727,4.11,225.9,1.81938911022576,132.319208016419,1.91618441526654
"1821","sampling_area=Area_04__season=Winter__sex=F","prey_59",9,11,81.8181818181818,3.6,225.9,1.59362549800797,130.387540746106,1.88821092015315
"1822","sampling_area=Area_04__season=Winter__sex=F","prey_44",7,11,63.6363636363636,4.58,225.9,2.02744577246569,129.019276429635,1.86839636111451
"1823","sampling_area=Area_04__season=Winter__sex=F","prey_58",7,11,63.6363636363636,4.54,225.9,2.00973882248783,127.892470521953,1.85207848896504
"1824","sampling_area=Area_04__season=Winter__sex=F","prey_29",8,11,72.7272727272727,3.95,225.9,1.7485613103143,127.168095295585,1.84158842829752
"1825","sampling_area=Area_04__season=Winter__sex=F","prey_17",7,11,63.6363636363636,4.51,225.9,1.99645861000443,127.047366091191,1.83984008485294
"1826","sampling_area=Area_04__season=Winter__sex=F","prey_15",8,11,72.7272727272727,3.86,225.9,1.7087206728641,124.270594390116,1.79962818562745
"1827","sampling_area=Area_04__season=Winter__sex=F","prey_18",8,11,72.7272727272727,3.85,225.9,1.70429393536963,123.948649845064,1.79496593644189
"1828","sampling_area=Area_04__season=Winter__sex=F","prey_56",7,11,63.6363636363636,4.18,225.9,1.85037627268703,117.751217352811,1.70521763961979
"1829","sampling_area=Area_04__season=Winter__sex=F","prey_21",7,11,63.6363636363636,4.03,225.9,1.78397521027003,113.525695199002,1.64402561905927
"1830","sampling_area=Area_04__season=Winter__sex=F","prey_43",8,11,72.7272727272727,3.49,225.9,1.54493138556884,112.358646223188,1.62712496576161
"1831","sampling_area=Area_04__season=Winter__sex=F","prey_42",7,11,63.6363636363636,3.94,225.9,1.74413457281983,110.990381906717,1.60731040672296
"1832","sampling_area=Area_04__season=Winter__sex=F","prey_24",7,11,63.6363636363636,3.91,225.9,1.73085436033643,110.145277475955,1.59507200261086
"1833","sampling_area=Area_04__season=Winter__sex=F","prey_34",7,11,63.6363636363636,3.76,225.9,1.66445329791943,105.919755322146,1.53387998205034
"1834","sampling_area=Area_04__season=Winter__sex=F","prey_33",7,11,63.6363636363636,3.74,225.9,1.6555998229305,105.356352368305,1.5257210459756
"1835","sampling_area=Area_04__season=Winter__sex=F","prey_48",7,11,63.6363636363636,3.7,225.9,1.63789287295263,104.229546460622,1.50940317382613
"1836","sampling_area=Area_04__season=Winter__sex=F","prey_8",8,11,72.7272727272727,3.09,225.9,1.36786188579017,99.4808644211035,1.44063499833907
"1837","sampling_area=Area_04__season=Winter__sex=F","prey_53",7,11,63.6363636363636,3.52,225.9,1.55821159805224,99.1589198760513,1.43597274915351
"1838","sampling_area=Area_04__season=Winter__sex=F","prey_57",7,11,63.6363636363636,3.23,225.9,1.4298362107127,90.9895770453539,1.31766817606984
"1839","sampling_area=Area_04__season=Winter__sex=F","prey_47",7,11,63.6363636363636,3.06,225.9,1.35458167330677,86.2006519377037,1.24831721943459
"1840","sampling_area=Area_04__season=Winter__sex=F","prey_13",6,11,54.5454545454545,3.54,225.9,1.56706507304117,85.4762767113365,1.23782715876707
"1841","sampling_area=Area_04__season=Winter__sex=F","prey_28",7,11,63.6363636363636,2.99,225.9,1.32359451084551,84.2287415992595,1.21976094317301
"1842","sampling_area=Area_04__season=Winter__sex=F","prey_25",7,11,63.6363636363636,2.95,225.9,1.30588756086764,83.1019356915771,1.20344307102354
"1843","sampling_area=Area_04__season=Winter__sex=F","prey_31",5,11,45.4545454545455,3.78,225.9,1.67330677290837,76.0593987685621,1.10145637008934
"1844","sampling_area=Area_04__season=Winter__sex=F","prey_14",6,11,54.5454545454545,3.02,225.9,1.33687472332891,72.920439454304,1.0559994405301
"1845","sampling_area=Area_04__season=Winter__sex=F","prey_41",5,11,45.4545454545455,3.42,225.9,1.51394422310757,68.8156465048895,0.996555763414165
"1846","sampling_area=Area_04__season=Winter__sex=F","prey_22",6,11,54.5454545454545,2.76,225.9,1.22177954847278,66.6425208257877,0.965085581411612
"1847","sampling_area=Area_04__season=Winter__sex=F","prey_1",5,11,45.4545454545455,3.21,225.9,1.42098273572377,64.5901243510805,0.935363742853646
"1848","sampling_area=Area_04__season=Winter__sex=F","prey_40",6,11,54.5454545454545,2.64,225.9,1.16865869853918,63.7450199203187,0.923125338741542
"1849","sampling_area=Area_04__season=Winter__sex=F","prey_10",6,11,54.5454545454545,2.62,225.9,1.15980522355024,63.2621031027405,0.916131964963197
"1850","sampling_area=Area_04__season=Winter__sex=F","prey_35",6,11,54.5454545454545,2.58,225.9,1.14209827357238,62.2962694675842,0.902145217406507
"1851","sampling_area=Area_04__season=Winter__sex=F","prey_51",7,11,63.6363636363636,2.2,225.9,0.973882248782647,61.9743249225321,0.897482968220944
"1852","sampling_area=Area_04__season=Winter__sex=F","prey_20",6,11,54.5454545454545,2.38,225.9,1.05356352368305,57.4671012918025,0.832211479623057
"1853","sampling_area=Area_04__season=Winter__sex=F","prey_9",6,11,54.5454545454545,2.2,225.9,0.973882248782647,53.1208499335989,0.769271115617952
"1854","sampling_area=Area_04__season=Winter__sex=F","prey_23",5,11,45.4545454545455,2.58,225.9,1.14209827357238,51.9135578896535,0.751787681172089
"1855","sampling_area=Area_04__season=Winter__sex=F","prey_27",5,11,45.4545454545455,2.53,225.9,1.11996458610004,50.9074811863657,0.737218152467204
"1856","sampling_area=Area_04__season=Winter__sex=F","prey_12",5,11,45.4545454545455,2.11,225.9,0.934041611332448,42.4564368787476,0.614834111346166
"1857","sampling_area=Area_04__season=Winter__sex=F","prey_5",6,11,54.5454545454545,1.7,225.9,0.752545374059318,41.0479294941446,0.594436771159326
"1858","sampling_area=Area_04__season=Winter__sex=F","prey_7",5,11,45.4545454545455,1.69,225.9,0.748118636564852,34.0053925711296,0.492450070225128
"1859","sampling_area=Area_04__season=Winter__sex=F","prey_6",4,11,36.3636363636364,0.98,225.9,0.433820274457725,15.7752827075536,0.228450210092604
"1860","sampling_area=Area_04__season=Winter__sex=F","prey_16",2,11,18.1818181818182,1.27,225.9,0.562195661797255,10.2217393054046,0.148026411641636
"1861","sampling_area=Area_04__season=Winter__sex=M","prey_51",15,16,93.75,7.57,313.27,2.41644587735819,226.54180100233,3.39632461146405
"1862","sampling_area=Area_04__season=Winter__sex=M","prey_5",13,16,81.25,8.02,313.27,2.56009193347592,208.007469594918,3.11845710252085
"1863","sampling_area=Area_04__season=Winter__sex=M","prey_33",13,16,81.25,7.54,313.27,2.40686947361701,195.558144731382,2.93181627842982
"1864","sampling_area=Area_04__season=Winter__sex=M","prey_7",13,16,81.25,7.37,313.27,2.35260318575031,191.149008842213,2.86571431989759
"1865","sampling_area=Area_04__season=Winter__sex=M","prey_23",14,16,87.5,6.65,313.27,2.12276949596195,185.742330896671,2.78465716712729
"1866","sampling_area=Area_04__season=Winter__sex=M","prey_15",12,16,75,7.32,313.27,2.33664251284834,175.248188463626,2.62732852374287
"1867","sampling_area=Area_04__season=Winter__sex=M","prey_19",13,16,81.25,6.73,313.27,2.1483065726051,174.549909024164,2.61685988777622
"1868","sampling_area=Area_04__season=Winter__sex=M","prey_46",12,16,75,7.18,313.27,2.29195262872283,171.896447154212,2.57707907110298
"1869","sampling_area=Area_04__season=Winter__sex=M","prey_49",13,16,81.25,6.38,313.27,2.03658186229131,165.472276311169,2.48076762020985
"1870","sampling_area=Area_04__season=Winter__sex=M","prey_27",11,16,68.75,7.18,313.27,2.29195262872283,157.571743224694,2.36232248184439
"1871","sampling_area=Area_04__season=Winter__sex=M","prey_37",11,16,68.75,7.01,313.27,2.23768634085613,153.840935933859,2.30639005539404
"1872","sampling_area=Area_04__season=Winter__sex=M","prey_18",11,16,68.75,6.86,313.27,2.18980432215022,150.549047147828,2.25703791440843
"1873","sampling_area=Area_04__season=Winter__sex=M","prey_25",12,16,75,6.06,313.27,1.93443355571871,145.082516678903,2.17508344998385
"1874","sampling_area=Area_04__season=Winter__sex=M","prey_14",11,16,68.75,6.55,313.27,2.09084815015801,143.745810323363,2.15504348970484
"1875","sampling_area=Area_04__season=Winter__sex=M","prey_10",12,16,75,5.96,313.27,1.90251220991477,142.688415743608,2.1391909838125
"1876","sampling_area=Area_04__season=Winter__sex=M","prey_22",11,16,68.75,6.29,313.27,2.00785265106777,138.039869760909,2.06949977866313
"1877","sampling_area=Area_04__season=Winter__sex=M","prey_44",11,16,68.75,6.11,313.27,1.95039422862068,134.089603217672,2.0102772094804
"1878","sampling_area=Area_04__season=Winter__sex=M","prey_38",12,16,75,5.51,313.27,1.75886615379704,131.914961534778,1.97767488604142
"1879","sampling_area=Area_04__season=Winter__sex=M","prey_6",10,16,62.5,6.58,313.27,2.10042455389919,131.2765346187,1.96810356172906
"1880","sampling_area=Area_04__season=Winter__sex=M","prey_26",10,16,62.5,6.53,313.27,2.08446388099722,130.278992562326,1.953148367491
"1881","sampling_area=Area_04__season=Winter__sex=M","prey_17",10,16,62.5,6.5,313.27,2.07488747725604,129.680467328503,1.94417525094816
"1882","sampling_area=Area_04__season=Winter__sex=M","prey_9",11,16,68.75,5.71,313.27,1.82270884540492,125.311233121588,1.87867150018544
"1883","sampling_area=Area_04__season=Winter__sex=M","prey_28",12,16,75,5.12,313.27,1.63437290516168,122.577967887126,1.83769426797315
"1884","sampling_area=Area_04__season=Winter__sex=M","prey_48",12,16,75,4.92,313.27,1.5705302135538,117.789766016535,1.76590933563045
"1885","sampling_area=Area_04__season=Winter__sex=M","prey_50",11,16,68.75,5.2,313.27,1.65990998180483,114.118811249082,1.71087422083438
"1886","sampling_area=Area_04__season=Winter__sex=M","prey_60",11,16,68.75,5.1,313.27,1.62798863600089,111.924218725061,1.67797279351064
"1887","sampling_area=Area_04__season=Winter__sex=M","prey_13",12,16,75,4.58,313.27,1.46199763782041,109.649822836531,1.64387495064786
"1888","sampling_area=Area_04__season=Winter__sex=M","prey_56",12,16,75,4.57,313.27,1.45880550324002,109.410412743001,1.64028570403072
"1889","sampling_area=Area_04__season=Winter__sex=M","prey_58",11,16,68.75,4.94,313.27,1.57691448271459,108.412870686628,1.62533050979266
"1890","sampling_area=Area_04__season=Winter__sex=M","prey_3",10,16,62.5,5.42,313.27,1.7301369425735,108.133558910844,1.621143055406
"1891","sampling_area=Area_04__season=Winter__sex=M","prey_54",10,16,62.5,5.32,313.27,1.69821559676956,106.138474798098,1.59123266692988
"1892","sampling_area=Area_04__season=Winter__sex=M","prey_34",11,16,68.75,4.8,313.27,1.53222459858908,105.340441152999,1.57926851153943
"1893","sampling_area=Area_04__season=Winter__sex=M","prey_8",9,16,56.25,5.81,313.27,1.85463019120886,104.322948255498,1.5640142134166
"1894","sampling_area=Area_04__season=Winter__sex=M","prey_35",10,16,62.5,4.62,313.27,1.47476617614199,92.1728860088741,1.381859947597
"1895","sampling_area=Area_04__season=Winter__sex=M","prey_2",10,16,62.5,4.6,313.27,1.4683819069812,91.7738691863249,1.37587786990177
"1896","sampling_area=Area_04__season=Winter__sex=M","prey_32",9,16,56.25,5.03,313.27,1.60564369393814,90.3174577840202,1.3540432863142
"1897","sampling_area=Area_04__season=Winter__sex=M","prey_41",11,16,68.75,4.1,313.27,1.3087751779615,89.9782934848533,1.34895852027326
"1898","sampling_area=Area_04__season=Winter__sex=M","prey_31",9,16,56.25,4.95,313.27,1.58010661729499,88.8809972228429,1.33250780661139
"1899","sampling_area=Area_04__season=Winter__sex=M","prey_24",10,16,62.5,4.42,313.27,1.41092348453411,88.1827177833818,1.32203917064475
"1900","sampling_area=Area_04__season=Winter__sex=M","prey_21",8,16,50,5.5,313.27,1.75567401921665,87.7837009608325,1.31605709294952
"1901","sampling_area=Area_04__season=Winter__sex=M","prey_4",9,16,56.25,4.87,313.27,1.55456954065183,87.4445366616657,1.31097232690858
"1902","sampling_area=Area_04__season=Winter__sex=M","prey_30",9,16,56.25,4.78,313.27,1.52584032942829,85.8285185303412,1.28674491224292
"1903","sampling_area=Area_04__season=Winter__sex=M","prey_52",9,16,56.25,4.77,313.27,1.52264819484789,85.6489609601941,1.28405297728007
"1904","sampling_area=Area_04__season=Winter__sex=M","prey_40",9,16,56.25,4.51,313.27,1.43965269575765,80.980464136368,1.21406266824594
"1905","sampling_area=Area_04__season=Winter__sex=M","prey_1",9,16,56.25,4.5,313.27,1.43646056117726,80.8009065662208,1.21137073328308
"1906","sampling_area=Area_04__season=Winter__sex=M","prey_57",9,16,56.25,4.33,313.27,1.38219427331056,77.7484278737192,1.16560783891461
"1907","sampling_area=Area_04__season=Winter__sex=M","prey_47",9,16,56.25,4.32,313.27,1.37900213873017,77.568870303572,1.16291590395176
"1908","sampling_area=Area_04__season=Winter__sex=M","prey_43",9,16,56.25,4.1,313.27,1.3087751779615,73.6186037603345,1.10369333476903
"1909","sampling_area=Area_04__season=Winter__sex=M","prey_55",10,16,62.5,3.57,313.27,1.13959204520063,71.2245028250391,1.06780086859768
"1910","sampling_area=Area_04__season=Winter__sex=M","prey_36",8,16,50,4.32,313.27,1.37900213873017,68.9501069365084,1.0337030257349
"1911","sampling_area=Area_04__season=Winter__sex=M","prey_39",9,16,56.25,3.65,313.27,1.16512912184378,65.5385131037124,0.982556261440723
"1912","sampling_area=Area_04__season=Winter__sex=M","prey_45",9,16,56.25,3.63,313.27,1.15874485268299,65.1793979634181,0.977172391515021
"1913","sampling_area=Area_04__season=Winter__sex=M","prey_16",9,16,56.25,3.54,313.27,1.13001564145944,63.5633798320937,0.952944976849359
"1914","sampling_area=Area_04__season=Winter__sex=M","prey_42",9,16,56.25,3.34,313.27,1.06617294985157,59.9722284291506,0.899106277592333
"1915","sampling_area=Area_04__season=Winter__sex=M","prey_29",9,16,56.25,3.09,313.27,0.986369585341718,55.4832891754716,0.831807903521051
"1916","sampling_area=Area_04__season=Winter__sex=M","prey_20",8,16,50,3.43,313.27,1.09490216107511,54.7451080537556,0.820741059784885
"1917","sampling_area=Area_04__season=Winter__sex=M","prey_59",8,16,50,3.27,313.27,1.04382800778881,52.1914003894404,0.782455762535444
"1918","sampling_area=Area_04__season=Winter__sex=M","prey_12",7,16,43.75,3.07,313.27,0.97998531618093,42.8743575829157,0.642774248351938
"1919","sampling_area=Area_04__season=Winter__sex=M","prey_11",7,16,43.75,2.54,313.27,0.810802183420053,35.4725955246273,0.531806707105512
"1920","sampling_area=Area_04__season=Winter__sex=M","prey_53",5,16,31.25,3.03,313.27,0.967216777859355,30.2255243081048,0.453142385413302
"1921","sampling_area=Area_05__season=Autumn__sex=F","prey_54",13,16,81.25,7.88,332.72,2.36835777831209,192.429069487858,2.88322164273833
"1922","sampling_area=Area_05__season=Autumn__sex=F","prey_20",14,16,87.5,7.23,332.72,2.1729983169031,190.137352729021,2.84888417295952
"1923","sampling_area=Area_05__season=Autumn__sex=F","prey_8",14,16,87.5,7.02,332.72,2.10988218321712,184.614691031498,2.76613649988601
"1924","sampling_area=Area_05__season=Autumn__sex=F","prey_48",13,16,81.25,7.12,332.72,2.13993748497235,173.869920654003,2.60514442846407
"1925","sampling_area=Area_05__season=Autumn__sex=F","prey_51",12,16,75,7.59,332.72,2.28119740322193,171.089805241645,2.563489137257
"1926","sampling_area=Area_05__season=Autumn__sex=F","prey_46",13,16,81.25,6.71,332.72,2.01671074777591,163.857748256792,2.45512908918454
"1927","sampling_area=Area_05__season=Autumn__sex=F","prey_19",12,16,75,7.23,332.72,2.1729983169031,162.974873767733,2.44190071967959
"1928","sampling_area=Area_05__season=Autumn__sex=F","prey_10",12,16,75,7.18,332.72,2.15797066602549,161.847799951911,2.42501343946051
"1929","sampling_area=Area_05__season=Autumn__sex=F","prey_59",12,16,75,7.05,332.72,2.11889877374369,158.917408030777,2.38110651089089
"1930","sampling_area=Area_05__season=Autumn__sex=F","prey_18",12,16,75,6.85,332.72,2.05878817023323,154.409112767492,2.31355739001455
"1931","sampling_area=Area_05__season=Autumn__sex=F","prey_4",11,16,68.75,7.24,332.72,2.17600384707862,149.600264486655,2.24150499441312
"1932","sampling_area=Area_05__season=Autumn__sex=F","prey_42",12,16,75,6.48,332.72,1.94758355373888,146.068766530416,2.18859151639333
"1933","sampling_area=Area_05__season=Autumn__sex=F","prey_31",13,16,81.25,5.85,332.72,1.75823515268093,142.856606155326,2.14046276776894
"1934","sampling_area=Area_05__season=Autumn__sex=F","prey_57",12,16,75,6.1,332.72,1.83337340706901,137.503005530176,2.06024818672829
"1935","sampling_area=Area_05__season=Autumn__sex=F","prey_38",10,16,62.5,7.28,332.72,2.18802596778072,136.751622986295,2.04898999991556
"1936","sampling_area=Area_05__season=Autumn__sex=F","prey_24",13,16,81.25,5.59,332.72,1.68009136811734,136.507423659534,2.04533108920143
"1937","sampling_area=Area_05__season=Autumn__sex=F","prey_50",13,16,81.25,5.58,332.72,1.67708583794181,136.263224332772,2.04167217848729
"1938","sampling_area=Area_05__season=Autumn__sex=F","prey_17",11,16,68.75,6.52,332.72,1.95960567444097,134.722890117817,2.01859289552121
"1939","sampling_area=Area_05__season=Autumn__sex=F","prey_11",11,16,68.75,6.4,332.72,1.9235393123347,132.24332772301,1.98144087903923
"1940","sampling_area=Area_05__season=Autumn__sex=F","prey_32",11,16,68.75,6.35,332.72,1.90851166145708,131.210176725174,1.96596087217173
"1941","sampling_area=Area_05__season=Autumn__sex=F","prey_1",13,16,81.25,5.34,332.72,1.60495311372926,130.402440490502,1.95385832134806
"1942","sampling_area=Area_05__season=Autumn__sex=F","prey_40",11,16,68.75,6.27,332.72,1.8844674200529,129.557135128637,1.94119286118374
"1943","sampling_area=Area_05__season=Autumn__sex=F","prey_43",11,16,68.75,6.03,332.72,1.81233469584035,124.598010339024,1.86688882821977
"1944","sampling_area=Area_05__season=Autumn__sex=F","prey_15",11,16,68.75,5.72,332.72,1.71916326039913,118.19247415244,1.77091278564131
"1945","sampling_area=Area_05__season=Autumn__sex=F","prey_56",12,16,75,5.18,332.72,1.55686463092089,116.764847319067,1.74952223069713
"1946","sampling_area=Area_05__season=Autumn__sex=F","prey_6",12,16,75,5.08,332.72,1.52680932916566,114.510699687425,1.71574767025897
"1947","sampling_area=Area_05__season=Autumn__sex=F","prey_47",11,16,68.75,5.49,332.72,1.65003606636211,113.439979562395,1.69970475405084
"1948","sampling_area=Area_05__season=Autumn__sex=F","prey_2",10,16,62.5,5.65,332.72,1.69812454917047,106.132784323155,1.59021888729711
"1949","sampling_area=Area_05__season=Autumn__sex=F","prey_12",10,16,62.5,5.64,332.72,1.69511901899495,105.944938687184,1.58740434059393
"1950","sampling_area=Area_05__season=Autumn__sex=F","prey_35",10,16,62.5,5.64,332.72,1.69511901899495,105.944938687184,1.58740434059393
"1951","sampling_area=Area_05__season=Autumn__sex=F","prey_25",10,16,62.5,5.54,332.72,1.66506371723972,104.066482327483,1.55925887356212
"1952","sampling_area=Area_05__season=Autumn__sex=F","prey_58",11,16,68.75,5.02,332.72,1.50877614811253,103.728360182736,1.55419268949639
"1953","sampling_area=Area_05__season=Autumn__sex=F","prey_33",10,16,62.5,5.34,332.72,1.60495311372926,100.309569608079,1.5029679394985
"1954","sampling_area=Area_05__season=Autumn__sex=F","prey_3",9,16,56.25,5.83,332.72,1.75222409232989,98.5626051935561,1.47679265515892
"1955","sampling_area=Area_05__season=Autumn__sex=F","prey_23",9,16,56.25,5.8,332.72,1.74320750180332,98.0554219764366,1.46919337906034
"1956","sampling_area=Area_05__season=Autumn__sex=F","prey_22",10,16,62.5,5.18,332.72,1.55686463092089,97.3040394325559,1.45793519224761
"1957","sampling_area=Area_05__season=Autumn__sex=F","prey_21",9,16,56.25,5.69,332.72,1.71014666987257,96.1957501803318,1.44132936669885
"1958","sampling_area=Area_05__season=Autumn__sex=F","prey_37",10,16,62.5,5.05,332.72,1.5177927386391,94.8620461649435,1.42134608510626
"1959","sampling_area=Area_05__season=Autumn__sex=F","prey_44",10,16,62.5,5.03,332.72,1.51178167828805,94.4863548930031,1.4157169916999
"1960","sampling_area=Area_05__season=Autumn__sex=F","prey_60",11,16,68.75,4.47,332.72,1.34347198845876,92.36369920654,1.38391261395396
"1961","sampling_area=Area_05__season=Autumn__sex=F","prey_9",9,16,56.25,5.39,332.72,1.61998076460688,91.1239180091368,1.36533660571297
"1962","sampling_area=Area_05__season=Autumn__sex=F","prey_26",10,16,62.5,4.83,332.72,1.45167107477759,90.7294421735994,1.35942605763629
"1963","sampling_area=Area_05__season=Autumn__sex=F","prey_45",10,16,62.5,4.66,332.72,1.4005770617937,87.5360663621063,1.31157876368222
"1964","sampling_area=Area_05__season=Autumn__sex=F","prey_28",9,16,56.25,5.12,332.72,1.53883144986776,86.5592690550613,1.29694312082568
"1965","sampling_area=Area_05__season=Autumn__sex=F","prey_55",8,16,50,5.67,332.72,1.70413560952152,85.206780476076,1.27667838456277
"1966","sampling_area=Area_05__season=Autumn__sex=F","prey_41",9,16,56.25,5.01,332.72,1.505770617937,84.6995972589565,1.26907910846419
"1967","sampling_area=Area_05__season=Autumn__sex=F","prey_14",9,16,56.25,4.74,332.72,1.42462130319788,80.134948304881,1.20068562357689
"1968","sampling_area=Area_05__season=Autumn__sex=F","prey_27",9,16,56.25,4.74,332.72,1.42462130319788,80.134948304881,1.20068562357689
"1969","sampling_area=Area_05__season=Autumn__sex=F","prey_7",9,16,56.25,4.71,332.72,1.41560471267131,79.6277650877615,1.19308634747831
"1970","sampling_area=Area_05__season=Autumn__sex=F","prey_5",9,16,56.25,4.49,332.72,1.34948304880981,75.9084214955518,1.13735832275533
"1971","sampling_area=Area_05__season=Autumn__sex=F","prey_34",10,16,62.5,4,332.72,1.20221207020918,75.138254388074,1.12581868127229
"1972","sampling_area=Area_05__season=Autumn__sex=F","prey_52",8,16,50,4.54,332.72,1.36451069968742,68.2255349843712,1.02224336259524
"1973","sampling_area=Area_05__season=Autumn__sex=F","prey_53",8,16,50,4.48,332.72,1.34647751863429,67.3238759317144,1.00873353841997
"1974","sampling_area=Area_05__season=Autumn__sex=F","prey_16",8,16,50,4.31,332.72,1.2953835056504,64.7691752825198,0.970455703256712
"1975","sampling_area=Area_05__season=Autumn__sex=F","prey_49",8,16,50,3.85,332.72,1.15712911757634,57.856455878817,0.866880384579662
"1976","sampling_area=Area_05__season=Autumn__sex=F","prey_36",9,16,56.25,3.37,332.72,1.01286366915124,56.9735813897572,0.853652015074712
"1977","sampling_area=Area_05__season=Autumn__sex=F","prey_13",8,16,50,3.62,332.72,1.08800192353931,54.4000961769656,0.815092725241136
"1978","sampling_area=Area_05__season=Autumn__sex=F","prey_29",7,16,43.75,4.12,332.72,1.23827843231546,54.1746814138014,0.81171526919732
"1979","sampling_area=Area_05__season=Autumn__sex=F","prey_39",8,16,50,3.54,332.72,1.06395768213513,53.1978841067564,0.797079626340779
"1980","sampling_area=Area_05__season=Autumn__sex=F","prey_30",6,16,37.5,3.29,332.72,0.988819427747054,37.0807285405145,0.555591519207874
"1981","sampling_area=Area_05__season=Autumn__sex=M","prey_3",19,21,90.4761904761905,11.88,434.46,2.73442894627814,247.40071418707,3.56792283726687
"1982","sampling_area=Area_05__season=Autumn__sex=M","prey_30",16,21,76.1904761904762,10.78,434.46,2.48124108088201,189.046939495773,2.72636598871075
"1983","sampling_area=Area_05__season=Autumn__sex=M","prey_57",17,21,80.9523809523809,9.22,434.46,2.12217465359297,171.795091005145,2.47756612401741
"1984","sampling_area=Area_05__season=Autumn__sex=M","prey_35",16,21,76.1904761904762,9.55,434.46,2.1981310132118,167.476648625661,2.41528712357956
"1985","sampling_area=Area_05__season=Autumn__sex=M","prey_38",16,21,76.1904761904762,9.33,434.46,2.14749344013258,163.618547819625,2.35964700136097
"1986","sampling_area=Area_05__season=Autumn__sex=M","prey_47",17,21,80.9523809523809,8.56,434.46,1.97026193435529,159.497394685905,2.30021323444566
"1987","sampling_area=Area_05__season=Autumn__sex=M","prey_2",15,21,71.4285714285714,9.61,434.46,2.21194126041523,157.995804315373,2.27855784596854
"1988","sampling_area=Area_05__season=Autumn__sex=M","prey_37",15,21,71.4285714285714,9.6,434.46,2.20963955254799,157.831396610571,2.27618681803309
"1989","sampling_area=Area_05__season=Autumn__sex=M","prey_54",17,21,80.9523809523809,8.38,434.46,1.92883119274502,156.14347750793,2.25184426456246
"1990","sampling_area=Area_05__season=Autumn__sex=M","prey_43",17,21,80.9523809523809,8.25,434.46,1.89890899047093,153.721203990504,2.21691111964681
"1991","sampling_area=Area_05__season=Autumn__sex=M","prey_36",16,21,76.1904761904762,8.74,434.46,2.01169267596557,153.27182293071,2.21043030995658
"1992","sampling_area=Area_05__season=Autumn__sex=M","prey_7",15,21,71.4285714285714,9.31,434.46,2.1428900243981,153.063573171293,2.20742700790501
"1993","sampling_area=Area_05__season=Autumn__sex=M","prey_25",15,21,71.4285714285714,9.28,434.46,2.13598490079639,152.570350056885,2.20031392409865
"1994","sampling_area=Area_05__season=Autumn__sex=M","prey_11",15,21,71.4285714285714,9.24,434.46,2.12677806932744,151.912719237674,2.19082981235685
"1995","sampling_area=Area_05__season=Autumn__sex=M","prey_22",17,21,80.9523809523809,7.82,434.46,1.79993555217972,145.709068509787,2.10136302492583
"1996","sampling_area=Area_05__season=Autumn__sex=M","prey_18",14,21,66.6666666666667,9.45,434.46,2.17511393453943,145.007595635962,2.0912466390679
"1997","sampling_area=Area_05__season=Autumn__sex=M","prey_26",16,21,76.1904761904762,8,434.46,1.84136629378999,140.294574764952,2.02327717158497
"1998","sampling_area=Area_05__season=Autumn__sex=M","prey_39",16,21,76.1904761904762,7.59,434.46,1.74699627123326,133.104477808248,1.91958421654124
"1999","sampling_area=Area_05__season=Autumn__sex=M","prey_19",15,21,71.4285714285714,8.07,434.46,1.85747824886065,132.677017775761,1.91341954390907
"2000","sampling_area=Area_05__season=Autumn__sex=M","prey_59",16,21,76.1904761904762,7.44,434.46,1.71247065322469,130.473954531405,1.88164776957402
"2001","sampling_area=Area_05__season=Autumn__sex=M","prey_17",14,21,66.6666666666667,8.41,434.46,1.93573631634673,129.049087756449,1.86109886080011
"2002","sampling_area=Area_05__season=Autumn__sex=M","prey_46",16,21,76.1904761904762,7.22,434.46,1.66183308014547,126.615853725369,1.82600764735543
"2003","sampling_area=Area_05__season=Autumn__sex=M","prey_55",15,21,71.4285714285714,7.57,434.46,1.74239285549878,124.456632535627,1.79486814713651
"2004","sampling_area=Area_05__season=Autumn__sex=M","prey_58",16,21,76.1904761904762,6.92,434.46,1.59278184412834,121.354807171683,1.750134753421
"2005","sampling_area=Area_05__season=Autumn__sex=M","prey_12",14,21,66.6666666666667,7.83,434.46,1.80223726004696,120.149150669797,1.73274721522769
"2006","sampling_area=Area_05__season=Autumn__sex=M","prey_50",15,21,71.4285714285714,7.12,434.46,1.63881600147309,117.058285819507,1.68817189004121
"2007","sampling_area=Area_05__season=Autumn__sex=M","prey_5",14,21,66.6666666666667,7.61,434.46,1.75159968696773,116.773312464515,1.68406210828643
"2008","sampling_area=Area_05__season=Autumn__sex=M","prey_27",13,21,61.9047619047619,8.15,434.46,1.87589191179855,116.126642158958,1.67473606507365
"2009","sampling_area=Area_05__season=Autumn__sex=M","prey_6",16,21,76.1904761904762,6.4,434.46,1.47309303503199,112.235659811961,1.61862173726798
"2010","sampling_area=Area_05__season=Autumn__sex=M","prey_29",14,21,66.6666666666667,7.31,434.46,1.68254845095061,112.16989673004,1.61767332609379
"2011","sampling_area=Area_05__season=Autumn__sex=M","prey_40",13,21,61.9047619047619,7.82,434.46,1.79993555217972,111.424581801602,1.60692466611975
"2012","sampling_area=Area_05__season=Autumn__sex=M","prey_45",14,21,66.6666666666667,7.09,434.46,1.63191087787138,108.794058524759,1.56898821915253
"2013","sampling_area=Area_05__season=Autumn__sex=M","prey_56",14,21,66.6666666666667,7.08,434.46,1.62960917000414,108.64061133361,1.56677525974611
"2014","sampling_area=Area_05__season=Autumn__sex=M","prey_34",16,21,76.1904761904762,6.18,434.46,1.42245546195277,108.377559005925,1.56298161504939
"2015","sampling_area=Area_05__season=Autumn__sex=M","prey_13",17,21,80.9523809523809,5.52,434.46,1.27054274271509,102.853460124555,1.48331507641823
"2016","sampling_area=Area_05__season=Autumn__sex=M","prey_24",13,21,61.9047619047619,7.21,434.46,1.65953137227823,102.732894474367,1.4815763225989
"2017","sampling_area=Area_05__season=Autumn__sex=M","prey_16",13,21,61.9047619047619,7.05,434.46,1.62270404640243,100.453107634436,1.44869806856064
"2018","sampling_area=Area_05__season=Autumn__sex=M","prey_20",13,21,61.9047619047619,6.97,434.46,1.60429038346453,99.313214214471,1.43225894154152
"2019","sampling_area=Area_05__season=Autumn__sex=M","prey_60",13,21,61.9047619047619,6.87,434.46,1.58127330479216,97.8883474395144,1.41171003276761
"2020","sampling_area=Area_05__season=Autumn__sex=M","prey_51",14,21,66.6666666666667,6.23,434.46,1.43396400128896,95.5976000859304,1.37867371020032
"2021","sampling_area=Area_05__season=Autumn__sex=M","prey_9",14,21,66.6666666666667,6.2,434.46,1.42705887768724,95.1372585124829,1.37203483198106
"2022","sampling_area=Area_05__season=Autumn__sex=M","prey_49",14,21,66.6666666666667,6.16,434.46,1.41785204621829,94.5234697478863,1.36318299435537
"2023","sampling_area=Area_05__season=Autumn__sex=M","prey_42",13,21,61.9047619047619,6.46,434.46,1.48690328223542,92.0463936621926,1.32745950679458
"2024","sampling_area=Area_05__season=Autumn__sex=M","prey_32",14,21,66.6666666666667,5.96,434.46,1.37181788887354,91.4545259249029,1.31892380622695
"2025","sampling_area=Area_05__season=Autumn__sex=M","prey_4",14,21,66.6666666666667,5.96,434.46,1.37181788887354,91.4545259249029,1.31892380622695
"2026","sampling_area=Area_05__season=Autumn__sex=M","prey_8",14,21,66.6666666666667,5.85,434.46,1.34649910233393,89.7666068222621,1.29458125275632
"2027","sampling_area=Area_05__season=Autumn__sex=M","prey_15",13,21,61.9047619047619,6.28,434.46,1.44547254062514,89.4816334672708,1.29047147100154
"2028","sampling_area=Area_05__season=Autumn__sex=M","prey_33",12,21,57.1428571428571,6.51,434.46,1.49841182157161,85.6235326612346,1.23483134878295
"2029","sampling_area=Area_05__season=Autumn__sex=M","prey_44",12,21,57.1428571428571,6.5,434.46,1.49611011370437,85.4920064973925,1.23293452643459
"2030","sampling_area=Area_05__season=Autumn__sex=M","prey_1",12,21,57.1428571428571,6.33,434.46,1.45698107996133,83.2560617120761,1.20068854651246
"2031","sampling_area=Area_05__season=Autumn__sex=M","prey_41",13,21,61.9047619047619,5.75,434.46,1.32348202366156,81.9298395600011,1.18156225449982
"2032","sampling_area=Area_05__season=Autumn__sex=M","prey_52",12,21,57.1428571428571,6.08,434.46,1.39943838328039,79.9679076160225,1.15326798780343
"2033","sampling_area=Area_05__season=Autumn__sex=M","prey_28",14,21,66.6666666666667,5.06,434.46,1.16466418082217,77.644278721478,1.11975745964906
"2034","sampling_area=Area_05__season=Autumn__sex=M","prey_14",12,21,57.1428571428571,5.28,434.46,1.2153017539014,69.4458145086511,1.00152219993456
"2035","sampling_area=Area_05__season=Autumn__sex=M","prey_53",10,21,47.6190476190476,5.76,434.46,1.32578373152879,63.1325586442283,0.910474727213236
"2036","sampling_area=Area_05__season=Autumn__sex=M","prey_31",13,21,61.9047619047619,3.97,434.46,0.913778023293284,56.5672109657747,0.815791678324221
"2037","sampling_area=Area_05__season=Autumn__sex=M","prey_21",12,21,57.1428571428571,4.21,434.46,0.969019012106983,55.3725149775419,0.798562208659942
"2038","sampling_area=Area_05__season=Autumn__sex=M","prey_23",10,21,47.6190476190476,4.99,434.46,1.14855222575151,54.6929631310242,0.788761959860078
"2039","sampling_area=Area_05__season=Autumn__sex=M","prey_48",11,21,52.3809523809524,4.27,434.46,0.982829259310409,51.4815326305452,0.742447880854266
"2040","sampling_area=Area_05__season=Autumn__sex=M","prey_10",11,21,52.3809523809524,4.22,434.46,0.971320719974221,50.878704379602,0.733754111757611
"2041","sampling_area=Area_05__season=Spring__sex=F","prey_3",16,18,88.8888888888889,9.32,333.94,2.79092052464515,248.081824412902,3.76123047121317
"2042","sampling_area=Area_05__season=Spring__sex=F","prey_40",14,18,77.7777777777778,10.44,333.94,3.12631011558963,243.157453434749,3.68657085349059
"2043","sampling_area=Area_05__season=Spring__sex=F","prey_1",14,18,77.7777777777778,8.56,333.94,2.56333473078996,199.370479061442,3.02270560401144
"2044","sampling_area=Area_05__season=Spring__sex=F","prey_20",14,18,77.7777777777778,8.55,333.94,2.56034018087082,199.137569623286,3.01917440587591
"2045","sampling_area=Area_05__season=Spring__sex=F","prey_46",16,18,88.8888888888889,7.14,333.94,2.13810864227107,190.054101535206,2.88145767859034
"2046","sampling_area=Area_05__season=Spring__sex=F","prey_39",13,18,72.2222222222222,7.83,333.94,2.34473258669222,169.341797927771,2.56743327296666
"2047","sampling_area=Area_05__season=Spring__sex=F","prey_44",13,18,72.2222222222222,7.67,333.94,2.29681978798587,165.881429132312,2.51496975781025
"2048","sampling_area=Area_05__season=Spring__sex=F","prey_25",13,18,72.2222222222222,7.52,333.94,2.25190153919866,162.63733338657,2.46578521235112
"2049","sampling_area=Area_05__season=Spring__sex=F","prey_34",13,18,72.2222222222222,7.42,333.94,2.22195604000719,160.474602889408,2.43299551537837
"2050","sampling_area=Area_05__season=Spring__sex=F","prey_37",13,18,72.2222222222222,7.02,333.94,2.1021740432413,151.823680900761,2.30183672748735
"2051","sampling_area=Area_05__season=Spring__sex=F","prey_22",13,18,72.2222222222222,6.91,333.94,2.06923399413068,149.444677353883,2.26576806081732
"2052","sampling_area=Area_05__season=Spring__sex=F","prey_45",13,18,72.2222222222222,6.78,333.94,2.03030484518177,146.633127707572,2.22314145475274
"2053","sampling_area=Area_05__season=Spring__sex=F","prey_35",13,18,72.2222222222222,6.67,333.94,1.99736479607115,144.254124160694,2.18707278808271
"2054","sampling_area=Area_05__season=Spring__sex=F","prey_21",14,18,77.7777777777778,6.12,333.94,1.83266455051806,142.540576151404,2.16109325894276
"2055","sampling_area=Area_05__season=Spring__sex=F","prey_53",15,18,83.3333333333333,5.64,333.94,1.68892615439899,140.743846199916,2.13385258761155
"2056","sampling_area=Area_05__season=Spring__sex=F","prey_6",13,18,72.2222222222222,6.2,333.94,1.85662094987123,134.089290824034,2.03296121231077
"2057","sampling_area=Area_05__season=Spring__sex=F","prey_16",14,18,77.7777777777778,5.68,333.94,1.70090435407558,132.292560872545,2.00572054097955
"2058","sampling_area=Area_05__season=Spring__sex=F","prey_38",12,18,66.6666666666667,6.59,333.94,1.97340839671797,131.560559781198,1.99462248969647
"2059","sampling_area=Area_05__season=Spring__sex=F","prey_49",12,18,66.6666666666667,6.47,333.94,1.93747379768821,129.16491984588,1.95830159458819
"2060","sampling_area=Area_05__season=Spring__sex=F","prey_18",11,18,61.1111111111111,7.04,333.94,2.1081631430796,128.832192077086,1.95325702582315
"2061","sampling_area=Area_05__season=Spring__sex=F","prey_32",12,18,66.6666666666667,6.37,333.94,1.90752829849674,127.168553233116,1.92803418199795
"2062","sampling_area=Area_05__season=Spring__sex=F","prey_15",12,18,66.6666666666667,6.14,333.94,1.83865365035635,122.576910023757,1.85841913304041
"2063","sampling_area=Area_05__season=Spring__sex=F","prey_56",12,18,66.6666666666667,5.95,333.94,1.78175720189256,118.783813459504,1.80091104911897
"2064","sampling_area=Area_05__season=Spring__sex=F","prey_42",13,18,72.2222222222222,5.42,333.94,1.62304605617776,117.219992946171,1.77720157592328
"2065","sampling_area=Area_05__season=Spring__sex=F","prey_47",12,18,66.6666666666667,5.83,333.94,1.74582260286279,116.388173524186,1.76459015401068
"2066","sampling_area=Area_05__season=Spring__sex=F","prey_23",12,18,66.6666666666667,5.7,333.94,1.70689345391388,113.792896927592,1.72524251764338
"2067","sampling_area=Area_05__season=Spring__sex=F","prey_30",11,18,61.1111111111111,6.14,333.94,1.83865365035635,112.362167521777,1.70355087195371
"2068","sampling_area=Area_05__season=Spring__sex=F","prey_2",11,18,61.1111111111111,6,333.94,1.79672995148829,109.800163702062,1.66470769246291
"2069","sampling_area=Area_05__season=Spring__sex=F","prey_24",11,18,61.1111111111111,5.73,333.94,1.71587710367132,104.859156335469,1.58979584630208
"2070","sampling_area=Area_05__season=Spring__sex=F","prey_41",13,18,72.2222222222222,4.71,333.94,1.41043301191831,101.864606416322,1.54439472741673
"2071","sampling_area=Area_05__season=Spring__sex=F","prey_59",11,18,61.1111111111111,5.44,333.94,1.62903515601605,99.5521484232031,1.50933497449971
"2072","sampling_area=Area_05__season=Spring__sex=F","prey_43",10,18,55.5555555555556,5.93,333.94,1.77576810205426,98.6537834474589,1.4957146388341
"2073","sampling_area=Area_05__season=Spring__sex=F","prey_31",12,18,66.6666666666667,4.91,333.94,1.47032401030125,98.0216006867501,1.48612995818052
"2074","sampling_area=Area_05__season=Spring__sex=F","prey_14",11,18,61.1111111111111,5.31,333.94,1.59010600706714,97.1731448763251,1.47326630782968
"2075","sampling_area=Area_05__season=Spring__sex=F","prey_11",11,18,61.1111111111111,5.15,333.94,1.54219320836078,94.2451405109368,1.42887410269733
"2076","sampling_area=Area_05__season=Spring__sex=F","prey_19",11,18,61.1111111111111,5.15,333.94,1.54219320836078,94.2451405109368,1.42887410269733
"2077","sampling_area=Area_05__season=Spring__sex=F","prey_4",12,18,66.6666666666667,4.72,333.94,1.41342756183746,94.228504122497,1.42862187425908
"2078","sampling_area=Area_05__season=Spring__sex=F","prey_33",11,18,61.1111111111111,5.14,333.94,1.53919865844164,94.0621402381,1.42609958987656
"2079","sampling_area=Area_05__season=Spring__sex=F","prey_9",11,18,61.1111111111111,4.91,333.94,1.47032401030125,89.8531339628543,1.36228579499881
"2080","sampling_area=Area_05__season=Spring__sex=F","prey_55",11,18,61.1111111111111,4.41,333.94,1.32059651434389,80.7031203210158,1.22356015396024
"2081","sampling_area=Area_05__season=Spring__sex=F","prey_50",11,18,61.1111111111111,4.39,333.94,1.3146074145056,80.3371197753422,1.2180111283187
"2082","sampling_area=Area_05__season=Spring__sex=F","prey_57",9,18,50,5.27,333.94,1.57812780739055,78.9063903695275,1.19631948262903
"2083","sampling_area=Area_05__season=Spring__sex=F","prey_54",10,18,55.5555555555556,4.7,333.94,1.40743846199916,78.1910256666201,1.18547365978419
"2084","sampling_area=Area_05__season=Spring__sex=F","prey_27",10,18,55.5555555555556,4.58,333.94,1.3715038629694,76.1946590538553,1.15520624719396
"2085","sampling_area=Area_05__season=Spring__sex=F","prey_17",10,18,55.5555555555556,4.51,333.94,1.35054201353537,75.0301118630759,1.13755025651632
"2086","sampling_area=Area_05__season=Spring__sex=F","prey_36",11,18,61.1111111111111,4.1,333.94,1.22776546685033,75.0301118630759,1.13755025651632
"2087","sampling_area=Area_05__season=Spring__sex=F","prey_10",10,18,55.5555555555556,4.5,333.94,1.34754746361622,74.8637479786788,1.1350279721338
"2088","sampling_area=Area_05__season=Spring__sex=F","prey_28",9,18,50,4.73,333.94,1.4164221117566,70.8211055878301,1.07373646163858
"2089","sampling_area=Area_05__season=Spring__sex=F","prey_58",10,18,55.5555555555556,4.04,333.94,1.20979816733545,67.2110092964139,1.0190028905379
"2090","sampling_area=Area_05__season=Spring__sex=F","prey_12",10,18,55.5555555555556,3.97,333.94,1.18883631790142,66.0464621056344,1.00134689986027
"2091","sampling_area=Area_05__season=Spring__sex=F","prey_26",11,18,61.1111111111111,3.46,333.94,1.03611427202491,63.3180944015226,0.959981435986945
"2092","sampling_area=Area_05__season=Spring__sex=F","prey_48",10,18,55.5555555555556,3.63,333.94,1.08702162065042,60.3900900361342,0.915589230854601
"2093","sampling_area=Area_05__season=Spring__sex=F","prey_7",8,18,44.4444444444444,4.43,333.94,1.32658561418219,58.9593606303195,0.893897585164932
"2094","sampling_area=Area_05__season=Spring__sex=F","prey_29",9,18,50,3.71,333.94,1.11097802000359,55.5489010001797,0.842190755323281
"2095","sampling_area=Area_05__season=Spring__sex=F","prey_51",8,18,44.4444444444444,3.95,333.94,1.18284721806313,52.5709874694722,0.797041864876181
"2096","sampling_area=Area_05__season=Spring__sex=F","prey_5",10,18,55.5555555555556,3.1,333.94,0.928310474935617,51.5728041630898,0.781908158581064
"2097","sampling_area=Area_05__season=Spring__sex=F","prey_8",7,18,38.8888888888889,4.05,333.94,1.2127927172546,47.1641612265676,0.715067622444295
"2098","sampling_area=Area_05__season=Spring__sex=F","prey_52",8,18,44.4444444444444,3.39,333.94,1.01515242259088,45.1178854484838,0.684043524539305
"2099","sampling_area=Area_05__season=Spring__sex=F","prey_60",9,18,50,2.26,333.94,0.676768281727256,33.8384140863628,0.513032643404479
"2100","sampling_area=Area_05__season=Spring__sex=F","prey_13",7,18,38.8888888888889,2.54,333.94,0.760615679463377,29.579498645798,0.448462163211978
"2101","sampling_area=Area_05__season=Spring__sex=M","prey_22",17,19,89.4736842105263,8.78,381.22,2.30313204973506,206.069709713137,3.12905518298243
"2102","sampling_area=Area_05__season=Spring__sex=M","prey_48",13,19,68.4210526315789,9.75,381.22,2.55757830124338,174.992199558757,2.6571602870362
"2103","sampling_area=Area_05__season=Spring__sex=M","prey_36",15,19,78.9473684210526,8.39,381.22,2.20082891768533,173.74965139621,2.63829287671405
"2104","sampling_area=Area_05__season=Spring__sex=M","prey_30",13,19,68.4210526315789,9.46,381.22,2.48150674151409,169.787303366753,2.57812680157564
"2105","sampling_area=Area_05__season=Spring__sex=M","prey_50",15,19,78.9473684210526,7.87,381.22,2.06442474161901,162.980900654133,2.47477532058875
"2106","sampling_area=Area_05__season=Spring__sex=M","prey_40",14,19,73.6842105263158,8.22,381.22,2.15623524474057,158.880491717726,2.41251286652565
"2107","sampling_area=Area_05__season=Spring__sex=M","prey_39",15,19,78.9473684210526,7.16,381.22,1.87818057814385,148.277414063988,2.25151096510996
"2108","sampling_area=Area_05__season=Spring__sex=M","prey_21",13,19,68.4210526315789,8.16,381.22,2.1404963013483,146.455010092252,2.22383876330414
"2109","sampling_area=Area_05__season=Spring__sex=M","prey_27",14,19,73.6842105263158,7.57,381.22,1.98573002465768,146.316949185303,2.22174238437946
"2110","sampling_area=Area_05__season=Spring__sex=M","prey_49",14,19,73.6842105263158,7.48,381.22,1.96212160956928,144.577381757736,2.19532800992845
"2111","sampling_area=Area_05__season=Spring__sex=M","prey_44",13,19,68.4210526315789,8.02,381.22,2.10377210009968,143.942301585768,2.18568466687491
"2112","sampling_area=Area_05__season=Spring__sex=M","prey_15",14,19,73.6842105263158,7.36,381.22,1.93064372278474,142.257958520981,2.16010884399377
"2113","sampling_area=Area_05__season=Spring__sex=M","prey_26",13,19,68.4210526315789,7.8,381.22,2.0460626409947,139.993759647006,2.12572822962896
"2114","sampling_area=Area_05__season=Spring__sex=M","prey_43",13,19,68.4210526315789,7.74,381.22,2.03032369760243,138.916884572798,2.10937647401643
"2115","sampling_area=Area_05__season=Spring__sex=M","prey_60",15,19,78.9473684210526,6.52,381.22,1.71029851529301,135.023566996816,2.05025858834036
"2116","sampling_area=Area_05__season=Spring__sex=M","prey_37",13,19,68.4210526315789,7.38,381.22,1.93589003724883,132.455634127552,2.01126594034125
"2117","sampling_area=Area_05__season=Spring__sex=M","prey_17",14,19,73.6842105263158,6.81,381.22,1.7863700750223,131.627268685853,1.99868766679315
"2118","sampling_area=Area_05__season=Spring__sex=M","prey_33",13,19,68.4210526315789,7.09,381.22,1.85981847751954,127.250737935548,1.93223245488068
"2119","sampling_area=Area_05__season=Spring__sex=M","prey_4",13,19,68.4210526315789,7.09,381.22,1.85981847751954,127.250737935548,1.93223245488068
"2120","sampling_area=Area_05__season=Spring__sex=M","prey_59",13,19,68.4210526315789,7.06,381.22,1.85194900582341,126.712300398444,1.92405657707442
"2121","sampling_area=Area_05__season=Spring__sex=M","prey_11",14,19,73.6842105263158,6.49,381.22,1.70242904359687,125.442140054506,1.90476989096733
"2122","sampling_area=Area_05__season=Spring__sex=M","prey_32",12,19,63.1578947368421,7.56,381.22,1.98310686742563,125.248854784777,1.90183496047278
"2123","sampling_area=Area_05__season=Spring__sex=M","prey_3",12,19,63.1578947368421,7.28,381.22,1.90965846492839,120.610008311267,1.83139662860341
"2124","sampling_area=Area_05__season=Spring__sex=M","prey_19",12,19,63.1578947368421,7.13,381.22,1.87031110644772,118.124911986172,1.79366180795911
"2125","sampling_area=Area_05__season=Spring__sex=M","prey_54",14,19,73.6842105263158,6.1,381.22,1.60012591154714,117.904014535052,1.79030760167962
"2126","sampling_area=Area_05__season=Spring__sex=M","prey_41",14,19,73.6842105263158,5.96,381.22,1.56340171029852,115.198020758838,1.74921857475582
"2127","sampling_area=Area_05__season=Spring__sex=M","prey_18",12,19,63.1578947368421,6.73,381.22,1.76538481716594,111.497988452586,1.69303561957431
"2128","sampling_area=Area_05__season=Spring__sex=M","prey_35",13,19,68.4210526315789,6.18,381.22,1.62111116940349,110.918132643397,1.68423082809064
"2129","sampling_area=Area_05__season=Spring__sex=M","prey_38",12,19,63.1578947368421,6.63,381.22,1.7391532448455,109.841257569189,1.66787907247811
"2130","sampling_area=Area_05__season=Spring__sex=M","prey_47",12,19,63.1578947368421,6.56,381.22,1.72079114422118,108.681545950812,1.65026948951077
"2131","sampling_area=Area_05__season=Spring__sex=M","prey_5",13,19,68.4210526315789,5.98,381.22,1.5686480247626,107.328549062705,1.62972497604887
"2132","sampling_area=Area_05__season=Spring__sex=M","prey_14",13,19,68.4210526315789,5.98,381.22,1.5686480247626,107.328549062704,1.62972497604887
"2133","sampling_area=Area_05__season=Spring__sex=M","prey_45",12,19,63.1578947368421,6.37,381.22,1.67095115681234,105.533757272358,1.60247205002799
"2134","sampling_area=Area_05__season=Spring__sex=M","prey_9",12,19,63.1578947368421,6.36,381.22,1.66832799958029,105.368084184019,1.59995639531837
"2135","sampling_area=Area_05__season=Spring__sex=M","prey_31",12,19,63.1578947368421,6.18,381.22,1.62111116940349,102.385968593905,1.5546746105452
"2136","sampling_area=Area_05__season=Spring__sex=M","prey_23",11,19,57.8947368421053,6.72,381.22,1.7627616599339,102.054622417226,1.54964330112596
"2137","sampling_area=Area_05__season=Spring__sex=M","prey_16",13,19,68.4210526315789,5.5,381.22,1.44273647762447,98.7135484690426,1.49891093114863
"2138","sampling_area=Area_05__season=Spring__sex=M","prey_34",12,19,63.1578947368421,5.77,381.22,1.51356172288967,95.5933719719791,1.45153276745078
"2139","sampling_area=Area_05__season=Spring__sex=M","prey_28",12,19,63.1578947368421,5.67,381.22,1.48733015056923,93.9366410885826,1.42637622035458
"2140","sampling_area=Area_05__season=Spring__sex=M","prey_29",11,19,57.8947368421053,6.1,381.22,1.60012591154714,92.6388685632554,1.40667025846256
"2141","sampling_area=Area_05__season=Spring__sex=M","prey_56",11,19,57.8947368421053,6.1,381.22,1.60012591154714,92.6388685632554,1.40667025846256
"2142","sampling_area=Area_05__season=Spring__sex=M","prey_25",11,19,57.8947368421053,6.09,381.22,1.59750275431509,92.4870015656107,1.40436424164541
"2143","sampling_area=Area_05__season=Spring__sex=M","prey_2",12,19,63.1578947368421,5.54,381.22,1.45322910655265,91.7828909401672,1.39367270912952
"2144","sampling_area=Area_05__season=Spring__sex=M","prey_10",12,19,63.1578947368421,5.49,381.22,1.44011332039242,90.9545254984689,1.38109443558142
"2145","sampling_area=Area_05__season=Spring__sex=M","prey_6",13,19,68.4210526315789,4.85,381.22,1.27223125754158,87.0474018317921,1.32176691201288
"2146","sampling_area=Area_05__season=Spring__sex=M","prey_55",10,19,52.6315789473684,5.98,381.22,1.5686480247626,82.5604223559265,1.25363459696067
"2147","sampling_area=Area_05__season=Spring__sex=M","prey_58",10,19,52.6315789473684,5.83,381.22,1.52930066628194,80.4895087516809,1.22218891309042
"2148","sampling_area=Area_05__season=Spring__sex=M","prey_12",11,19,57.8947368421053,5.01,381.22,1.31420177325429,76.0853658199851,1.15531442539302
"2149","sampling_area=Area_05__season=Spring__sex=M","prey_51",11,19,57.8947368421053,5.01,381.22,1.31420177325429,76.0853658199851,1.15531442539302
"2150","sampling_area=Area_05__season=Spring__sex=M","prey_52",11,19,57.8947368421053,4.97,381.22,1.30370914432611,75.4778978294064,1.14609035812441
"2151","sampling_area=Area_05__season=Spring__sex=M","prey_8",10,19,52.6315789473684,5.13,381.22,1.34567966003882,70.8252452652012,1.07544238836258
"2152","sampling_area=Area_05__season=Spring__sex=M","prey_1",12,19,63.1578947368421,4.23,381.22,1.10959550915482,70.0797163676728,1.06412194216929
"2153","sampling_area=Area_05__season=Spring__sex=M","prey_20",11,19,57.8947368421053,4.44,381.22,1.16468181102775,67.4289469542383,1.02387146681537
"2154","sampling_area=Area_05__season=Spring__sex=M","prey_13",10,19,52.6315789473684,4.72,381.22,1.238130213525,65.1647480802631,0.989490852450562
"2155","sampling_area=Area_05__season=Spring__sex=M","prey_57",11,19,57.8947368421053,4.23,381.22,1.10959550915482,64.2397400037,0.975445113655183
"2156","sampling_area=Area_05__season=Spring__sex=M","prey_46",10,19,52.6315789473684,4.45,381.22,1.1673049682598,61.4371035926209,0.93288862148411
"2157","sampling_area=Area_05__season=Spring__sex=M","prey_7",8,19,42.1052631578947,4.92,381.22,1.29059335816589,54.3407729754058,0.825134744755384
"2158","sampling_area=Area_05__season=Spring__sex=M","prey_42",10,19,52.6315789473684,3.7,381.22,0.970568175856461,51.0825355713927,0.775660202132856
"2159","sampling_area=Area_05__season=Spring__sex=M","prey_24",8,19,42.1052631578947,4.07,381.22,1.06762499344211,44.9526313028256,0.682580977876913
"2160","sampling_area=Area_05__season=Spring__sex=M","prey_53",8,19,42.1052631578947,3.5,381.22,0.918105031215571,38.6570539459188,0.58698609891135
"2161","sampling_area=Area_05__season=Summer__sex=F","prey_47",14,17,82.3529411764706,8.1,331.09,2.44646470748135,201.473564145523,2.97813669489856
"2162","sampling_area=Area_05__season=Summer__sex=F","prey_53",13,17,76.4705882352941,8.24,331.09,2.48874928267239,190.316121616124,2.81320990086009
"2163","sampling_area=Area_05__season=Summer__sex=F","prey_10",12,17,70.5882352941177,8.69,331.09,2.62466398864357,185.27039919837,2.73862517234587
"2164","sampling_area=Area_05__season=Summer__sex=F","prey_33",14,17,82.3529411764706,7.02,331.09,2.1202694131505,174.610422259453,2.58105180224542
"2165","sampling_area=Area_05__season=Summer__sex=F","prey_17",14,17,82.3529411764706,6.93,331.09,2.09308647195627,172.371827102281,2.54796139452433
"2166","sampling_area=Area_05__season=Summer__sex=F","prey_8",14,17,82.3529411764706,6.88,331.09,2.07798483795947,171.128163126074,2.52957783467927
"2167","sampling_area=Area_05__season=Summer__sex=F","prey_11",13,17,76.4705882352941,7.38,331.09,2.22900117792745,170.453031253276,2.51959818790624
"2168","sampling_area=Area_05__season=Summer__sex=F","prey_39",13,17,76.4705882352941,7.26,331.09,2.19275725633514,167.681437249157,2.47862911168013
"2169","sampling_area=Area_05__season=Summer__sex=F","prey_34",14,17,82.3529411764706,6.7,331.09,2.02361895557099,166.650972811729,2.46339701923708
"2170","sampling_area=Area_05__season=Summer__sex=F","prey_7",12,17,70.5882352941177,7.61,331.09,2.29846869431273,162.24484901031,2.3982666929289
"2171","sampling_area=Area_05__season=Summer__sex=F","prey_36",12,17,70.5882352941177,7.52,331.09,2.27128575311849,160.326053161305,2.36990348631081
"2172","sampling_area=Area_05__season=Summer__sex=F","prey_38",13,17,76.4705882352941,6.29,331.09,1.89978555679725,145.277719049201,2.14746241218567
"2173","sampling_area=Area_05__season=Summer__sex=F","prey_25",12,17,70.5882352941177,6.74,331.09,2.03570026276843,143.696489136595,2.12408902895411
"2174","sampling_area=Area_05__season=Summer__sex=F","prey_43",12,17,70.5882352941177,6.72,331.09,2.02965960916971,143.270090059039,2.11778609415009
"2175","sampling_area=Area_05__season=Summer__sex=F","prey_56",13,17,76.4705882352941,6.02,331.09,1.81823673321453,139.041632539935,2.05528199067691
"2176","sampling_area=Area_05__season=Summer__sex=F","prey_49",13,17,76.4705882352941,5.97,331.09,1.80313509921774,137.886801704886,2.03821154224936
"2177","sampling_area=Area_05__season=Summer__sex=F","prey_55",12,17,70.5882352941177,6.4,331.09,1.9330091515902,136.447704818132,2.0169391372858
"2178","sampling_area=Area_05__season=Summer__sex=F","prey_3",12,17,70.5882352941177,6.29,331.09,1.89978555679725,134.10250989157,1.9822729958637
"2179","sampling_area=Area_05__season=Summer__sex=F","prey_57",13,17,76.4705882352941,5.78,331.09,1.7457488900299,133.498444531698,1.97334383822467
"2180","sampling_area=Area_05__season=Summer__sex=F","prey_28",12,17,70.5882352941177,6.26,331.09,1.89072457639917,133.462911275235,1.97281859365767
"2181","sampling_area=Area_05__season=Summer__sex=F","prey_59",11,17,64.7058823529412,6.69,331.09,2.02059862877163,130.744617155812,1.93263738428206
"2182","sampling_area=Area_05__season=Summer__sex=F","prey_9",12,17,70.5882352941177,6.09,331.09,1.83937902081005,129.838519116004,1.91924364782352
"2183","sampling_area=Area_05__season=Summer__sex=F","prey_60",11,17,64.7058823529412,6.6,331.09,1.9934156875774,128.98572096089,1.90663777821548
"2184","sampling_area=Area_05__season=Summer__sex=F","prey_4",11,17,64.7058823529412,6.3,331.09,1.90280588359661,123.122733644486,1.81997242466023
"2185","sampling_area=Area_05__season=Summer__sex=F","prey_18",12,17,70.5882352941177,5.62,331.09,1.69742366124015,119.818140793422,1.77112467992909
"2186","sampling_area=Area_05__season=Summer__sex=F","prey_21",12,17,70.5882352941177,5.46,331.09,1.64909843245039,116.406948172969,1.72070120149695
"2187","sampling_area=Area_05__season=Summer__sex=F","prey_37",11,17,64.7058823529412,5.92,331.09,1.78803346522094,115.696283043708,1.71019631015692
"2188","sampling_area=Area_05__season=Summer__sex=F","prey_44",11,17,64.7058823529412,5.84,331.09,1.76387085082606,114.132819759333,1.68708554920885
"2189","sampling_area=Area_05__season=Summer__sex=F","prey_48",12,17,70.5882352941177,5.26,331.09,1.5886918964632,112.142957397402,1.65767185345677
"2190","sampling_area=Area_05__season=Summer__sex=F","prey_15",11,17,64.7058823529412,5.63,331.09,1.70044398803951,110.02872863785,1.62641980172018
"2191","sampling_area=Area_05__season=Summer__sex=F","prey_45",12,17,70.5882352941177,5.15,331.09,1.55546830167024,109.797762470841,1.62300571203467
"2192","sampling_area=Area_05__season=Summer__sex=F","prey_58",11,17,64.7058823529412,5.57,331.09,1.68232202724335,108.85613117457,1.60908673100913
"2193","sampling_area=Area_05__season=Summer__sex=F","prey_41",11,17,64.7058823529412,5.41,331.09,1.63399679845359,105.729204605821,1.56286520911299
"2194","sampling_area=Area_05__season=Summer__sex=F","prey_32",12,17,70.5882352941177,4.95,331.09,1.49506176568305,105.533771695274,1.55997636399449
"2195","sampling_area=Area_05__season=Summer__sex=F","prey_1",11,17,64.7058823529412,5.17,331.09,1.56150895526896,101.038814752697,1.49353292626879
"2196","sampling_area=Area_05__season=Summer__sex=F","prey_26",11,17,64.7058823529412,5.17,331.09,1.56150895526896,101.038814752697,1.49353292626879
"2197","sampling_area=Area_05__season=Summer__sex=F","prey_20",11,17,64.7058823529412,5.16,331.09,1.5584886284696,100.843381842151,1.49064408115029
"2198","sampling_area=Area_05__season=Summer__sex=F","prey_46",11,17,64.7058823529412,5.13,331.09,1.54942764807152,100.25708311051,1.48197754579476
"2199","sampling_area=Area_05__season=Summer__sex=F","prey_42",10,17,58.8235294117647,5.54,331.09,1.67326104684527,98.4271204026629,1.45492745059418
"2200","sampling_area=Area_05__season=Summer__sex=F","prey_6",10,17,58.8235294117647,5.39,331.09,1.62795614485487,95.7621261679337,1.41553410806907
"2201","sampling_area=Area_05__season=Summer__sex=F","prey_52",10,17,58.8235294117647,5.05,331.09,1.52526503367664,89.7214725692143,1.32624253167881
"2202","sampling_area=Area_05__season=Summer__sex=F","prey_54",9,17,52.9411764705882,5.51,331.09,1.66420006644719,88.1047094001454,1.30234390388024
"2203","sampling_area=Area_05__season=Summer__sex=F","prey_27",10,17,58.8235294117647,4.94,331.09,1.49204143888369,87.7671434637463,1.29735408049373
"2204","sampling_area=Area_05__season=Summer__sex=F","prey_40",10,17,58.8235294117647,4.75,331.09,1.43465522969585,84.3914840997561,1.24745584662859
"2205","sampling_area=Area_05__season=Summer__sex=F","prey_22",9,17,52.9411764705882,4.77,331.09,1.44069588329457,76.272134997948,1.12743746306874
"2206","sampling_area=Area_05__season=Summer__sex=F","prey_12",10,17,58.8235294117647,4.23,331.09,1.27759823612915,75.1528374193617,1.11089225920819
"2207","sampling_area=Area_05__season=Summer__sex=F","prey_2",11,17,64.7058823529412,3.78,331.09,1.14168353015796,73.8736401866917,1.09198345479614
"2208","sampling_area=Area_05__season=Summer__sex=F","prey_31",11,17,64.7058823529412,3.75,331.09,1.13262254975988,73.2873414550513,1.08331691944061
"2209","sampling_area=Area_05__season=Summer__sex=F","prey_35",10,17,58.8235294117647,4.1,331.09,1.23833398773747,72.8431757492631,1.0767513623531
"2210","sampling_area=Area_05__season=Summer__sex=F","prey_5",9,17,52.9411764705882,4.44,331.09,1.3410250989157,70.9954464131843,1.04943864486902
"2211","sampling_area=Area_05__season=Summer__sex=F","prey_30",9,17,52.9411764705882,4.42,331.09,1.33498444531698,70.6756471050168,1.044711443766
"2212","sampling_area=Area_05__season=Summer__sex=F","prey_51",11,17,64.7058823529412,3.61,331.09,1.09033797456885,70.5512807073961,1.0428730877815
"2213","sampling_area=Area_05__season=Summer__sex=F","prey_29",10,17,58.8235294117647,3.88,331.09,1.17188679815156,68.9345175383271,1.01897445998293
"2214","sampling_area=Area_05__season=Summer__sex=F","prey_13",11,17,64.7058823529412,3.47,331.09,1.04805339937781,67.8152199597408,1.00242925612238
"2215","sampling_area=Area_05__season=Summer__sex=F","prey_23",10,17,58.8235294117647,3.76,331.09,1.13564287655924,66.8025221505438,0.987459785962839
"2216","sampling_area=Area_05__season=Summer__sex=F","prey_50",9,17,52.9411764705882,4.16,331.09,1.25645594853363,66.5182560988393,0.983257829426827
"2217","sampling_area=Area_05__season=Summer__sex=F","prey_14",9,17,52.9411764705882,3.81,331.09,1.15074451055604,60.9217682059081,0.900531810124089
"2218","sampling_area=Area_05__season=Summer__sex=F","prey_24",8,17,47.0588235294118,3.29,331.09,0.993687516989338,46.7617655053806,0.691221850173987
"2219","sampling_area=Area_05__season=Summer__sex=F","prey_19",8,17,47.0588235294118,2.28,331.09,0.688634510254009,32.4063298943063,0.479023045105377
"2220","sampling_area=Area_05__season=Summer__sex=F","prey_16",6,17,35.2941176470588,2.24,331.09,0.676553203056571,23.8783483431731,0.352964349025015
"2221","sampling_area=Area_05__season=Summer__sex=M","prey_52",14,18,77.7777777777778,9.44,352.83,2.67550945214409,208.095179611207,3.14635203146352
"2222","sampling_area=Area_05__season=Summer__sex=M","prey_34",15,18,83.3333333333333,8.16,352.83,2.31272850948049,192.727375790041,2.91399431485423
"2223","sampling_area=Area_05__season=Summer__sex=M","prey_15",14,18,77.7777777777778,8.58,352.83,2.43176600629198,189.137356044932,2.85971402859714
"2224","sampling_area=Area_05__season=Summer__sex=M","prey_27",14,18,77.7777777777778,8.29,352.83,2.34957344896976,182.744601586537,2.76305702763057
"2225","sampling_area=Area_05__season=Summer__sex=M","prey_42",14,18,77.7777777777778,8.18,352.83,2.31839696170961,180.319763688525,2.72639402726394
"2226","sampling_area=Area_05__season=Summer__sex=M","prey_56",14,18,77.7777777777778,7.94,352.83,2.25037553496018,175.029208274681,2.64640202646402
"2227","sampling_area=Area_05__season=Summer__sex=M","prey_23",14,18,77.7777777777778,7.73,352.83,2.19085678655443,170.399972287567,2.57640902576409
"2228","sampling_area=Area_05__season=Summer__sex=M","prey_17",13,18,72.2222222222222,7.89,352.83,2.23620440438738,161.503651427978,2.44189866727613
"2229","sampling_area=Area_05__season=Summer__sex=M","prey_22",14,18,77.7777777777778,7.32,352.83,2.0746535158575,161.36194012225,2.43975602439756
"2230","sampling_area=Area_05__season=Summer__sex=M","prey_30",14,18,77.7777777777778,7.04,352.83,1.99529518464983,155.189625472765,2.34643202346432
"2231","sampling_area=Area_05__season=Summer__sex=M","prey_38",12,18,66.6666666666667,7.98,352.83,2.26171243941842,150.780829294561,2.27977202279772
"2232","sampling_area=Area_05__season=Summer__sex=M","prey_1",13,18,72.2222222222222,7.01,352.83,1.98679250630615,143.490569899889,2.16954495026688
"2233","sampling_area=Area_05__season=Summer__sex=M","prey_3",13,18,72.2222222222222,6.7,352.83,1.89893149675481,137.145052543403,2.07360216359316
"2234","sampling_area=Area_05__season=Summer__sex=M","prey_51",12,18,66.6666666666667,7.12,352.83,2.01796899356631,134.531266237754,2.03408230605511
"2235","sampling_area=Area_05__season=Summer__sex=M","prey_35",14,18,77.7777777777778,5.97,352.83,1.69203299039197,131.602565919376,1.98980101989801
"2236","sampling_area=Area_05__season=Summer__sex=M","prey_19",13,18,72.2222222222222,6.42,352.83,1.81957316554715,131.413617511738,1.98694416272658
"2237","sampling_area=Area_05__season=Summer__sex=M","prey_10",13,18,72.2222222222222,6.38,352.83,1.80823626108891,130.594841078643,1.97456444831707
"2238","sampling_area=Area_05__season=Summer__sex=M","prey_7",12,18,66.6666666666667,6.79,352.83,1.92443953178585,128.295968785723,1.93980601939806
"2239","sampling_area=Area_05__season=Summer__sex=M","prey_13",12,18,66.6666666666667,6.72,352.83,1.90459994898393,126.973329932262,1.91980801919808
"2240","sampling_area=Area_05__season=Summer__sex=M","prey_50",12,18,66.6666666666667,6.72,352.83,1.90459994898393,126.973329932262,1.91980801919808
"2241","sampling_area=Area_05__season=Summer__sex=M","prey_40",12,18,66.6666666666667,6.47,352.83,1.83374429611994,122.24961974133,1.84838658991244
"2242","sampling_area=Area_05__season=Summer__sex=M","prey_11",13,18,72.2222222222222,5.72,352.83,1.62117733752799,117.085029932577,1.77029916056013
"2243","sampling_area=Area_05__season=Summer__sex=M","prey_45",13,18,72.2222222222222,5.68,352.83,1.60984043306975,116.266253499482,1.75791944615062
"2244","sampling_area=Area_05__season=Summer__sex=M","prey_16",11,18,61.1111111111111,6.62,352.83,1.87625768783834,114.660192034565,1.7336361601935
"2245","sampling_area=Area_05__season=Summer__sex=M","prey_47",13,18,72.2222222222222,5.52,352.83,1.5644928152368,112.991147767102,1.70840058851258
"2246","sampling_area=Area_05__season=Summer__sex=M","prey_48",11,18,61.1111111111111,6.46,352.83,1.83091007000539,111.888948722551,1.69173558834593
"2247","sampling_area=Area_05__season=Summer__sex=M","prey_54",11,18,61.1111111111111,6.42,352.83,1.81957316554715,111.196137894548,1.68126044538403
"2248","sampling_area=Area_05__season=Summer__sex=M","prey_18",12,18,66.6666666666667,5.82,352.83,1.64951959867358,109.967973244905,1.66269087376977
"2249","sampling_area=Area_05__season=Summer__sex=M","prey_49",11,18,61.1111111111111,6.26,352.83,1.7742255477142,108.424894582534,1.63935987353646
"2250","sampling_area=Area_05__season=Summer__sex=M","prey_25",11,18,61.1111111111111,6.22,352.83,1.76288864325596,107.732083754531,1.62888473057456
"2251","sampling_area=Area_05__season=Summer__sex=M","prey_41",11,18,61.1111111111111,6.17,352.83,1.74871751268316,106.866070219527,1.61579080187219
"2252","sampling_area=Area_05__season=Summer__sex=M","prey_57",12,18,66.6666666666667,5.65,352.83,1.60133775472607,106.755850315071,1.61412430185553
"2253","sampling_area=Area_05__season=Summer__sex=M","prey_43",11,18,61.1111111111111,5.9,352.83,1.67219340759006,102.189597130504,1.54508358687941
"2254","sampling_area=Area_05__season=Summer__sex=M","prey_53",11,18,61.1111111111111,5.78,352.83,1.63818269421534,100.111164646493,1.51365815799372
"2255","sampling_area=Area_05__season=Summer__sex=M","prey_36",12,18,66.6666666666667,5.22,352.83,1.47946603180002,98.6310687866678,1.49127944348422
"2256","sampling_area=Area_05__season=Summer__sex=M","prey_59",13,18,72.2222222222222,4.65,352.83,1.31791514327013,95.1827603472872,1.4391418001057
"2257","sampling_area=Area_05__season=Summer__sex=M","prey_37",10,18,55.5555555555556,6.04,352.83,1.71187257319389,95.104031844105,1.43795144295094
"2258","sampling_area=Area_05__season=Summer__sex=M","prey_46",12,18,66.6666666666667,4.94,352.83,1.40010770059235,93.3405133728236,1.4112874426843
"2259","sampling_area=Area_05__season=Summer__sex=M","prey_12",11,18,61.1111111111111,5.33,352.83,1.51064251906017,92.3170428314549,1.39581279967241
"2260","sampling_area=Area_05__season=Summer__sex=M","prey_60",10,18,55.5555555555556,5.68,352.83,1.60984043306975,89.4355796149861,1.35224572780817
"2261","sampling_area=Area_05__season=Summer__sex=M","prey_9",12,18,66.6666666666667,4.71,352.83,1.33492049995749,88.9946999971658,1.34557972774151
"2262","sampling_area=Area_05__season=Summer__sex=M","prey_29",11,18,61.1111111111111,5.11,352.83,1.44828954453986,88.5065832774361,1.338199513382
"2263","sampling_area=Area_05__season=Summer__sex=M","prey_55",10,18,55.5555555555556,5.54,352.83,1.57016126746592,87.2311815258844,1.31891572747487
"2264","sampling_area=Area_05__season=Summer__sex=M","prey_31",12,18,66.6666666666667,4.49,352.83,1.27256752543718,84.8378350291453,1.28272886997015
"2265","sampling_area=Area_05__season=Summer__sex=M","prey_39",10,18,55.5555555555556,5.27,352.83,1.49363716237281,82.9798423540452,1.25463644111779
"2266","sampling_area=Area_05__season=Summer__sex=M","prey_58",9,18,50,5.8,352.83,1.64385114644446,82.1925573222232,1.24273286957019
"2267","sampling_area=Area_05__season=Summer__sex=M","prey_4",12,18,66.6666666666667,4.1,352.83,1.16203270696936,77.4688471312908,1.17131144028454
"2268","sampling_area=Area_05__season=Summer__sex=M","prey_24",12,18,66.6666666666667,3.83,352.83,1.08550860187626,72.3672401250839,1.09417629665605
"2269","sampling_area=Area_05__season=Summer__sex=M","prey_28",9,18,50,5.06,352.83,1.43411841396707,71.7059206983533,1.08417729655606
"2270","sampling_area=Area_05__season=Summer__sex=M","prey_2",9,18,50,4.95,352.83,1.40294192670691,70.1470963353456,1.0606082248918
"2271","sampling_area=Area_05__season=Summer__sex=M","prey_26",9,18,50,4.86,352.83,1.37743389167588,68.8716945837939,1.04132443898467
"2272","sampling_area=Area_05__season=Summer__sex=M","prey_32",11,18,61.1111111111111,3.95,352.83,1.11951931525097,68.4150692653371,1.03442036748706
"2273","sampling_area=Area_05__season=Summer__sex=M","prey_44",11,18,61.1111111111111,3.78,352.83,1.07133747130346,65.4706232463226,0.98990100989901
"2274","sampling_area=Area_05__season=Summer__sex=M","prey_5",9,18,50,4.45,352.83,1.26123062097894,63.0615310489471,0.953476080963332
"2275","sampling_area=Area_05__season=Summer__sex=M","prey_8",11,18,61.1111111111111,3.48,352.83,0.986310687866678,60.274542036297,0.911337437684803
"2276","sampling_area=Area_05__season=Summer__sex=M","prey_14",9,18,50,3.95,352.83,1.11951931525097,55.9759657625485,0.846343937034868
"2277","sampling_area=Area_05__season=Summer__sex=M","prey_6",10,18,55.5555555555556,3.53,352.83,1.00048181843948,55.5823232466375,0.840392151261064
"2278","sampling_area=Area_05__season=Summer__sex=M","prey_21",8,18,44.4444444444444,4.11,352.83,1.16486693308392,51.7718636926187,0.782778864970646
"2279","sampling_area=Area_05__season=Summer__sex=M","prey_20",8,18,44.4444444444444,3.52,352.83,0.997647592324916,44.3398929922185,0.670409149561234
"2280","sampling_area=Area_05__season=Summer__sex=M","prey_33",8,18,44.4444444444444,3.41,352.83,0.966471105064762,42.9542713362116,0.649458863637446
"2281","sampling_area=Area_05__season=Winter__sex=F","prey_38",18,20,90,10.33,405.78,2.54571442653655,229.114298388289,3.37144048665947
"2282","sampling_area=Area_05__season=Winter__sex=F","prey_35",17,20,85,10.26,405.78,2.52846369954162,214.919414461038,3.16256130839596
"2283","sampling_area=Area_05__season=Winter__sex=F","prey_26",16,20,80,9.85,405.78,2.42742372714279,194.193898171423,2.85758320263275
"2284","sampling_area=Area_05__season=Winter__sex=F","prey_13",15,20,75,9.29,405.78,2.2894179111834,171.706343338755,2.52667651831772
"2285","sampling_area=Area_05__season=Winter__sex=F","prey_30",15,20,75,9.2,405.78,2.26723840504707,170.04288037853,2.50219848961497
"2286","sampling_area=Area_05__season=Winter__sex=F","prey_28",16,20,80,8.55,405.78,2.10705308295135,168.564246636108,2.48044024187919
"2287","sampling_area=Area_05__season=Winter__sex=F","prey_10",16,20,80,8.32,405.78,2.05037212282518,164.029769826014,2.41371494882279
"2288","sampling_area=Area_05__season=Winter__sex=F","prey_31",15,20,75,8.84,405.78,2.17852038050175,163.389028537631,2.40428637480395
"2289","sampling_area=Area_05__season=Winter__sex=F","prey_17",15,20,75,8.67,405.78,2.13662575779979,160.246931834984,2.35805009836541
"2290","sampling_area=Area_05__season=Winter__sex=F","prey_2",14,20,70,9.14,405.78,2.25245206762285,157.671644733599,2.32015448355892
"2291","sampling_area=Area_05__season=Winter__sex=F","prey_52",15,20,75,8.42,405.78,2.07501601853221,155.626201389916,2.29005557419109
"2292","sampling_area=Area_05__season=Winter__sex=F","prey_41",16,20,80,7.64,405.78,1.88279363201735,150.623490561388,2.21644016935169
"2293","sampling_area=Area_05__season=Winter__sex=F","prey_45",14,20,70,8.43,405.78,2.07748040810291,145.423628567204,2.13992366481419
"2294","sampling_area=Area_05__season=Winter__sex=F","prey_42",15,20,75,7.8,405.78,1.9222238651486,144.166789886145,2.12142915423878
"2295","sampling_area=Area_05__season=Winter__sex=F","prey_37",14,20,70,8.35,405.78,2.05776529153729,144.04357040761,2.11961596692746
"2296","sampling_area=Area_05__season=Winter__sex=F","prey_18",15,20,75,7.74,405.78,1.90743752772438,143.057814579329,2.10511046843694
"2297","sampling_area=Area_05__season=Winter__sex=F","prey_22",16,20,80,7.21,405.78,1.77682488047711,142.145990438168,2.09169288233321
"2298","sampling_area=Area_05__season=Winter__sex=F","prey_44",14,20,70,8.08,405.78,1.9912267731283,139.385874118981,2.05107748655975
"2299","sampling_area=Area_05__season=Winter__sex=F","prey_29",15,20,75,7.54,405.78,1.85814973631032,139.361230223274,2.05071484909749
"2300","sampling_area=Area_05__season=Winter__sex=F","prey_49",13,20,65,8.64,405.78,2.12923258908768,138.400118290699,2.03657198806923
"2301","sampling_area=Area_05__season=Winter__sex=F","prey_51",16,20,80,6.88,405.78,1.6955000246439,135.640001971512,1.99595659229577
"2302","sampling_area=Area_05__season=Winter__sex=F","prey_43",15,20,75,7.28,405.78,1.79407560747203,134.555670560402,1.98000054395619
"2303","sampling_area=Area_05__season=Winter__sex=F","prey_9",13,20,65,7.75,405.78,1.90990191729509,124.143624624181,1.82678621615006
"2304","sampling_area=Area_05__season=Winter__sex=F","prey_5",13,20,65,7.59,405.78,1.87047168416383,121.580659470649,1.7890719200747
"2305","sampling_area=Area_05__season=Winter__sex=F","prey_19",14,20,70,6.9,405.78,1.7004288037853,119.030016264971,1.75153894273048
"2306","sampling_area=Area_05__season=Winter__sex=F","prey_11",13,20,65,7.43,405.78,1.83104145103258,119.017694317118,1.75135762399935
"2307","sampling_area=Area_05__season=Winter__sex=F","prey_15",13,20,65,7.07,405.78,1.74232342648726,113.251022721672,1.6665004578298
"2308","sampling_area=Area_05__season=Winter__sex=F","prey_36",13,20,65,7.03,405.78,1.73246586820445,112.610281433289,1.65707188381096
"2309","sampling_area=Area_05__season=Winter__sex=F","prey_34",15,20,75,6.05,405.78,1.49095569027552,111.821676770664,1.64546748501854
"2310","sampling_area=Area_05__season=Winter__sex=F","prey_20",13,20,65,6.9,405.78,1.7004288037853,110.527872246045,1.62642901824973
"2311","sampling_area=Area_05__season=Winter__sex=F","prey_25",14,20,70,6.26,405.78,1.54270787126029,107.98955098822,1.58907735963664
"2312","sampling_area=Area_05__season=Winter__sex=F","prey_24",13,20,65,6.59,405.78,1.6240327270935,105.562127261077,1.55335756960373
"2313","sampling_area=Area_05__season=Winter__sex=F","prey_55",13,20,65,6.5,405.78,1.60185322095717,104.120459362216,1.53214327806134
"2314","sampling_area=Area_05__season=Winter__sex=F","prey_7",12,20,60,6.7,405.78,1.65114101237124,99.0684607422741,1.45780259829742
"2315","sampling_area=Area_05__season=Winter__sex=F","prey_60",11,20,55,7.21,405.78,1.77682488047711,97.7253684262408,1.43803885660408
"2316","sampling_area=Area_05__season=Winter__sex=F","prey_16",13,20,65,6.06,405.78,1.49342007984622,97.0723051900044,1.42842896385411
"2317","sampling_area=Area_05__season=Winter__sex=F","prey_46",13,20,65,6.03,405.78,1.48602691113411,96.5917492237173,1.42135753333998
"2318","sampling_area=Area_05__season=Winter__sex=F","prey_21",13,20,65,5.92,405.78,1.45891862585638,94.8297106806644,1.39542895478817
"2319","sampling_area=Area_05__season=Winter__sex=F","prey_53",14,20,70,5.49,405.78,1.35294987431613,94.7064912021292,1.39361576747686
"2320","sampling_area=Area_05__season=Winter__sex=F","prey_23",12,20,60,6.39,405.78,1.57474493567943,94.4846961407659,1.39035203031649
"2321","sampling_area=Area_05__season=Winter__sex=F","prey_39",12,20,60,6.38,405.78,1.57228054610873,94.3368327665237,1.38817620554291
"2322","sampling_area=Area_05__season=Winter__sex=F","prey_59",13,20,65,5.69,405.78,1.4022376657302,91.1454482724629,1.34121465417985
"2323","sampling_area=Area_05__season=Winter__sex=F","prey_47",13,20,65,5.68,405.78,1.3997732761595,90.9852629503672,1.33885751067514
"2324","sampling_area=Area_05__season=Winter__sex=F","prey_4",12,20,60,5.99,405.78,1.4761693528513,88.5701611710779,1.30331903937336
"2325","sampling_area=Area_05__season=Winter__sex=F","prey_1",12,20,60,5.83,405.78,1.43673911972005,86.2043471832027,1.26850584299611
"2326","sampling_area=Area_05__season=Winter__sex=F","prey_57",13,20,65,5.29,405.78,1.30366208290207,84.7380353886342,1.24692891399146
"2327","sampling_area=Area_05__season=Winter__sex=F","prey_6",12,20,60,5.57,405.78,1.37266499088176,82.3598994529055,1.21193439888308
"2328","sampling_area=Area_05__season=Winter__sex=F","prey_14",11,20,55,6.03,405.78,1.48602691113411,81.7314801123762,1.20268714359537
"2329","sampling_area=Area_05__season=Winter__sex=F","prey_48",11,20,55,6.03,405.78,1.48602691113411,81.7314801123762,1.20268714359537
"2330","sampling_area=Area_05__season=Winter__sex=F","prey_54",11,20,55,5.94,405.78,1.46384740499778,80.511607274878,1.18473658921335
"2331","sampling_area=Area_05__season=Winter__sex=F","prey_32",11,20,55,5.38,405.78,1.3258415890384,72.9212873971117,1.07304425083633
"2332","sampling_area=Area_05__season=Winter__sex=F","prey_56",11,20,55,4.84,405.78,1.19276455222042,65.6020503721228,0.96534092454421
"2333","sampling_area=Area_05__season=Winter__sex=F","prey_40",10,20,50,4.71,405.78,1.16072748780127,58.0363743900636,0.854011223629457
"2334","sampling_area=Area_05__season=Winter__sex=F","prey_8",10,20,50,4.6,405.78,1.13361920252353,56.6809601261767,0.83406616320499
"2335","sampling_area=Area_05__season=Winter__sex=F","prey_12",11,20,55,4.17,405.78,1.02765045098329,56.520774804081,0.83170901970028
"2336","sampling_area=Area_05__season=Winter__sex=F","prey_58",9,20,45,4.8,405.78,1.1829069939376,53.2308147271921,0.783296918488165
"2337","sampling_area=Area_05__season=Winter__sex=F","prey_3",10,20,50,3.74,405.78,0.921681699443048,46.0840849721524,0.678132054431883
"2338","sampling_area=Area_05__season=Winter__sex=F","prey_27",9,20,45,3.31,405.78,0.815712947902805,36.7070826556262,0.540148500040797
"2339","sampling_area=Area_05__season=Winter__sex=F","prey_33",10,20,50,2.71,405.78,0.667849573660604,33.3924786830302,0.491373761366418
"2340","sampling_area=Area_05__season=Winter__sex=F","prey_50",7,20,35,2.76,405.78,0.680171521514121,23.8060032529942,0.350307788546096
"2341","sampling_area=Area_05__season=Winter__sex=M","prey_53",12,12,100,5.52,234.07,2.35826889392062,235.826889392062,3.57997935458766
"2342","sampling_area=Area_05__season=Winter__sex=M","prey_27",10,12,83.3333333333333,5.96,234.07,2.54624684923314,212.187237436095,3.22111668981619
"2343","sampling_area=Area_05__season=Winter__sex=M","prey_35",9,12,75,6.13,234.07,2.61887469560388,196.415602170291,2.98169476136173
"2344","sampling_area=Area_05__season=Winter__sex=M","prey_33",11,12,91.6666666666667,4.61,234.07,1.96949630452429,180.53716124806,2.74065146544596
"2345","sampling_area=Area_05__season=Winter__sex=M","prey_48",9,12,75,5.17,234.07,2.20874097492203,165.655573119152,2.51474093250247
"2346","sampling_area=Area_05__season=Winter__sex=M","prey_7",10,12,83.3333333333333,4.62,234.07,1.97376853078139,164.480710898449,2.49690589042799
"2347","sampling_area=Area_05__season=Winter__sex=M","prey_51",10,12,83.3333333333333,4.58,234.07,1.95667962575298,163.056635479415,2.47528765761043
"2348","sampling_area=Area_05__season=Winter__sex=M","prey_21",9,12,75,5.06,234.07,2.1617464860939,162.130986457043,2.46123580627902
"2349","sampling_area=Area_05__season=Winter__sex=M","prey_30",9,12,75,4.97,234.07,2.12329644977998,159.247233733499,2.41745888482346
"2350","sampling_area=Area_05__season=Winter__sex=M","prey_46",9,12,75,4.53,234.07,1.93531849446747,145.14888708506,2.20343837992963
"2351","sampling_area=Area_05__season=Winter__sex=M","prey_50",9,12,75,4.51,234.07,1.92677404195326,144.508053146495,2.19371017516173
"2352","sampling_area=Area_05__season=Winter__sex=M","prey_45",10,12,83.3333333333333,4.03,234.07,1.72170718161234,143.475598467695,2.178036956369
"2353","sampling_area=Area_05__season=Winter__sex=M","prey_58",8,12,66.6666666666667,4.9,234.07,2.09339086598026,139.559391065351,2.11858681612072
"2354","sampling_area=Area_05__season=Winter__sex=M","prey_13",8,12,66.6666666666667,4.81,234.07,2.05494082966634,136.996055311089,2.07967399704911
"2355","sampling_area=Area_05__season=Winter__sex=M","prey_41",8,12,66.6666666666667,4.79,234.07,2.04639637715213,136.426425143476,2.07102670392209
"2356","sampling_area=Area_05__season=Winter__sex=M","prey_26",8,12,66.6666666666667,4.74,234.07,2.02503524586662,135.002349724441,2.04940847110453
"2357","sampling_area=Area_05__season=Winter__sex=M","prey_22",8,12,66.6666666666667,4.71,234.07,2.01221856709531,134.147904473021,2.03643753141399
"2358","sampling_area=Area_05__season=Winter__sex=M","prey_19",9,12,75,4.12,234.07,1.76015721792626,132.01179134447,2.00401018218766
"2359","sampling_area=Area_05__season=Winter__sex=M","prey_29",8,12,66.6666666666667,4.53,234.07,1.93531849446747,129.021232964498,1.95861189327078
"2360","sampling_area=Area_05__season=Winter__sex=M","prey_47",8,12,66.6666666666667,4.47,234.07,1.90968513692485,127.312342461657,1.93267001388971
"2361","sampling_area=Area_05__season=Winter__sex=M","prey_1",7,12,58.3333333333333,5.04,234.07,2.1532020335797,125.603451958816,1.90672813450864
"2362","sampling_area=Area_05__season=Winter__sex=M","prey_37",7,12,58.3333333333333,5.04,234.07,2.1532020335797,125.603451958816,1.90672813450864
"2363","sampling_area=Area_05__season=Winter__sex=M","prey_10",8,12,66.6666666666667,4.4,234.07,1.87977955312513,125.318636875009,1.90240448794513
"2364","sampling_area=Area_05__season=Winter__sex=M","prey_36",8,12,66.6666666666667,4.4,234.07,1.87977955312513,125.318636875009,1.90240448794513
"2365","sampling_area=Area_05__season=Winter__sex=M","prey_28",7,12,58.3333333333333,5.02,234.07,2.14465758106549,125.105025562154,1.8991617530225
"2366","sampling_area=Area_05__season=Winter__sex=M","prey_18",10,12,83.3333333333333,3.41,234.07,1.45682915367198,121.402429472665,1.84295434769685
"2367","sampling_area=Area_05__season=Winter__sex=M","prey_17",9,12,75,3.78,234.07,1.61490152518477,121.117614388858,1.83863070113334
"2368","sampling_area=Area_05__season=Winter__sex=M","prey_6",9,12,75,3.7,234.07,1.58072371512795,118.554278634596,1.79971788206173
"2369","sampling_area=Area_05__season=Winter__sex=M","prey_60",7,12,58.3333333333333,4.71,234.07,2.01221856709531,117.379416413893,1.78188283998725
"2370","sampling_area=Area_05__season=Winter__sex=M","prey_5",8,12,66.6666666666667,4.09,234.07,1.74734053915495,116.489369276997,1.76837144447627
"2371","sampling_area=Area_05__season=Winter__sex=M","prey_39",8,12,66.6666666666667,3.93,234.07,1.67898491904131,111.932327936087,1.69919309946008
"2372","sampling_area=Area_05__season=Winter__sex=M","prey_2",8,12,66.6666666666667,3.8,234.07,1.62344597769898,108.229731846599,1.64298569413443
"2373","sampling_area=Area_05__season=Winter__sex=M","prey_20",8,12,66.6666666666667,3.71,234.07,1.58499594138506,105.666396092337,1.60407287506283
"2374","sampling_area=Area_05__season=Winter__sex=M","prey_32",8,12,66.6666666666667,3.6,234.07,1.53800145255693,102.533430170462,1.5565127628642
"2375","sampling_area=Area_05__season=Winter__sex=M","prey_42",7,12,58.3333333333333,4.09,234.07,1.74734053915495,101.928198117372,1.54732501391674
"2376","sampling_area=Area_05__season=Winter__sex=M","prey_23",7,12,58.3333333333333,4.07,234.07,1.73879608664075,101.42977172071,1.53975863243059
"2377","sampling_area=Area_05__season=Winter__sex=M","prey_15",8,12,66.6666666666667,3.49,234.07,1.4910069637288,99.4004642485866,1.50895265066557
"2378","sampling_area=Area_05__season=Winter__sex=M","prey_31",7,12,58.3333333333333,3.78,234.07,1.61490152518477,94.2025889691118,1.43004610088148
"2379","sampling_area=Area_05__season=Winter__sex=M","prey_24",6,12,50,4.36,234.07,1.86269064809672,93.1345324048362,1.41383242626831
"2380","sampling_area=Area_05__season=Winter__sex=M","prey_38",7,12,58.3333333333333,3.67,234.07,1.56790703635665,91.461243787471,1.38843100270768
"2381","sampling_area=Area_05__season=Winter__sex=M","prey_52",6,12,50,4.19,234.07,1.79006280172598,89.503140086299,1.35870593258354
"2382","sampling_area=Area_05__season=Winter__sex=M","prey_59",7,12,58.3333333333333,3.58,234.07,1.52945700004272,89.2183250024921,1.35438228602003
"2383","sampling_area=Area_05__season=Winter__sex=M","prey_3",6,12,50,4.1,234.07,1.75161276541206,87.5806382706028,1.32952131827984
"2384","sampling_area=Area_05__season=Winter__sex=M","prey_14",8,12,66.6666666666667,2.98,234.07,1.27312342461657,84.8748949744378,1.28844667592648
"2385","sampling_area=Area_05__season=Winter__sex=M","prey_11",7,12,58.3333333333333,3.25,234.07,1.38847353355834,80.9942894575697,1.22953699149863
"2386","sampling_area=Area_05__season=Winter__sex=M","prey_12",7,12,58.3333333333333,3.24,234.07,1.38420130730123,80.7450762592387,1.22575380075556
"2387","sampling_area=Area_05__season=Winter__sex=M","prey_40",7,12,58.3333333333333,3.09,234.07,1.3201179134447,77.0068782842739,1.16900593960947
"2388","sampling_area=Area_05__season=Winter__sex=M","prey_34",8,12,66.6666666666667,2.54,234.07,1.08514546930405,72.3430312869369,1.09820622713196
"2389","sampling_area=Area_05__season=Winter__sex=M","prey_9",6,12,50,3.38,234.07,1.44401247490067,72.2006237450335,1.09604440385021
"2390","sampling_area=Area_05__season=Winter__sex=M","prey_55",6,12,50,3.13,234.07,1.33720681847311,66.8603409236553,1.01497603078436
"2391","sampling_area=Area_05__season=Winter__sex=M","prey_57",6,12,50,3.04,234.07,1.29875678215918,64.9378391079592,0.98579141648066
"2392","sampling_area=Area_05__season=Winter__sex=M","prey_16",6,12,50,2.63,234.07,1.12359550561798,56.1797752808989,0.852839284652676
"2393","sampling_area=Area_05__season=Winter__sex=M","prey_49",6,12,50,2.39,234.07,1.02106207544752,51.0531037723758,0.775013646509466
"2394","sampling_area=Area_05__season=Winter__sex=M","prey_8",6,12,50,2.32,234.07,0.991156491647798,49.5578245823899,0.75231450205103
"2395","sampling_area=Area_05__season=Winter__sex=M","prey_44",5,12,41.6666666666667,2.47,234.07,1.05523988550434,43.9683285626807,0.667462938242113
"2396","sampling_area=Area_05__season=Winter__sex=M","prey_25",5,12,41.6666666666667,2.24,234.07,0.956978681590977,39.8741117329574,0.605310518891633
"2397","sampling_area=Area_05__season=Winter__sex=M","prey_54",4,12,33.3333333333333,2.43,234.07,1.03815098047593,34.6050326825309,0.525323057466667
"2398","sampling_area=Area_05__season=Winter__sex=M","prey_43",6,12,50,1.36,234.07,0.58102277096595,29.0511385482975,0.44101194947819
"2399","sampling_area=Area_05__season=Winter__sex=M","prey_4",5,12,41.6666666666667,1.59,234.07,0.67928397487931,28.3034989533046,0.429662377248972
"2400","sampling_area=Area_05__season=Winter__sex=M","prey_56",3,12,25,1.27,234.07,0.542572734652027,13.5643183663007,0.205913667587243
"2401","sampling_area=Area_06__season=Autumn__sex=F","prey_48",14,16,87.5,8.59,308.86,2.78119536359516,243.354594314576,3.64765795851267
"2402","sampling_area=Area_06__season=Autumn__sex=F","prey_23",13,16,81.25,8,308.86,2.59017030369747,210.451337175419,3.1544688814678
"2403","sampling_area=Area_06__season=Autumn__sex=F","prey_58",13,16,81.25,7.35,308.86,2.37971896652205,193.352166029916,2.89816828484854
"2404","sampling_area=Area_06__season=Autumn__sex=F","prey_42",13,16,81.25,6.76,308.86,2.18869390662436,177.831379913229,2.66552620484029
"2405","sampling_area=Area_06__season=Autumn__sex=F","prey_44",14,16,87.5,6.23,308.86,2.0170951240044,176.495823350385,2.64550746001559
"2406","sampling_area=Area_06__season=Autumn__sex=F","prey_19",13,16,81.25,6.3,308.86,2.03975911416176,165.730428025643,2.48414424415589
"2407","sampling_area=Area_06__season=Autumn__sex=F","prey_56",12,16,75,6.34,308.86,2.05270996568024,153.953247426018,2.3076153125199
"2408","sampling_area=Area_06__season=Autumn__sex=F","prey_33",14,16,87.5,5.36,308.86,1.7354141034773,151.848734054264,2.27607062370523
"2409","sampling_area=Area_06__season=Autumn__sex=F","prey_52",12,16,75,6.22,308.86,2.01385741112478,151.039305834359,2.2639380510842
"2410","sampling_area=Area_06__season=Autumn__sex=F","prey_1",12,16,75,6.1,308.86,1.97500485656932,148.125364242699,2.22026078964849
"2411","sampling_area=Area_06__season=Autumn__sex=F","prey_14",11,16,68.75,6.45,308.86,2.08832480735608,143.572330505731,2.1520150686552
"2412","sampling_area=Area_06__season=Autumn__sex=F","prey_37",12,16,75,5.87,308.86,1.90053746033802,142.540309525351,2.13654603856338
"2413","sampling_area=Area_06__season=Autumn__sex=F","prey_51",11,16,68.75,6.15,308.86,1.99119342096743,136.894547691511,2.0519213445317
"2414","sampling_area=Area_06__season=Autumn__sex=F","prey_21",11,16,68.75,6.11,308.86,1.97824256944894,136.004176649615,2.03857551464857
"2415","sampling_area=Area_06__season=Autumn__sex=F","prey_7",11,16,68.75,6.11,308.86,1.97824256944894,136.004176649615,2.03857551464857
"2416","sampling_area=Area_06__season=Autumn__sex=F","prey_22",10,16,62.5,6.66,308.86,2.15631677782814,134.769798614259,2.02007334140149
"2417","sampling_area=Area_06__season=Autumn__sex=F","prey_30",12,16,75,5.54,308.86,1.7936929353105,134.526970148287,2.01643356961519
"2418","sampling_area=Area_06__season=Autumn__sex=F","prey_9",12,16,75,5.46,308.86,1.76779123227352,132.584342420514,1.98731539532471
"2419","sampling_area=Area_06__season=Autumn__sex=F","prey_27",11,16,68.75,5.95,308.86,1.92643916337499,132.442692482031,1.98519219511603
"2420","sampling_area=Area_06__season=Autumn__sex=F","prey_53",11,16,68.75,5.9,308.86,1.91025059897688,131.329728679661,1.96850990776212
"2421","sampling_area=Area_06__season=Autumn__sex=F","prey_28",11,16,68.75,5.78,308.86,1.87139804442142,128.658615553973,1.92847241811272
"2422","sampling_area=Area_06__season=Autumn__sex=F","prey_24",11,16,68.75,5.71,308.86,1.84873405426407,127.100466230655,1.90511721581723
"2423","sampling_area=Area_06__season=Autumn__sex=F","prey_40",11,16,68.75,5.71,308.86,1.84873405426407,127.100466230655,1.90511721581723
"2424","sampling_area=Area_06__season=Autumn__sex=F","prey_16",12,16,75,5.19,308.86,1.68037298452373,126.02797383928,1.88904155709437
"2425","sampling_area=Area_06__season=Autumn__sex=F","prey_39",11,16,68.75,5.66,308.86,1.83254548986596,125.987502428285,1.88843492846332
"2426","sampling_area=Area_06__season=Autumn__sex=F","prey_29",11,16,68.75,5.61,308.86,1.81635692546785,124.874538625915,1.8717526411094
"2427","sampling_area=Area_06__season=Autumn__sex=F","prey_34",12,16,75,5.08,308.86,1.64475814284789,123.356860713592,1.84900406744497
"2428","sampling_area=Area_06__season=Autumn__sex=F","prey_26",10,16,62.5,6.09,308.86,1.9717671436897,123.235446480606,1.84718418155182
"2429","sampling_area=Area_06__season=Autumn__sex=F","prey_41",12,16,75,5.07,308.86,1.64152042996827,123.11403224762,1.84536429565866
"2430","sampling_area=Area_06__season=Autumn__sex=F","prey_12",10,16,62.5,5.89,308.86,1.90701288609726,119.188305381079,1.78652131844667
"2431","sampling_area=Area_06__season=Autumn__sex=F","prey_60",11,16,68.75,5.35,308.86,1.73217639059768,119.087126853591,1.78500474686904
"2432","sampling_area=Area_06__season=Autumn__sex=F","prey_46",11,16,68.75,5.23,308.86,1.69332383604222,116.416013727903,1.74496725721964
"2433","sampling_area=Area_06__season=Autumn__sex=F","prey_54",10,16,62.5,5.52,308.86,1.78721750955125,111.701094346953,1.67429502170214
"2434","sampling_area=Area_06__season=Autumn__sex=F","prey_59",9,16,56.25,6.01,308.86,1.94586544065272,109.454931036716,1.64062713267878
"2435","sampling_area=Area_06__season=Autumn__sex=F","prey_3",11,16,68.75,4.56,308.86,1.47639707310756,101.502298776145,1.52142460667716
"2436","sampling_area=Area_06__season=Autumn__sex=F","prey_31",9,16,56.25,5.39,308.86,1.74512724211617,98.1634073690345,1.47137774461541
"2437","sampling_area=Area_06__season=Autumn__sex=F","prey_11",9,16,56.25,5.25,308.86,1.69979926180146,95.6137084763323,1.43316014085917
"2438","sampling_area=Area_06__season=Autumn__sex=F","prey_6",9,16,56.25,5.1,308.86,1.65123356860714,92.8818882341514,1.39221270826319
"2439","sampling_area=Area_06__season=Autumn__sex=F","prey_50",11,16,68.75,4.02,308.86,1.30156057760798,89.4822897105485,1.34125590325487
"2440","sampling_area=Area_06__season=Autumn__sex=F","prey_17",9,16,56.25,4.89,308.86,1.58324159813508,89.0573398950981,1.33488630262882
"2441","sampling_area=Area_06__season=Autumn__sex=F","prey_57",9,16,56.25,4.75,308.86,1.53791361782037,86.5076410023959,1.29666869887258
"2442","sampling_area=Area_06__season=Autumn__sex=F","prey_32",10,16,62.5,4.21,308.86,1.36307712232079,85.1923201450495,1.27695326836341
"2443","sampling_area=Area_06__season=Autumn__sex=F","prey_38",10,16,62.5,4.2,308.86,1.35983940944117,84.9899630900732,1.27392012520815
"2444","sampling_area=Area_06__season=Autumn__sex=F","prey_15",10,16,62.5,4.17,308.86,1.35012627080231,84.3828919251441,1.26482069574238
"2445","sampling_area=Area_06__season=Autumn__sex=F","prey_43",9,16,56.25,4.38,308.86,1.41811824127436,79.769151071683,1.19566503180251
"2446","sampling_area=Area_06__season=Autumn__sex=F","prey_4",9,16,56.25,4.28,308.86,1.38574111247815,77.9479375768957,1.16836674340519
"2447","sampling_area=Area_06__season=Autumn__sex=F","prey_13",9,16,56.25,4.15,308.86,1.34365084504306,75.5803600336722,1.13287896848868
"2448","sampling_area=Area_06__season=Autumn__sex=F","prey_36",10,16,62.5,3.71,308.86,1.2011914783397,75.0744673962313,1.12529611060053
"2449","sampling_area=Area_06__season=Autumn__sex=F","prey_8",9,16,56.25,3.72,308.86,1.20442919121932,67.7491420060869,1.01549632838021
"2450","sampling_area=Area_06__season=Autumn__sex=F","prey_45",8,16,50,4.16,308.86,1.34688855792268,67.3444278961342,1.0094300420697
"2451","sampling_area=Area_06__season=Autumn__sex=F","prey_47",8,16,50,4.15,308.86,1.34365084504306,67.1825422521531,1.00700352754549
"2452","sampling_area=Area_06__season=Autumn__sex=F","prey_5",8,16,50,3.75,308.86,1.21414232985819,60.7071164929094,0.90994294657725
"2453","sampling_area=Area_06__season=Autumn__sex=F","prey_25",8,16,50,3.46,308.86,1.12024865634915,56.0124328174577,0.839574025375276
"2454","sampling_area=Area_06__season=Autumn__sex=F","prey_18",7,16,43.75,3.56,308.86,1.15262578514537,50.4273781001101,0.755859274290169
"2455","sampling_area=Area_06__season=Autumn__sex=F","prey_20",6,16,37.5,4.06,308.86,1.31451142912646,49.2941785922424,0.738873672620727
"2456","sampling_area=Area_06__season=Autumn__sex=F","prey_10",7,16,43.75,3.42,308.86,1.10729780483067,48.4442789613417,0.726134471368645
"2457","sampling_area=Area_06__season=Autumn__sex=F","prey_2",8,16,50,2.97,308.86,0.961600725247685,48.0800362623843,0.720674813689182
"2458","sampling_area=Area_06__season=Autumn__sex=F","prey_35",7,16,43.75,2.94,308.86,0.95188758660882,41.6450819141359,0.624220861351993
"2459","sampling_area=Area_06__season=Autumn__sex=F","prey_55",7,16,43.75,2.55,308.86,0.825616784303568,36.1207343132811,0.541416053213464
"2460","sampling_area=Area_06__season=Autumn__sex=F","prey_49",7,16,43.75,1.71,308.86,0.553648902415334,24.2221394806709,0.363067235684323
"2461","sampling_area=Area_06__season=Autumn__sex=M","prey_22",18,21,85.7142857142857,9.83,401.13,2.45057711963703,210.049467397459,3.15056248597791
"2462","sampling_area=Area_06__season=Autumn__sex=M","prey_52",17,21,80.9523809523809,9.72,401.13,2.42315458828809,196.160133337607,2.94223434600989
"2463","sampling_area=Area_06__season=Autumn__sex=M","prey_29",18,21,85.7142857142857,9.04,401.13,2.25363348540373,193.168584463177,2.89736366970909
"2464","sampling_area=Area_06__season=Autumn__sex=M","prey_31",16,21,76.1904761904762,10.15,401.13,2.53035175628849,192.788705241027,2.89166580605184
"2465","sampling_area=Area_06__season=Autumn__sex=M","prey_59",18,21,85.7142857142857,8.88,401.13,2.213746167078,189.749671463829,2.84608289679388
"2466","sampling_area=Area_06__season=Autumn__sex=M","prey_21",17,21,80.9523809523809,8.76,401.13,2.18383067833371,176.786293007967,2.6516432994904
"2467","sampling_area=Area_06__season=Autumn__sex=M","prey_50",17,21,80.9523809523809,8.75,401.13,2.18133772093835,176.5844821712,2.64861630942249
"2468","sampling_area=Area_06__season=Autumn__sex=M","prey_19",16,21,76.1904761904762,8.9,401.13,2.21873208186872,169.046253856664,2.53554932747403
"2469","sampling_area=Area_06__season=Autumn__sex=M","prey_37",17,21,80.9523809523809,8.09,401.13,2.01680253284471,163.264966944572,2.44883496494033
"2470","sampling_area=Area_06__season=Autumn__sex=M","prey_6",17,21,80.9523809523809,7.84,401.13,1.95447859796076,158.219696025395,2.37316021324255
"2471","sampling_area=Area_06__season=Autumn__sex=M","prey_25",17,21,80.9523809523809,7.8,401.13,1.94450676837933,157.412452678327,2.3610522529709
"2472","sampling_area=Area_06__season=Autumn__sex=M","prey_27",16,21,76.1904761904762,8.01,401.13,1.99685887368185,152.141628470998,2.28199439472663
"2473","sampling_area=Area_06__season=Autumn__sex=M","prey_2",14,21,66.6666666666667,8.55,401.13,2.13147857303119,142.098571535412,2.13135712428821
"2474","sampling_area=Area_06__season=Autumn__sex=M","prey_10",15,21,71.4285714285714,7.63,401.13,1.90212649265824,135.866178047017,2.03787654866154
"2475","sampling_area=Area_06__season=Autumn__sex=M","prey_24",14,21,66.6666666666667,8.14,401.13,2.0292673198215,135.2844879881,2.02915169493638
"2476","sampling_area=Area_06__season=Autumn__sex=M","prey_56",16,21,76.1904761904762,7,401.13,1.74507017675068,132.957727752433,1.99425228003575
"2477","sampling_area=Area_06__season=Autumn__sex=M","prey_14",16,21,76.1904761904762,6.88,401.13,1.71515468800638,130.678452419534,1.96006509809228
"2478","sampling_area=Area_06__season=Autumn__sex=M","prey_38",15,21,71.4285714285714,7.25,401.13,1.80739411163463,129.099579402474,1.93638335226686
"2479","sampling_area=Area_06__season=Autumn__sex=M","prey_12",15,21,71.4285714285714,7.15,401.13,1.78246453768105,127.318895548647,1.90967461637352
"2480","sampling_area=Area_06__season=Autumn__sex=M","prey_9",14,21,66.6666666666667,7.51,401.13,1.87221100391394,124.814066927596,1.87210432788356
"2481","sampling_area=Area_06__season=Autumn__sex=M","prey_39",14,21,66.6666666666667,7.4,401.13,1.844788472565,122.985898171,1.84468335903307
"2482","sampling_area=Area_06__season=Autumn__sex=M","prey_48",13,21,61.9047619047619,7.79,401.13,1.94201381098397,120.219902584722,1.80319578927876
"2483","sampling_area=Area_06__season=Autumn__sex=M","prey_46",14,21,66.6666666666667,7.15,401.13,1.78246453768105,118.830969178737,1.78236297528195
"2484","sampling_area=Area_06__season=Autumn__sex=M","prey_54",14,21,66.6666666666667,6.76,401.13,1.68523919926208,112.349279950806,1.68514317663021
"2485","sampling_area=Area_06__season=Autumn__sex=M","prey_30",15,21,71.4285714285714,6.2,401.13,1.54563358512203,110.402398937288,1.65594162538683
"2486","sampling_area=Area_06__season=Autumn__sex=M","prey_18",14,21,66.6666666666667,6.64,401.13,1.65532371051779,110.354914034519,1.65522939242968
"2487","sampling_area=Area_06__season=Autumn__sex=M","prey_17",13,21,61.9047619047619,7.1,401.13,1.76999975070426,109.571413138835,1.64347754863661
"2488","sampling_area=Area_06__season=Autumn__sex=M","prey_13",14,21,66.6666666666667,6.58,401.13,1.64036596614564,109.357731076376,1.64027250032941
"2489","sampling_area=Area_06__season=Autumn__sex=M","prey_53",15,21,71.4285714285714,6.13,401.13,1.52818288335452,109.155920239609,1.6372455102615
"2490","sampling_area=Area_06__season=Autumn__sex=M","prey_8",14,21,66.6666666666667,6.54,401.13,1.63039413656421,108.692942437614,1.63030123892923
"2491","sampling_area=Area_06__season=Autumn__sex=M","prey_28",13,21,61.9047619047619,6.83,401.13,1.70268990102959,105.404612920879,1.5809791066462
"2492","sampling_area=Area_06__season=Autumn__sex=M","prey_45",13,21,61.9047619047619,6.59,401.13,1.642858923541,101.700790504919,1.52542493598806
"2493","sampling_area=Area_06__season=Autumn__sex=M","prey_55",12,21,57.1428571428571,7.02,401.13,1.7500560915414,100.003205230937,1.49996260776975
"2494","sampling_area=Area_06__season=Autumn__sex=M","prey_16",12,21,57.1428571428571,6.68,401.13,1.66529554009922,95.1597451485268,1.42731484613988
"2495","sampling_area=Area_06__season=Autumn__sex=M","prey_23",12,21,57.1428571428571,6.66,401.13,1.6603096253085,94.8748357319145,1.42304144839694
"2496","sampling_area=Area_06__season=Autumn__sex=M","prey_41",13,21,61.9047619047619,6.04,401.13,1.5057462667963,93.2128641350091,1.39811329489649
"2497","sampling_area=Area_06__season=Autumn__sex=M","prey_60",14,21,66.6666666666667,5.59,401.13,1.39356318400519,92.9042122670124,1.39348378067498
"2498","sampling_area=Area_06__season=Autumn__sex=M","prey_34",13,21,61.9047619047619,5.95,401.13,1.48330965023808,91.8239307290238,1.37728048089969
"2499","sampling_area=Area_06__season=Autumn__sex=M","prey_26",12,21,57.1428571428571,6.11,401.13,1.52319696856381,87.0398267750747,1.30552301046626
"2500","sampling_area=Area_06__season=Autumn__sex=M","prey_42",12,21,57.1428571428571,6.1,401.13,1.52070401116845,86.8973720667685,1.3033863115948
"2501","sampling_area=Area_06__season=Autumn__sex=M","prey_15",12,21,57.1428571428571,6.06,401.13,1.51073218158702,86.3275532335438,1.29483951610893
"2502","sampling_area=Area_06__season=Autumn__sex=M","prey_57",12,21,57.1428571428571,5.97,401.13,1.48829556502879,85.0454608587882,1.27560922626573
"2503","sampling_area=Area_06__season=Autumn__sex=M","prey_36",12,21,57.1428571428571,5.95,401.13,1.48330965023808,84.7605514421758,1.27133582852279
"2504","sampling_area=Area_06__season=Autumn__sex=M","prey_58",12,21,57.1428571428571,5.87,401.13,1.46336599107521,83.6209137757264,1.25424223755106
"2505","sampling_area=Area_06__season=Autumn__sex=M","prey_35",14,21,66.6666666666667,4.89,401.13,1.21905616633012,81.2704110886745,1.21898670617185
"2506","sampling_area=Area_06__season=Autumn__sex=M","prey_4",13,21,61.9047619047619,5.26,401.13,1.31129558995837,81.175441283137,1.21756224025754
"2507","sampling_area=Area_06__season=Autumn__sex=M","prey_32",10,21,47.6190476190476,6.76,401.13,1.68523919926208,80.2494856791469,1.20367369759301
"2508","sampling_area=Area_06__season=Autumn__sex=M","prey_3",11,21,52.3809523809524,5.93,401.13,1.47832373544736,77.4360051900999,1.16147389488154
"2509","sampling_area=Area_06__season=Autumn__sex=M","prey_20",13,21,61.9047619047619,4.98,401.13,1.24149278288834,76.854315131183,1.15274904115638
"2510","sampling_area=Area_06__season=Autumn__sex=M","prey_7",13,21,61.9047619047619,4.96,401.13,1.23650686809762,76.5456632631863,1.14811952693487
"2511","sampling_area=Area_06__season=Autumn__sex=M","prey_1",10,21,47.6190476190476,6.37,401.13,1.58801386084312,75.6197076591961,1.13423098427034
"2512","sampling_area=Area_06__season=Autumn__sex=M","prey_43",13,21,61.9047619047619,4.86,401.13,1.21157729414404,75.0024039232027,1.12497195582731
"2513","sampling_area=Area_06__season=Autumn__sex=M","prey_5",10,21,47.6190476190476,6.05,401.13,1.50823922419166,71.820915437698,1.07725234769789
"2514","sampling_area=Area_06__season=Autumn__sex=M","prey_11",11,21,52.3809523809524,5.01,401.13,1.24897165507441,65.4223247896122,0.981278956721164
"2515","sampling_area=Area_06__season=Autumn__sex=M","prey_47",11,21,52.3809523809524,4.35,401.13,1.08443646698078,56.8038149370884,0.852008674997418
"2516","sampling_area=Area_06__season=Autumn__sex=M","prey_51",10,21,47.6190476190476,4.72,401.13,1.17667589060903,56.0321852670966,0.840434889443639
"2517","sampling_area=Area_06__season=Autumn__sex=M","prey_40",10,21,47.6190476190476,4.14,401.13,1.03208436167826,49.1468743656314,0.737161110656073
"2518","sampling_area=Area_06__season=Autumn__sex=M","prey_44",10,21,47.6190476190476,3.88,401.13,0.967267469398948,46.0603556856642,0.690865968440958
"2519","sampling_area=Area_06__season=Autumn__sex=M","prey_33",10,21,47.6190476190476,3.85,401.13,0.959788597212874,45.7042189148987,0.68552422126229
"2520","sampling_area=Area_06__season=Autumn__sex=M","prey_49",9,21,42.8571428571429,3.53,401.13,0.880013960561414,37.7148840240606,0.565691026220856
"2521","sampling_area=Area_06__season=Spring__sex=F","prey_1",16,19,84.2105263157895,8.81,379.44,2.32184271558086,195.523597101546,3.05412977018193
"2522","sampling_area=Area_06__season=Spring__sex=F","prey_41",16,19,84.2105263157895,8.66,379.44,2.28231077377187,192.194591475526,3.00212983084853
"2523","sampling_area=Area_06__season=Spring__sex=F","prey_50",14,19,73.6842105263158,9.55,379.44,2.5168669618385,185.453355082837,2.89682995369839
"2524","sampling_area=Area_06__season=Spring__sex=F","prey_55",13,19,68.4210526315789,8.35,379.44,2.20061142736665,150.568150293507,2.35191392276709
"2525","sampling_area=Area_06__season=Spring__sex=F","prey_10",13,19,68.4210526315789,8.29,379.44,2.18479865064305,149.486223465051,2.33501394248373
"2526","sampling_area=Area_06__season=Spring__sex=F","prey_56",16,19,84.2105263157895,6.69,379.44,1.76312460468058,148.47365092047,2.31919729426982
"2527","sampling_area=Area_06__season=Spring__sex=F","prey_45",13,19,68.4210526315789,8.09,379.44,2.13208939489774,145.87980070353,2.27868067487255
"2528","sampling_area=Area_06__season=Spring__sex=F","prey_20",15,19,78.9473684210526,6.95,379.44,1.83164663714948,144.603681880222,2.25874736479474
"2529","sampling_area=Area_06__season=Spring__sex=F","prey_18",13,19,68.4210526315789,7.76,379.44,2.04511912291798,139.92920314702,2.18573078331409
"2530","sampling_area=Area_06__season=Spring__sex=F","prey_12",14,19,73.6842105263158,7.08,379.44,1.86590765338393,137.487932354606,2.14759749446959
"2531","sampling_area=Area_06__season=Spring__sex=F","prey_42",13,19,68.4210526315789,7.34,379.44,1.93442968585284,132.355715347826,2.06743092133059
"2532","sampling_area=Area_06__season=Spring__sex=F","prey_5",13,19,68.4210526315789,7.13,379.44,1.87908496732026,128.568971448228,2.00828099033884
"2533","sampling_area=Area_06__season=Spring__sex=F","prey_15",13,19,68.4210526315789,7.11,379.44,1.87381404174573,128.208329172076,2.00264766357773
"2534","sampling_area=Area_06__season=Spring__sex=F","prey_7",12,19,63.1578947368421,7.53,379.44,1.98450347881088,125.337061819634,1.95779771590266
"2535","sampling_area=Area_06__season=Spring__sex=F","prey_53",13,19,68.4210526315789,6.95,379.44,1.83164663714948,125.323190962859,1.95758104948878
"2536","sampling_area=Area_06__season=Spring__sex=F","prey_31",14,19,73.6842105263158,6.4,379.44,1.68669618384988,124.282876704728,1.94133106844709
"2537","sampling_area=Area_06__season=Spring__sex=F","prey_32",15,19,78.9473684210526,5.9,379.44,1.55492304448661,122.757082459469,1.91749776291928
"2538","sampling_area=Area_06__season=Spring__sex=F","prey_38",14,19,73.6842105263158,6.15,379.44,1.62080961416825,119.42807683345,1.86549782358587
"2539","sampling_area=Area_06__season=Spring__sex=F","prey_23",13,19,68.4210526315789,6.62,379.44,1.74467636516972,119.37259340635,1.86463115793032
"2540","sampling_area=Area_06__season=Spring__sex=F","prey_49",13,19,68.4210526315789,6.61,379.44,1.74204090238246,119.192272268273,1.86181449454976
"2541","sampling_area=Area_06__season=Spring__sex=F","prey_48",13,19,68.4210526315789,6.54,379.44,1.7235926628716,117.930024301741,1.84209785088584
"2542","sampling_area=Area_06__season=Spring__sex=F","prey_25",13,19,68.4210526315789,6.52,379.44,1.71832173729707,117.569382025589,1.83646452412472
"2543","sampling_area=Area_06__season=Spring__sex=F","prey_37",12,19,63.1578947368421,7.01,379.44,1.84745941387308,116.681647191984,1.82259787363581
"2544","sampling_area=Area_06__season=Spring__sex=F","prey_4",13,19,68.4210526315789,6.47,379.44,1.70514442336074,116.667776335209,1.82238120722192
"2545","sampling_area=Area_06__season=Spring__sex=F","prey_35",12,19,63.1578947368421,6.73,379.44,1.77366645582964,112.021039315556,1.74979795856905
"2546","sampling_area=Area_06__season=Spring__sex=F","prey_33",13,19,68.4210526315789,6.12,379.44,1.61290322580645,110.356536502547,1.72379798890235
"2547","sampling_area=Area_06__season=Spring__sex=F","prey_44",12,19,63.1578947368421,6.5,379.44,1.71305081172254,108.192682845634,1.68999802833563
"2548","sampling_area=Area_06__season=Spring__sex=F","prey_6",12,19,63.1578947368421,6.5,379.44,1.71305081172254,108.192682845634,1.68999802833563
"2549","sampling_area=Area_06__season=Spring__sex=F","prey_43",12,19,63.1578947368421,6.44,379.44,1.69723803499895,107.193981157828,1.67439804653561
"2550","sampling_area=Area_06__season=Spring__sex=F","prey_46",14,19,73.6842105263158,5.52,379.44,1.45477545857053,107.193981157828,1.67439804653561
"2551","sampling_area=Area_06__season=Spring__sex=F","prey_13",10,19,52.6315789473684,7.56,379.44,1.99240986717268,104.863677219615,1.63799808900223
"2552","sampling_area=Area_06__season=Spring__sex=F","prey_34",11,19,57.8947368421053,6.76,379.44,1.78157284419144,103.143690979504,1.61113145367997
"2553","sampling_area=Area_06__season=Spring__sex=F","prey_51",11,19,57.8947368421053,6.71,379.44,1.76839553025511,102.380793856875,1.59921480091607
"2554","sampling_area=Area_06__season=Spring__sex=F","prey_36",11,19,57.8947368421053,6.69,379.44,1.76312460468058,102.075635007823,1.5944481398105
"2555","sampling_area=Area_06__season=Spring__sex=F","prey_8",11,19,57.8947368421053,6.49,379.44,1.71041534893527,99.0240465173053,1.54678152875488
"2556","sampling_area=Area_06__season=Spring__sex=F","prey_17",12,19,63.1578947368421,5.92,379.44,1.56019397006114,98.5385665301774,1.53919820426876
"2557","sampling_area=Area_06__season=Spring__sex=F","prey_19",12,19,63.1578947368421,5.78,379.44,1.52329749103943,96.2082625919638,1.50279824673538
"2558","sampling_area=Area_06__season=Spring__sex=F","prey_28",11,19,57.8947368421053,6.23,379.44,1.64189331646637,95.056981479632,1.48481493438258
"2559","sampling_area=Area_06__season=Spring__sex=F","prey_30",11,19,57.8947368421053,6.19,379.44,1.63135146531731,94.4466637815285,1.47528161217145
"2560","sampling_area=Area_06__season=Spring__sex=F","prey_52",12,19,63.1578947368421,5.51,379.44,1.45213999578326,91.7141049968374,1.43259832863528
"2561","sampling_area=Area_06__season=Spring__sex=F","prey_29",12,19,63.1578947368421,5.38,379.44,1.41787897954881,89.5502513399248,1.39879836806857
"2562","sampling_area=Area_06__season=Spring__sex=F","prey_59",11,19,57.8947368421053,5.79,379.44,1.52593295382669,88.3434868004927,1.37994839006021
"2563","sampling_area=Area_06__season=Spring__sex=F","prey_2",10,19,52.6315789473684,6.34,379.44,1.67088340712629,87.9412319540153,1.37366506405743
"2564","sampling_area=Area_06__season=Spring__sex=F","prey_24",11,19,57.8947368421053,5.74,379.44,1.51275563989036,87.5805896778632,1.36803173729631
"2565","sampling_area=Area_06__season=Spring__sex=F","prey_22",11,19,57.8947368421053,5.73,379.44,1.5101201771031,87.4280102533373,1.36564840674353
"2566","sampling_area=Area_06__season=Spring__sex=F","prey_57",12,19,63.1578947368421,5.19,379.44,1.36780518659077,86.3876959952062,1.34939842570184
"2567","sampling_area=Area_06__season=Spring__sex=F","prey_40",10,19,52.6315789473684,6.17,379.44,1.62608053974278,85.5831863022515,1.33683177369626
"2568","sampling_area=Area_06__season=Spring__sex=F","prey_14",10,19,52.6315789473684,5.33,379.44,1.40470166561248,73.9316666111832,1.15483198602935
"2569","sampling_area=Area_06__season=Spring__sex=F","prey_58",9,19,47.3684210526316,5.83,379.44,1.53647480497575,72.7803854988515,1.13684867367655
"2570","sampling_area=Area_06__season=Spring__sex=F","prey_21",9,19,47.3684210526316,5.6,379.44,1.47585916086865,69.9091181464097,1.09199872600149
"2571","sampling_area=Area_06__season=Spring__sex=F","prey_3",11,19,57.8947368421053,4.55,379.44,1.19913556820578,69.4236381592818,1.08441540151536
"2572","sampling_area=Area_06__season=Spring__sex=F","prey_26",10,19,52.6315789473684,4.99,379.44,1.31509593084546,69.2155753076556,1.08116540530703
"2573","sampling_area=Area_06__season=Spring__sex=F","prey_54",11,19,57.8947368421053,4.33,379.44,1.14115538688594,66.0668908197122,1.03198212935418
"2574","sampling_area=Area_06__season=Spring__sex=F","prey_11",9,19,47.3684210526316,5.28,379.44,1.39152435167615,65.9143113951863,1.0295987988014
"2575","sampling_area=Area_06__season=Spring__sex=F","prey_60",10,19,52.6315789473684,4.66,379.44,1.2281256588657,64.6381925718788,1.0096654887236
"2576","sampling_area=Area_06__season=Spring__sex=F","prey_47",8,19,42.1052631578947,5.7,379.44,1.5022137887413,63.2511068943706,0.987998847334678
"2577","sampling_area=Area_06__season=Spring__sex=F","prey_27",11,19,57.8947368421053,4.11,379.44,1.0831752055661,62.7101434801425,0.979548857193
"2578","sampling_area=Area_06__season=Spring__sex=F","prey_39",11,19,57.8947368421053,3.95,379.44,1.04100780096985,60.2688726877282,0.941415568348504
"2579","sampling_area=Area_06__season=Spring__sex=F","prey_9",10,19,52.6315789473684,4.18,379.44,1.10162344507696,57.9801813198398,0.905665610056788
"2580","sampling_area=Area_06__season=Spring__sex=F","prey_16",8,19,42.1052631578947,4.43,379.44,1.16751001475859,49.1583164108881,0.767865770823267
"2581","sampling_area=Area_06__season=Spring__sex=M","prey_28",20,25,80,11.85,477.2,2.48323554065381,198.658843252305,3.06765142160403
"2582","sampling_area=Area_06__season=Spring__sex=M","prey_53",18,25,72,11.44,477.2,2.39731768650461,172.606873428332,2.66536194403672
"2583","sampling_area=Area_06__season=Spring__sex=M","prey_59",19,25,76,10.01,477.2,2.09765297569153,159.421626152557,2.46175790664502
"2584","sampling_area=Area_06__season=Spring__sex=M","prey_3",20,25,80,9.34,477.2,1.95725062866723,156.580050293378,2.41787884200689
"2585","sampling_area=Area_06__season=Spring__sex=M","prey_14",20,25,80,9.02,477.2,1.89019279128248,151.215423302598,2.3350393099467
"2586","sampling_area=Area_06__season=Spring__sex=M","prey_5",19,25,76,9.04,477.2,1.89438390611903,143.973176865046,2.22320594166544
"2587","sampling_area=Area_06__season=Spring__sex=M","prey_9",18,25,72,9.45,477.2,1.98030176026823,142.581726739313,2.20171943803732
"2588","sampling_area=Area_06__season=Spring__sex=M","prey_19",18,25,72,9.42,477.2,1.97401508801341,142.129086336966,2.19472985251975
"2589","sampling_area=Area_06__season=Spring__sex=M","prey_54",17,25,68,9.84,477.2,2.06202849958089,140.2179379715,2.1652182692233
"2590","sampling_area=Area_06__season=Spring__sex=M","prey_29",18,25,72,8.89,477.2,1.86295054484493,134.132439228835,2.07124717504252
"2591","sampling_area=Area_06__season=Spring__sex=M","prey_22",16,25,64,9.99,477.2,2.09346186085499,133.981559094719,2.06891731320333
"2592","sampling_area=Area_06__season=Spring__sex=M","prey_11",16,25,64,9.97,477.2,2.08927074601844,133.71332774518,2.06477533660032
"2593","sampling_area=Area_06__season=Spring__sex=M","prey_43",17,25,68,9.29,477.2,1.94677284157586,132.380553227158,2.04419489035411
"2594","sampling_area=Area_06__season=Spring__sex=M","prey_27",17,25,68,9.16,477.2,1.91953059513831,130.528080469405,2.01558936443958
"2595","sampling_area=Area_06__season=Spring__sex=M","prey_8",16,25,64,9.73,477.2,2.03897736797988,130.494551550713,2.0150716173642
"2596","sampling_area=Area_06__season=Spring__sex=M","prey_33",16,25,64,9.53,477.2,1.99706621961442,127.812238055323,1.9736518513341
"2597","sampling_area=Area_06__season=Spring__sex=M","prey_34",18,25,72,8.22,477.2,1.72254819782062,124.023470243085,1.91514643181659
"2598","sampling_area=Area_06__season=Spring__sex=M","prey_17",17,25,68,8.63,477.2,1.80846605196982,122.975691533948,1.89896683571109
"2599","sampling_area=Area_06__season=Spring__sex=M","prey_52",17,25,68,8.61,477.2,1.80427493713328,122.690695725063,1.89456598557039
"2600","sampling_area=Area_06__season=Spring__sex=M","prey_21",17,25,68,8.5,477.2,1.78122380553227,121.123218776194,1.87036130979655
"2601","sampling_area=Area_06__season=Spring__sex=M","prey_23",16,25,64,8.73,477.2,1.82942162615256,117.082984073764,1.80797278721372
"2602","sampling_area=Area_06__season=Spring__sex=M","prey_45",17,25,68,8.15,477.2,1.70787929589271,116.135792120704,1.79334643233434
"2603","sampling_area=Area_06__season=Spring__sex=M","prey_10",16,25,64,8.64,477.2,1.8105616093881,115.875943000838,1.78933389250018
"2604","sampling_area=Area_06__season=Spring__sex=M","prey_38",17,25,68,8.05,477.2,1.68692372170998,114.710813076278,1.77134218163085
"2605","sampling_area=Area_06__season=Spring__sex=M","prey_31",17,25,68,8.04,477.2,1.6848281642917,114.568315171836,1.7691417565605
"2606","sampling_area=Area_06__season=Spring__sex=M","prey_26",16,25,64,8.54,477.2,1.78960603520536,114.534786253143,1.76862400948513
"2607","sampling_area=Area_06__season=Spring__sex=M","prey_56",16,25,64,8.45,477.2,1.77074601844091,113.327745180218,1.74998511477158
"2608","sampling_area=Area_06__season=Spring__sex=M","prey_32",18,25,72,7.5,477.2,1.57166806370495,113.160100586756,1.7473963793947
"2609","sampling_area=Area_06__season=Spring__sex=M","prey_16",16,25,64,8.36,477.2,1.75188600167645,112.120704107293,1.73134622005804
"2610","sampling_area=Area_06__season=Spring__sex=M","prey_60",18,25,72,7.38,477.2,1.54652137468567,111.349538977368,1.71943803732439
"2611","sampling_area=Area_06__season=Spring__sex=M","prey_50",15,25,60,8.68,477.2,1.81894383906119,109.136630343671,1.68526673034956
"2612","sampling_area=Area_06__season=Spring__sex=M","prey_15",16,25,64,8.13,477.2,1.70368818105616,109.036043587594,1.68371348912343
"2613","sampling_area=Area_06__season=Spring__sex=M","prey_37",16,25,64,8.12,477.2,1.70159262363789,108.901927912825,1.68164250082192
"2614","sampling_area=Area_06__season=Spring__sex=M","prey_40",16,25,64,7.84,477.2,1.64291701592624,105.146689019279,1.62365482837979
"2615","sampling_area=Area_06__season=Spring__sex=M","prey_57",18,25,72,6.93,477.2,1.45222129086337,104.559932942163,1.6145942545607
"2616","sampling_area=Area_06__season=Spring__sex=M","prey_51",19,25,76,6.53,477.2,1.36839899413244,103.998323554065,1.60592199104815
"2617","sampling_area=Area_06__season=Spring__sex=M","prey_2",17,25,68,7.26,477.2,1.52137468566639,103.453478625314,1.59750860107329
"2618","sampling_area=Area_06__season=Spring__sex=M","prey_36",14,25,56,8.78,477.2,1.83989941324392,103.03436714166,1.59103676263109
"2619","sampling_area=Area_06__season=Spring__sex=M","prey_4",15,25,60,7.86,477.2,1.64710813076278,98.826487845767,1.52605950467137
"2620","sampling_area=Area_06__season=Spring__sex=M","prey_30",16,25,64,6.95,477.2,1.45641240569992,93.2103939647946,1.43933686954586
"2621","sampling_area=Area_06__season=Spring__sex=M","prey_18",14,25,56,7.9,477.2,1.65549036043588,92.7074601844091,1.43157066341522
"2622","sampling_area=Area_06__season=Spring__sex=M","prey_41",18,25,72,6.11,477.2,1.28038558256496,92.1877619446773,1.42354558374688
"2623","sampling_area=Area_06__season=Spring__sex=M","prey_24",13,25,52,8.45,477.2,1.77074601844091,92.0787929589271,1.42186290575191
"2624","sampling_area=Area_06__season=Spring__sex=M","prey_58",15,25,60,7.3,477.2,1.52975691533948,91.7854149203688,1.41733261884237
"2625","sampling_area=Area_06__season=Spring__sex=M","prey_7",16,25,64,6.66,477.2,1.39564124056999,89.3210393964795,1.37927820880222
"2626","sampling_area=Area_06__season=Spring__sex=M","prey_12",15,25,60,6.87,477.2,1.43964794635373,86.3788767812238,1.33384590293796
"2627","sampling_area=Area_06__season=Spring__sex=M","prey_39",14,25,56,6.96,477.2,1.45850796311819,81.6764459346186,1.26123187561644
"2628","sampling_area=Area_06__season=Spring__sex=M","prey_44",16,25,64,5.93,477.2,1.24266554903604,79.5305951383068,1.22809606279237
"2629","sampling_area=Area_06__season=Spring__sex=M","prey_55",14,25,56,6.69,477.2,1.40192791282481,78.5079631181895,1.21230477699339
"2630","sampling_area=Area_06__season=Spring__sex=M","prey_20",13,25,52,7.16,477.2,1.50041911148365,78.02179379715,1.20479744440044
"2631","sampling_area=Area_06__season=Spring__sex=M","prey_47",13,25,52,6.71,477.2,1.40611902766136,73.1181894383906,1.12907693462667
"2632","sampling_area=Area_06__season=Spring__sex=M","prey_48",12,25,48,6.87,477.2,1.43964794635373,69.103101424979,1.06707672235036
"2633","sampling_area=Area_06__season=Spring__sex=M","prey_1",13,25,52,6.23,477.2,1.30553227158424,67.8876781223806,1.04830839086798
"2634","sampling_area=Area_06__season=Spring__sex=M","prey_6",13,25,52,6.12,477.2,1.28248113998324,66.6890192791283,1.02979893292328
"2635","sampling_area=Area_06__season=Spring__sex=M","prey_13",14,25,56,5.4,477.2,1.13160100586756,63.3696563285834,0.978541972461033
"2636","sampling_area=Area_06__season=Spring__sex=M","prey_49",13,25,52,5.79,477.2,1.21332774518022,63.0930427493713,0.974270559089179
"2637","sampling_area=Area_06__season=Spring__sex=M","prey_42",11,25,44,6.45,477.2,1.35163453478625,59.4719195305951,0.918353874948549
"2638","sampling_area=Area_06__season=Spring__sex=M","prey_35",11,25,44,5.67,477.2,1.18818105616094,52.2799664710813,0.807297127280352
"2639","sampling_area=Area_06__season=Spring__sex=M","prey_25",13,25,52,4.74,477.2,0.993294216261526,51.6512992455993,0.797589369617048
"2640","sampling_area=Area_06__season=Spring__sex=M","prey_46",12,25,48,4.34,477.2,0.909471919530595,43.6546521374686,0.674106692139823
"2641","sampling_area=Area_06__season=Summer__sex=F","prey_55",14,16,87.5,7.43,303.18,2.45068935945643,214.435318952437,3.30462463187524
"2642","sampling_area=Area_06__season=Summer__sex=F","prey_11",13,16,81.25,7.36,303.18,2.42760076522198,197.242562174286,3.03967010938111
"2643","sampling_area=Area_06__season=Summer__sex=F","prey_49",13,16,81.25,6.8,303.18,2.24289201134639,182.234975921895,2.8083908619282
"2644","sampling_area=Area_06__season=Summer__sex=F","prey_21",13,16,81.25,6.69,303.18,2.20660993469226,179.287057193746,2.76296100974995
"2645","sampling_area=Area_06__season=Summer__sex=F","prey_34",12,16,75,6.71,303.18,2.2132066759021,165.990500692658,2.55805013803686
"2646","sampling_area=Area_06__season=Summer__sex=F","prey_39",12,16,75,6.54,303.18,2.15713437561844,161.785078171383,2.49324111814621
"2647","sampling_area=Area_06__season=Summer__sex=F","prey_59",13,16,81.25,5.66,303.18,1.86687776238538,151.683818193812,2.33757239389906
"2648","sampling_area=Area_06__season=Summer__sex=F","prey_32",12,16,75,6.07,303.18,2.00211095718715,150.158321789036,2.314063239625
"2649","sampling_area=Area_06__season=Summer__sex=F","prey_6",11,16,68.75,6.61,303.18,2.18022296985289,149.890329177386,2.30993325306334
"2650","sampling_area=Area_06__season=Summer__sex=F","prey_57",12,16,75,5.92,303.18,1.95263539811333,146.4476548585,2.25687881030972
"2651","sampling_area=Area_06__season=Summer__sex=F","prey_52",12,16,75,5.8,303.18,1.91305495085428,143.479121314071,2.21113126685749
"2652","sampling_area=Area_06__season=Summer__sex=F","prey_38",11,16,68.75,6.27,303.18,2.06807836928557,142.180387888383,2.19111671659715
"2653","sampling_area=Area_06__season=Summer__sex=F","prey_30",13,16,81.25,5.29,303.18,1.7448380500033,141.768091562768,2.18476289111767
"2654","sampling_area=Area_06__season=Summer__sex=F","prey_27",11,16,68.75,6.02,303.18,1.98561910416254,136.511313411175,2.10375161625436
"2655","sampling_area=Area_06__season=Summer__sex=F","prey_31",11,16,68.75,5.85,303.18,1.92954680387888,132.656342766673,2.04434334802126
"2656","sampling_area=Area_06__season=Summer__sex=F","prey_46",11,16,68.75,5.69,303.18,1.87677287420015,129.02813510126,1.98842968380188
"2657","sampling_area=Area_06__season=Summer__sex=F","prey_29",10,16,62.5,6.25,303.18,2.06148162807573,128.842601754733,1.98557046233611
"2658","sampling_area=Area_06__season=Summer__sex=F","prey_47",11,16,68.75,5.62,303.18,1.8536842799657,127.440794247642,1.96396745570589
"2659","sampling_area=Area_06__season=Summer__sex=F","prey_45",10,16,62.5,6.17,303.18,2.03509466323636,127.193416452273,1.96015516041821
"2660","sampling_area=Area_06__season=Summer__sex=F","prey_8",12,16,75,5.11,303.18,1.68546737911472,126.410053433604,1.94808289200721
"2661","sampling_area=Area_06__season=Summer__sex=F","prey_7",11,16,68.75,5.56,303.18,1.83389405633617,126.080216373112,1.94299983162362
"2662","sampling_area=Area_06__season=Summer__sex=F","prey_5",10,16,62.5,5.83,303.18,1.92295006266904,120.184378916815,1.85214012726712
"2663","sampling_area=Area_06__season=Summer__sex=F","prey_14",11,16,68.75,5.29,303.18,1.7448380500033,119.957615937727,1.84864552325341
"2664","sampling_area=Area_06__season=Summer__sex=F","prey_1",11,16,68.75,5.04,303.18,1.66237878488027,114.288541460519,1.76128042291062
"2665","sampling_area=Area_06__season=Summer__sex=F","prey_56",10,16,62.5,5.52,303.18,1.82070057391649,113.79378586978,1.75365583233525
"2666","sampling_area=Area_06__season=Summer__sex=F","prey_24",9,16,56.25,6.06,303.18,1.99881258658223,112.43320799525,1.73268820825298
"2667","sampling_area=Area_06__season=Summer__sex=F","prey_4",10,16,62.5,5.4,303.18,1.78112012665743,111.320007916089,1.7155328794584
"2668","sampling_area=Area_06__season=Summer__sex=F","prey_35",10,16,62.5,5.36,303.18,1.76792664423775,110.495415264859,1.70282522849945
"2669","sampling_area=Area_06__season=Summer__sex=F","prey_58",10,16,62.5,5.21,303.18,1.71845108516393,107.403192822746,1.65517153740338
"2670","sampling_area=Area_06__season=Summer__sex=F","prey_40",10,16,62.5,5.09,303.18,1.67887063790487,104.929414869055,1.61704858452653
"2671","sampling_area=Area_06__season=Summer__sex=F","prey_41",10,16,62.5,4.89,303.18,1.61290322580645,100.806451612903,1.55351032973177
"2672","sampling_area=Area_06__season=Summer__sex=F","prey_16",11,16,68.75,4.25,303.18,1.4018075070915,96.3742661125404,1.48520670582741
"2673","sampling_area=Area_06__season=Summer__sex=F","prey_53",11,16,68.75,4.25,303.18,1.4018075070915,96.3742661125404,1.48520670582741
"2674","sampling_area=Area_06__season=Summer__sex=F","prey_15",11,16,68.75,4.22,303.18,1.39191239527673,95.6939771752754,1.47472289378628
"2675","sampling_area=Area_06__season=Summer__sex=F","prey_20",9,16,56.25,5.06,303.18,1.66897552609011,93.8798733425688,1.44676606167658
"2676","sampling_area=Area_06__season=Summer__sex=F","prey_17",10,16,62.5,4.53,303.18,1.49416188402929,93.3851177518306,1.43914147110121
"2677","sampling_area=Area_06__season=Summer__sex=F","prey_23",9,16,56.25,5,303.18,1.64918530246058,92.7666732634079,1.429610732882
"2678","sampling_area=Area_06__season=Summer__sex=F","prey_33",8,16,50,5.54,303.18,1.82729731512633,91.3648657563164,1.40800772625178
"2679","sampling_area=Area_06__season=Summer__sex=F","prey_54",10,16,62.5,4.42,303.18,1.45787980737516,91.1174879609473,1.4041954309641
"2680","sampling_area=Area_06__season=Summer__sex=F","prey_2",10,16,62.5,4.31,303.18,1.42159773072102,88.849858170064,1.36924939082698
"2681","sampling_area=Area_06__season=Summer__sex=F","prey_19",9,16,56.25,4.67,303.18,1.54033907249819,86.644072828023,1.33525642451179
"2682","sampling_area=Area_06__season=Summer__sex=F","prey_50",10,16,62.5,4.19,303.18,1.38201728346197,86.3760802163731,1.33112643795013
"2683","sampling_area=Area_06__season=Summer__sex=F","prey_3",10,16,62.5,4,303.18,1.31934824196847,82.4592651230292,1.27076509589511
"2684","sampling_area=Area_06__season=Summer__sex=F","prey_43",9,16,56.25,4.44,303.18,1.464476548585,82.3768058579062,1.26949433079922
"2685","sampling_area=Area_06__season=Summer__sex=F","prey_60",8,16,50,4.71,303.18,1.55353255491787,77.6766277458935,1.19706072033319
"2686","sampling_area=Area_06__season=Summer__sex=F","prey_22",9,16,56.25,4.12,303.18,1.35892868922752,76.4397387690481,1.17799924389477
"2687","sampling_area=Area_06__season=Summer__sex=F","prey_28",10,16,62.5,3.7,303.18,1.22039712382083,76.274820238802,1.17545771370298
"2688","sampling_area=Area_06__season=Summer__sex=F","prey_10",9,16,56.25,4,303.18,1.31934824196847,74.2133386107263,1.1436885863056
"2689","sampling_area=Area_06__season=Summer__sex=F","prey_44",8,16,50,4.33,303.18,1.42819447193087,71.4097235965433,1.10048257304517
"2690","sampling_area=Area_06__season=Summer__sex=F","prey_12",9,16,56.25,3.77,303.18,1.24348571805528,69.9460716406095,1.07792649259303
"2691","sampling_area=Area_06__season=Summer__sex=F","prey_37",8,16,50,4.09,303.18,1.34903357741276,67.4516788706379,1.0394858484422
"2692","sampling_area=Area_06__season=Summer__sex=F","prey_13",9,16,56.25,3.39,303.18,1.11814763506828,62.8958044725905,0.969276076893996
"2693","sampling_area=Area_06__season=Summer__sex=F","prey_25",8,16,50,3.75,303.18,1.23688897684544,61.8444488422719,0.953073821921333
"2694","sampling_area=Area_06__season=Summer__sex=F","prey_42",8,16,50,3.62,303.18,1.19401015898146,59.7005079490732,0.92003392942806
"2695","sampling_area=Area_06__season=Summer__sex=F","prey_26",7,16,43.75,4.11,303.18,1.3556303186226,59.3088264397388,0.913997795222559
"2696","sampling_area=Area_06__season=Summer__sex=F","prey_51",10,16,62.5,2.83,303.18,0.933438881192691,58.3399300745432,0.899066305345791
"2697","sampling_area=Area_06__season=Summer__sex=F","prey_48",7,16,43.75,3.94,303.18,1.29955801833894,56.8556633023287,0.876192533619679
"2698","sampling_area=Area_06__season=Summer__sex=F","prey_36",7,16,43.75,3.9,303.18,1.28636453591926,56.2784484464674,0.867297177948413
"2699","sampling_area=Area_06__season=Summer__sex=F","prey_18",7,16,43.75,3.88,303.18,1.27976779470941,55.9898410185368,0.86284950011278
"2700","sampling_area=Area_06__season=Summer__sex=F","prey_9",8,16,50,3.05,303.18,1.00600303450096,50.3001517250478,0.775166708496018
"2701","sampling_area=Area_06__season=Summer__sex=M","prey_15",13,13,100,7.09,253.44,2.79750631313131,279.750631313131,4.08118986366514
"2702","sampling_area=Area_06__season=Summer__sex=M","prey_16",11,13,84.6153846153846,7.95,253.44,3.13683712121212,265.42467948718,3.8721932687156
"2703","sampling_area=Area_06__season=Summer__sex=M","prey_22",10,13,76.9230769230769,6.77,253.44,2.67124368686869,205.480283605284,2.9976842114585
"2704","sampling_area=Area_06__season=Summer__sex=M","prey_17",12,13,92.3076923076923,5.62,253.44,2.21748737373737,204.691142191142,2.98617168716044
"2705","sampling_area=Area_06__season=Summer__sex=M","prey_4",11,13,84.6153846153846,5.55,253.44,2.18986742424242,185.296474358974,2.70322926306561
"2706","sampling_area=Area_06__season=Summer__sex=M","prey_48",10,13,76.9230769230769,6.03,253.44,2.37926136363636,183.020104895105,2.67002005835964
"2707","sampling_area=Area_06__season=Summer__sex=M","prey_46",10,13,76.9230769230769,5.75,253.44,2.26878156565657,174.521658896659,2.54603902745737
"2708","sampling_area=Area_06__season=Summer__sex=M","prey_34",11,13,84.6153846153846,4.76,253.44,1.87815656565657,158.92094017094,2.31844527787249
"2709","sampling_area=Area_06__season=Summer__sex=M","prey_36",10,13,76.9230769230769,5.23,253.44,2.0636047979798,158.738830613831,2.31578854149601
"2710","sampling_area=Area_06__season=Summer__sex=M","prey_23",10,13,76.9230769230769,5.12,253.44,2.02020202020202,155.400155400155,2.26708170792726
"2711","sampling_area=Area_06__season=Summer__sex=M","prey_32",10,13,76.9230769230769,5.12,253.44,2.02020202020202,155.400155400155,2.26708170792726
"2712","sampling_area=Area_06__season=Summer__sex=M","prey_51",10,13,76.9230769230769,4.99,253.44,1.96890782828283,151.454448329448,2.20951908643692
"2713","sampling_area=Area_06__season=Summer__sex=M","prey_18",10,13,76.9230769230769,4.85,253.44,1.91366792929293,147.205225330225,2.14752857098578
"2714","sampling_area=Area_06__season=Summer__sex=M","prey_40",9,13,69.2307692307692,5.25,253.44,2.07149621212121,143.411276223776,2.09217989647584
"2715","sampling_area=Area_06__season=Summer__sex=M","prey_43",11,13,84.6153846153846,4.27,253.44,1.68481691919192,142.561431623932,2.07978179338561
"2716","sampling_area=Area_06__season=Summer__sex=M","prey_8",8,13,61.5384615384615,5.57,253.44,2.19775883838384,135.246697746698,1.97306954893044
"2717","sampling_area=Area_06__season=Summer__sex=M","prey_27",10,13,76.9230769230769,4.41,253.44,1.74005681818182,133.850524475525,1.95270123671078
"2718","sampling_area=Area_06__season=Summer__sex=M","prey_6",9,13,69.2307692307692,4.88,253.44,1.92550505050505,133.304195804196,1.94473102758135
"2719","sampling_area=Area_06__season=Summer__sex=M","prey_33",9,13,69.2307692307692,4.78,253.44,1.88604797979798,130.572552447552,1.90487998193419
"2720","sampling_area=Area_06__season=Summer__sex=M","prey_50",9,13,69.2307692307692,4.73,253.44,1.86631944444444,129.206730769231,1.88495445911061
"2721","sampling_area=Area_06__season=Summer__sex=M","prey_54",10,13,76.9230769230769,4.23,253.44,1.66903409090909,128.387237762238,1.87299914541647
"2722","sampling_area=Area_06__season=Summer__sex=M","prey_9",9,13,69.2307692307692,4.67,253.44,1.8426452020202,127.567744755245,1.86104383172232
"2723","sampling_area=Area_06__season=Summer__sex=M","prey_35",9,13,69.2307692307692,4.63,253.44,1.82686237373737,126.475087412587,1.84510341346345
"2724","sampling_area=Area_06__season=Summer__sex=M","prey_58",9,13,69.2307692307692,4.6,253.44,1.81502525252525,125.655594405594,1.83314809976931
"2725","sampling_area=Area_06__season=Summer__sex=M","prey_57",9,13,69.2307692307692,4.59,253.44,1.81107954545455,125.38243006993,1.82916299520459
"2726","sampling_area=Area_06__season=Summer__sex=M","prey_37",8,13,61.5384615384615,5.03,253.44,1.98469065656566,122.13480963481,1.78178452982408
"2727","sampling_area=Area_06__season=Summer__sex=M","prey_10",9,13,69.2307692307692,4.46,253.44,1.75978535353535,121.831293706294,1.77735663586328
"2728","sampling_area=Area_06__season=Summer__sex=M","prey_28",8,13,61.5384615384615,5.01,253.44,1.97679924242424,121.649184149184,1.77469989948681
"2729","sampling_area=Area_06__season=Summer__sex=M","prey_24",10,13,76.9230769230769,3.88,253.44,1.53093434343434,117.76418026418,1.71802285678863
"2730","sampling_area=Area_06__season=Summer__sex=M","prey_60",10,13,76.9230769230769,3.73,253.44,1.47174873737374,113.211441336441,1.65160444737669
"2731","sampling_area=Area_06__season=Summer__sex=M","prey_25",10,13,76.9230769230769,3.71,253.44,1.46385732323232,112.604409479409,1.6427486594551
"2732","sampling_area=Area_06__season=Summer__sex=M","prey_29",9,13,69.2307692307692,4.04,253.44,1.59406565656566,110.358391608392,1.60998224414522
"2733","sampling_area=Area_06__season=Summer__sex=M","prey_45",7,13,53.8461538461538,4.96,253.44,1.95707070707071,105.38073038073,1.53736478318817
"2734","sampling_area=Area_06__season=Summer__sex=M","prey_21",8,13,61.5384615384615,4.3,253.44,1.69665404040404,104.409479409479,1.52319552251363
"2735","sampling_area=Area_06__season=Summer__sex=M","prey_42",8,13,61.5384615384615,4.18,253.44,1.64930555555556,101.495726495727,1.48068774048999
"2736","sampling_area=Area_06__season=Summer__sex=M","prey_39",8,13,61.5384615384615,3.98,253.44,1.57039141414141,96.6394716394716,1.40984143711726
"2737","sampling_area=Area_06__season=Summer__sex=M","prey_47",10,13,76.9230769230769,3.18,253.44,1.25473484848485,96.5180652680653,1.40807027953295
"2738","sampling_area=Area_06__season=Summer__sex=M","prey_59",8,13,61.5384615384615,3.78,253.44,1.49147727272727,91.7832167832168,1.33899513374454
"2739","sampling_area=Area_06__season=Summer__sex=M","prey_12",7,13,53.8461538461538,4.21,253.44,1.66114267676768,89.4461441336441,1.30490035024641
"2740","sampling_area=Area_06__season=Summer__sex=M","prey_2",9,13,69.2307692307692,3.27,253.44,1.29024621212121,89.3247377622378,1.30312919266209
"2741","sampling_area=Area_06__season=Summer__sex=M","prey_5",7,13,53.8461538461538,3.93,253.44,1.55066287878788,83.4972319347319,1.21811362861482
"2742","sampling_area=Area_06__season=Summer__sex=M","prey_19",8,13,61.5384615384615,3.34,253.44,1.31786616161616,81.0994560994561,1.18313326632454
"2743","sampling_area=Area_06__season=Summer__sex=M","prey_41",8,13,61.5384615384615,3.24,253.44,1.27840909090909,78.6713286713287,1.14771011463817
"2744","sampling_area=Area_06__season=Summer__sex=M","prey_11",8,13,61.5384615384615,3.21,253.44,1.26657196969697,77.9428904428904,1.13708316913227
"2745","sampling_area=Area_06__season=Summer__sex=M","prey_49",7,13,53.8461538461538,3.6,253.44,1.42045454545455,76.486013986014,1.11582927812045
"2746","sampling_area=Area_06__season=Summer__sex=M","prey_56",8,13,61.5384615384615,3.13,253.44,1.23500631313131,76.0003885003885,1.10874464778317
"2747","sampling_area=Area_06__season=Summer__sex=M","prey_53",6,13,46.1538461538462,4.12,253.44,1.62563131313131,75.0291375291375,1.09457538710863
"2748","sampling_area=Area_06__season=Summer__sex=M","prey_52",8,13,61.5384615384615,3,253.44,1.18371212121212,72.8438228438228,1.0626945505909
"2749","sampling_area=Area_06__season=Summer__sex=M","prey_38",6,13,46.1538461538462,3.92,253.44,1.54671717171717,71.3869463869464,1.04144065957908
"2750","sampling_area=Area_06__season=Summer__sex=M","prey_7",8,13,61.5384615384615,2.87,253.44,1.13241792929293,69.6872571872572,1.01664445339863
"2751","sampling_area=Area_06__season=Summer__sex=M","prey_3",7,13,53.8461538461538,3.18,253.44,1.25473484848485,67.5626456876457,0.985649195673062
"2752","sampling_area=Area_06__season=Summer__sex=M","prey_31",8,13,61.5384615384615,2.72,253.44,1.07323232323232,66.045066045066,0.963509725869085
"2753","sampling_area=Area_06__season=Summer__sex=M","prey_13",7,13,53.8461538461538,2.91,253.44,1.14820075757576,61.8261946386946,0.901961999814028
"2754","sampling_area=Area_06__season=Summer__sex=M","prey_1",6,13,46.1538461538462,3.08,253.44,1.21527777777778,56.0897435897436,0.818274803954995
"2755","sampling_area=Area_06__season=Summer__sex=M","prey_55",7,13,53.8461538461538,2.49,253.44,0.982481060606061,52.9028263403263,0.771781917366643
"2756","sampling_area=Area_06__season=Summer__sex=M","prey_14",7,13,53.8461538461538,2.38,253.44,0.939078282828283,50.5657536907537,0.737687133868518
"2757","sampling_area=Area_06__season=Summer__sex=M","prey_30",5,13,38.4615384615385,2.89,253.44,1.14030934343434,43.8580516705517,0.639830677334939
"2758","sampling_area=Area_06__season=Summer__sex=M","prey_26",5,13,38.4615384615385,2.85,253.44,1.12452651515152,43.2510198135198,0.630974889413348
"2759","sampling_area=Area_06__season=Summer__sex=M","prey_44",5,13,38.4615384615385,2.27,253.44,0.895675505050505,34.4490578865579,0.502565964550281
"2760","sampling_area=Area_06__season=Summer__sex=M","prey_20",4,13,30.7692307692308,1.15,253.44,0.453756313131313,13.9617327117327,0.20368312219659
"2761","sampling_area=Area_06__season=Winter__sex=F","prey_10",16,18,88.8888888888889,9.32,364.68,2.55566524075902,227.170243623024,3.32882406254046
"2762","sampling_area=Area_06__season=Winter__sex=F","prey_33",14,18,77.7777777777778,9.62,364.68,2.63792914335856,205.172266705666,3.00647817021828
"2763","sampling_area=Area_06__season=Winter__sex=F","prey_52",15,18,83.3333333333333,7.96,364.68,2.18273554897444,181.894629081204,2.66538085479702
"2764","sampling_area=Area_06__season=Winter__sex=F","prey_47",15,18,83.3333333333333,7.76,364.68,2.12789294724142,177.324412270118,2.59841148658604
"2765","sampling_area=Area_06__season=Winter__sex=F","prey_8",14,18,77.7777777777778,8.24,364.68,2.25951519140068,175.740070442275,2.57519543893956
"2766","sampling_area=Area_06__season=Winter__sex=F","prey_5",13,18,72.2222222222222,8.2,364.68,2.24854667105407,162.395037353905,2.3796448837635
"2767","sampling_area=Area_06__season=Winter__sex=F","prey_42",14,18,77.7777777777778,7.52,364.68,2.06208182516179,160.384141957028,2.35017836175067
"2768","sampling_area=Area_06__season=Winter__sex=F","prey_39",15,18,83.3333333333333,6.97,364.68,1.91126467039596,159.27205586633,2.33388248215266
"2769","sampling_area=Area_06__season=Winter__sex=F","prey_4",13,18,72.2222222222222,7.87,364.68,2.15805637819458,155.859627314053,2.2838786872218
"2770","sampling_area=Area_06__season=Winter__sex=F","prey_40",15,18,83.3333333333333,6.49,364.68,1.7796424262367,148.303535519725,2.17315599844631
"2771","sampling_area=Area_06__season=Winter__sex=F","prey_54",14,18,77.7777777777778,6.84,364.68,1.8756169792695,145.88132060985,2.13766223329449
"2772","sampling_area=Area_06__season=Winter__sex=F","prey_58",16,18,88.8888888888889,5.93,364.68,1.62608314138423,144.540723678598,2.11801788528594
"2773","sampling_area=Area_06__season=Winter__sex=F","prey_16",14,18,77.7777777777778,6.69,364.68,1.83448502796973,142.68216884209,2.09078367554681
"2774","sampling_area=Area_06__season=Winter__sex=F","prey_60",12,18,66.6666666666667,7.73,364.68,2.11966655698146,141.311103798764,2.07069286508351
"2775","sampling_area=Area_06__season=Winter__sex=F","prey_21",11,18,61.1111111111111,8.33,364.68,2.28419436218054,139.589655466589,2.04546773639071
"2776","sampling_area=Area_06__season=Winter__sex=F","prey_26",15,18,83.3333333333333,5.97,364.68,1.63705166173083,136.420971810903,1.99903564109776
"2777","sampling_area=Area_06__season=Winter__sex=F","prey_59",13,18,72.2222222222222,6.72,364.68,1.84271141822968,133.08471353881,1.95014800230375
"2778","sampling_area=Area_06__season=Winter__sex=F","prey_34",14,18,77.7777777777778,6.17,364.68,1.69189426346386,131.591776047189,1.92827134202149
"2779","sampling_area=Area_06__season=Winter__sex=F","prey_22",14,18,77.7777777777778,6.01,364.68,1.64802018207744,128.179347494912,1.87826754709063
"2780","sampling_area=Area_06__season=Winter__sex=F","prey_27",12,18,66.6666666666667,7,364.68,1.91949106065592,127.966070710394,1.87514230990745
"2781","sampling_area=Area_06__season=Winter__sex=F","prey_46",12,18,66.6666666666667,6.95,364.68,1.90578041022266,127.052027348177,1.86174843626525
"2782","sampling_area=Area_06__season=Winter__sex=F","prey_9",11,18,61.1111111111111,7.39,364.68,2.02643413403532,123.837641524381,1.8146466472902
"2783","sampling_area=Area_06__season=Winter__sex=F","prey_36",12,18,66.6666666666667,6.77,364.68,1.85642206866294,123.761471244196,1.81353049115335
"2784","sampling_area=Area_06__season=Winter__sex=F","prey_57",13,18,72.2222222222222,6.18,364.68,1.69463639355051,122.39040620087,1.79343968069005
"2785","sampling_area=Area_06__season=Winter__sex=F","prey_6",13,18,72.2222222222222,6.18,364.68,1.69463639355051,122.39040620087,1.79343968069005
"2786","sampling_area=Area_06__season=Winter__sex=F","prey_37",13,18,72.2222222222222,6.1,364.68,1.6726993528573,120.806064373027,1.77022363304358
"2787","sampling_area=Area_06__season=Winter__sex=F","prey_1",11,18,61.1111111111111,7.18,364.68,1.96884940221564,120.318574579845,1.76308023376774
"2788","sampling_area=Area_06__season=Winter__sex=F","prey_35",11,18,61.1111111111111,7.09,364.68,1.94417023143578,118.810403032187,1.74098034225812
"2789","sampling_area=Area_06__season=Winter__sex=F","prey_30",12,18,66.6666666666667,6.35,364.68,1.74125260502358,116.083507001572,1.7010219525589
"2790","sampling_area=Area_06__season=Winter__sex=F","prey_56",12,18,66.6666666666667,6.28,364.68,1.72205769441702,114.803846294468,1.68227052945983
"2791","sampling_area=Area_06__season=Winter__sex=F","prey_18",13,18,72.2222222222222,5.75,364.68,1.5767247998245,113.874568876214,1.66865342459026
"2792","sampling_area=Area_06__season=Winter__sex=F","prey_49",12,18,66.6666666666667,6.22,364.68,1.70560491389711,113.706994259808,1.66619788108919
"2793","sampling_area=Area_06__season=Winter__sex=F","prey_12",14,18,77.7777777777778,5.11,364.68,1.40122847427882,108.984436888353,1.59699620060451
"2794","sampling_area=Area_06__season=Winter__sex=F","prey_19",11,18,61.1111111111111,6.34,364.68,1.73851047493693,106.242306801701,1.55681457967792
"2795","sampling_area=Area_06__season=Winter__sex=F","prey_7",12,18,66.6666666666667,5.76,364.68,1.57946692991115,105.29779532741,1.54297424358099
"2796","sampling_area=Area_06__season=Winter__sex=F","prey_38",12,18,66.6666666666667,5.73,364.68,1.5712405396512,104.74936931008,1.53493791939567
"2797","sampling_area=Area_06__season=Winter__sex=F","prey_11",13,18,72.2222222222222,5.27,364.68,1.44510255566524,104.368517909156,1.52935713871142
"2798","sampling_area=Area_06__season=Winter__sex=F","prey_44",13,18,72.2222222222222,5.25,364.68,1.43961829549194,103.972432452196,1.5235531267998
"2799","sampling_area=Area_06__season=Winter__sex=F","prey_23",10,18,55.5555555555556,6.8,364.68,1.86464845892289,103.591581051272,1.51797234611555
"2800","sampling_area=Area_06__season=Winter__sex=F","prey_3",10,18,55.5555555555556,6.66,364.68,1.82625863770977,101.458813206098,1.48671997428376
"2801","sampling_area=Area_06__season=Winter__sex=F","prey_29",11,18,61.1111111111111,5.76,364.68,1.57946692991115,96.5229790501261,1.4143930566159
"2802","sampling_area=Area_06__season=Winter__sex=F","prey_45",14,18,77.7777777777778,4.45,364.68,1.22024788855983,94.9081691102093,1.39073054651469
"2803","sampling_area=Area_06__season=Winter__sex=F","prey_13",11,18,61.1111111111111,5.59,364.68,1.53285071843808,93.6742105712162,1.37264881709773
"2804","sampling_area=Area_06__season=Winter__sex=F","prey_32",10,18,55.5555555555556,5.93,364.68,1.62608314138423,90.3379522991237,1.32376117830371
"2805","sampling_area=Area_06__season=Winter__sex=F","prey_53",9,18,50,5.83,364.68,1.59866184051771,79.9330920258857,1.17129425001005
"2806","sampling_area=Area_06__season=Winter__sex=F","prey_17",11,18,61.1111111111111,4.72,364.68,1.29428540089942,79.0952189438534,1.1590165325047
"2807","sampling_area=Area_06__season=Winter__sex=F","prey_15",10,18,55.5555555555556,5.1,364.68,1.39848634419217,77.6936857884538,1.13847925958667
"2808","sampling_area=Area_06__season=Winter__sex=F","prey_50",9,18,50,5.52,364.68,1.51365580783152,75.6827903915762,1.10901273757383
"2809","sampling_area=Area_06__season=Winter__sex=F","prey_20",10,18,55.5555555555556,4.86,364.68,1.33267522211254,74.0375123395854,1.08490376501788
"2810","sampling_area=Area_06__season=Winter__sex=F","prey_41",13,18,72.2222222222222,3.72,364.68,1.02007239223429,73.6718949946985,1.079546215561
"2811","sampling_area=Area_06__season=Winter__sex=F","prey_43",11,18,61.1111111111111,4.29,364.68,1.17637380717341,71.8895104383752,1.05342816195872
"2812","sampling_area=Area_06__season=Winter__sex=F","prey_31",10,18,55.5555555555556,4.7,364.68,1.28880114072612,71.6000633736731,1.04918676863869
"2813","sampling_area=Area_06__season=Winter__sex=F","prey_24",10,18,55.5555555555556,4.26,364.68,1.16814741691346,64.8970787174144,0.95096502859592
"2814","sampling_area=Area_06__season=Winter__sex=F","prey_51",9,18,50,4.73,364.68,1.29702753098607,64.8513765493035,0.950295334913811
"2815","sampling_area=Area_06__season=Winter__sex=F","prey_25",9,18,50,4.65,364.68,1.27509049029286,63.754524514643,0.934222686543175
"2816","sampling_area=Area_06__season=Winter__sex=F","prey_14",9,18,50,4.09,364.68,1.12153120544039,56.0765602720193,0.821714147948728
"2817","sampling_area=Area_06__season=Winter__sex=F","prey_55",10,18,55.5555555555556,3.59,364.68,0.98442470110782,54.6902611726567,0.801400106258064
"2818","sampling_area=Area_06__season=Winter__sex=F","prey_48",9,18,50,3.9,364.68,1.06943073379401,53.4715366897006,0.78354160806847
"2819","sampling_area=Area_06__season=Winter__sex=F","prey_28",10,18,55.5555555555556,3.16,364.68,0.866513107381814,48.1396170767675,0.705410678488993
"2820","sampling_area=Area_06__season=Winter__sex=F","prey_2",8,18,44.4444444444444,3.13,364.68,0.85828671712186,38.1460763165271,0.558970993334316
"2821","sampling_area=Area_06__season=Winter__sex=M","prey_11",10,13,76.9230769230769,6.62,258.91,2.55687304468734,196.682541899026,2.91596557222521
"2822","sampling_area=Area_06__season=Winter__sex=M","prey_57",10,13,76.9230769230769,6.28,258.91,2.42555328106292,186.581021620224,2.76620298996591
"2823","sampling_area=Area_06__season=Winter__sex=M","prey_52",11,13,84.6153846153846,5.41,258.91,2.08952918002395,176.806315232795,2.62128566772088
"2824","sampling_area=Area_06__season=Winter__sex=M","prey_56",10,13,76.9230769230769,5.93,258.91,2.29037117144954,176.182397803811,2.61203562587545
"2825","sampling_area=Area_06__season=Winter__sex=M","prey_24",11,13,84.6153846153846,5.18,258.91,2.00069522227801,169.289595731216,2.50984468739263
"2826","sampling_area=Area_06__season=Winter__sex=M","prey_51",10,13,76.9230769230769,5.58,258.91,2.15518906183616,165.783773987397,2.45786826178499
"2827","sampling_area=Area_06__season=Winter__sex=M","prey_60",9,13,69.2307692307692,6.16,258.91,2.37920512919547,164.714201251994,2.44201104719283
"2828","sampling_area=Area_06__season=Winter__sex=M","prey_35",10,13,76.9230769230769,5.42,258.91,2.0933915260129,161.030117385608,2.3873917524865
"2829","sampling_area=Area_06__season=Winter__sex=M","prey_12",10,13,76.9230769230769,5.32,258.91,2.05476806612336,158.05908200949,2.34334393417494
"2830","sampling_area=Area_06__season=Winter__sex=M","prey_36",11,13,84.6153846153846,4.66,258.91,1.79985323085242,152.29527337982,2.25789116665052
"2831","sampling_area=Area_06__season=Winter__sex=M","prey_41",9,13,69.2307692307692,5.63,258.91,2.17450079178093,150.54236250791,2.2319029538467
"2832","sampling_area=Area_06__season=Winter__sex=M","prey_58",9,13,69.2307692307692,5.6,258.91,2.16291375381407,149.740182956358,2.22001004290258
"2833","sampling_area=Area_06__season=Winter__sex=M","prey_39",9,13,69.2307692307692,5.57,258.91,2.15132671584721,148.938003404807,2.20811713195845
"2834","sampling_area=Area_06__season=Winter__sex=M","prey_16",9,13,69.2307692307692,5.51,258.91,2.12815263991348,147.333644301703,2.18433131007021
"2835","sampling_area=Area_06__season=Winter__sex=M","prey_29",11,13,84.6153846153846,4.48,258.91,1.73033100305125,146.412623335106,2.17067648639363
"2836","sampling_area=Area_06__season=Winter__sex=M","prey_49",10,13,76.9230769230769,4.82,258.91,1.86165076667568,143.203905128898,2.12310484261715
"2837","sampling_area=Area_06__season=Winter__sex=M","prey_30",9,13,69.2307692307692,5.33,258.91,2.05863041211232,142.520566992391,2.11297384440549
"2838","sampling_area=Area_06__season=Winter__sex=M","prey_23",9,13,69.2307692307692,5.19,258.91,2.00455756826697,138.777062418482,2.05747359333292
"2839","sampling_area=Area_06__season=Winter__sex=M","prey_10",9,13,69.2307692307692,5.18,258.91,2.00069522227801,138.509669234632,2.05350928968488
"2840","sampling_area=Area_06__season=Winter__sex=M","prey_38",9,13,69.2307692307692,5.14,258.91,1.9852458383222,137.440096499229,2.03765207509272
"2841","sampling_area=Area_06__season=Winter__sex=M","prey_14",10,13,76.9230769230769,4.61,258.91,1.78054150090765,136.96473083905,2.03060442416287
"2842","sampling_area=Area_06__season=Winter__sex=M","prey_47",9,13,69.2307692307692,5.11,258.91,1.97365880035534,136.637916947677,2.0257591641486
"2843","sampling_area=Area_06__season=Winter__sex=M","prey_22",10,13,76.9230769230769,4.57,258.91,1.76509211695184,135.776316688603,2.01298529683825
"2844","sampling_area=Area_06__season=Winter__sex=M","prey_48",8,13,61.5384615384615,5.61,258.91,2.16677609980302,133.340067680186,1.97686608582277
"2845","sampling_area=Area_06__season=Winter__sex=M","prey_13",8,13,61.5384615384615,5.35,258.91,2.06635510409022,127.16031409786,1.88524662373473
"2846","sampling_area=Area_06__season=Winter__sex=M","prey_44",10,13,76.9230769230769,4.25,258.91,1.64149704530532,126.269003485025,1.87203227824126
"2847","sampling_area=Area_06__season=Winter__sex=M","prey_9",9,13,69.2307692307692,4.49,258.91,1.73419334904021,120.059539548937,1.7799723379701
"2848","sampling_area=Area_06__season=Winter__sex=M","prey_21",9,13,69.2307692307692,4.43,258.91,1.71101927310648,118.455180445834,1.75618651608186
"2849","sampling_area=Area_06__season=Winter__sex=M","prey_50",8,13,61.5384615384615,4.92,258.91,1.90027422656522,116.939952404013,1.73372212874296
"2850","sampling_area=Area_06__season=Winter__sex=M","prey_31",10,13,76.9230769230769,3.8,258.91,1.4676914758024,112.899344292493,1.67381709583924
"2851","sampling_area=Area_06__season=Winter__sex=M","prey_2",8,13,61.5384615384615,4.47,258.91,1.7264686570623,106.244225049988,1.57514998282135
"2852","sampling_area=Area_06__season=Winter__sex=M","prey_5",8,13,61.5384615384615,4.34,258.91,1.6762581592059,103.154348258825,1.52934025177733
"2853","sampling_area=Area_06__season=Winter__sex=M","prey_19",10,13,76.9230769230769,3.41,258.91,1.31705998223321,101.312306325631,1.50203060442416
"2854","sampling_area=Area_06__season=Winter__sex=M","prey_37",8,13,61.5384615384615,4.22,258.91,1.62991000733846,100.302154297751,1.48705434619823
"2855","sampling_area=Area_06__season=Winter__sex=M","prey_26",9,13,69.2307692307692,3.69,258.91,1.42520566992391,98.6680848408862,1.46282804612688
"2856","sampling_area=Area_06__season=Winter__sex=M","prey_43",8,13,61.5384615384615,3.95,258.91,1.52562666563671,93.8847178853359,1.39191105864527
"2857","sampling_area=Area_06__season=Winter__sex=M","prey_54",8,13,61.5384615384615,3.9,258.91,1.50631493569194,92.6963037348886,1.37429193132064
"2858","sampling_area=Area_06__season=Winter__sex=M","prey_3",10,13,76.9230769230769,3.1,258.91,1.19732725657564,92.1020966596649,1.36548236765833
"2859","sampling_area=Area_06__season=Winter__sex=M","prey_17",8,13,61.5384615384615,3.85,258.91,1.48700320574717,91.5078895844413,1.35667280399602
"2860","sampling_area=Area_06__season=Winter__sex=M","prey_28",10,13,76.9230769230769,3.05,258.91,1.17801552663088,90.6165789716058,1.34345845850255
"2861","sampling_area=Area_06__season=Winter__sex=M","prey_8",8,13,61.5384615384615,3.76,258.91,1.45224209184659,89.3687441136362,1.3249583748117
"2862","sampling_area=Area_06__season=Winter__sex=M","prey_6",9,13,69.2307692307692,3.33,258.91,1.28616121432158,89.0419302222631,1.32011311479742
"2863","sampling_area=Area_06__season=Winter__sex=M","prey_1",7,13,53.8461538461538,4.13,258.91,1.59514889343787,85.8926327235778,1.27342242738717
"2864","sampling_area=Area_06__season=Winter__sex=M","prey_27",7,13,53.8461538461538,4.02,258.91,1.55266308755938,83.6049354839668,1.23950560728727
"2865","sampling_area=Area_06__season=Winter__sex=M","prey_46",8,13,61.5384615384615,3.37,258.91,1.30161059827739,80.0991137401473,1.18752918167963
"2866","sampling_area=Area_06__season=Winter__sex=M","prey_53",7,13,53.8461538461538,3.78,258.91,1.45996678382449,78.6135960520882,1.16550527252385
"2867","sampling_area=Area_06__season=Winter__sex=M","prey_34",6,13,46.1538461538462,4.4,258.91,1.69943223513962,78.4353339295211,1.16286240342516
"2868","sampling_area=Area_06__season=Winter__sex=M","prey_42",8,13,61.5384615384615,3.27,258.91,1.26298713838786,77.7222854392527,1.15229092703038
"2869","sampling_area=Area_06__season=Winter__sex=M","prey_32",10,13,76.9230769230769,2.61,258.91,1.00807230311691,77.5440233166856,1.14964805793169
"2870","sampling_area=Area_06__season=Winter__sex=M","prey_45",7,13,53.8461538461538,3.56,258.91,1.37499517206751,74.0382015728661,1.09767163232405
"2871","sampling_area=Area_06__season=Winter__sex=M","prey_40",8,13,61.5384615384615,3.04,258.91,1.17415318064192,72.2555803471952,1.07124294133712
"2872","sampling_area=Area_06__season=Winter__sex=M","prey_4",7,13,53.8461538461538,3.34,258.91,1.29002356031053,69.462807093644,1.02983799212425
"2873","sampling_area=Area_06__season=Winter__sex=M","prey_25",8,13,61.5384615384615,2.7,258.91,1.0428334170175,64.1743641241536,0.951432875529675
"2874","sampling_area=Area_06__season=Winter__sex=M","prey_59",6,13,46.1538461538462,3.43,258.91,1.32478467421112,61.143908040513,0.906504100851885
"2875","sampling_area=Area_06__season=Winter__sex=M","prey_20",8,13,61.5384615384615,2.54,258.91,0.981035881194237,60.3714388427223,0.89505166809088
"2876","sampling_area=Area_06__season=Winter__sex=M","prey_55",7,13,53.8461538461538,2.84,258.91,1.09690626086285,59.0641832772303,0.875670628033793
"2877","sampling_area=Area_06__season=Winter__sex=M","prey_7",5,13,38.4615384615385,3.3,258.91,1.27457417635472,49.0220837059507,0.726789002140724
"2878","sampling_area=Area_06__season=Winter__sex=M","prey_33",5,13,38.4615384615385,2.9,258.91,1.12008033679657,43.0800129537142,0.638693365517606
"2879","sampling_area=Area_06__season=Winter__sex=M","prey_15",5,13,38.4615384615385,2.47,258.91,0.953999459271562,36.6922868950601,0.543990556147754
"2880","sampling_area=Area_06__season=Winter__sex=M","prey_18",5,13,38.4615384615385,1.99,258.91,0.768606851801784,29.5618019923763,0.438275792200012
"2881","sampling_area=Area_07__season=Autumn__sex=F","prey_24",23,27,85.1851851851852,11.73,545.8,2.14913887871015,183.074793371605,2.71736448178301
"2882","sampling_area=Area_07__season=Autumn__sex=F","prey_16",21,27,77.7777777777778,12.66,545.8,2.31953096372298,180.40796384512,2.67778094490838
"2883","sampling_area=Area_07__season=Autumn__sex=F","prey_13",21,27,77.7777777777778,12.06,545.8,2.20960058629535,171.857823378527,2.55087189538665
"2884","sampling_area=Area_07__season=Autumn__sex=F","prey_26",22,27,81.4814814814815,10.97,545.8,2.00989373396849,163.769119064099,2.43081190568039
"2885","sampling_area=Area_07__season=Autumn__sex=F","prey_25",20,27,74.0740740740741,11.76,545.8,2.15463539758153,159.602622043076,2.36896892440552
"2886","sampling_area=Area_07__season=Autumn__sex=F","prey_47",19,27,70.3703703703704,12.31,545.8,2.25540491022353,158.713678867581,2.35577441211397
"2887","sampling_area=Area_07__season=Autumn__sex=F","prey_14",19,27,70.3703703703704,11.71,545.8,2.1454745327959,150.977837493045,2.24095193873717
"2888","sampling_area=Area_07__season=Autumn__sex=F","prey_15",20,27,74.0740740740741,11.08,545.8,2.03004763649689,150.373898999769,2.23198772809635
"2889","sampling_area=Area_07__season=Autumn__sex=F","prey_59",21,27,77.7777777777778,10.5,545.8,1.92378160498351,149.627458165384,2.22090836663017
"2890","sampling_area=Area_07__season=Autumn__sex=F","prey_34",21,27,77.7777777777778,10.49,545.8,1.92194943202638,149.484955824274,2.21879321580481
"2891","sampling_area=Area_07__season=Autumn__sex=F","prey_21",20,27,74.0740740740741,10.94,545.8,2.00439721509711,148.473867784971,2.20378571709153
"2892","sampling_area=Area_07__season=Autumn__sex=F","prey_39",22,27,81.4814814814815,9.6,545.8,1.75888603884207,143.316640201946,2.12723740150699
"2893","sampling_area=Area_07__season=Autumn__sex=F","prey_4",20,27,74.0740740740741,10.47,545.8,1.91828508611213,142.095191563861,2.10910753728961
"2894","sampling_area=Area_07__season=Autumn__sex=F","prey_51",20,27,74.0740740740741,10.35,545.8,1.8962990106266,140.466593379748,2.08493438499975
"2895","sampling_area=Area_07__season=Autumn__sex=F","prey_38",19,27,70.3703703703704,10.79,545.8,1.9769146207402,139.116214052088,2.06489081289275
"2896","sampling_area=Area_07__season=Autumn__sex=F","prey_45",19,27,70.3703703703704,10.66,545.8,1.95309637229755,137.440115087605,2.04001261032778
"2897","sampling_area=Area_07__season=Autumn__sex=F","prey_52",19,27,70.3703703703704,10.44,545.8,1.91278856724075,134.603639916942,1.99791103675629
"2898","sampling_area=Area_07__season=Autumn__sex=F","prey_17",20,27,74.0740740740741,9.75,545.8,1.78636863319897,132.323602459183,1.96406862355049
"2899","sampling_area=Area_07__season=Autumn__sex=F","prey_56",18,27,66.6666666666667,10.83,545.8,1.98424331256871,132.28288750458,1.96346429474325
"2900","sampling_area=Area_07__season=Autumn__sex=F","prey_7",21,27,77.7777777777778,9.21,545.8,1.68743129351411,131.244656162208,1.94805391015847
"2901","sampling_area=Area_07__season=Autumn__sex=F","prey_33",18,27,66.6666666666667,10.55,545.8,1.93294246976915,128.862831317943,1.91270067493456
"2902","sampling_area=Area_07__season=Autumn__sex=F","prey_53",18,27,66.6666666666667,10.19,545.8,1.86698424331257,124.465616220838,1.84743316375195
"2903","sampling_area=Area_07__season=Autumn__sex=F","prey_46",19,27,70.3703703703704,9.57,545.8,1.75338951997069,123.386669923863,1.83141845035993
"2904","sampling_area=Area_07__season=Autumn__sex=F","prey_3",19,27,70.3703703703704,9.46,545.8,1.73323561744229,121.968432338531,1.81036766357418
"2905","sampling_area=Area_07__season=Autumn__sex=F","prey_54",19,27,70.3703703703704,9.3,545.8,1.70392085012825,119.905541305321,1.77974833734037
"2906","sampling_area=Area_07__season=Autumn__sex=F","prey_19",18,27,66.6666666666667,9.61,545.8,1.76071821179919,117.381214119946,1.7422799512911
"2907","sampling_area=Area_07__season=Autumn__sex=F","prey_5",19,27,70.3703703703704,8.81,545.8,1.61414437522902,113.587937516116,1.68597665074932
"2908","sampling_area=Area_07__season=Autumn__sex=F","prey_42",17,27,62.962962962963,9.8,545.8,1.79552949798461,113.051857280512,1.67801965478724
"2909","sampling_area=Area_07__season=Autumn__sex=F","prey_22",18,27,66.6666666666667,9.12,545.8,1.67094173689996,111.396115793331,1.65344361662589
"2910","sampling_area=Area_07__season=Autumn__sex=F","prey_20",19,27,70.3703703703704,8.34,545.8,1.52803224624405,107.528195106062,1.59603237993749
"2911","sampling_area=Area_07__season=Autumn__sex=F","prey_11",18,27,66.6666666666667,8.77,545.8,1.60681568340051,107.121045560034,1.58998909186503
"2912","sampling_area=Area_07__season=Autumn__sex=F","prey_58",18,27,66.6666666666667,8.77,545.8,1.60681568340051,107.121045560034,1.58998909186503
"2913","sampling_area=Area_07__season=Autumn__sex=F","prey_18",17,27,62.962962962963,8.83,545.8,1.61780872114328,101.862030590503,1.51192995426238
"2914","sampling_area=Area_07__season=Autumn__sex=F","prey_48",17,27,62.962962962963,8.79,545.8,1.61048002931477,101.400594438337,1.50508089444692
"2915","sampling_area=Area_07__season=Autumn__sex=F","prey_23",17,27,62.962962962963,8.69,545.8,1.5921582997435,100.247004057924,1.48795824490828
"2916","sampling_area=Area_07__season=Autumn__sex=F","prey_32",17,27,62.962962962963,8.67,545.8,1.58849395382924,100.016285981841,1.48453371500055
"2917","sampling_area=Area_07__season=Autumn__sex=F","prey_31",17,27,62.962962962963,8.56,545.8,1.56834005130084,98.7473365633864,1.46569880050804
"2918","sampling_area=Area_07__season=Autumn__sex=F","prey_2",17,27,62.962962962963,8.48,545.8,1.55368266764383,97.8244642590557,1.45200068087712
"2919","sampling_area=Area_07__season=Autumn__sex=F","prey_10",16,27,59.2592592592593,8.99,545.8,1.64712348845731,97.6073178345073,1.44877759390514
"2920","sampling_area=Area_07__season=Autumn__sex=F","prey_43",18,27,66.6666666666667,7.78,545.8,1.42543056064493,95.028704042995,1.41050343611288
"2921","sampling_area=Area_07__season=Autumn__sex=F","prey_9",16,27,59.2592592592593,8.67,545.8,1.58849395382924,94.1329750417328,1.39720820235346
"2922","sampling_area=Area_07__season=Autumn__sex=F","prey_12",17,27,62.962962962963,7.85,545.8,1.43825577134481,90.5568448624513,1.34412798878366
"2923","sampling_area=Area_07__season=Autumn__sex=F","prey_36",17,27,62.962962962963,7.77,545.8,1.4235983876878,89.6339725581206,1.33042986915274
"2924","sampling_area=Area_07__season=Autumn__sex=F","prey_28",14,27,51.8518518518518,9.32,545.8,1.70758519604251,88.5414546096114,1.31421371282497
"2925","sampling_area=Area_07__season=Autumn__sex=F","prey_44",15,27,55.5555555555556,8.68,545.8,1.59032612678637,88.3514514881316,1.31139351172448
"2926","sampling_area=Area_07__season=Autumn__sex=F","prey_30",18,27,66.6666666666667,7.16,545.8,1.31183583730304,87.4557224868694,1.29809827796506
"2927","sampling_area=Area_07__season=Autumn__sex=F","prey_6",18,27,66.6666666666667,7.14,545.8,1.30817149138879,87.2114327592525,1.29447230512159
"2928","sampling_area=Area_07__season=Autumn__sex=F","prey_35",17,27,62.962962962963,7.51,545.8,1.37596189080249,86.6346375690458,1.28591098035226
"2929","sampling_area=Area_07__season=Autumn__sex=F","prey_49",16,27,59.2592592592593,7.91,545.8,1.44924880908758,85.8814109088935,1.27473089741821
"2930","sampling_area=Area_07__season=Autumn__sex=F","prey_37",17,27,62.962962962963,7.32,545.8,1.34115060461708,84.4428158462603,1.25337794622884
"2931","sampling_area=Area_07__season=Autumn__sex=F","prey_40",16,27,59.2592592592593,7.03,545.8,1.28801758886039,76.3269682287638,1.13291507065107
"2932","sampling_area=Area_07__season=Autumn__sex=F","prey_60",14,27,51.8518518518518,7.75,545.8,1.41993404177354,73.626209573443,1.09282792643707
"2933","sampling_area=Area_07__season=Autumn__sex=F","prey_1",15,27,55.5555555555556,7.12,545.8,1.30450714547453,72.4726191930296,1.07570527689842
"2934","sampling_area=Area_07__season=Autumn__sex=F","prey_55",17,27,62.962962962963,6.2,545.8,1.13594723341883,71.5226035856303,1.06160427139601
"2935","sampling_area=Area_07__season=Autumn__sex=F","prey_50",16,27,59.2592592592593,6.55,545.8,1.20007328691829,71.1154540396021,1.05556098332355
"2936","sampling_area=Area_07__season=Autumn__sex=F","prey_41",17,27,62.962962962963,5.71,545.8,1.0461707585196,65.8700107216047,0.977703288656647
"2937","sampling_area=Area_07__season=Autumn__sex=F","prey_27",14,27,51.8518518518518,6.76,545.8,1.23854891901796,64.2210550601903,0.953227971963172
"2938","sampling_area=Area_07__season=Autumn__sex=F","prey_57",13,27,48.1481481481481,7.15,545.8,1.31000366434591,63.074250505544,0.936206043892401
"2939","sampling_area=Area_07__season=Autumn__sex=F","prey_8",14,27,51.8518518518518,6.27,545.8,1.14877244411873,59.5659785839339,0.884133045001345
"2940","sampling_area=Area_07__season=Autumn__sex=F","prey_29",11,27,40.7407407407407,6.54,545.8,1.19824111396116,48.8172305687879,0.72459023988832
"2941","sampling_area=Area_07__season=Autumn__sex=M","prey_3",16,18,88.8888888888889,8.13,336.5,2.41604754829123,214.759782070332,3.28285058840453
"2942","sampling_area=Area_07__season=Autumn__sex=M","prey_31",15,18,83.3333333333333,7.63,336.5,2.26745913818722,188.954928182268,2.88839367960408
"2943","sampling_area=Area_07__season=Autumn__sex=M","prey_39",14,18,77.7777777777778,7.78,336.5,2.31203566121842,179.824995872544,2.74883215013086
"2944","sampling_area=Area_07__season=Autumn__sex=M","prey_18",14,18,77.7777777777778,7.65,336.5,2.27340267459138,176.820208023774,2.70290050751941
"2945","sampling_area=Area_07__season=Autumn__sex=M","prey_54",14,18,77.7777777777778,7.41,336.5,2.20208023774146,171.272907379891,2.61810362885214
"2946","sampling_area=Area_07__season=Autumn__sex=M","prey_24",15,18,83.3333333333333,6.59,336.5,1.95839524517088,163.19960376424,2.49469388579173
"2947","sampling_area=Area_07__season=Autumn__sex=M","prey_52",14,18,77.7777777777778,7.06,336.5,2.09806835066865,163.183093940895,2.49444151412903
"2948","sampling_area=Area_07__season=Autumn__sex=M","prey_57",13,18,72.2222222222222,7.2,336.5,2.13967310549777,154.531946508172,2.36219876287411
"2949","sampling_area=Area_07__season=Autumn__sex=M","prey_43",13,18,72.2222222222222,6.91,336.5,2.05349182763744,148.307743107149,2.26705464603612
"2950","sampling_area=Area_07__season=Autumn__sex=M","prey_7",13,18,72.2222222222222,6.87,336.5,2.04160475482912,147.449232293214,2.25393131957571
"2951","sampling_area=Area_07__season=Autumn__sex=M","prey_12",13,18,72.2222222222222,6.85,336.5,2.03566121842496,147.019976886247,2.24736965634551
"2952","sampling_area=Area_07__season=Autumn__sex=M","prey_50",12,18,66.6666666666667,7.27,336.5,2.16047548291233,144.031698860822,2.20169038539677
"2953","sampling_area=Area_07__season=Autumn__sex=M","prey_28",13,18,72.2222222222222,6.68,336.5,1.9851411589896,143.371305927027,2.19159551888876
"2954","sampling_area=Area_07__season=Autumn__sex=M","prey_5",14,18,77.7777777777778,6.14,336.5,1.82466567607727,141.918441472676,2.16938681257114
"2955","sampling_area=Area_07__season=Autumn__sex=M","prey_13",13,18,72.2222222222222,6.36,336.5,1.89004457652303,136.503219415552,2.08660890720546
"2956","sampling_area=Area_07__season=Autumn__sex=M","prey_10",13,18,72.2222222222222,6.19,336.5,1.83952451708767,132.854548456331,2.03083476974871
"2957","sampling_area=Area_07__season=Autumn__sex=M","prey_30",12,18,66.6666666666667,6.63,336.5,1.9702823179792,131.352154531946,2.00786894844299
"2958","sampling_area=Area_07__season=Autumn__sex=M","prey_27",14,18,77.7777777777778,5.59,336.5,1.66121842496285,129.205877497111,1.97506063229196
"2959","sampling_area=Area_07__season=Autumn__sex=M","prey_23",12,18,66.6666666666667,6.47,336.5,1.92273402674591,128.182268449728,1.95941358920455
"2960","sampling_area=Area_07__season=Autumn__sex=M","prey_33",12,18,66.6666666666667,6.44,336.5,1.91381872213967,127.587914809312,1.95032820934734
"2961","sampling_area=Area_07__season=Autumn__sex=M","prey_15",13,18,72.2222222222222,5.84,336.5,1.73551263001486,125.342578834406,1.91600566322011
"2962","sampling_area=Area_07__season=Autumn__sex=M","prey_35",13,18,72.2222222222222,5.79,336.5,1.72065378900446,124.269440316989,1.8996015051446
"2963","sampling_area=Area_07__season=Autumn__sex=M","prey_8",12,18,66.6666666666667,6.16,336.5,1.83060921248143,122.040614165428,1.86553133068007
"2964","sampling_area=Area_07__season=Autumn__sex=M","prey_9",13,18,72.2222222222222,5.66,336.5,1.68202080237741,121.479280171702,1.85695069414826
"2965","sampling_area=Area_07__season=Autumn__sex=M","prey_56",12,18,66.6666666666667,5.94,336.5,1.76523031203566,117.682020802377,1.79890521172721
"2966","sampling_area=Area_07__season=Autumn__sex=M","prey_36",11,18,61.1111111111111,6.17,336.5,1.83358098068351,112.05217104177,1.71284647474643
"2967","sampling_area=Area_07__season=Autumn__sex=M","prey_14",11,18,61.1111111111111,6.15,336.5,1.82763744427935,111.688954928182,1.70729429816702
"2968","sampling_area=Area_07__season=Autumn__sex=M","prey_26",11,18,61.1111111111111,6,336.5,1.78306092124814,108.964834076275,1.66565297382149
"2969","sampling_area=Area_07__season=Autumn__sex=M","prey_60",11,18,61.1111111111111,5.98,336.5,1.77711738484398,108.601617962688,1.66010079724208
"2970","sampling_area=Area_07__season=Autumn__sex=M","prey_40",11,18,61.1111111111111,5.94,336.5,1.76523031203566,107.875185735513,1.64899644408327
"2971","sampling_area=Area_07__season=Autumn__sex=M","prey_44",11,18,61.1111111111111,5.83,336.5,1.73254086181278,105.877497110781,1.61845947289655
"2972","sampling_area=Area_07__season=Autumn__sex=M","prey_25",12,18,66.6666666666667,5.33,336.5,1.58395245170877,105.596830113918,1.61416915463064
"2973","sampling_area=Area_07__season=Autumn__sex=M","prey_2",11,18,61.1111111111111,5.77,336.5,1.7147102526003,104.787848770018,1.60180294315833
"2974","sampling_area=Area_07__season=Autumn__sex=M","prey_58",12,18,66.6666666666667,5.26,336.5,1.56315007429421,104.210004952947,1.59296993496382
"2975","sampling_area=Area_07__season=Autumn__sex=M","prey_16",12,18,66.6666666666667,5.12,336.5,1.52154531946508,101.436354631005,1.55057149563018
"2976","sampling_area=Area_07__season=Autumn__sex=M","prey_41",12,18,66.6666666666667,5.02,336.5,1.49182763744428,99.4551758296186,1.52028689610616
"2977","sampling_area=Area_07__season=Autumn__sex=M","prey_34",10,18,55.5555555555556,5.91,336.5,1.75631500742942,97.5730559683011,1.49151652655833
"2978","sampling_area=Area_07__season=Autumn__sex=M","prey_55",12,18,66.6666666666667,4.77,336.5,1.41753343239227,94.5022288261516,1.44457539729609
"2979","sampling_area=Area_07__season=Autumn__sex=M","prey_46",11,18,61.1111111111111,5.17,336.5,1.53640416047548,93.8913653623906,1.43523764577618
"2980","sampling_area=Area_07__season=Autumn__sex=M","prey_47",10,18,55.5555555555556,5.58,336.5,1.65824665676077,92.1248142644874,1.40823387786726
"2981","sampling_area=Area_07__season=Autumn__sex=M","prey_29",11,18,61.1111111111111,4.87,336.5,1.44725111441308,88.4431236585769,1.35195499708511
"2982","sampling_area=Area_07__season=Autumn__sex=M","prey_38",9,18,50,5.71,336.5,1.69687964338782,84.8439821693908,1.29693797461646
"2983","sampling_area=Area_07__season=Autumn__sex=M","prey_21",10,18,55.5555555555556,5.11,336.5,1.518573551263,84.365197292389,1.28961919639815
"2984","sampling_area=Area_07__season=Autumn__sex=M","prey_37",11,18,61.1111111111111,4.24,336.5,1.26002971768202,77.0018160805679,1.17706143483385
"2985","sampling_area=Area_07__season=Autumn__sex=M","prey_32",10,18,55.5555555555556,4.65,336.5,1.38187221396731,76.7706785537395,1.17352823155605
"2986","sampling_area=Area_07__season=Autumn__sex=M","prey_4",12,18,66.6666666666667,3.79,336.5,1.12630014858841,75.0866765725607,1.14778632196063
"2987","sampling_area=Area_07__season=Autumn__sex=M","prey_6",10,18,55.5555555555556,4.53,336.5,1.34621099554235,74.7894997523527,1.14324363203202
"2988","sampling_area=Area_07__season=Autumn__sex=M","prey_22",10,18,55.5555555555556,4.52,336.5,1.34323922734027,74.6244015189037,1.14071991540502
"2989","sampling_area=Area_07__season=Autumn__sex=M","prey_1",10,18,55.5555555555556,4.49,336.5,1.33432392273403,74.129106818557,1.13314876552401
"2990","sampling_area=Area_07__season=Autumn__sex=M","prey_59",10,18,55.5555555555556,4.3,336.5,1.2778603268945,70.9922403830279,1.08519814961097
"2991","sampling_area=Area_07__season=Autumn__sex=M","prey_45",10,18,55.5555555555556,4.28,336.5,1.27191679049034,70.6620439161301,1.08015071635696
"2992","sampling_area=Area_07__season=Autumn__sex=M","prey_48",9,18,50,4.68,336.5,1.39078751857355,69.5393759286776,1.06298944329335
"2993","sampling_area=Area_07__season=Autumn__sex=M","prey_53",10,18,55.5555555555556,4.06,336.5,1.20653789004458,67.0298827802543,1.02462895056292
"2994","sampling_area=Area_07__season=Autumn__sex=M","prey_19",9,18,50,4.41,336.5,1.31054977711738,65.5274888558692,1.00166312925719
"2995","sampling_area=Area_07__season=Autumn__sex=M","prey_11",8,18,44.4444444444444,4.56,336.5,1.35512630014859,60.2278355621595,0.920651825530422
"2996","sampling_area=Area_07__season=Autumn__sex=M","prey_51",8,18,44.4444444444444,4.46,336.5,1.32540861812779,58.9070496945683,0.900462092514404
"2997","sampling_area=Area_07__season=Autumn__sex=M","prey_49",8,18,44.4444444444444,3.75,336.5,1.11441307578009,49.5294700346706,0.757114988100676
"2998","sampling_area=Area_07__season=Autumn__sex=M","prey_42",7,18,38.8888888888889,3.59,336.5,1.06686478454681,41.4891860657091,0.634209988365666
"2999","sampling_area=Area_07__season=Autumn__sex=M","prey_17",6,18,33.3333333333333,2.85,336.5,0.846953937592868,28.2317979197623,0.431555543217385
"3000","sampling_area=Area_07__season=Autumn__sex=M","prey_20",5,18,27.7777777777778,2.41,336.5,0.716196136701337,19.8943371305927,0.304107853553772
"3001","sampling_area=Area_07__season=Spring__sex=F","prey_42",18,22,81.8181818181818,10.15,422.33,2.40333388582388,196.636408840136,2.97134046975478
"3002","sampling_area=Area_07__season=Spring__sex=F","prey_57",18,22,81.8181818181818,9.86,422.33,2.33466720337177,191.018225730418,2.88644502776179
"3003","sampling_area=Area_07__season=Spring__sex=F","prey_33",17,22,77.2727272727273,9.51,422.33,2.25179362110198,174.00223435788,2.6293191775876
"3004","sampling_area=Area_07__season=Spring__sex=F","prey_45",17,22,77.2727272727273,9.17,422.33,2.17128785546847,167.7813342862,2.53531617859919
"3005","sampling_area=Area_07__season=Spring__sex=F","prey_47",17,22,77.2727272727273,8.99,422.33,2.12866715601544,164.487916601193,2.48554988501709
"3006","sampling_area=Area_07__season=Spring__sex=F","prey_19",17,22,77.2727272727273,8.77,422.33,2.07657519001729,160.462628319517,2.42472441508342
"3007","sampling_area=Area_07__season=Spring__sex=F","prey_3",16,22,72.7272727272727,9.06,422.33,2.1452418724694,156.017590725047,2.35755618224222
"3008","sampling_area=Area_07__season=Spring__sex=F","prey_5",15,22,68.1818181818182,9.37,422.33,2.21864418819407,151.271194649595,2.28583417090331
"3009","sampling_area=Area_07__season=Spring__sex=F","prey_50",17,22,77.2727272727273,8.23,422.33,1.94871309165818,150.582375264496,2.27542553433712
"3010","sampling_area=Area_07__season=Spring__sex=F","prey_15",16,22,72.7272727272727,8.72,422.33,2.06473610683589,150.162625951701,2.26908277142959
"3011","sampling_area=Area_07__season=Spring__sex=F","prey_20",15,22,68.1818181818182,9.09,422.33,2.15234532237824,146.75081743488,2.21752749343768
"3012","sampling_area=Area_07__season=Spring__sex=F","prey_46",17,22,77.2727272727273,7.99,422.33,1.89188549238747,146.191151684486,2.20907047622765
"3013","sampling_area=Area_07__season=Spring__sex=F","prey_35",16,22,72.7272727272727,8.36,422.33,1.97949470792982,143.963251485805,2.17540504233388
"3014","sampling_area=Area_07__season=Spring__sex=F","prey_58",16,22,72.7272727272727,8.23,422.33,1.94871309165818,141.724588484231,2.14157697349376
"3015","sampling_area=Area_07__season=Spring__sex=F","prey_52",15,22,68.1818181818182,8.54,422.33,2.02211540738285,137.871505048831,2.08335366270163
"3016","sampling_area=Area_07__season=Spring__sex=F","prey_22",16,22,72.7272727272727,7.95,422.33,1.88241422584235,136.902852788535,2.06871651753042
"3017","sampling_area=Area_07__season=Spring__sex=F","prey_26",16,22,72.7272727272727,7.92,422.33,1.87531077593351,136.38623824971,2.06091004010578
"3018","sampling_area=Area_07__season=Spring__sex=F","prey_38",16,22,72.7272727272727,7.92,422.33,1.87531077593351,136.38623824971,2.06091004010578
"3019","sampling_area=Area_07__season=Spring__sex=F","prey_18",15,22,68.1818181818182,8.4,422.33,1.98896597447494,135.611316441473,2.04920032396881
"3020","sampling_area=Area_07__season=Spring__sex=F","prey_43",16,22,72.7272727272727,7.61,422.33,1.80190846020884,131.047888015188,1.9802431067178
"3021","sampling_area=Area_07__season=Spring__sex=F","prey_53",15,22,68.1818181818182,7.67,422.33,1.81611536002652,123.826047274535,1.87111505771914
"3022","sampling_area=Area_07__season=Spring__sex=F","prey_14",16,22,72.7272727272727,7.14,422.33,1.6906210783037,122.954260240269,1.85794162706506
"3023","sampling_area=Area_07__season=Spring__sex=F","prey_51",16,22,72.7272727272727,7.09,422.33,1.6787819951223,122.093236008894,1.84493083135732
"3024","sampling_area=Area_07__season=Spring__sex=F","prey_27",14,22,63.6363636363636,8.01,422.33,1.89662112566003,120.694071632911,1.82378828833224
"3025","sampling_area=Area_07__season=Spring__sex=F","prey_40",13,22,59.0909090909091,8.61,422.33,2.03869012383681,120.468052772175,1.82037295445896
"3026","sampling_area=Area_07__season=Spring__sex=F","prey_2",14,22,63.6363636363636,7.94,422.33,1.88004640920607,119.639316949477,1.80785006359026
"3027","sampling_area=Area_07__season=Spring__sex=F","prey_6",13,22,59.0909090909091,8.41,422.33,1.99133379111122,117.669724020208,1.77808786840881
"3028","sampling_area=Area_07__season=Spring__sex=F","prey_59",15,22,68.1818181818182,7.13,422.33,1.68825326166742,115.108176931869,1.73938075117829
"3029","sampling_area=Area_07__season=Spring__sex=F","prey_24",17,22,77.2727272727273,6.22,422.33,1.47278194776596,113.805877781915,1.71970192267034
"3030","sampling_area=Area_07__season=Spring__sex=F","prey_9",14,22,63.6363636363636,7.48,422.33,1.77112684393721,112.708071886913,1.70311315814297
"3031","sampling_area=Area_07__season=Spring__sex=F","prey_31",14,22,63.6363636363636,6.99,422.33,1.6551038287595,105.324789102877,1.59154558494911
"3032","sampling_area=Area_07__season=Spring__sex=F","prey_21",15,22,68.1818181818182,6.4,422.33,1.515402647219,103.322907764932,1.56129548492862
"3033","sampling_area=Area_07__season=Spring__sex=F","prey_36",15,22,68.1818181818182,6.3,422.33,1.4917244808562,101.708487331105,1.53690024297661
"3034","sampling_area=Area_07__season=Spring__sex=F","prey_1",15,22,68.1818181818182,6.14,422.33,1.45383941467573,99.1254146369814,1.49786785585339
"3035","sampling_area=Area_07__season=Spring__sex=F","prey_23",13,22,59.0909090909091,7.04,422.33,1.6669429119409,98.501172069235,1.48843502896528
"3036","sampling_area=Area_07__season=Spring__sex=F","prey_34",14,22,63.6363636363636,6.38,422.33,1.51066701394644,96.1333554329553,1.452655340769
"3037","sampling_area=Area_07__season=Spring__sex=F","prey_11",14,22,63.6363636363636,6.33,422.33,1.49882793076504,95.3799592305026,1.44127089452473
"3038","sampling_area=Area_07__season=Spring__sex=F","prey_32",13,22,59.0909090909091,6.63,422.33,1.56986242985343,92.7645981277028,1.40175060256248
"3039","sampling_area=Area_07__season=Spring__sex=F","prey_39",12,22,54.5454545454545,7.04,422.33,1.6669429119409,90.9241588331399,1.37394002673718
"3040","sampling_area=Area_07__season=Spring__sex=F","prey_48",12,22,54.5454545454545,6.95,422.33,1.64563256221438,89.7617761207845,1.35637545253174
"3041","sampling_area=Area_07__season=Spring__sex=F","prey_56",14,22,63.6363636363636,5.92,422.33,1.40174744867757,89.2021103703911,1.34791843532171
"3042","sampling_area=Area_07__season=Spring__sex=F","prey_8",12,22,54.5454545454545,6.87,422.33,1.62669002912414,88.7285470431352,1.34076249768245
"3043","sampling_area=Area_07__season=Spring__sex=F","prey_16",12,22,54.5454545454545,6.77,422.33,1.60301186276135,87.4370106960735,1.32124630412084
"3044","sampling_area=Area_07__season=Spring__sex=F","prey_60",12,22,54.5454545454545,6.74,422.33,1.59590841285251,87.049549791955,1.31539144605236
"3045","sampling_area=Area_07__season=Spring__sex=F","prey_37",13,22,59.0909090909091,6.18,422.33,1.46331068122085,86.4683584357773,1.30660915894964
"3046","sampling_area=Area_07__season=Spring__sex=F","prey_41",12,22,54.5454545454545,6.62,422.33,1.56749461321715,85.499706175481,1.29197201377843
"3047","sampling_area=Area_07__season=Spring__sex=F","prey_55",13,22,59.0909090909091,6.07,422.33,1.43726469822177,84.9292776221955,1.28335236162206
"3048","sampling_area=Area_07__season=Spring__sex=F","prey_17",13,22,59.0909090909091,5.8,422.33,1.37333364904222,81.1515338070402,1.22626749545435
"3049","sampling_area=Area_07__season=Spring__sex=F","prey_28",13,22,59.0909090909091,5.79,422.33,1.37096583240594,81.0116173694418,1.22415324115185
"3050","sampling_area=Area_07__season=Spring__sex=F","prey_44",12,22,54.5454545454545,5.98,422.33,1.41595434849525,77.2338735542865,1.16706837498414
"3051","sampling_area=Area_07__season=Spring__sex=F","prey_25",14,22,63.6363636363636,4.83,422.33,1.14365543532309,72.7780731569238,1.0997375071966
"3052","sampling_area=Area_07__season=Spring__sex=F","prey_30",13,22,59.0909090909091,5.2,422.33,1.23126465086544,72.7565475511395,1.0994122373039
"3053","sampling_area=Area_07__season=Spring__sex=F","prey_49",10,22,45.4545454545455,5.84,422.33,1.38280491558734,62.8547688903335,0.94978808666491
"3054","sampling_area=Area_07__season=Spring__sex=F","prey_54",13,22,59.0909090909091,4.28,422.33,1.01342552032771,59.8842352920917,0.904900841473212
"3055","sampling_area=Area_07__season=Spring__sex=F","prey_7",12,22,54.5454545454545,4.41,422.33,1.04420713659934,56.9567529054186,0.860664136066902
"3056","sampling_area=Area_07__season=Spring__sex=F","prey_29",14,22,63.6363636363636,3.37,422.33,0.797954206426254,50.7789040453071,0.767311676863878
"3057","sampling_area=Area_07__season=Spring__sex=F","prey_10",11,22,50,4.04,422.33,0.956597921056993,47.8298960528497,0.722749701564874
"3058","sampling_area=Area_07__season=Spring__sex=F","prey_12",11,22,50,4.01,422.33,0.949494471148154,47.4747235574077,0.717382748335431
"3059","sampling_area=Area_07__season=Spring__sex=F","prey_13",10,22,45.4545454545455,4.03,422.33,0.954230104420714,43.374095655487,0.655418833777327
"3060","sampling_area=Area_07__season=Spring__sex=F","prey_4",9,22,40.9090909090909,3.84,422.33,0.9092415883314,37.1962467953755,0.562066374574303
"3061","sampling_area=Area_07__season=Spring__sex=M","prey_12",17,20,85,9.48,387.19,2.44841034117617,208.114878999974,3.07851590929496
"3062","sampling_area=Area_07__season=Spring__sex=M","prey_33",18,20,90,8.82,387.19,2.27795139337276,205.015625403549,3.03267054951394
"3063","sampling_area=Area_07__season=Spring__sex=M","prey_27",16,20,80,9.51,387.19,2.45615847516723,196.492678013378,2.90659581011616
"3064","sampling_area=Area_07__season=Spring__sex=M","prey_56",18,20,90,8.2,387.19,2.11782329089078,190.60409618017,2.81948962653224
"3065","sampling_area=Area_07__season=Spring__sex=M","prey_46",16,20,80,8.11,387.19,2.09457888891759,167.566311113407,2.47870578549338
"3066","sampling_area=Area_07__season=Spring__sex=M","prey_43",16,20,80,7.81,387.19,2.01709754900695,161.367803920556,2.38701506593136
"3067","sampling_area=Area_07__season=Spring__sex=M","prey_24",16,20,80,7.73,387.19,1.99643585836411,159.714868669129,2.36256420738148
"3068","sampling_area=Area_07__season=Spring__sex=M","prey_5",16,20,80,7.66,387.19,1.97835687905163,158.26855032413,2.34116970615035
"3069","sampling_area=Area_07__season=Spring__sex=M","prey_47",15,20,75,8.09,387.19,2.08941346625688,156.706009969266,2.31805600392742
"3070","sampling_area=Area_07__season=Spring__sex=M","prey_57",16,20,80,7.57,387.19,1.95511247707844,156.408998166275,2.31366249028174
"3071","sampling_area=Area_07__season=Spring__sex=M","prey_19",14,20,70,8.27,387.19,2.13590227020326,149.513158914228,2.21165656476899
"3072","sampling_area=Area_07__season=Spring__sex=M","prey_28",14,20,70,8.02,387.19,2.07133448694439,144.993414086108,2.14479874842168
"3073","sampling_area=Area_07__season=Spring__sex=M","prey_16",14,20,70,8,387.19,2.06616906428368,144.631834499858,2.13945012311389
"3074","sampling_area=Area_07__season=Spring__sex=M","prey_45",15,20,75,7.23,387.19,1.86730029184638,140.047521888479,2.07163719510448
"3075","sampling_area=Area_07__season=Spring__sex=M","prey_60",14,20,70,7.72,387.19,1.99385314703376,139.569720292363,2.06456936880491
"3076","sampling_area=Area_07__season=Spring__sex=M","prey_22",14,20,70,7.51,387.19,1.93961620909631,135.773134636742,2.00840880307317
"3077","sampling_area=Area_07__season=Spring__sex=M","prey_21",13,20,65,8.02,387.19,2.07133448694439,134.636741651386,1.99159883782013
"3078","sampling_area=Area_07__season=Spring__sex=M","prey_26",15,20,75,6.95,387.19,1.79498437459645,134.623828094734,1.99140781548771
"3079","sampling_area=Area_07__season=Spring__sex=M","prey_40",14,20,70,7.2,387.19,1.85955215785532,130.168651049872,1.9255051108025
"3080","sampling_area=Area_07__season=Spring__sex=M","prey_51",13,20,65,7.71,387.19,1.9912704357034,129.432578320721,1.91461683785451
"3081","sampling_area=Area_07__season=Spring__sex=M","prey_25",15,20,75,6.66,387.19,1.72008574601617,129.006430951213,1.90831310088462
"3082","sampling_area=Area_07__season=Spring__sex=M","prey_30",13,20,65,7.48,387.19,1.93186807510525,125.571424881841,1.85750116046067
"3083","sampling_area=Area_07__season=Spring__sex=M","prey_52",14,20,70,6.75,387.19,1.74333014798936,122.033110359255,1.80516104137735
"3084","sampling_area=Area_07__season=Spring__sex=M","prey_48",13,20,65,7.22,387.19,1.86471758051603,121.206642733542,1.79293561210241
"3085","sampling_area=Area_07__season=Spring__sex=M","prey_59",14,20,70,6.7,387.19,1.73041659133759,121.129161393631,1.79178947810789
"3086","sampling_area=Area_07__season=Spring__sex=M","prey_35",13,20,65,7.07,387.19,1.82597691056071,118.688499186446,1.75568625728034
"3087","sampling_area=Area_07__season=Spring__sex=M","prey_53",12,20,60,7.56,387.19,1.95252976574808,117.151785944885,1.73295459972225
"3088","sampling_area=Area_07__season=Spring__sex=M","prey_50",13,20,65,6.93,387.19,1.78981895193574,116.338231875823,1.72092019277974
"3089","sampling_area=Area_07__season=Spring__sex=M","prey_36",15,20,75,5.99,387.19,1.54704408688241,116.028306516181,1.71633565680164
"3090","sampling_area=Area_07__season=Spring__sex=M","prey_39",14,20,70,6.38,387.19,1.64776982876624,115.343888013637,1.70621147318333
"3091","sampling_area=Area_07__season=Spring__sex=M","prey_8",14,20,70,6.24,387.19,1.61161187014127,112.812830909889,1.66877109602884
"3092","sampling_area=Area_07__season=Spring__sex=M","prey_37",13,20,65,6.65,387.19,1.71750303468581,111.637697254578,1.65138806377854
"3093","sampling_area=Area_07__season=Spring__sex=M","prey_3",14,20,70,6.13,387.19,1.58320204550737,110.824143185516,1.63935365683602
"3094","sampling_area=Area_07__season=Spring__sex=M","prey_23",14,20,70,6.09,387.19,1.57287120018596,110.100984013017,1.62865640622045
"3095","sampling_area=Area_07__season=Spring__sex=M","prey_42",14,20,70,5.94,387.19,1.53413053023064,107.389137116145,1.58854171641207
"3096","sampling_area=Area_07__season=Spring__sex=M","prey_17",14,20,70,5.47,387.19,1.41274309770397,98.8920168392779,1.46284902167912
"3097","sampling_area=Area_07__season=Spring__sex=M","prey_9",13,20,65,5.83,387.19,1.50572070559674,97.8718458637878,1.44775825741787
"3098","sampling_area=Area_07__season=Spring__sex=M","prey_1",11,20,55,6.88,387.19,1.77690539528397,97.7297967406183,1.44565701176125
"3099","sampling_area=Area_07__season=Spring__sex=M","prey_6",12,20,60,6.06,387.19,1.56512306619489,93.9073839716935,1.38911440136466
"3100","sampling_area=Area_07__season=Spring__sex=M","prey_34",13,20,65,5.55,387.19,1.43340478834681,93.1713112425424,1.37822612841667
"3101","sampling_area=Area_07__season=Spring__sex=M","prey_10",12,20,60,5.95,387.19,1.53671324156099,92.2027944936594,1.36389945348511
"3102","sampling_area=Area_07__season=Spring__sex=M","prey_13",13,20,65,5.41,387.19,1.39724682972184,90.8210439319197,1.34346006391607
"3103","sampling_area=Area_07__season=Spring__sex=M","prey_54",12,20,60,5.76,387.19,1.48764172628425,89.2585035770552,1.32034636169315
"3104","sampling_area=Area_07__season=Spring__sex=M","prey_7",12,20,60,5.42,387.19,1.3998295410522,83.9897724631318,1.24240925006543
"3105","sampling_area=Area_07__season=Spring__sex=M","prey_20",12,20,60,5.31,387.19,1.3714197164183,82.2851829850977,1.21719430218587
"3106","sampling_area=Area_07__season=Spring__sex=M","prey_18",10,20,50,6.37,387.19,1.64518711743588,82.2593558717942,1.21681225752103
"3107","sampling_area=Area_07__season=Spring__sex=M","prey_58",13,20,65,4.81,387.19,1.24228414990057,80.7484697435368,1.19446264462778
"3108","sampling_area=Area_07__season=Spring__sex=M","prey_32",12,20,60,5.16,387.19,1.33267904646298,79.9607427877786,1.18281028235011
"3109","sampling_area=Area_07__season=Spring__sex=M","prey_41",12,20,60,4.87,387.19,1.25778041788269,75.4668250729616,1.11633451066764
"3110","sampling_area=Area_07__season=Spring__sex=M","prey_31",10,20,50,5.8,387.19,1.49797257160567,74.8986285802836,1.10792952804112
"3111","sampling_area=Area_07__season=Spring__sex=M","prey_44",12,20,60,4.7,387.19,1.21387432526667,72.8324595159999,1.07736595485378
"3112","sampling_area=Area_07__season=Spring__sex=M","prey_4",11,20,55,4.99,387.19,1.28877295384695,70.8825124615822,1.04852158265823
"3113","sampling_area=Area_07__season=Spring__sex=M","prey_14",12,20,60,4.22,387.19,1.08990418140964,65.3942508845786,0.967337091379353
"3114","sampling_area=Area_07__season=Spring__sex=M","prey_55",9,20,45,5.23,387.19,1.35075802577546,60.7841111598957,0.899142118705098
"3115","sampling_area=Area_07__season=Spring__sex=M","prey_38",10,20,50,4.67,387.19,1.2061261912756,60.3063095637801,0.892074292405525
"3116","sampling_area=Area_07__season=Spring__sex=M","prey_15",9,20,45,4.96,387.19,1.28102481985588,57.6461168935148,0.852723691926823
"3117","sampling_area=Area_07__season=Spring__sex=M","prey_29",9,20,45,4.43,387.19,1.14414111934709,51.4863503706191,0.761606039362062
"3118","sampling_area=Area_07__season=Spring__sex=M","prey_49",9,20,45,3.76,387.19,0.971099460213332,43.6994757095999,0.646419572912269
"3119","sampling_area=Area_07__season=Spring__sex=M","prey_2",9,20,45,3.47,387.19,0.896200831633049,40.3290374234872,0.596562744150419
"3120","sampling_area=Area_07__season=Spring__sex=M","prey_11",7,20,35,2.71,387.19,0.699914770526098,24.4970169684134,0.362369364602416
"3121","sampling_area=Area_07__season=Summer__sex=F","prey_43",21,27,77.7777777777778,13.16,524.18,2.51058796596589,195.267952908458,2.93263409669967
"3122","sampling_area=Area_07__season=Summer__sex=F","prey_47",20,27,74.0740740740741,12.42,524.18,2.3694150864207,175.512228623755,2.63593251418512
"3123","sampling_area=Area_07__season=Summer__sex=F","prey_45",20,27,74.0740740740741,11.73,524.18,2.23778091495288,165.761549255769,2.48949181895261
"3124","sampling_area=Area_07__season=Summer__sex=F","prey_42",20,27,74.0740740740741,11.7,524.18,2.23205769010645,165.337606674552,2.48312483220337
"3125","sampling_area=Area_07__season=Summer__sex=F","prey_2",21,27,77.7777777777778,10.84,524.18,2.06799191117555,160.843815313654,2.41563477266143
"3126","sampling_area=Area_07__season=Summer__sex=F","prey_53",23,27,85.1851851851852,9.82,524.18,1.87340226639704,159.586118989377,2.39674604530536
"3127","sampling_area=Area_07__season=Summer__sex=F","prey_56",23,27,85.1851851851852,9.78,524.18,1.86577129993514,158.936073698178,2.38698333228986
"3128","sampling_area=Area_07__season=Summer__sex=F","prey_54",20,27,74.0740740740741,10.92,524.18,2.08325384409936,154.315099562915,2.31758317672315
"3129","sampling_area=Area_07__season=Summer__sex=F","prey_16",20,27,74.0740740740741,10.84,524.18,2.06799191117555,153.184586013004,2.30060454539184
"3130","sampling_area=Area_07__season=Summer__sex=F","prey_7",21,27,77.7777777777778,10.29,524.18,1.96306612232439,152.682920625231,2.29307027773857
"3131","sampling_area=Area_07__season=Summer__sex=F","prey_12",20,27,74.0740740740741,10.59,524.18,2.02029837078866,149.65173116953,2.24754632248151
"3132","sampling_area=Area_07__season=Summer__sex=F","prey_17",20,27,74.0740740740741,10.43,524.18,1.98977450494105,147.390704069707,2.2135890598189
"3133","sampling_area=Area_07__season=Summer__sex=F","prey_48",19,27,70.3703703703704,10.55,524.18,2.01266740432676,141.632150674846,2.12710415647507
"3134","sampling_area=Area_07__season=Summer__sex=F","prey_40",20,27,74.0740740740741,9.82,524.18,1.87340226639704,138.770538251633,2.0841269959177
"3135","sampling_area=Area_07__season=Summer__sex=F","prey_49",20,27,74.0740740740741,9.62,524.18,1.83524743408753,135.944254376854,2.04168041758944
"3136","sampling_area=Area_07__season=Summer__sex=F","prey_6",21,27,77.7777777777778,9.15,524.18,1.74558357816017,135.76761163468,2.03902750644392
"3137","sampling_area=Area_07__season=Summer__sex=F","prey_57",20,27,74.0740740740741,9.53,524.18,1.81807775954825,134.672426633203,2.02257945734172
"3138","sampling_area=Area_07__season=Summer__sex=F","prey_19",20,27,74.0740740740741,9.51,524.18,1.8142622763173,134.389798245726,2.01833479950889
"3139","sampling_area=Area_07__season=Summer__sex=F","prey_29",19,27,70.3703703703704,9.74,524.18,1.85814033347323,130.758023466635,1.96379094635708
"3140","sampling_area=Area_07__season=Summer__sex=F","prey_28",19,27,70.3703703703704,9.58,524.18,1.82761646762563,128.610047721803,1.9315315468276
"3141","sampling_area=Area_07__season=Summer__sex=F","prey_51",20,27,74.0740740740741,8.94,524.18,1.70552100423519,126.334889202606,1.89736205127334
"3142","sampling_area=Area_07__season=Summer__sex=F","prey_34",18,27,66.6666666666667,9.82,524.18,1.87340226639704,124.893484426469,1.87571429632593
"3143","sampling_area=Area_07__season=Summer__sex=F","prey_22",19,27,70.3703703703704,8.96,524.18,1.70933648746614,120.28664171058,1.80652637365086
"3144","sampling_area=Area_07__season=Summer__sex=F","prey_59",20,27,74.0740740740741,8.51,524.18,1.62348811476974,120.258378871832,1.80610190786758
"3145","sampling_area=Area_07__season=Summer__sex=F","prey_1",17,27,62.962962962963,9.98,524.18,1.90392613224465,119.876830548737,1.80037161979326
"3146","sampling_area=Area_07__season=Summer__sex=F","prey_33",18,27,66.6666666666667,9.18,524.18,1.7513068030066,116.753786867107,1.75346815074053
"3147","sampling_area=Area_07__season=Summer__sex=F","prey_55",18,27,66.6666666666667,9.13,524.18,1.74176809492922,116.117872995282,1.74391767061667
"3148","sampling_area=Area_07__season=Summer__sex=F","prey_24",17,27,62.962962962963,9.65,524.18,1.84097065893395,115.91296741436,1.74084029368788
"3149","sampling_area=Area_07__season=Summer__sex=F","prey_39",19,27,70.3703703703704,8.06,524.18,1.53763974207333,108.204278145901,1.62506725129754
"3150","sampling_area=Area_07__season=Summer__sex=F","prey_44",17,27,62.962962962963,8.89,524.18,1.69598229615781,106.784070498825,1.60373784568759
"3151","sampling_area=Area_07__season=Summer__sex=F","prey_5",19,27,70.3703703703704,7.81,524.18,1.48994620168644,104.848066044602,1.57466193953273
"3152","sampling_area=Area_07__season=Summer__sex=F","prey_31",17,27,62.962962962963,8.68,524.18,1.65591972223282,104.261612140585,1.56585427452961
"3153","sampling_area=Area_07__season=Summer__sex=F","prey_8",16,27,59.2592592592593,9.19,524.18,1.75321454462208,103.894195236864,1.56033621934694
"3154","sampling_area=Area_07__season=Summer__sex=F","prey_9",16,27,59.2592592592593,9.12,524.18,1.73986035331375,103.102835751926,1.54845117741502
"3155","sampling_area=Area_07__season=Summer__sex=F","prey_37",17,27,62.962962962963,8.58,524.18,1.63684230607806,103.060441493804,1.5478144787401
"3156","sampling_area=Area_07__season=Summer__sex=F","prey_27",16,27,59.2592592592593,8.77,524.18,1.6730893967721,99.1460383272356,1.48902596775546
"3157","sampling_area=Area_07__season=Summer__sex=F","prey_50",16,27,59.2592592592593,8.68,524.18,1.65591972223282,98.1285761323153,1.47374519955728
"3158","sampling_area=Area_07__season=Summer__sex=F","prey_14",18,27,66.6666666666667,7.7,524.18,1.46896104391621,97.9307362610808,1.4707739390743
"3159","sampling_area=Area_07__season=Summer__sex=F","prey_23",17,27,62.962962962963,8,524.18,1.52619329238048,96.0936517424747,1.44318366316093
"3160","sampling_area=Area_07__season=Summer__sex=F","prey_21",17,27,62.962962962963,7.93,524.18,1.51283910107215,95.252832289728,1.43055580610827
"3161","sampling_area=Area_07__season=Summer__sex=F","prey_35",17,27,62.962962962963,7.83,524.18,1.49376168491739,94.0516616429471,1.41251601031876
"3162","sampling_area=Area_07__season=Summer__sex=F","prey_60",17,27,62.962962962963,7.76,524.18,1.48040749360907,93.2108421902004,1.3998881532661
"3163","sampling_area=Area_07__season=Summer__sex=F","prey_58",15,27,55.5555555555556,8.46,524.18,1.61394940669236,89.6638559273532,1.34661769746414
"3164","sampling_area=Area_07__season=Summer__sex=F","prey_20",14,27,51.8518518518518,8.69,524.18,1.6578274638483,85.9614240513931,1.29101267985411
"3165","sampling_area=Area_07__season=Summer__sex=F","prey_36",18,27,66.6666666666667,6.48,524.18,1.23621656682819,82.4144377885459,1.23774222405214
"3166","sampling_area=Area_07__season=Summer__sex=F","prey_11",16,27,59.2592592592593,7.26,524.18,1.38502041283529,82.0752837235725,1.23264863465275
"3167","sampling_area=Area_07__season=Summer__sex=F","prey_41",16,27,59.2592592592593,7.18,524.18,1.36975847991148,81.1708728836433,1.21906572958771
"3168","sampling_area=Area_07__season=Summer__sex=F","prey_25",15,27,55.5555555555556,7.56,524.18,1.44225266129955,80.1251478499752,1.20336049560625
"3169","sampling_area=Area_07__season=Summer__sex=F","prey_4",14,27,51.8518518518518,7.88,524.18,1.50330039299477,77.9489092663956,1.17067663029349
"3170","sampling_area=Area_07__season=Summer__sex=F","prey_18",17,27,62.962962962963,6.37,524.18,1.21523140905796,76.5145701999455,1.14913499179189
"3171","sampling_area=Area_07__season=Summer__sex=F","prey_10",15,27,55.5555555555556,6.97,524.18,1.32969590598649,73.8719947770274,1.10944744105497
"3172","sampling_area=Area_07__season=Summer__sex=F","prey_15",14,27,51.8518518518518,7.38,524.18,1.40791331222099,73.002912485533,1.09639511821903
"3173","sampling_area=Area_07__season=Summer__sex=F","prey_3",13,27,48.1481481481481,6.94,524.18,1.32397268114007,63.7468327956328,0.957382574193966
"3174","sampling_area=Area_07__season=Summer__sex=F","prey_13",14,27,51.8518518518518,6.24,524.18,1.19043076805677,61.7260398251661,0.927033270689258
"3175","sampling_area=Area_07__season=Summer__sex=F","prey_46",14,27,51.8518518518518,6.03,524.18,1.15036819413179,59.6487211772038,0.895835035617985
"3176","sampling_area=Area_07__season=Summer__sex=F","prey_52",14,27,51.8518518518518,5.88,524.18,1.12175206989965,58.164922142945,0.873550581995647
"3177","sampling_area=Area_07__season=Summer__sex=F","prey_30",15,27,55.5555555555556,5.36,524.18,1.02254950589492,56.8083058830512,0.853176224398081
"3178","sampling_area=Area_07__season=Summer__sex=F","prey_38",13,27,48.1481481481481,6.17,524.18,1.17707657674845,56.6740573989992,0.851160011927489
"3179","sampling_area=Area_07__season=Summer__sex=F","prey_32",13,27,48.1481481481481,6.1,524.18,1.16372238544012,56.0310778174871,0.841503415357809
"3180","sampling_area=Area_07__season=Summer__sex=F","prey_26",13,27,48.1481481481481,6.04,524.18,1.15227593574726,55.4799524619052,0.833226332583797
"3181","sampling_area=Area_07__season=Summer__sex=M","prey_55",18,22,81.8181818181818,10.36,418.41,2.47604024760402,202.585111167602,3.17707490352753
"3182","sampling_area=Area_07__season=Summer__sex=M","prey_38",16,22,72.7272727272727,10.7,418.41,2.55730025573003,185.985473144002,2.91674830268078
"3183","sampling_area=Area_07__season=Summer__sex=M","prey_11",19,22,86.3636363636364,8.98,418.41,2.14622021462202,185.355382171902,2.90686679558058
"3184","sampling_area=Area_07__season=Summer__sex=M","prey_47",18,22,81.8181818181818,9.27,418.41,2.21553022155302,181.270654490702,2.84280737024133
"3185","sampling_area=Area_07__season=Summer__sex=M","prey_37",18,22,81.8181818181818,8.48,418.41,2.02672020267202,165.822562036802,2.60054007547427
"3186","sampling_area=Area_07__season=Summer__sex=M","prey_51",17,22,77.2727272727273,8.4,418.41,2.00760020076002,155.132742786002,2.43289519639495
"3187","sampling_area=Area_07__season=Summer__sex=M","prey_22",17,22,77.2727272727273,8.16,418.41,1.95024019502402,150.700378706401,2.36338390506938
"3188","sampling_area=Area_07__season=Summer__sex=M","prey_34",16,22,72.7272727272727,8.55,418.41,2.04345020434502,148.614560316002,2.33067270915147
"3189","sampling_area=Area_07__season=Summer__sex=M","prey_7",16,22,72.7272727272727,8.49,418.41,2.02911020291102,147.571651120801,2.31431711119251
"3190","sampling_area=Area_07__season=Summer__sex=M","prey_44",15,22,68.1818181818182,8.99,418.41,2.14861021486102,146.496151013251,2.29745040079734
"3191","sampling_area=Area_07__season=Summer__sex=M","prey_31",16,22,72.7272727272727,7.85,418.41,1.87615018761502,136.447286372001,2.1398573996303
"3192","sampling_area=Area_07__season=Summer__sex=M","prey_57",14,22,63.6363636363636,8.89,418.41,2.12471021247102,135.208831702701,2.12043512705403
"3193","sampling_area=Area_07__season=Summer__sex=M","prey_14",16,22,72.7272727272727,7.48,418.41,1.78772017877202,130.016013001601,2.03899787888339
"3194","sampling_area=Area_07__season=Summer__sex=M","prey_5",16,22,72.7272727272727,7.25,418.41,1.73275017327502,126.018194420001,1.97630142004072
"3195","sampling_area=Area_07__season=Summer__sex=M","prey_24",15,22,68.1818181818182,7.67,418.41,1.83313018331302,124.986148862251,1.96011619289383
"3196","sampling_area=Area_07__season=Summer__sex=M","prey_13",13,22,59.0909090909091,8.76,418.41,2.09364020936402,123.715103280601,1.94018280788135
"3197","sampling_area=Area_07__season=Summer__sex=M","prey_25",15,22,68.1818181818182,7.34,418.41,1.75426017542602,119.608648324501,1.87578264091796
"3198","sampling_area=Area_07__season=Summer__sex=M","prey_17",16,22,72.7272727272727,6.83,418.41,1.63237016323702,118.717830053601,1.86181223432801
"3199","sampling_area=Area_07__season=Summer__sex=M","prey_49",13,22,59.0909090909091,8.23,418.41,1.96697019669702,116.230057077551,1.82279731836342
"3200","sampling_area=Area_07__season=Summer__sex=M","prey_21",15,22,68.1818181818182,7.02,418.41,1.67778016777802,114.394102348501,1.79400465112317
"3201","sampling_area=Area_07__season=Summer__sex=M","prey_4",16,22,72.7272727272727,6.5,418.41,1.55350015535002,112.981829480001,1.77185644555375
"3202","sampling_area=Area_07__season=Summer__sex=M","prey_1",14,22,63.6363636363636,7.29,418.41,1.74231017423102,110.874283814701,1.73880450801169
"3203","sampling_area=Area_07__season=Summer__sex=M","prey_52",14,22,63.6363636363636,7.28,418.41,1.73992017399202,110.722192890401,1.73641931664267
"3204","sampling_area=Area_07__season=Summer__sex=M","prey_32",13,22,59.0909090909091,7.75,418.41,1.85225018522502,109.451147308751,1.71648593163019
"3205","sampling_area=Area_07__season=Summer__sex=M","prey_54",13,22,59.0909090909091,7.62,418.41,1.82118018211802,107.615192579701,1.68769326438994
"3206","sampling_area=Area_07__season=Summer__sex=M","prey_23",15,22,68.1818181818182,6.5,418.41,1.55350015535002,105.920465137501,1.66111541770664
"3207","sampling_area=Area_07__season=Summer__sex=M","prey_19",14,22,63.6363636363636,6.88,418.41,1.64432016443202,104.638555918401,1.64101166188209
"3208","sampling_area=Area_07__season=Summer__sex=M","prey_60",14,22,63.6363636363636,6.77,418.41,1.61803016180302,102.965555751101,1.61477455682293
"3209","sampling_area=Area_07__season=Summer__sex=M","prey_18",12,22,54.5454545454545,7.84,418.41,1.87376018737602,102.205101129601,1.60284859997785
"3210","sampling_area=Area_07__season=Summer__sex=M","prey_12",13,22,59.0909090909091,7.11,418.41,1.69929016992902,100.412600950351,1.57473741598589
"3211","sampling_area=Area_07__season=Summer__sex=M","prey_53",14,22,63.6363636363636,6.54,418.41,1.56306015630602,99.467464492201,1.55991515533559
"3212","sampling_area=Area_07__season=Summer__sex=M","prey_3",14,22,63.6363636363636,6.52,418.41,1.55828015582802,99.163282643601,1.55514477259756
"3213","sampling_area=Area_07__season=Summer__sex=M","prey_48",12,22,54.5454545454545,7.52,418.41,1.79728017972802,98.0334643488009,1.53742620814202
"3214","sampling_area=Area_07__season=Summer__sex=M","prey_33",14,22,63.6363636363636,6.4,418.41,1.52960015296002,97.338191552001,1.52652247616938
"3215","sampling_area=Area_07__season=Summer__sex=M","prey_41",12,22,54.5454545454545,7.46,418.41,1.78294017829402,97.2512824524009,1.5251595096728
"3216","sampling_area=Area_07__season=Summer__sex=M","prey_46",12,22,54.5454545454545,7.37,418.41,1.76143017614302,96.078009607801,1.50675946196898
"3217","sampling_area=Area_07__season=Summer__sex=M","prey_36",12,22,54.5454545454545,7.28,418.41,1.73992017399202,94.9047367632009,1.48835941426515
"3218","sampling_area=Area_07__season=Summer__sex=M","prey_35",13,22,59.0909090909091,6.64,418.41,1.58696015869602,93.7749184684009,1.47064084980961
"3219","sampling_area=Area_07__season=Summer__sex=M","prey_56",13,22,59.0909090909091,6.49,418.41,1.55111015511102,91.6565091656509,1.43741854145548
"3220","sampling_area=Area_07__season=Summer__sex=M","prey_10",14,22,63.6363636363636,6.02,418.41,1.43878014387801,91.5587364286009,1.43588520414683
"3221","sampling_area=Area_07__season=Summer__sex=M","prey_30",14,22,63.6363636363636,6.01,418.41,1.43639014363901,91.4066455043009,1.43350001277781
"3222","sampling_area=Area_07__season=Summer__sex=M","prey_29",14,22,63.6363636363636,6,418.41,1.43400014340001,91.2545545800009,1.4311148214088
"3223","sampling_area=Area_07__season=Summer__sex=M","prey_27",12,22,54.5454545454545,6.97,418.41,1.66583016658302,90.8634636318009,1.42498147217419
"3224","sampling_area=Area_07__season=Summer__sex=M","prey_8",13,22,59.0909090909091,6.28,418.41,1.50092015009202,88.6907361418009,1.39090730975969
"3225","sampling_area=Area_07__season=Summer__sex=M","prey_26",11,22,50,7.3,418.41,1.74470017447002,87.2350087235009,1.36807762094198
"3226","sampling_area=Area_07__season=Summer__sex=M","prey_42",15,22,68.1818181818182,5.3,418.41,1.26670012667001,86.3659177275008,1.35444795597618
"3227","sampling_area=Area_07__season=Summer__sex=M","prey_59",14,22,63.6363636363636,5.67,418.41,1.35513013551301,86.2355540781009,1.35240350623131
"3228","sampling_area=Area_07__season=Summer__sex=M","prey_20",11,22,50,7.08,418.41,1.69212016921202,84.6060084606008,1.32684788442044
"3229","sampling_area=Area_07__season=Summer__sex=M","prey_40",12,22,54.5454545454545,5.97,418.41,1.42683014268301,77.8270986918008,1.22053649768722
"3230","sampling_area=Area_07__season=Summer__sex=M","prey_28",12,22,54.5454545454545,5.94,418.41,1.41966014196601,77.4360077436008,1.21440314845261
"3231","sampling_area=Area_07__season=Summer__sex=M","prey_58",12,22,54.5454545454545,5.86,418.41,1.40054014005401,76.3930985484008,1.19804755049365
"3232","sampling_area=Area_07__season=Summer__sex=M","prey_39",11,22,50,6.19,418.41,1.47941014794101,73.9705073970507,1.16005485940149
"3233","sampling_area=Area_07__season=Summer__sex=M","prey_50",12,22,54.5454545454545,5.19,418.41,1.24041012404101,67.6587340386007,1.06106941758738
"3234","sampling_area=Area_07__season=Summer__sex=M","prey_9",10,22,45.4545454545455,5.77,418.41,1.37903013790301,62.6831880865006,0.983039585658185
"3235","sampling_area=Area_07__season=Summer__sex=M","prey_15",11,22,50,4.96,418.41,1.18544011854401,59.2720059272006,0.929543150667428
"3236","sampling_area=Area_07__season=Summer__sex=M","prey_16",12,22,54.5454545454545,4.21,418.41,1.00619010061901,54.8830963974005,0.860713342590147
"3237","sampling_area=Area_07__season=Summer__sex=M","prey_43",12,22,54.5454545454545,4.2,418.41,1.00380010038001,54.7527327480005,0.858668892845278
"3238","sampling_area=Area_07__season=Summer__sex=M","prey_2",11,22,50,4.09,418.41,0.97751009775101,48.8755048875505,0.766498283514068
"3239","sampling_area=Area_07__season=Summer__sex=M","prey_6",10,22,45.4545454545455,4.23,418.41,1.01097010109701,45.9531864135004,0.720668535066572
"3240","sampling_area=Area_07__season=Summer__sex=M","prey_45",7,22,31.8181818181818,3.71,418.41,0.886690088669009,28.2128664576503,0.442452998952219
"3241","sampling_area=Area_07__season=Winter__sex=F","prey_22",11,12,91.6666666666667,5.57,244.2,2.28091728091728,209.084084084084,3.05214601681744
"3242","sampling_area=Area_07__season=Winter__sex=F","prey_18",10,12,83.3333333333333,5.89,244.2,2.41195741195741,200.996450996451,2.93408520304467
"3243","sampling_area=Area_07__season=Winter__sex=F","prey_1",10,12,83.3333333333333,5.87,244.2,2.4037674037674,200.31395031395,2.92412226517355
"3244","sampling_area=Area_07__season=Winter__sex=F","prey_24",10,12,83.3333333333333,5.63,244.2,2.30548730548731,192.123942123942,2.80456701072012
"3245","sampling_area=Area_07__season=Winter__sex=F","prey_57",9,12,75,5.92,244.2,2.42424242424242,181.818181818182,2.65412664886622
"3246","sampling_area=Area_07__season=Winter__sex=F","prey_7",9,12,75,5.91,244.2,2.42014742014742,181.511056511057,2.64964332682421
"3247","sampling_area=Area_07__season=Winter__sex=F","prey_41",10,12,83.3333333333333,5.21,244.2,2.13349713349713,177.791427791428,2.59534531542661
"3248","sampling_area=Area_07__season=Winter__sex=F","prey_60",9,12,75,5.59,244.2,2.28910728910729,171.683046683047,2.50617702148009
"3249","sampling_area=Area_07__season=Winter__sex=F","prey_13",10,12,83.3333333333333,4.94,244.2,2.02293202293202,168.577668577669,2.4608456541665
"3250","sampling_area=Area_07__season=Winter__sex=F","prey_17",9,12,75,5.37,244.2,2.1990171990172,164.92628992629,2.40754393655601
"3251","sampling_area=Area_07__season=Winter__sex=F","prey_32",9,12,75,5.34,244.2,2.18673218673219,164.004914004914,2.39409397043
"3252","sampling_area=Area_07__season=Winter__sex=F","prey_54",9,12,75,5.07,244.2,2.07616707616708,155.712530712531,2.2730442752959
"3253","sampling_area=Area_07__season=Winter__sex=F","prey_27",9,12,75,4.86,244.2,1.99017199017199,149.262899262899,2.17889451241382
"3254","sampling_area=Area_07__season=Winter__sex=F","prey_10",9,12,75,4.73,244.2,1.93693693693694,145.27027027027,2.12061132586777
"3255","sampling_area=Area_07__season=Winter__sex=F","prey_15",8,12,66.6666666666667,5.31,244.2,2.17444717444717,144.963144963145,2.11612800382577
"3256","sampling_area=Area_07__season=Winter__sex=F","prey_43",8,12,66.6666666666667,5.3,244.2,2.17035217035217,144.690144690145,2.11214282867732
"3257","sampling_area=Area_07__season=Winter__sex=F","prey_33",9,12,75,4.48,244.2,1.83456183456183,137.592137592138,2.00852827481768
"3258","sampling_area=Area_07__season=Winter__sex=F","prey_21",9,12,75,4.43,244.2,1.81408681408681,136.056511056511,1.98611166460766
"3259","sampling_area=Area_07__season=Winter__sex=F","prey_48",8,12,66.6666666666667,4.93,244.2,2.01883701883702,134.589134589135,1.96469134818475
"3260","sampling_area=Area_07__season=Winter__sex=F","prey_55",9,12,75,4.38,244.2,1.79361179361179,134.520884520885,1.96369505439764
"3261","sampling_area=Area_07__season=Winter__sex=F","prey_56",8,12,66.6666666666667,4.89,244.2,2.002457002457,133.497133497133,1.94875064759096
"3262","sampling_area=Area_07__season=Winter__sex=F","prey_30",9,12,75,4.34,244.2,1.77723177723178,133.292383292383,1.94576176622963
"3263","sampling_area=Area_07__season=Winter__sex=F","prey_46",9,12,75,4.32,244.2,1.76904176904177,132.678132678133,1.93679512214562
"3264","sampling_area=Area_07__season=Winter__sex=F","prey_39",9,12,75,4.05,244.2,1.65847665847666,124.385749385749,1.81574542701152
"3265","sampling_area=Area_07__season=Winter__sex=F","prey_40",9,12,75,4,244.2,1.63800163800164,122.850122850123,1.7933288168015
"3266","sampling_area=Area_07__season=Winter__sex=F","prey_19",8,12,66.6666666666667,4.42,244.2,1.80999180999181,120.666120666121,1.76144741561392
"3267","sampling_area=Area_07__season=Winter__sex=F","prey_34",8,12,66.6666666666667,4.3,244.2,1.76085176085176,117.390117390117,1.71362531383254
"3268","sampling_area=Area_07__season=Winter__sex=F","prey_53",8,12,66.6666666666667,4.23,244.2,1.73218673218673,115.479115479115,1.68572908779341
"3269","sampling_area=Area_07__season=Winter__sex=F","prey_36",8,12,66.6666666666667,4.08,244.2,1.67076167076167,111.384111384111,1.62595146056669
"3270","sampling_area=Area_07__season=Winter__sex=F","prey_4",8,12,66.6666666666667,3.94,244.2,1.61343161343161,107.562107562108,1.57015900848842
"3271","sampling_area=Area_07__season=Winter__sex=F","prey_58",9,12,75,3.44,244.2,1.40868140868141,105.651105651106,1.54226278244929
"3272","sampling_area=Area_07__season=Winter__sex=F","prey_11",8,12,66.6666666666667,3.85,244.2,1.57657657657658,105.105105105105,1.53429243215239
"3273","sampling_area=Area_07__season=Winter__sex=F","prey_14",9,12,75,3.42,244.2,1.4004914004914,105.036855036855,1.53329613836528
"3274","sampling_area=Area_07__season=Winter__sex=F","prey_38",7,12,58.3333333333333,4.32,244.2,1.76904176904177,103.194103194103,1.50639620611326
"3275","sampling_area=Area_07__season=Winter__sex=F","prey_8",7,12,58.3333333333333,4.27,244.2,1.74856674856675,101.999726999727,1.4889610648388
"3276","sampling_area=Area_07__season=Winter__sex=F","prey_42",7,12,58.3333333333333,4.25,244.2,1.74037674037674,101.521976521977,1.48198700832902
"3277","sampling_area=Area_07__season=Winter__sex=F","prey_29",7,12,58.3333333333333,4.21,244.2,1.72399672399672,100.566475566476,1.46803889530945
"3278","sampling_area=Area_07__season=Winter__sex=F","prey_3",7,12,58.3333333333333,4.07,244.2,1.66666666666667,97.2222222222222,1.41922049974096
"3279","sampling_area=Area_07__season=Winter__sex=F","prey_51",7,12,58.3333333333333,3.97,244.2,1.62571662571663,94.8334698334698,1.38435021719205
"3280","sampling_area=Area_07__season=Winter__sex=F","prey_49",9,12,75,3.07,244.2,1.25716625716626,94.2874692874693,1.37637986689515
"3281","sampling_area=Area_07__season=Winter__sex=F","prey_2",7,12,58.3333333333333,3.87,244.2,1.58476658476658,92.4447174447175,1.34947993464313
"3282","sampling_area=Area_07__season=Winter__sex=F","prey_6",8,12,66.6666666666667,3.36,244.2,1.37592137592138,91.7280917280917,1.33901884987845
"3283","sampling_area=Area_07__season=Winter__sex=F","prey_47",9,12,75,2.97,244.2,1.21621621621622,91.2162162162162,1.33154664647511
"3284","sampling_area=Area_07__season=Winter__sex=F","prey_35",7,12,58.3333333333333,3.76,244.2,1.53972153972154,89.8170898170898,1.31112262383932
"3285","sampling_area=Area_07__season=Winter__sex=F","prey_28",8,12,66.6666666666667,3.2,244.2,1.31040131040131,87.3600873600874,1.27525604750329
"3286","sampling_area=Area_07__season=Winter__sex=F","prey_23",7,12,58.3333333333333,3.33,244.2,1.36363636363636,79.5454545454546,1.16118040887897
"3287","sampling_area=Area_07__season=Winter__sex=F","prey_16",6,12,50,3.87,244.2,1.58476658476658,79.2383292383292,1.15669708683697
"3288","sampling_area=Area_07__season=Winter__sex=F","prey_25",7,12,58.3333333333333,3.09,244.2,1.26535626535627,73.8124488124488,1.07749173076157
"3289","sampling_area=Area_07__season=Winter__sex=F","prey_52",7,12,58.3333333333333,3.02,244.2,1.23669123669124,72.1403221403222,1.05308253297732
"3290","sampling_area=Area_07__season=Winter__sex=F","prey_5",7,12,58.3333333333333,3.01,244.2,1.23259623259623,71.9014469014469,1.04959550472243
"3291","sampling_area=Area_07__season=Winter__sex=F","prey_50",8,12,66.6666666666667,2.4,244.2,0.982800982800983,65.5200655200655,0.956442035627466
"3292","sampling_area=Area_07__season=Winter__sex=F","prey_37",6,12,50,3.1,244.2,1.26945126945127,63.4725634725635,0.926553222014108
"3293","sampling_area=Area_07__season=Winter__sex=F","prey_44",6,12,50,3.09,244.2,1.26535626535627,63.2678132678133,0.923564340652772
"3294","sampling_area=Area_07__season=Winter__sex=F","prey_9",7,12,58.3333333333333,2.35,244.2,0.962325962325962,56.1356811356811,0.819451639899574
"3295","sampling_area=Area_07__season=Winter__sex=F","prey_12",6,12,50,2.55,244.2,1.04422604422604,52.2113022113022,0.762164747140637
"3296","sampling_area=Area_07__season=Winter__sex=F","prey_59",5,12,41.6666666666667,2.92,244.2,1.1957411957412,49.8225498225498,0.727294464591719
"3297","sampling_area=Area_07__season=Winter__sex=F","prey_45",6,12,50,2.28,244.2,0.933660933660934,46.6830466830467,0.681464950384569
"3298","sampling_area=Area_07__season=Winter__sex=F","prey_31",5,12,41.6666666666667,2.39,244.2,0.978705978705979,40.7794157794158,0.595285537799386
"3299","sampling_area=Area_07__season=Winter__sex=F","prey_20",5,12,41.6666666666667,2.19,244.2,0.896805896805897,37.3669123669124,0.545470848443789
"3300","sampling_area=Area_07__season=Winter__sex=F","prey_26",5,12,41.6666666666667,1.28,244.2,0.524160524160524,21.8400218400218,0.318814011875822
"3301","sampling_area=Area_07__season=Winter__sex=M","prey_18",15,18,83.3333333333333,9.5,345.67,2.7482859374548,229.023828121233,3.49472847799057
"3302","sampling_area=Area_07__season=Winter__sex=M","prey_4",16,18,88.8888888888889,8.13,345.67,2.35195417594816,209.062593417614,3.19013530117202
"3303","sampling_area=Area_07__season=Winter__sex=M","prey_49",15,18,83.3333333333333,8.06,345.67,2.33170364798797,194.30863733233,2.96500121395831
"3304","sampling_area=Area_07__season=Winter__sex=M","prey_35",15,18,83.3333333333333,7.53,345.67,2.17837822200365,181.531518500304,2.770032151502
"3305","sampling_area=Area_07__season=Winter__sex=M","prey_41",13,18,72.2222222222222,7.7,345.67,2.22755807562126,160.879194350424,2.45489347822355
"3306","sampling_area=Area_07__season=Winter__sex=M","prey_2",13,18,72.2222222222222,7.6,345.67,2.19862874996384,158.789854164055,2.42301174474013
"3307","sampling_area=Area_07__season=Winter__sex=M","prey_47",12,18,66.6666666666667,7.69,345.67,2.22466514305552,148.311009537034,2.26311258911558
"3308","sampling_area=Area_07__season=Winter__sex=M","prey_53",13,18,72.2222222222222,7.07,345.67,2.04530332397952,147.716351176299,2.25403855727799
"3309","sampling_area=Area_07__season=Winter__sex=M","prey_32",14,18,77.7777777777778,6.47,345.67,1.871727370035,145.578795447167,2.22142109148341
"3310","sampling_area=Area_07__season=Winter__sex=M","prey_22",13,18,72.2222222222222,6.83,345.67,1.97587294240171,142.701934729013,2.17752239691777
"3311","sampling_area=Area_07__season=Winter__sex=M","prey_6",13,18,72.2222222222222,6.79,345.67,1.96430121213875,141.866198654465,2.1647697035244
"3312","sampling_area=Area_07__season=Winter__sex=M","prey_54",13,18,72.2222222222222,6.71,345.67,1.94115775161281,140.19472650537,2.13926431673766
"3313","sampling_area=Area_07__season=Winter__sex=M","prey_26",12,18,66.6666666666667,7.02,345.67,2.03083866115081,135.389244076721,2.06593632972579
"3314","sampling_area=Area_07__season=Winter__sex=M","prey_5",12,18,66.6666666666667,6.89,345.67,1.99323053779616,132.882035853078,2.02767824954569
"3315","sampling_area=Area_07__season=Winter__sex=M","prey_39",12,18,66.6666666666667,6.83,345.67,1.97587294240171,131.724862826781,2.01002067407794
"3316","sampling_area=Area_07__season=Winter__sex=M","prey_11",11,18,61.1111111111111,7.27,345.67,2.10316197529436,128.526565156877,1.96121709743793
"3317","sampling_area=Area_07__season=Winter__sex=M","prey_28",13,18,72.2222222222222,5.96,345.67,1.72418780918217,124.524675107601,1.90015131561199
"3318","sampling_area=Area_07__season=Winter__sex=M","prey_14",13,18,72.2222222222222,5.9,345.67,1.70683021378772,123.27107099578,1.88102227552194
"3319","sampling_area=Area_07__season=Winter__sex=M","prey_19",11,18,61.1111111111111,6.93,345.67,2.00480226805913,122.515694159169,1.86949580264716
"3320","sampling_area=Area_07__season=Winter__sex=M","prey_55",13,18,72.2222222222222,5.86,345.67,1.69525848352475,122.435334921232,1.86826958212857
"3321","sampling_area=Area_07__season=Winter__sex=M","prey_3",13,18,72.2222222222222,5.72,345.67,1.65475742760436,119.510258660315,1.82363515525178
"3322","sampling_area=Area_07__season=Winter__sex=M","prey_58",12,18,66.6666666666667,6.15,345.67,1.77915352793126,118.610235195418,1.80990148544354
"3323","sampling_area=Area_07__season=Winter__sex=M","prey_8",13,18,72.2222222222222,5.6,345.67,1.62004223681546,117.003050436672,1.78537707507167
"3324","sampling_area=Area_07__season=Winter__sex=M","prey_9",12,18,66.6666666666667,6.05,345.67,1.75022420227384,116.681613484923,1.7804721929973
"3325","sampling_area=Area_07__season=Winter__sex=M","prey_40",11,18,61.1111111111111,6.59,345.67,1.90644256082391,116.504823161461,1.77777450785639
"3326","sampling_area=Area_07__season=Winter__sex=M","prey_51",13,18,72.2222222222222,5.4,345.67,1.56218358550062,112.824370063934,1.72161360810483
"3327","sampling_area=Area_07__season=Winter__sex=M","prey_46",12,18,66.6666666666667,5.84,345.67,1.68947261839327,112.631507892884,1.7186706788602
"3328","sampling_area=Area_07__season=Winter__sex=M","prey_15",11,18,61.1111111111111,6.03,345.67,1.74443833714236,106.604565047589,1.62670413996571
"3329","sampling_area=Area_07__season=Winter__sex=M","prey_33",13,18,72.2222222222222,4.99,345.67,1.4435733503052,104.25807529982,1.59089850082279
"3330","sampling_area=Area_07__season=Winter__sex=M","prey_38",11,18,61.1111111111111,5.82,345.67,1.68368675326178,102.891968254887,1.57005275200671
"3331","sampling_area=Area_07__season=Winter__sex=M","prey_31",11,18,61.1111111111111,5.75,345.67,1.66343622530159,101.654435990653,1.55116895602037
"3332","sampling_area=Area_07__season=Winter__sex=M","prey_59",10,18,55.5555555555556,6.32,345.67,1.82833338154888,101.574076752715,1.54994273550178
"3333","sampling_area=Area_07__season=Winter__sex=M","prey_30",11,18,61.1111111111111,5.71,345.67,1.65186449503862,100.947274696805,1.54037821545675
"3334","sampling_area=Area_07__season=Winter__sex=M","prey_57",11,18,61.1111111111111,5.6,345.67,1.62004223681546,99.0025811387225,1.5107036789068
"3335","sampling_area=Area_07__season=Winter__sex=M","prey_10",12,18,66.6666666666667,5.08,345.67,1.46960974339688,97.9739828931254,1.49500805626881
"3336","sampling_area=Area_07__season=Winter__sex=M","prey_23",10,18,55.5555555555556,6.02,345.67,1.74154540457662,96.7525224764788,1.47636950438619
"3337","sampling_area=Area_07__season=Winter__sex=M","prey_17",12,18,66.6666666666667,4.85,345.67,1.40307229438482,93.5381529589878,1.42732068364246
"3338","sampling_area=Area_07__season=Winter__sex=M","prey_29",10,18,55.5555555555556,5.67,345.67,1.64029276477565,91.1273758208696,1.39053406808467
"3339","sampling_area=Area_07__season=Winter__sex=M","prey_60",12,18,66.6666666666667,4.67,345.67,1.35099950820146,90.0666338800976,1.37434795723924
"3340","sampling_area=Area_07__season=Winter__sex=M","prey_52",11,18,61.1111111111111,5.04,345.67,1.45803801313391,89.1023230248503,1.35963331101612
"3341","sampling_area=Area_07__season=Winter__sex=M","prey_12",11,18,61.1111111111111,5.01,345.67,1.44935921543669,88.5719520544643,1.3515402555934
"3342","sampling_area=Area_07__season=Winter__sex=M","prey_42",11,18,61.1111111111111,4.98,345.67,1.44068041773946,88.0415810840783,1.34344720017069
"3343","sampling_area=Area_07__season=Winter__sex=M","prey_24",11,18,61.1111111111111,4.78,345.67,1.38282176642462,84.5057746148382,1.28949349735259
"3344","sampling_area=Area_07__season=Winter__sex=M","prey_1",11,18,61.1111111111111,4.77,345.67,1.37992883385888,84.3289842913762,1.28679581221168
"3345","sampling_area=Area_07__season=Winter__sex=M","prey_16",10,18,55.5555555555556,5.14,345.67,1.48696733879133,82.6092965995185,1.26055469311379
"3346","sampling_area=Area_07__season=Winter__sex=M","prey_21",11,18,61.1111111111111,4.59,345.67,1.32785604767553,81.1467584690601,1.23823747967539
"3347","sampling_area=Area_07__season=Winter__sex=M","prey_37",10,18,55.5555555555556,4.86,345.67,1.40596522695056,78.1091792750311,1.19188634407257
"3348","sampling_area=Area_07__season=Winter__sex=M","prey_25",10,18,55.5555555555556,4.83,345.67,1.39728642925333,77.6270238474074,1.18452902096101
"3349","sampling_area=Area_07__season=Winter__sex=M","prey_45",9,18,50,5.31,345.67,1.53614719240894,76.8073596204472,1.17202157167136
"3350","sampling_area=Area_07__season=Winter__sex=M","prey_44",10,18,55.5555555555556,4.74,345.67,1.37125003616166,76.1805575645365,1.16245705162634
"3351","sampling_area=Area_07__season=Winter__sex=M","prey_48",10,18,55.5555555555556,4.64,345.67,1.34232071050424,74.573372805791,1.13793264125447
"3352","sampling_area=Area_07__season=Winter__sex=M","prey_20",10,18,55.5555555555556,4.59,345.67,1.32785604767553,73.7697804264183,1.12567043606854
"3353","sampling_area=Area_07__season=Winter__sex=M","prey_27",9,18,50,5.07,345.67,1.46671681083114,73.335840541557,1.11904884526814
"3354","sampling_area=Area_07__season=Winter__sex=M","prey_34",11,18,61.1111111111111,4.07,345.67,1.17742355425695,71.9536616490359,1.09795785234833
"3355","sampling_area=Area_07__season=Winter__sex=M","prey_56",10,18,55.5555555555556,4.46,345.67,1.29024792432088,71.6804402400491,1.09378870258512
"3356","sampling_area=Area_07__season=Winter__sex=M","prey_13",10,18,55.5555555555556,4.32,345.67,1.2497468684005,69.4303815778054,1.05945452806451
"3357","sampling_area=Area_07__season=Winter__sex=M","prey_36",9,18,50,4.66,345.67,1.34810657563572,67.4053287817861,1.02855377099596
"3358","sampling_area=Area_07__season=Winter__sex=M","prey_50",10,18,55.5555555555556,3.5,345.67,1.01252639800966,56.2514665560924,0.858354363015227
"3359","sampling_area=Area_07__season=Winter__sex=M","prey_43",9,18,50,2.39,345.67,0.691410883212312,34.5705441606156,0.527520067098787
"3360","sampling_area=Area_07__season=Winter__sex=M","prey_7",6,18,33.3333333333333,3.32,345.67,0.960453611826308,32.0151203942103,0.488526254607524
"3361","sampling_area=Area_08__season=Autumn__sex=F","prey_8",13,15,86.6666666666667,8.02,294.18,2.72622204092732,236.272576880368,3.43804203736802
"3362","sampling_area=Area_08__season=Autumn__sex=F","prey_7",14,15,93.3333333333333,7.25,294.18,2.46447753076348,230.017902871258,3.34702922302756
"3363","sampling_area=Area_08__season=Autumn__sex=F","prey_32",13,15,86.6666666666667,7.42,294.18,2.52226527976069,218.596324245927,3.18083190988412
"3364","sampling_area=Area_08__season=Autumn__sex=F","prey_16",13,15,86.6666666666667,6.89,294.18,2.3421034740635,202.982301085503,2.95362963060669
"3365","sampling_area=Area_08__season=Autumn__sex=F","prey_1",14,15,93.3333333333333,6,294.18,2.03956761166633,190.359643755524,2.76995521905729
"3366","sampling_area=Area_08__season=Autumn__sex=F","prey_42",12,15,80,6.93,294.18,2.35570059147461,188.456047317969,2.74225566686672
"3367","sampling_area=Area_08__season=Autumn__sex=F","prey_44",12,15,80,6.93,294.18,2.35570059147461,188.456047317969,2.74225566686672
"3368","sampling_area=Area_08__season=Autumn__sex=F","prey_15",13,15,86.6666666666667,6.31,294.18,2.14494527160242,185.89525687221,2.70499317403893
"3369","sampling_area=Area_08__season=Autumn__sex=F","prey_55",12,15,80,6.7,294.18,2.27751716636073,182.201373308859,2.65124285252627
"3370","sampling_area=Area_08__season=Autumn__sex=F","prey_59",12,15,80,6.52,294.18,2.21633013801074,177.306411040859,2.58001543260765
"3371","sampling_area=Area_08__season=Autumn__sex=F","prey_19",11,15,73.3333333333333,6.81,294.18,2.31490923924128,169.760010877694,2.47020649356645
"3372","sampling_area=Area_08__season=Autumn__sex=F","prey_40",11,15,73.3333333333333,6.18,294.18,2.10075464001632,154.055340267863,2.24168518799422
"3373","sampling_area=Area_08__season=Autumn__sex=F","prey_29",12,15,80,5.41,294.18,1.83901012985247,147.120810388198,2.14077967644285
"3374","sampling_area=Area_08__season=Autumn__sex=F","prey_54",10,15,66.6666666666667,6.32,294.18,2.1483445509552,143.22297006368,2.08406154576691
"3375","sampling_area=Area_08__season=Autumn__sex=F","prey_6",11,15,73.3333333333333,5.63,294.18,1.91379427561357,140.344913544995,2.04218246090736
"3376","sampling_area=Area_08__season=Autumn__sex=F","prey_3",10,15,66.6666666666667,6.15,294.18,2.09055680195799,139.370453463866,2.02800292823837
"3377","sampling_area=Area_08__season=Autumn__sex=F","prey_46",10,15,66.6666666666667,6.15,294.18,2.09055680195799,139.370453463866,2.02800292823837
"3378","sampling_area=Area_08__season=Autumn__sex=F","prey_17",10,15,66.6666666666667,6.01,294.18,2.0429668910191,136.197792734607,1.98183700792075
"3379","sampling_area=Area_08__season=Autumn__sex=F","prey_26",11,15,73.3333333333333,5.45,294.18,1.85260724726358,135.857864799329,1.97689065931529
"3380","sampling_area=Area_08__season=Autumn__sex=F","prey_5",11,15,73.3333333333333,5.21,294.18,1.77102454279693,129.875133138441,1.88983492385921
"3381","sampling_area=Area_08__season=Autumn__sex=F","prey_52",11,15,73.3333333333333,5.13,294.18,1.74383030797471,127.880889251479,1.86081634537385
"3382","sampling_area=Area_08__season=Autumn__sex=F","prey_47",10,15,66.6666666666667,5.44,294.18,1.8492079679108,123.280531194054,1.79387576091329
"3383","sampling_area=Area_08__season=Autumn__sex=F","prey_49",12,15,80,4.34,294.18,1.47528723910531,118.022979128425,1.71737223581552
"3384","sampling_area=Area_08__season=Autumn__sex=F","prey_56",11,15,73.3333333333333,4.62,294.18,1.57046706098307,115.167584472092,1.67582290752966
"3385","sampling_area=Area_08__season=Autumn__sex=F","prey_22",9,15,60,5.63,294.18,1.91379427561357,114.827656536814,1.6708765589242
"3386","sampling_area=Area_08__season=Autumn__sex=F","prey_51",10,15,66.6666666666667,4.96,294.18,1.6860425589775,112.402837265166,1.63559260553859
"3387","sampling_area=Area_08__season=Autumn__sex=F","prey_33",9,15,60,5.44,294.18,1.8492079679108,110.952478074648,1.61448818482196
"3388","sampling_area=Area_08__season=Autumn__sex=F","prey_43",10,15,66.6666666666667,4.83,294.18,1.64185192739139,109.456795159426,1.59272425095794
"3389","sampling_area=Area_08__season=Autumn__sex=F","prey_57",9,15,60,5.36,294.18,1.82201373308859,109.320823985315,1.59074571151576
"3390","sampling_area=Area_08__season=Autumn__sex=F","prey_36",9,15,60,5.29,294.18,1.79821877761914,107.893126657149,1.56997104737283
"3391","sampling_area=Area_08__season=Autumn__sex=F","prey_37",10,15,66.6666666666667,4.7,294.18,1.59766129580529,106.510753053686,1.54985589637729
"3392","sampling_area=Area_08__season=Autumn__sex=F","prey_2",10,15,66.6666666666667,4.42,294.18,1.50248147392753,100.165431595168,1.45752405574205
"3393","sampling_area=Area_08__season=Autumn__sex=F","prey_20",10,15,66.6666666666667,4.37,294.18,1.48548507716364,99.0323384775761,1.44103622705719
"3394","sampling_area=Area_08__season=Autumn__sex=F","prey_53",10,15,66.6666666666667,4.36,294.18,1.48208579781086,98.8057198540576,1.43773866132021
"3395","sampling_area=Area_08__season=Autumn__sex=F","prey_27",10,15,66.6666666666667,4.18,294.18,1.42089876946087,94.7265846307249,1.3783824780547
"3396","sampling_area=Area_08__season=Autumn__sex=F","prey_48",9,15,60,4.62,294.18,1.57046706098307,94.2280236589843,1.37112783343336
"3397","sampling_area=Area_08__season=Autumn__sex=F","prey_38",9,15,60,4.51,294.18,1.53307498810252,91.9844992861513,1.33848193263733
"3398","sampling_area=Area_08__season=Autumn__sex=F","prey_23",10,15,66.6666666666667,4,294.18,1.35971174111088,90.6474494073923,1.31902629478919
"3399","sampling_area=Area_08__season=Autumn__sex=F","prey_31",9,15,60,4.44,294.18,1.50928003263308,90.5568019579849,1.3177072684944
"3400","sampling_area=Area_08__season=Autumn__sex=F","prey_25",9,15,60,4.4,294.18,1.49568291522197,89.7409749133184,1.30583603184129
"3401","sampling_area=Area_08__season=Autumn__sex=F","prey_39",11,15,73.3333333333333,3.55,294.18,1.20674417023591,88.4945724839667,1.28769942028794
"3402","sampling_area=Area_08__season=Autumn__sex=F","prey_18",11,15,73.3333333333333,3.46,294.18,1.17615065606092,86.2510481111338,1.25505351949191
"3403","sampling_area=Area_08__season=Autumn__sex=F","prey_11",8,15,53.3333333333333,4.52,294.18,1.5364742674553,81.9452942642827,1.19239977048942
"3404","sampling_area=Area_08__season=Autumn__sex=F","prey_10",8,15,53.3333333333333,4.22,294.18,1.43449588687198,76.5064472998391,1.11325819280207
"3405","sampling_area=Area_08__season=Autumn__sex=F","prey_58",9,15,60,3.68,294.18,1.25093480182201,75.0560881093208,1.09215377208545
"3406","sampling_area=Area_08__season=Autumn__sex=F","prey_41",10,15,66.6666666666667,3.31,294.18,1.12516146576926,75.0107643846171,1.09149425893805
"3407","sampling_area=Area_08__season=Autumn__sex=F","prey_13",8,15,53.3333333333333,4.07,294.18,1.38350669658033,73.7870238176173,1.0736874039584
"3408","sampling_area=Area_08__season=Autumn__sex=F","prey_34",9,15,60,3.55,294.18,1.20674417023591,72.4046502141546,1.05357225296286
"3409","sampling_area=Area_08__season=Autumn__sex=F","prey_60",8,15,53.3333333333333,3.85,294.18,1.30872255081923,69.7985360436921,1.01565024698767
"3410","sampling_area=Area_08__season=Autumn__sex=F","prey_30",8,15,53.3333333333333,3.84,294.18,1.30532327146645,69.6172411448773,1.0130121943981
"3411","sampling_area=Area_08__season=Autumn__sex=F","prey_4",9,15,60,3.36,294.18,1.14215786253314,68.5294717519886,0.997183878860625
"3412","sampling_area=Area_08__season=Autumn__sex=F","prey_35",8,15,53.3333333333333,3.74,294.18,1.27133047793868,67.8042921567294,0.986631668502312
"3413","sampling_area=Area_08__season=Autumn__sex=F","prey_50",8,15,53.3333333333333,3.69,294.18,1.25433408117479,66.8978176626555,0.97344140555442
"3414","sampling_area=Area_08__season=Autumn__sex=F","prey_9",9,15,60,3.21,294.18,1.09116867224148,65.4701203344891,0.95266674141149
"3415","sampling_area=Area_08__season=Autumn__sex=F","prey_14",7,15,46.6666666666667,3.83,294.18,1.30192399211367,60.7564529653047,0.884077374082452
"3416","sampling_area=Area_08__season=Autumn__sex=F","prey_21",8,15,53.3333333333333,3.17,294.18,1.07757155483038,57.4704829242867,0.836262670896345
"3417","sampling_area=Area_08__season=Autumn__sex=F","prey_45",7,15,46.6666666666667,3.58,294.18,1.21694200829424,56.7906270537313,0.826369973685425
"3418","sampling_area=Area_08__season=Autumn__sex=F","prey_24",8,15,53.3333333333333,2.92,294.18,0.992589571010946,52.9381104539171,0.770311356156885
"3419","sampling_area=Area_08__season=Autumn__sex=F","prey_12",6,15,40,3.84,294.18,1.30532327146645,52.212930858658,0.759759145798572
"3420","sampling_area=Area_08__season=Autumn__sex=F","prey_28",4,15,26.6666666666667,1.46,294.18,0.496294785505473,13.2345276134793,0.192577839039221
"3421","sampling_area=Area_08__season=Autumn__sex=M","prey_16",19,19,100,10.01,382.85,2.61460101867572,261.460101867572,3.80866747703565
"3422","sampling_area=Area_08__season=Autumn__sex=M","prey_50",16,19,84.2105263157895,9.62,382.85,2.51273344651952,211.598606022697,3.08233922953535
"3423","sampling_area=Area_08__season=Autumn__sex=M","prey_9",14,19,73.6842105263158,10.1,382.85,2.63810891994254,194.386973048397,2.83161880883769
"3424","sampling_area=Area_08__season=Autumn__sex=M","prey_46",15,19,78.9473684210526,8.96,382.85,2.34034217056288,184.763855570754,2.69143965988533
"3425","sampling_area=Area_08__season=Autumn__sex=M","prey_38",15,19,78.9473684210526,8.9,382.85,2.32467023638501,183.526597609343,2.6734166264486
"3426","sampling_area=Area_08__season=Autumn__sex=M","prey_39",14,19,73.6842105263158,8.67,382.85,2.26459448870315,166.864857062337,2.43070644283394
"3427","sampling_area=Area_08__season=Autumn__sex=M","prey_57",15,19,78.9473684210526,7.95,382.85,2.07653127856863,163.936679886997,2.38805193036701
"3428","sampling_area=Area_08__season=Autumn__sex=M","prey_47",16,19,84.2105263157895,7.45,382.85,1.94593182708633,163.867943333585,2.38705065073163
"3429","sampling_area=Area_08__season=Autumn__sex=M","prey_3",13,19,68.4210526315789,8.04,382.85,2.10003917983544,143.686891251899,2.09307494978583
"3430","sampling_area=Area_08__season=Autumn__sex=M","prey_15",15,19,78.9473684210526,6.89,382.85,1.79966044142615,142.078455902064,2.06964500631807
"3431","sampling_area=Area_08__season=Autumn__sex=M","prey_44",16,19,84.2105263157895,6.39,382.85,1.66906098994384,140.552504416324,2.04741659841277
"3432","sampling_area=Area_08__season=Autumn__sex=M","prey_27",14,19,73.6842105263158,7.26,382.85,1.89630403552305,139.727665775383,2.03540124278828
"3433","sampling_area=Area_08__season=Autumn__sex=M","prey_19",13,19,68.4210526315789,7.78,382.85,2.03212746506465,139.040300241265,2.02538844643454
"3434","sampling_area=Area_08__season=Autumn__sex=M","prey_56",14,19,73.6842105263158,7.15,382.85,1.86757215619694,137.610579930301,2.00456183001876
"3435","sampling_area=Area_08__season=Autumn__sex=M","prey_23",13,19,68.4210526315789,7.55,382.85,1.97205171738279,134.929854347243,1.96551192423918
"3436","sampling_area=Area_08__season=Autumn__sex=M","prey_55",13,19,68.4210526315789,7.51,382.85,1.9616037612642,134.214994191761,1.95509861603129
"3437","sampling_area=Area_08__season=Autumn__sex=M","prey_12",15,19,78.9473684210526,6.48,382.85,1.69256889121066,133.62385983242,1.94648761116707
"3438","sampling_area=Area_08__season=Autumn__sex=M","prey_20",14,19,73.6842105263158,6.89,382.85,1.79966044142615,132.606558841926,1.93166867256354
"3439","sampling_area=Area_08__season=Autumn__sex=M","prey_7",15,19,78.9473684210526,6.42,382.85,1.67689695703278,132.386601871009,1.92846457773034
"3440","sampling_area=Area_08__season=Autumn__sex=M","prey_40",13,19,68.4210526315789,7.27,382.85,1.8989160245527,129.925833258869,1.89261876678395
"3441","sampling_area=Area_08__season=Autumn__sex=M","prey_53",13,19,68.4210526315789,7.07,382.85,1.84667624395978,126.351532481458,1.8405522257445
"3442","sampling_area=Area_08__season=Autumn__sex=M","prey_11",15,19,78.9473684210526,6.12,382.85,1.5985372861434,126.200312063952,1.83834941054668
"3443","sampling_area=Area_08__season=Autumn__sex=M","prey_21",13,19,68.4210526315789,7.03,382.85,1.83622828784119,125.636672325976,1.83013891753661
"3444","sampling_area=Area_08__season=Autumn__sex=M","prey_32",14,19,73.6842105263158,6.49,382.85,1.6951808802403,124.908064859812,1.81952535340165
"3445","sampling_area=Area_08__season=Autumn__sex=M","prey_41",14,19,73.6842105263158,6.47,382.85,1.68995690218101,124.523140160706,1.81391818744355
"3446","sampling_area=Area_08__season=Autumn__sex=M","prey_42",13,19,68.4210526315789,6.92,382.85,1.80749640851508,123.6708068984,1.80150231996491
"3447","sampling_area=Area_08__season=Autumn__sex=M","prey_60",13,19,68.4210526315789,6.83,382.85,1.78398850724827,122.062371548566,1.77807237649716
"3448","sampling_area=Area_08__season=Autumn__sex=M","prey_2",14,19,73.6842105263158,6.33,382.85,1.65338905576597,121.828667266966,1.77466802573689
"3449","sampling_area=Area_08__season=Autumn__sex=M","prey_1",12,19,63.1578947368421,6.92,382.85,1.80749640851508,114.157667906216,1.66292521842915
"3450","sampling_area=Area_08__season=Autumn__sex=M","prey_35",12,19,63.1578947368421,6.89,382.85,1.79966044142615,113.662764721651,1.65571600505446
"3451","sampling_area=Area_08__season=Autumn__sex=M","prey_37",12,19,63.1578947368421,6.78,382.85,1.77092856210004,111.848119711581,1.62928222268059
"3452","sampling_area=Area_08__season=Autumn__sex=M","prey_34",13,19,68.4210526315789,6.22,382.85,1.62465717643986,111.160754177464,1.61926942632685
"3453","sampling_area=Area_08__season=Autumn__sex=M","prey_54",12,19,63.1578947368421,6.73,382.85,1.75786861695181,111.023281070641,1.6172668670561
"3454","sampling_area=Area_08__season=Autumn__sex=M","prey_52",12,19,63.1578947368421,6.69,382.85,1.74742066083322,110.363410157888,1.60765458255651
"3455","sampling_area=Area_08__season=Autumn__sex=M","prey_43",13,19,68.4210526315789,6.15,382.85,1.60637325323234,109.90974890537,1.60104613696304
"3456","sampling_area=Area_08__season=Autumn__sex=M","prey_13",14,19,73.6842105263158,5.53,382.85,1.44442993339428,106.431679302736,1.55038138741311
"3457","sampling_area=Area_08__season=Autumn__sex=M","prey_17",13,19,68.4210526315789,5.84,382.85,1.52540159331331,104.369582700384,1.52034299835189
"3458","sampling_area=Area_08__season=Autumn__sex=M","prey_33",11,19,57.8947368421053,6.52,382.85,1.70301684732924,98.5957122137982,1.43623550898048
"3459","sampling_area=Area_08__season=Autumn__sex=M","prey_59",11,19,57.8947368421053,6.45,382.85,1.68473292412172,97.5371692912574,1.42081580259572
"3460","sampling_area=Area_08__season=Autumn__sex=M","prey_28",14,19,73.6842105263158,5.05,382.85,1.31905445997127,97.1934865241987,1.41580940441885
"3461","sampling_area=Area_08__season=Autumn__sex=M","prey_26",13,19,68.4210526315789,5.16,382.85,1.34778633929737,92.2169600571888,1.34331675881777
"3462","sampling_area=Area_08__season=Autumn__sex=M","prey_14",13,19,68.4210526315789,5.15,382.85,1.34517435026773,92.0382450183183,1.3407134317658
"3463","sampling_area=Area_08__season=Autumn__sex=M","prey_31",11,19,57.8947368421053,6.02,382.85,1.57241739584694,91.0346913385069,1.32609474908934
"3464","sampling_area=Area_08__season=Autumn__sex=M","prey_24",11,19,57.8947368421053,5.93,382.85,1.54890949458012,89.6737075809545,1.30626941230893
"3465","sampling_area=Area_08__season=Autumn__sex=M","prey_58",11,19,57.8947368421053,5.86,382.85,1.5306255713726,88.6151646584137,1.29084970592417
"3466","sampling_area=Area_08__season=Autumn__sex=M","prey_4",11,19,57.8947368421053,5.8,382.85,1.51495363719472,87.7078421533787,1.27763281473723
"3467","sampling_area=Area_08__season=Autumn__sex=M","prey_5",11,19,57.8947368421053,5.75,382.85,1.50189369204649,86.9517400658496,1.26661873874812
"3468","sampling_area=Area_08__season=Autumn__sex=M","prey_10",12,19,63.1578947368421,5.09,382.85,1.32950241608985,83.9685736477801,1.22316320257289
"3469","sampling_area=Area_08__season=Autumn__sex=M","prey_49",12,19,63.1578947368421,4.92,382.85,1.28509860258587,81.1641222685812,1.18231099344963
"3470","sampling_area=Area_08__season=Autumn__sex=M","prey_25",11,19,57.8947368421053,5.13,382.85,1.33995037220844,77.5760741804884,1.13004419648311
"3471","sampling_area=Area_08__season=Autumn__sex=M","prey_30",10,19,52.6315789473684,5.36,382.85,1.4000261198903,73.685585257384,1.07337176912094
"3472","sampling_area=Area_08__season=Autumn__sex=M","prey_29",10,19,52.6315789473684,5.34,382.85,1.394802141831,73.410639043737,1.06936665057944
"3473","sampling_area=Area_08__season=Autumn__sex=M","prey_8",11,19,57.8947368421053,4.37,382.85,1.14143920595533,66.0833224500457,0.962630241448571
"3474","sampling_area=Area_08__season=Autumn__sex=M","prey_51",11,19,57.8947368421053,4.35,382.85,1.13621522789604,65.780881615034,0.958224611052926
"3475","sampling_area=Area_08__season=Autumn__sex=M","prey_6",10,19,52.6315789473684,4.65,382.85,1.21457489878543,63.9249946729171,0.931190060897827
"3476","sampling_area=Area_08__season=Autumn__sex=M","prey_22",8,19,42.1052631578947,5.26,382.85,1.37390622959384,57.8486833513194,0.842676941130765
"3477","sampling_area=Area_08__season=Autumn__sex=M","prey_48",9,19,47.3684210526316,4.04,382.85,1.05524356797701,49.9852216410165,0.728130550843979
"3478","sampling_area=Area_08__season=Autumn__sex=M","prey_36",10,19,52.6315789473684,3.43,382.85,0.895912237168604,47.1532756404528,0.686877829866569
"3479","sampling_area=Area_08__season=Autumn__sex=M","prey_18",8,19,42.1052631578947,3.05,382.85,0.796656654042053,33.5434380649285,0.488624462062516
"3480","sampling_area=Area_08__season=Autumn__sex=M","prey_45",4,19,21.0526315789474,1.87,382.85,0.488441948543816,10.2829883903961,0.149791433451952
"3481","sampling_area=Area_08__season=Spring__sex=F","prey_51",16,20,80,10.7,400.87,2.66919450195824,213.535560156659,3.23636219278662
"3482","sampling_area=Area_08__season=Spring__sex=F","prey_10",17,20,85,9.89,400.87,2.4671339835857,209.706388604785,3.1783269595398
"3483","sampling_area=Area_08__season=Spring__sex=F","prey_18",16,20,80,9.21,400.87,2.2975029311248,183.800234489984,2.78569119584717
"3484","sampling_area=Area_08__season=Spring__sex=F","prey_7",17,20,85,7.88,400.87,1.9657245491057,167.086586673984,2.53237779991644
"3485","sampling_area=Area_08__season=Spring__sex=F","prey_44",15,20,75,7.88,400.87,1.9657245491057,147.429341182927,2.23445099992627
"3486","sampling_area=Area_08__season=Spring__sex=F","prey_22",17,20,85,6.93,400.87,1.72873999052062,146.942899194253,2.2270784458656
"3487","sampling_area=Area_08__season=Spring__sex=F","prey_16",14,20,70,8.32,400.87,2.0754858183451,145.284007284157,2.20193614612024
"3488","sampling_area=Area_08__season=Spring__sex=F","prey_56",13,20,65,8.81,400.87,2.19771995908898,142.851797340784,2.16507337581689
"3489","sampling_area=Area_08__season=Spring__sex=F","prey_54",15,20,75,7.59,400.87,1.89338189437972,142.003642078479,2.15221866617264
"3490","sampling_area=Area_08__season=Spring__sex=F","prey_13",14,20,70,8.12,400.87,2.02559433232719,141.791603262903,2.14900498876158
"3491","sampling_area=Area_08__season=Spring__sex=F","prey_28",14,20,70,8.09,400.87,2.0181106094245,141.267742659715,2.14106531515778
"3492","sampling_area=Area_08__season=Spring__sex=F","prey_17",13,20,65,8.67,400.87,2.16279591887644,140.581734726969,2.13066812353376
"3493","sampling_area=Area_08__season=Spring__sex=F","prey_15",14,20,70,7.72,400.87,1.92581136029137,134.806795220396,2.04314267404426
"3494","sampling_area=Area_08__season=Spring__sex=F","prey_19",14,20,70,7.67,400.87,1.91333848878689,133.933694215082,2.0299098847046
"3495","sampling_area=Area_08__season=Spring__sex=F","prey_12",14,20,70,7.63,400.87,1.90336019158331,133.235213410831,2.01932365323287
"3496","sampling_area=Area_08__season=Spring__sex=F","prey_47",13,20,65,8,400.87,1.99565944071644,129.717863646569,1.96601441617879
"3497","sampling_area=Area_08__season=Spring__sex=F","prey_57",13,20,65,7.96,400.87,1.98568114351286,129.069274328336,1.95618434409789
"3498","sampling_area=Area_08__season=Spring__sex=F","prey_58",14,20,70,7.29,400.87,1.81854466535286,127.2981265747,1.92934068572314
"3499","sampling_area=Area_08__season=Spring__sex=F","prey_5",13,20,65,7.81,400.87,1.94826252899943,126.637064384963,1.91932157379454
"3500","sampling_area=Area_08__season=Spring__sex=F","prey_32",14,20,70,7.24,400.87,1.80607179384838,126.425025569387,1.91610789638348
"3501","sampling_area=Area_08__season=Spring__sex=F","prey_20",13,20,65,7.75,400.87,1.93329508319405,125.664180407613,1.9045764656732
"3502","sampling_area=Area_08__season=Spring__sex=F","prey_8",15,20,75,6.55,400.87,1.63394616708659,122.545962531494,1.85731650374582
"3503","sampling_area=Area_08__season=Spring__sex=F","prey_59",13,20,65,7.45,400.87,1.85845785416719,120.799760520867,1.83085092506649
"3504","sampling_area=Area_08__season=Spring__sex=F","prey_52",13,20,65,7.44,400.87,1.85596327986629,120.637613191309,1.82839340704627
"3505","sampling_area=Area_08__season=Spring__sex=F","prey_2",15,20,75,6.38,400.87,1.59153840397136,119.365380297852,1.8091113425799
"3506","sampling_area=Area_08__season=Spring__sex=F","prey_60",14,20,70,6.79,400.87,1.69381595030808,118.567116521566,1.79701279232649
"3507","sampling_area=Area_08__season=Spring__sex=F","prey_42",12,20,60,7.92,400.87,1.97570284630928,118.542170778557,1.79663471263108
"3508","sampling_area=Area_08__season=Spring__sex=F","prey_14",12,20,60,7.59,400.87,1.89338189437972,113.602913662783,1.72177493293811
"3509","sampling_area=Area_08__season=Spring__sex=F","prey_31",14,20,70,6.48,400.87,1.61648414698032,113.153890288622,1.71496949842057
"3510","sampling_area=Area_08__season=Spring__sex=F","prey_43",12,20,60,7.33,400.87,1.82852296255644,109.711377753386,1.66279450045275
"3511","sampling_area=Area_08__season=Spring__sex=F","prey_45",13,20,65,6.69,400.87,1.66887020729912,108.476563474443,1.64407955552951
"3512","sampling_area=Area_08__season=Spring__sex=F","prey_6",14,20,70,6.16,400.87,1.53665776935166,107.566043854616,1.63027964664672
"3513","sampling_area=Area_08__season=Spring__sex=F","prey_35",13,20,65,6.1,400.87,1.52169032354629,98.9098710305086,1.49908599233632
"3514","sampling_area=Area_08__season=Spring__sex=F","prey_21",14,20,70,5.65,400.87,1.40943448000599,98.6604136004191,1.49530519538213
"3515","sampling_area=Area_08__season=Spring__sex=F","prey_3",11,20,55,7.16,400.87,1.78611519944122,98.2363359692668,1.48887784056001
"3516","sampling_area=Area_08__season=Spring__sex=F","prey_37",15,20,75,5.22,400.87,1.30216778506748,97.6625838800609,1.48018200756537
"3517","sampling_area=Area_08__season=Spring__sex=F","prey_49",14,20,70,5.48,400.87,1.36702671689076,95.6918701823534,1.45031371162727
"3518","sampling_area=Area_08__season=Spring__sex=F","prey_41",14,20,70,5.46,400.87,1.36203756828897,95.342629780228,1.44502059589141
"3519","sampling_area=Area_08__season=Spring__sex=F","prey_24",13,20,65,5.75,400.87,1.43438022301494,93.2347144959713,1.4130728616285
"3520","sampling_area=Area_08__season=Spring__sex=F","prey_48",12,20,60,6.17,400.87,1.53915234365256,92.3491406191533,1.39965103244113
"3521","sampling_area=Area_08__season=Spring__sex=F","prey_29",12,20,60,6.06,400.87,1.5117120263427,90.7027215805623,1.37469777254347
"3522","sampling_area=Area_08__season=Spring__sex=F","prey_46",13,20,65,5.5,400.87,1.37201586549255,89.181031257016,1.35163491112292
"3523","sampling_area=Area_08__season=Spring__sex=F","prey_25",13,20,65,5.36,400.87,1.33709182528002,86.910968643201,1.31722965883979
"3524","sampling_area=Area_08__season=Spring__sex=F","prey_4",12,20,60,5.79,400.87,1.44435852021852,86.6615112131115,1.3134488618856
"3525","sampling_area=Area_08__season=Spring__sex=F","prey_55",11,20,55,6.24,400.87,1.55661436375882,85.6137900067354,1.297569514678
"3526","sampling_area=Area_08__season=Spring__sex=F","prey_40",11,20,55,6.23,400.87,1.55411978945793,85.4765884201861,1.29549007635319
"3527","sampling_area=Area_08__season=Spring__sex=F","prey_23",11,20,55,5.88,400.87,1.46680968892658,80.6745328909622,1.22270973498504
"3528","sampling_area=Area_08__season=Spring__sex=F","prey_11",10,20,50,6.35,400.87,1.58405468106868,79.2027340534338,1.20040303295532
"3529","sampling_area=Area_08__season=Spring__sex=F","prey_50",13,20,65,4.85,400.87,1.20986853593434,78.6414548357323,1.19189623980839
"3530","sampling_area=Area_08__season=Spring__sex=F","prey_30",13,20,65,4.81,400.87,1.19989023873076,77.9928655174994,1.1820661677275
"3531","sampling_area=Area_08__season=Spring__sex=F","prey_36",11,20,55,5.36,400.87,1.33709182528002,73.5400503904009,1.1145789420952
"3532","sampling_area=Area_08__season=Spring__sex=F","prey_1",11,20,55,5.25,400.87,1.30965150797016,72.0308329383591,1.09170512052236
"3533","sampling_area=Area_08__season=Spring__sex=F","prey_27",11,20,55,5.24,400.87,1.30715693366927,71.8936313518098,1.08962568219755
"3534","sampling_area=Area_08__season=Spring__sex=F","prey_26",12,20,60,4.78,400.87,1.19240651582807,71.5443909496844,1.08433256646168
"3535","sampling_area=Area_08__season=Spring__sex=F","prey_34",10,20,50,5.72,400.87,1.42689650011226,71.3448250056128,1.08130792889833
"3536","sampling_area=Area_08__season=Spring__sex=F","prey_38",10,20,50,4.52,400.87,1.12754758400479,56.3773792002395,0.854460111646934
"3537","sampling_area=Area_08__season=Spring__sex=F","prey_39",10,20,50,4.5,400.87,1.122558435403,56.1279217701499,0.850679314692744
"3538","sampling_area=Area_08__season=Spring__sex=F","prey_33",9,20,45,4.98,400.87,1.24229800184599,55.9034100830693,0.847276597433973
"3539","sampling_area=Area_08__season=Spring__sex=F","prey_53",10,20,50,4.43,400.87,1.10509641529673,55.2548207648365,0.837446525353079
"3540","sampling_area=Area_08__season=Spring__sex=F","prey_9",8,20,40,4.09,400.87,1.02028088906628,40.8112355626512,0.61853838170548
"3541","sampling_area=Area_08__season=Spring__sex=M","prey_40",23,27,85.1851851851852,11.92,506.56,2.35312697409981,200.451557052947,3.06678330048346
"3542","sampling_area=Area_08__season=Spring__sex=M","prey_57",23,27,85.1851851851852,11.89,506.56,2.34720467466835,199.947064879156,3.05906488613661
"3543","sampling_area=Area_08__season=Spring__sex=M","prey_46",20,27,74.0740740740741,11.61,506.56,2.29192987997473,169.772583701832,2.59741421933273
"3544","sampling_area=Area_08__season=Spring__sex=M","prey_13",20,27,74.0740740740741,11.09,506.56,2.18927668982944,162.168643691069,2.48107869874246
"3545","sampling_area=Area_08__season=Spring__sex=M","prey_26",18,27,66.6666666666667,11.34,506.56,2.2386291850916,149.241945672773,2.283308313739
"3546","sampling_area=Area_08__season=Spring__sex=M","prey_25",20,27,74.0740740740741,9.9,506.56,1.95435881238155,144.767319435671,2.21484933431473
"3547","sampling_area=Area_08__season=Spring__sex=M","prey_24",21,27,77.7777777777778,9.41,506.56,1.85762792166772,144.482171685267,2.21048675229259
"3548","sampling_area=Area_08__season=Spring__sex=M","prey_12",19,27,70.3703703703704,10.06,506.56,1.98594440934934,139.751643620879,2.13811263515615
"3549","sampling_area=Area_08__season=Spring__sex=M","prey_6",20,27,74.0740740740741,9.54,506.56,1.88329121920404,139.503053274374,2.13430935852147
"3550","sampling_area=Area_08__season=Spring__sex=M","prey_29",19,27,70.3703703703704,9.94,506.56,1.9622552116235,138.084626003135,2.11260830948828
"3551","sampling_area=Area_08__season=Spring__sex=M","prey_4",19,27,70.3703703703704,9.93,506.56,1.96028111181301,137.945707868323,2.11048294901596
"3552","sampling_area=Area_08__season=Spring__sex=M","prey_35",19,27,70.3703703703704,9.35,506.56,1.8457833228048,129.888456049227,1.98721204162127
"3553","sampling_area=Area_08__season=Spring__sex=M","prey_21",20,27,74.0740740740741,8.84,506.56,1.74510423246999,129.266980182962,1.97770385003457
"3554","sampling_area=Area_08__season=Spring__sex=M","prey_1",18,27,66.6666666666667,9.79,506.56,1.9326437144662,128.842914297747,1.97121590754011
"3555","sampling_area=Area_08__season=Spring__sex=M","prey_19",18,27,66.6666666666667,9.69,506.56,1.91290271636134,127.526847757423,1.95108091359179
"3556","sampling_area=Area_08__season=Spring__sex=M","prey_10",19,27,70.3703703703704,9.13,506.56,1.8023531269741,126.832257083363,1.94045411123018
"3557","sampling_area=Area_08__season=Spring__sex=M","prey_32",19,27,70.3703703703704,8.69,506.56,1.7154927353127,120.719859151634,1.846938250448
"3558","sampling_area=Area_08__season=Spring__sex=M","prey_31",18,27,66.6666666666667,8.83,506.56,1.74313013265951,116.208675510634,1.77791996563628
"3559","sampling_area=Area_08__season=Spring__sex=M","prey_54",18,27,66.6666666666667,8.76,506.56,1.7293114339861,115.287428932407,1.76382546987246
"3560","sampling_area=Area_08__season=Spring__sex=M","prey_8",19,27,70.3703703703704,8.28,506.56,1.63455464308275,115.024215624342,1.75979847108279
"3561","sampling_area=Area_08__season=Spring__sex=M","prey_60",21,27,77.7777777777778,7.47,506.56,1.47465255843335,114.695198989261,1.75476472259571
"3562","sampling_area=Area_08__season=Spring__sex=M","prey_47",17,27,62.962962962963,9.19,506.56,1.81419772583702,114.227264219368,1.74760561363631
"3563","sampling_area=Area_08__season=Spring__sex=M","prey_49",16,27,59.2592592592593,9.74,506.56,1.92277321541377,113.942116468964,1.74324303161418
"3564","sampling_area=Area_08__season=Spring__sex=M","prey_44",18,27,66.6666666666667,8.62,506.56,1.70167403663929,113.444935775953,1.73563647834481
"3565","sampling_area=Area_08__season=Spring__sex=M","prey_41",17,27,62.962962962963,8.97,506.56,1.77076753000632,111.492770407805,1.70576957065481
"3566","sampling_area=Area_08__season=Spring__sex=M","prey_28",17,27,62.962962962963,8.78,506.56,1.73325963360707,109.131162116001,1.66963844262533
"3567","sampling_area=Area_08__season=Spring__sex=M","prey_34",17,27,62.962962962963,8.78,506.56,1.73325963360707,109.131162116001,1.66963844262533
"3568","sampling_area=Area_08__season=Spring__sex=M","prey_36",17,27,62.962962962963,8.77,506.56,1.73128553379659,109.006866942748,1.66773680430799
"3569","sampling_area=Area_08__season=Spring__sex=M","prey_20",19,27,70.3703703703704,7.84,506.56,1.54769425142135,108.911817692614,1.66628261030062
"3570","sampling_area=Area_08__season=Spring__sex=M","prey_39",19,27,70.3703703703704,7.84,506.56,1.54769425142135,108.911817692614,1.66628261030062
"3571","sampling_area=Area_08__season=Spring__sex=M","prey_48",19,27,70.3703703703704,7.78,506.56,1.53584965255843,108.078308883742,1.65353044746668
"3572","sampling_area=Area_08__season=Spring__sex=M","prey_59",19,27,70.3703703703704,7.77,506.56,1.53387555274795,107.93939074893,1.65140508699436
"3573","sampling_area=Area_08__season=Spring__sex=M","prey_17",16,27,59.2592592592593,9.06,506.56,1.78853442830069,105.987225380782,1.62153817930436
"3574","sampling_area=Area_08__season=Spring__sex=M","prey_56",18,27,66.6666666666667,8.04,506.56,1.58717624763108,105.811749842072,1.61885351344458
"3575","sampling_area=Area_08__season=Spring__sex=M","prey_52",16,27,59.2592592592593,9.02,506.56,1.78063802905875,105.519290610889,1.61437907034496
"3576","sampling_area=Area_08__season=Spring__sex=M","prey_43",16,27,59.2592592592593,8.82,506.56,1.74115603284902,103.179616761423,1.57858352554795
"3577","sampling_area=Area_08__season=Spring__sex=M","prey_22",17,27,62.962962962963,8.05,506.56,1.58915034744157,100.057614468543,1.53081884545945
"3578","sampling_area=Area_08__season=Spring__sex=M","prey_55",16,27,59.2592592592593,8.5,506.56,1.67798483891346,99.4361386022788,1.52131065387274
"3579","sampling_area=Area_08__season=Spring__sex=M","prey_23",18,27,66.6666666666667,7.5,506.56,1.48057485786481,98.7049905243209,1.51012454612368
"3580","sampling_area=Area_08__season=Spring__sex=M","prey_14",16,27,59.2592592592593,8.41,506.56,1.66021794061908,98.3832853700194,1.50520265871409
"3581","sampling_area=Area_08__season=Spring__sex=M","prey_37",16,27,59.2592592592593,8.32,506.56,1.6424510423247,97.33043213776,1.48909466355544
"3582","sampling_area=Area_08__season=Spring__sex=M","prey_5",15,27,55.5555555555556,8.74,506.56,1.72536323436513,95.853513020285,1.46649872590233
"3583","sampling_area=Area_08__season=Spring__sex=M","prey_2",15,27,55.5555555555556,8.34,506.56,1.64639924194567,91.4666245525374,1.39938207940794
"3584","sampling_area=Area_08__season=Spring__sex=M","prey_33",16,27,59.2592592592593,7.75,506.56,1.52992735312697,90.6623616667836,1.38707736088397
"3585","sampling_area=Area_08__season=Spring__sex=M","prey_30",18,27,66.6666666666667,6.88,506.56,1.35818066961466,90.5453779743104,1.38528758364412
"3586","sampling_area=Area_08__season=Spring__sex=M","prey_16",16,27,59.2592592592593,7.7,506.56,1.52005685407454,90.0774432044173,1.37812847468472
"3587","sampling_area=Area_08__season=Spring__sex=M","prey_18",17,27,62.962962962963,7.12,506.56,1.40555906506633,88.4981633560282,1.35396648194674
"3588","sampling_area=Area_08__season=Spring__sex=M","prey_27",16,27,59.2592592592593,7.36,506.56,1.452937460518,86.0999976603261,1.31727604852981
"3589","sampling_area=Area_08__season=Spring__sex=M","prey_15",15,27,55.5555555555556,7.84,506.56,1.54769425142135,85.9830139678529,1.31548627128996
"3590","sampling_area=Area_08__season=Spring__sex=M","prey_53",17,27,62.962962962963,6.73,506.56,1.32856917245736,83.6506515991671,1.27980258757044
"3591","sampling_area=Area_08__season=Spring__sex=M","prey_51",15,27,55.5555555555556,7.43,506.56,1.46675615919141,81.4864532884116,1.24669170863321
"3592","sampling_area=Area_08__season=Spring__sex=M","prey_3",16,27,59.2592592592593,6.81,506.56,1.34436197094125,79.6658945742963,1.21883830033804
"3593","sampling_area=Area_08__season=Spring__sex=M","prey_50",14,27,51.8518518518518,7.57,506.56,1.49439355653822,77.4870733019817,1.18550369924583
"3594","sampling_area=Area_08__season=Spring__sex=M","prey_58",16,27,59.2592592592593,6.18,506.56,1.21999368288061,72.2959219484804,1.10608233422748
"3595","sampling_area=Area_08__season=Spring__sex=M","prey_7",13,27,48.1481481481481,7.36,506.56,1.452937460518,69.956248099015,1.07028678943047
"3596","sampling_area=Area_08__season=Spring__sex=M","prey_38",15,27,55.5555555555556,6,506.56,1.18445988629185,65.8033270162139,1.00674969741579
"3597","sampling_area=Area_08__season=Spring__sex=M","prey_11",13,27,48.1481481481481,5.85,506.56,1.15484838913455,55.6038113287008,0.850703494316339
"3598","sampling_area=Area_08__season=Spring__sex=M","prey_9",13,27,48.1481481481481,5.78,506.56,1.14102969046115,54.9384665777591,0.84052413626469
"3599","sampling_area=Area_08__season=Spring__sex=M","prey_45",13,27,48.1481481481481,5.23,506.56,1.0324542008844,49.7107578203598,0.760543465858881
"3600","sampling_area=Area_08__season=Spring__sex=M","prey_42",14,27,51.8518518518518,4.63,506.56,0.914008212255212,47.3930184132332,0.725083504294347
"3601","sampling_area=Area_08__season=Summer__sex=F","prey_40",19,21,90.4761904761905,10.08,417.22,2.41599156320407,218.58971286132,3.21333116337286
"3602","sampling_area=Area_08__season=Summer__sex=F","prey_35",19,21,90.4761904761905,9.66,417.22,2.31532524807056,209.481808158765,3.07944236489899
"3603","sampling_area=Area_08__season=Summer__sex=F","prey_9",17,21,80.9523809523809,9.86,417.22,2.36326158861033,191.311652411312,2.81233588974811
"3604","sampling_area=Area_08__season=Summer__sex=F","prey_1",16,21,76.1904761904762,9.44,417.22,2.26259527347682,172.38821131252,2.53415590494902
"3605","sampling_area=Area_08__season=Summer__sex=F","prey_18",18,21,85.7142857142857,8,417.22,1.91745362159053,164.353167564902,2.4160384687014
"3606","sampling_area=Area_08__season=Summer__sex=F","prey_11",15,21,71.4285714285714,9.4,417.22,2.25300800536887,160.929143240634,2.36570433393678
"3607","sampling_area=Area_08__season=Summer__sex=F","prey_12",17,21,80.9523809523809,7.93,417.22,1.90067590240161,153.864239718226,2.26184823587247
"3608","sampling_area=Area_08__season=Summer__sex=F","prey_51",17,21,80.9523809523809,7.81,417.22,1.87191409807775,151.535903177723,2.22762102423253
"3609","sampling_area=Area_08__season=Summer__sex=F","prey_26",15,21,71.4285714285714,8.77,417.22,2.10200853266862,150.143466619187,2.20715180942825
"3610","sampling_area=Area_08__season=Summer__sex=F","prey_22",14,21,66.6666666666667,9.33,417.22,2.23623028617995,149.082019078664,2.19154822765122
"3611","sampling_area=Area_08__season=Summer__sex=F","prey_60",16,21,76.1904761904762,8.12,417.22,1.94621542591439,148.283080069667,2.17980359620615
"3612","sampling_area=Area_08__season=Summer__sex=F","prey_43",16,21,76.1904761904762,7.99,417.22,1.91505680456354,145.909089871508,2.14490526276935
"3613","sampling_area=Area_08__season=Summer__sex=F","prey_13",15,21,71.4285714285714,8.32,417.22,1.99415176645415,142.439411889582,2.09390000620788
"3614","sampling_area=Area_08__season=Summer__sex=F","prey_32",17,21,80.9523809523809,7.07,417.22,1.69454963808063,137.177827844622,2.01655321911959
"3615","sampling_area=Area_08__season=Summer__sex=F","prey_16",16,21,76.1904761904762,7.46,417.22,1.78802550213317,136.230514448241,2.00262744183471
"3616","sampling_area=Area_08__season=Summer__sex=F","prey_57",15,21,71.4285714285714,7.78,417.22,1.86472364699679,133.194546214056,1.95799784234342
"3617","sampling_area=Area_08__season=Summer__sex=F","prey_48",14,21,66.6666666666667,8.22,417.22,1.97018359618427,131.345573078951,1.93081740957053
"3618","sampling_area=Area_08__season=Summer__sex=F","prey_49",16,21,76.1904761904762,7.1,417.22,1.70174008916159,129.656387745645,1.90598590308666
"3619","sampling_area=Area_08__season=Summer__sex=F","prey_15",14,21,66.6666666666667,7.96,417.22,1.90786635348257,127.191090232172,1.86974532605614
"3620","sampling_area=Area_08__season=Summer__sex=F","prey_46",16,21,76.1904761904762,6.95,417.22,1.66578783375677,126.91716828623,1.86571859527497
"3621","sampling_area=Area_08__season=Summer__sex=F","prey_58",15,21,71.4285714285714,7.37,417.22,1.76645414889027,126.175296349305,1.85481286607597
"3622","sampling_area=Area_08__season=Summer__sex=F","prey_37",14,21,66.6666666666667,7.77,417.22,1.8623268299698,124.155121997987,1.82511572656485
"3623","sampling_area=Area_08__season=Summer__sex=F","prey_39",15,21,71.4285714285714,7.08,417.22,1.69694645510762,121.210461079116,1.78182837066728
"3624","sampling_area=Area_08__season=Summer__sex=F","prey_54",13,21,61.9047619047619,8.06,417.22,1.93183452375246,119.589756232295,1.7580035468787
"3625","sampling_area=Area_08__season=Summer__sex=F","prey_21",16,21,76.1904761904762,6.51,417.22,1.56032788456929,118.882124538613,1.74760115902734
"3626","sampling_area=Area_08__season=Summer__sex=F","prey_41",15,21,71.4285714285714,6.85,417.22,1.64181966348689,117.272833106206,1.72394411568798
"3627","sampling_area=Area_08__season=Summer__sex=F","prey_27",13,21,61.9047619047619,7.56,417.22,1.81199367240305,112.171036863046,1.6489462548887
"3628","sampling_area=Area_08__season=Summer__sex=F","prey_47",13,21,61.9047619047619,7.56,417.22,1.81199367240305,112.171036863046,1.6489462548887
"3629","sampling_area=Area_08__season=Summer__sex=F","prey_33",14,21,66.6666666666667,6.92,417.22,1.65859738267581,110.573158845054,1.62545699199855
"3630","sampling_area=Area_08__season=Summer__sex=F","prey_14",15,21,71.4285714285714,6.45,417.22,1.54594698240736,110.424784457669,1.62327584615875
"3631","sampling_area=Area_08__season=Summer__sex=F","prey_56",14,21,66.6666666666667,6.87,417.22,1.64661329754087,109.774219836058,1.61371236055347
"3632","sampling_area=Area_08__season=Summer__sex=F","prey_24",16,21,76.1904761904762,5.94,417.22,1.42370931403097,108.473090592836,1.59458538934292
"3633","sampling_area=Area_08__season=Summer__sex=F","prey_4",14,21,66.6666666666667,6.74,417.22,1.61545467619002,107.696978412668,1.58317631879628
"3634","sampling_area=Area_08__season=Summer__sex=F","prey_25",14,21,66.6666666666667,6.71,417.22,1.60826422510906,107.21761500727,1.57612953992923
"3635","sampling_area=Area_08__season=Summer__sex=F","prey_30",14,21,66.6666666666667,6.71,417.22,1.60826422510906,107.21761500727,1.57612953992923
"3636","sampling_area=Area_08__season=Summer__sex=F","prey_42",15,21,71.4285714285714,6.21,417.22,1.48842337375965,106.315955268546,1.56287488444122
"3637","sampling_area=Area_08__season=Summer__sex=F","prey_28",13,21,61.9047619047619,7.16,417.22,1.71612099132352,106.236061367647,1.56170042129671
"3638","sampling_area=Area_08__season=Summer__sex=F","prey_23",12,21,57.1428571428571,7.68,417.22,1.84075547672691,105.186027241538,1.54626461996889
"3639","sampling_area=Area_08__season=Summer__sex=F","prey_8",13,21,61.9047619047619,6.98,417.22,1.67297828483774,103.565322394717,1.52243979618031
"3640","sampling_area=Area_08__season=Summer__sex=F","prey_50",12,21,57.1428571428571,7.51,417.22,1.80000958726811,102.857690701035,1.51203740832896
"3641","sampling_area=Area_08__season=Summer__sex=F","prey_45",15,21,71.4285714285714,5.99,417.22,1.43569339916591,102.549528511851,1.50750733620014
"3642","sampling_area=Area_08__season=Summer__sex=F","prey_20",13,21,61.9047619047619,6.76,417.22,1.620248310244,100.301085872247,1.47445458770471
"3643","sampling_area=Area_08__season=Summer__sex=F","prey_7",14,21,66.6666666666667,6.16,417.22,1.47643928862471,98.4292859083137,1.44693859403339
"3644","sampling_area=Area_08__season=Summer__sex=F","prey_34",14,21,66.6666666666667,6.09,417.22,1.45966156943579,97.3107712957193,1.43049611001028
"3645","sampling_area=Area_08__season=Summer__sex=F","prey_29",14,21,66.6666666666667,5.93,417.22,1.42131249700398,94.7541664669319,1.39291328938604
"3646","sampling_area=Area_08__season=Summer__sex=F","prey_38",11,21,52.3809523809524,7.24,417.22,1.73529552753943,90.8964323949224,1.33620349755124
"3647","sampling_area=Area_08__season=Summer__sex=F","prey_17",12,21,57.1428571428571,6.57,417.22,1.57470878673122,89.983359241784,1.32278106161401
"3648","sampling_area=Area_08__season=Summer__sex=F","prey_2",13,21,61.9047619047619,5.95,417.22,1.42610613105796,88.2827604940639,1.29778177468092
"3649","sampling_area=Area_08__season=Summer__sex=F","prey_31",13,21,61.9047619047619,5.48,417.22,1.31345573078951,81.3091642869698,1.19526792021033
"3650","sampling_area=Area_08__season=Summer__sex=F","prey_44",12,21,57.1428571428571,5.72,417.22,1.37097933943723,78.3416765392701,1.15164500341433
"3651","sampling_area=Area_08__season=Summer__sex=F","prey_53",11,21,52.3809523809524,6.02,417.22,1.44288385024687,75.5796302510266,1.11104213470421
"3652","sampling_area=Area_08__season=Summer__sex=F","prey_10",11,21,52.3809523809524,5.96,417.22,1.42850294808494,74.8263448996875,1.099968625056
"3653","sampling_area=Area_08__season=Summer__sex=F","prey_36",12,21,57.1428571428571,5.03,417.22,1.20559896457504,68.8913694042883,1.012722791464
"3654","sampling_area=Area_08__season=Summer__sex=F","prey_3",10,21,47.6190476190476,5.52,417.22,1.32304299889746,63.0020475665459,0.926148079668868
"3655","sampling_area=Area_08__season=Summer__sex=F","prey_5",10,21,47.6190476190476,4.93,417.22,1.18163079430516,56.2681330621506,0.827157614631797
"3656","sampling_area=Area_08__season=Summer__sex=F","prey_52",9,21,42.8571428571429,4.86,417.22,1.16485307511625,49.9222746478391,0.733871684868049
"3657","sampling_area=Area_08__season=Summer__sex=F","prey_55",12,21,57.1428571428571,3.45,417.22,0.826901874310915,47.2515356749094,0.694611059751651
"3658","sampling_area=Area_08__season=Summer__sex=F","prey_6",9,21,42.8571428571429,4.51,417.22,1.08096447917166,46.3270491073568,0.681020843365206
"3659","sampling_area=Area_08__season=Summer__sex=F","prey_59",11,21,52.3809523809524,3.34,417.22,0.800536887014045,41.9328845578786,0.616425370417287
"3660","sampling_area=Area_08__season=Summer__sex=F","prey_19",9,21,42.8571428571429,3.82,417.22,0.915584104309477,39.2393187561204,0.576829184402458
"3661","sampling_area=Area_08__season=Summer__sex=M","prey_58",17,18,94.4444444444444,9.2,358.44,2.56667782613548,242.408461357239,3.60364511929586
"3662","sampling_area=Area_08__season=Summer__sex=M","prey_3",14,18,77.7777777777778,9.39,358.44,2.61968530297958,203.753301342856,3.02899736178155
"3663","sampling_area=Area_08__season=Summer__sex=M","prey_31",14,18,77.7777777777778,9.16,358.44,2.55551835732619,198.762538903148,2.95480466814898
"3664","sampling_area=Area_08__season=Summer__sex=M","prey_15",14,18,77.7777777777778,8.46,358.44,2.36022765316371,183.573261912733,2.72900081796293
"3665","sampling_area=Area_08__season=Summer__sex=M","prey_60",14,18,77.7777777777778,7.68,358.44,2.14261801138266,166.648067551985,2.47739081346989
"3666","sampling_area=Area_08__season=Summer__sex=M","prey_38",13,18,72.2222222222222,8.2,358.44,2.28769110590336,165.222135426354,2.45619290100344
"3667","sampling_area=Area_08__season=Summer__sex=M","prey_5",15,18,83.3333333333333,7.02,358.44,1.95848677602946,163.207231335788,2.42623932903999
"3668","sampling_area=Area_08__season=Summer__sex=M","prey_1",13,18,72.2222222222222,8.03,358.44,2.2402633634639,161.796798472393,2.40527182866557
"3669","sampling_area=Area_08__season=Summer__sex=M","prey_32",14,18,77.7777777777778,7.23,358.44,2.01707398727821,156.88353234386,2.33223119549314
"3670","sampling_area=Area_08__season=Summer__sex=M","prey_51",12,18,66.6666666666667,7.79,358.44,2.17330655060819,144.887103373879,2.15389223626456
"3671","sampling_area=Area_08__season=Summer__sex=M","prey_12",13,18,72.2222222222222,6.96,358.44,1.94174757281553,140.237324703344,2.08476860865658
"3672","sampling_area=Area_08__season=Summer__sex=M","prey_7",12,18,66.6666666666667,7.5,358.44,2.09240040174088,139.493360116058,2.07370882823931
"3673","sampling_area=Area_08__season=Summer__sex=M","prey_28",15,18,83.3333333333333,5.94,358.44,1.65718111817877,138.098426514898,2.05297173995691
"3674","sampling_area=Area_08__season=Summer__sex=M","prey_36",13,18,72.2222222222222,6.77,358.44,1.88874009597143,136.40900693127,2.02785682192601
"3675","sampling_area=Area_08__season=Summer__sex=M","prey_45",13,18,72.2222222222222,6.62,358.44,1.84689208793661,133.386650795422,1.98292646398083
"3676","sampling_area=Area_08__season=Summer__sex=M","prey_30",12,18,66.6666666666667,7.17,358.44,2.00033478406428,133.355652270952,1.98246563979678
"3677","sampling_area=Area_08__season=Summer__sex=M","prey_14",13,18,72.2222222222222,6.52,358.44,1.8189934159134,131.371746704857,1.95297289201737
"3678","sampling_area=Area_08__season=Summer__sex=M","prey_29",13,18,72.2222222222222,6.28,358.44,1.75203660305769,126.5359768875,1.88108431930508
"3679","sampling_area=Area_08__season=Summer__sex=M","prey_13",11,18,61.1111111111111,7.31,358.44,2.03939292489677,124.629567632581,1.85274363198581
"3680","sampling_area=Area_08__season=Summer__sex=M","prey_57",15,18,83.3333333333333,5.32,358.44,1.48420935163486,123.684112636239,1.83868849437219
"3681","sampling_area=Area_08__season=Summer__sex=M","prey_41",12,18,66.6666666666667,6.63,358.44,1.84968195513894,123.312130342596,1.83315860416355
"3682","sampling_area=Area_08__season=Summer__sex=M","prey_52",12,18,66.6666666666667,6.5,358.44,1.81341368150876,120.894245433917,1.7972143178074
"3683","sampling_area=Area_08__season=Summer__sex=M","prey_48",13,18,72.2222222222222,5.97,358.44,1.66555071978574,120.289774206748,1.78822824621836
"3684","sampling_area=Area_08__season=Summer__sex=M","prey_24",13,18,72.2222222222222,5.95,358.44,1.6599709853811,119.886793388635,1.78223753182567
"3685","sampling_area=Area_08__season=Summer__sex=M","prey_19",12,18,66.6666666666667,6.41,358.44,1.78830487668787,119.220325112525,1.77232981186853
"3686","sampling_area=Area_08__season=Summer__sex=M","prey_55",12,18,66.6666666666667,6.35,358.44,1.77156567347394,118.104378231596,1.75574014124261
"3687","sampling_area=Area_08__season=Summer__sex=M","prey_40",11,18,61.1111111111111,6.82,358.44,1.90268943198304,116.275465287852,1.72855151438348
"3688","sampling_area=Area_08__season=Summer__sex=M","prey_17",12,18,66.6666666666667,6.08,358.44,1.69623925901127,113.082617267418,1.681086623426
"3689","sampling_area=Area_08__season=Summer__sex=M","prey_43",14,18,77.7777777777778,5.15,358.44,1.4367816091954,111.749680715198,1.66127118351171
"3690","sampling_area=Area_08__season=Summer__sex=M","prey_16",12,18,66.6666666666667,5.94,358.44,1.65718111817877,110.478741211918,1.64237739196553
"3691","sampling_area=Area_08__season=Summer__sex=M","prey_33",12,18,66.6666666666667,5.91,358.44,1.64881151657181,109.920767771454,1.63408255665257
"3692","sampling_area=Area_08__season=Summer__sex=M","prey_10",12,18,66.6666666666667,5.76,358.44,1.60696350853699,107.130900569133,1.59260838008779
"3693","sampling_area=Area_08__season=Summer__sex=M","prey_20",11,18,61.1111111111111,6.25,358.44,1.74366700145073,106.557427866434,1.5840831326828
"3694","sampling_area=Area_08__season=Summer__sex=M","prey_39",12,18,66.6666666666667,5.56,358.44,1.55116616449057,103.411077632705,1.53730947800141
"3695","sampling_area=Area_08__season=Summer__sex=M","prey_21",13,18,72.2222222222222,5.03,358.44,1.40330320276755,101.349675755434,1.50666466976187
"3696","sampling_area=Area_08__season=Summer__sex=M","prey_59",13,18,72.2222222222222,4.97,358.44,1.38656399955362,100.140733301095,1.48869252658379
"3697","sampling_area=Area_08__season=Summer__sex=M","prey_49",13,18,72.2222222222222,4.9,358.44,1.36703492913737,98.7303004376992,1.46772502620938
"3698","sampling_area=Area_08__season=Summer__sex=M","prey_4",12,18,66.6666666666667,5.23,358.44,1.45910054681397,97.2733697875981,1.44606628955888
"3699","sampling_area=Area_08__season=Summer__sex=M","prey_56",11,18,61.1111111111111,5.68,358.44,1.58464457091842,96.8393904450148,1.43961475098213
"3700","sampling_area=Area_08__season=Summer__sex=M","prey_11",11,18,61.1111111111111,5.47,358.44,1.52605735966968,93.2590608687027,1.38638955772399
"3701","sampling_area=Area_08__season=Summer__sex=M","prey_50",11,18,61.1111111111111,5.47,358.44,1.52605735966968,93.2590608687027,1.38638955772399
"3702","sampling_area=Area_08__season=Summer__sex=M","prey_6",11,18,61.1111111111111,5.38,358.44,1.50094855484879,91.724633907426,1.36357876061336
"3703","sampling_area=Area_08__season=Summer__sex=M","prey_9",11,18,61.1111111111111,5.15,358.44,1.4367816091954,87.8033205619413,1.30528450133063
"3704","sampling_area=Area_08__season=Summer__sex=M","prey_2",12,18,66.6666666666667,4.68,358.44,1.30565785068631,87.0438567124205,1.29399430882133
"3705","sampling_area=Area_08__season=Summer__sex=M","prey_37",10,18,55.5555555555556,5.6,358.44,1.56232563329985,86.7958685166586,1.2903077153489
"3706","sampling_area=Area_08__season=Summer__sex=M","prey_34",11,18,61.1111111111111,4.81,358.44,1.34192612431648,82.0065964860073,1.21911037891269
"3707","sampling_area=Area_08__season=Summer__sex=M","prey_44",10,18,55.5555555555556,5.04,358.44,1.40609306996987,78.1162816649928,1.16127694381401
"3708","sampling_area=Area_08__season=Summer__sex=M","prey_26",10,18,55.5555555555556,4.96,358.44,1.3837741323513,76.8763406861833,1.14284397645188
"3709","sampling_area=Area_08__season=Summer__sex=M","prey_25",9,18,50,5.48,358.44,1.528847226872,76.4423613436,1.13639243787514
"3710","sampling_area=Area_08__season=Summer__sex=M","prey_47",10,18,55.5555555555556,4.89,358.44,1.36424506193505,75.7913923297251,1.12671513001002
"3711","sampling_area=Area_08__season=Summer__sex=M","prey_35",9,18,50,5.21,358.44,1.45352081240933,72.6760406204665,1.08040229951268
"3712","sampling_area=Area_08__season=Summer__sex=M","prey_54",9,18,50,5.1,358.44,1.4228322731838,71.1416136591898,1.05759150240205
"3713","sampling_area=Area_08__season=Summer__sex=M","prey_46",9,18,50,4.61,358.44,1.28612878027006,64.306439013503,0.95597976981832
"3714","sampling_area=Area_08__season=Summer__sex=M","prey_42",9,18,50,4.55,358.44,1.26938957705613,63.4694788528066,0.943537516848884
"3715","sampling_area=Area_08__season=Summer__sex=M","prey_22",9,18,50,4.27,358.44,1.19127329539114,59.563664769557,0.885473669658184
"3716","sampling_area=Area_08__season=Summer__sex=M","prey_53",10,18,55.5555555555556,3.84,358.44,1.07130900569133,59.5171669828516,0.884782433382104
"3717","sampling_area=Area_08__season=Summer__sex=M","prey_23",9,18,50,3.92,358.44,1.0936279433099,54.6813971654949,0.812893860669808
"3718","sampling_area=Area_08__season=Summer__sex=M","prey_18",8,18,44.4444444444444,4.26,358.44,1.18848342818882,52.8214856972808,0.785244409626617
"3719","sampling_area=Area_08__season=Summer__sex=M","prey_8",10,18,55.5555555555556,3.38,358.44,0.942975114384555,52.3875063546975,0.778792871049873
"3720","sampling_area=Area_08__season=Summer__sex=M","prey_27",9,18,50,2.73,358.44,0.761633746233679,38.081687311684,0.566122510109331
"3721","sampling_area=Area_08__season=Winter__sex=F","prey_43",14,17,82.3529411764706,9.88,335.04,2.94890162368672,242.850721950671,3.61935065206925
"3722","sampling_area=Area_08__season=Winter__sex=F","prey_47",15,17,88.2352941176471,8.55,335.04,2.5519340974212,225.170655654812,3.35585396998179
"3723","sampling_area=Area_08__season=Winter__sex=F","prey_57",14,17,82.3529411764706,9.06,335.04,2.7041547277937,222.695095230069,3.31895920118901
"3724","sampling_area=Area_08__season=Winter__sex=F","prey_19",13,17,76.4705882352941,8.56,335.04,2.5549188156638,195.376144727232,2.91180841933391
"3725","sampling_area=Area_08__season=Winter__sex=F","prey_25",14,17,82.3529411764706,7.91,335.04,2.36091212989494,194.428057756054,2.89767850788135
"3726","sampling_area=Area_08__season=Winter__sex=F","prey_33",14,17,82.3529411764706,7.5,335.04,2.23853868194842,184.350244395753,2.74748278244123
"3727","sampling_area=Area_08__season=Winter__sex=F","prey_37",14,17,82.3529411764706,7.47,335.04,2.22958452722063,183.61284341817,2.73649285131147
"3728","sampling_area=Area_08__season=Winter__sex=F","prey_27",15,17,88.2352941176471,6.78,335.04,2.02363896848138,178.556379571886,2.66113332356451
"3729","sampling_area=Area_08__season=Winter__sex=F","prey_10",14,17,82.3529411764706,6.84,335.04,2.04154727793696,168.127422888926,2.5057042975864
"3730","sampling_area=Area_08__season=Winter__sex=F","prey_1",13,17,76.4705882352941,6.82,335.04,2.03557784145177,155.661834934547,2.31992212848799
"3731","sampling_area=Area_08__season=Winter__sex=F","prey_36",13,17,76.4705882352941,6.81,335.04,2.03259312320917,155.433591774819,2.31652048313831
"3732","sampling_area=Area_08__season=Winter__sex=F","prey_18",13,17,76.4705882352941,6.76,335.04,2.01766953199618,154.292375976178,2.29951225638986
"3733","sampling_area=Area_08__season=Winter__sex=F","prey_59",13,17,76.4705882352941,6.68,335.04,1.9937917860554,152.466430698354,2.27229909359235
"3734","sampling_area=Area_08__season=Winter__sex=F","prey_11",13,17,76.4705882352941,6.6,335.04,1.96991404011461,150.640485420529,2.24508593079483
"3735","sampling_area=Area_08__season=Winter__sex=F","prey_60",12,17,70.5882352941177,6.74,335.04,2.01170009551098,142.002359683128,2.11634673756044
"3736","sampling_area=Area_08__season=Winter__sex=F","prey_42",11,17,64.7058823529412,7.01,335.04,2.09228748806113,135.383308051014,2.01769902241946
"3737","sampling_area=Area_08__season=Winter__sex=F","prey_5",12,17,70.5882352941177,6.28,335.04,1.87440305635148,132.310803977752,1.97190764271211
"3738","sampling_area=Area_08__season=Winter__sex=F","prey_22",11,17,64.7058823529412,6.69,335.04,1.99677650429799,129.203185572223,1.92559293295095
"3739","sampling_area=Area_08__season=Winter__sex=F","prey_9",11,17,64.7058823529412,6.4,335.04,1.91021967526266,123.602449575819,1.84212178937012
"3740","sampling_area=Area_08__season=Winter__sex=F","prey_31",11,17,64.7058823529412,6.27,335.04,1.87141833810888,121.09177481881,1.80470369052354
"3741","sampling_area=Area_08__season=Winter__sex=F","prey_44",11,17,64.7058823529412,6.16,335.04,1.83858643744031,118.967357716726,1.77304222226874
"3742","sampling_area=Area_08__season=Winter__sex=F","prey_29",12,17,70.5882352941177,5.51,335.04,1.64457975167144,116.087982470925,1.73012915785728
"3743","sampling_area=Area_08__season=Winter__sex=F","prey_2",12,17,70.5882352941177,5.37,335.04,1.60279369627507,113.138378560593,1.68616943333822
"3744","sampling_area=Area_08__season=Winter__sex=F","prey_32",10,17,58.8235294117647,6.39,335.04,1.90723495702006,112.190291589415,1.67203952188566
"3745","sampling_area=Area_08__season=Winter__sex=F","prey_26",12,17,70.5882352941177,5.31,335.04,1.58488538681948,111.874262599022,1.66732955140148
"3746","sampling_area=Area_08__season=Winter__sex=F","prey_28",12,17,70.5882352941177,5.27,335.04,1.57294651384909,111.031518624642,1.65476963011032
"3747","sampling_area=Area_08__season=Winter__sex=F","prey_55",10,17,58.8235294117647,6.27,335.04,1.87141833810888,110.083431653464,1.64063971865776
"3748","sampling_area=Area_08__season=Winter__sex=F","prey_45",11,17,64.7058823529412,5.67,335.04,1.69233524355301,109.504045171077,1.63200477277009
"3749","sampling_area=Area_08__season=Winter__sex=F","prey_13",12,17,70.5882352941177,5.15,335.04,1.53712989493792,108.5032867015,1.61708986623684
"3750","sampling_area=Area_08__season=Winter__sex=F","prey_51",11,17,64.7058823529412,5.39,335.04,1.60876313276027,104.096438002135,1.55141194448515
"3751","sampling_area=Area_08__season=Winter__sex=F","prey_24",10,17,58.8235294117647,5.92,335.04,1.76695319961796,103.938423506939,1.54905695924306
"3752","sampling_area=Area_08__season=Winter__sex=F","prey_20",10,17,58.8235294117647,5.91,335.04,1.76396848137536,103.762851845609,1.54644030897406
"3753","sampling_area=Area_08__season=Winter__sex=F","prey_38",11,17,64.7058823529412,5.32,335.04,1.58787010506208,102.744536209899,1.53126373741391
"3754","sampling_area=Area_08__season=Winter__sex=F","prey_8",11,17,64.7058823529412,5.27,335.04,1.57294651384909,101.778892072588,1.51687216093446
"3755","sampling_area=Area_08__season=Winter__sex=F","prey_34",11,17,64.7058823529412,5.1,335.04,1.52220630372493,98.4957020057306,1.46794080090431
"3756","sampling_area=Area_08__season=Winter__sex=F","prey_21",11,17,64.7058823529412,4.96,335.04,1.48042024832856,95.7918984212596,1.42764438676184
"3757","sampling_area=Area_08__season=Winter__sex=F","prey_35",10,17,58.8235294117647,5.44,335.04,1.62368672397326,95.5109837631328,1.42345774633146
"3758","sampling_area=Area_08__season=Winter__sex=F","prey_12",9,17,52.9411764705882,6.04,335.04,1.80276981852913,95.440755098601,1.42241108622386
"3759","sampling_area=Area_08__season=Winter__sex=F","prey_6",10,17,58.8235294117647,4.89,335.04,1.45952722063037,85.8545423900219,1.27954198153692
"3760","sampling_area=Area_08__season=Winter__sex=F","prey_56",10,17,58.8235294117647,4.75,335.04,1.417741165234,83.3965391314119,1.24290887777103
"3761","sampling_area=Area_08__season=Winter__sex=F","prey_46",10,17,58.8235294117647,4.51,335.04,1.34610792741165,79.182819259509,1.18010927131523
"3762","sampling_area=Area_08__season=Winter__sex=F","prey_15",11,17,64.7058823529412,4.04,335.04,1.20582617000955,78.0240462947356,1.16283937953989
"3763","sampling_area=Area_08__season=Winter__sex=F","prey_16",9,17,52.9411764705882,4.91,335.04,1.46549665711557,77.5851171414124,1.15629775386741
"3764","sampling_area=Area_08__season=Winter__sex=F","prey_52",10,17,58.8235294117647,4.39,335.04,1.31029130850048,77.0759593235575,1.14870946808733
"3765","sampling_area=Area_08__season=Winter__sex=F","prey_30",11,17,64.7058823529412,3.99,335.04,1.19090257879656,77.0584021574246,1.14844780306043
"3766","sampling_area=Area_08__season=Winter__sex=F","prey_41",9,17,52.9411764705882,4.82,335.04,1.43863419293219,76.1629866846452,1.13510288668858
"3767","sampling_area=Area_08__season=Winter__sex=F","prey_54",10,17,58.8235294117647,4.11,335.04,1.22671919770774,72.1599528063374,1.07544326055557
"3768","sampling_area=Area_08__season=Winter__sex=F","prey_23",9,17,52.9411764705882,4.51,335.04,1.34610792741165,71.2645373335581,1.06209834418371
"3769","sampling_area=Area_08__season=Winter__sex=F","prey_49",10,17,58.8235294117647,3.8,335.04,1.1341929321872,66.7172313051295,0.994327102216826
"3770","sampling_area=Area_08__season=Winter__sex=F","prey_48",9,17,52.9411764705882,4.16,335.04,1.24164278892073,65.7340300016855,0.979673860710473
"3771","sampling_area=Area_08__season=Winter__sex=F","prey_7",9,17,52.9411764705882,4.12,335.04,1.22970391595033,65.1019720209,0.970253919742103
"3772","sampling_area=Area_08__season=Winter__sex=F","prey_39",9,17,52.9411764705882,3.92,335.04,1.17000955109838,61.9416821169729,0.923154214900254
"3773","sampling_area=Area_08__season=Winter__sex=F","prey_17",9,17,52.9411764705882,3.83,335.04,1.143147086915,60.5195516602056,0.901959347721421
"3774","sampling_area=Area_08__season=Winter__sex=F","prey_58",9,17,52.9411764705882,3.68,335.04,1.09837631327603,58.1493342322602,0.866634569090034
"3775","sampling_area=Area_08__season=Winter__sex=F","prey_14",7,17,41.1764705882353,4.58,335.04,1.36700095510984,56.2882746221698,0.838898076238722
"3776","sampling_area=Area_08__season=Winter__sex=F","prey_4",8,17,47.0588235294118,4,335.04,1.19388729703916,56.1829316253722,0.837328086077327
"3777","sampling_area=Area_08__season=Winter__sex=F","prey_50",10,17,58.8235294117647,3.13,335.04,0.934216809933142,54.9539299960672,0.819011534194386
"3778","sampling_area=Area_08__season=Winter__sex=F","prey_40",8,17,47.0588235294118,3.67,335.04,1.09539159503343,51.547839766279,0.768248518975948
"3779","sampling_area=Area_08__season=Winter__sex=F","prey_53",10,17,58.8235294117647,2.88,335.04,0.859598853868195,50.564638462835,0.753595277469594
"3780","sampling_area=Area_08__season=Winter__sex=F","prey_3",6,17,35.2941176470588,2.29,335.04,0.683500477554919,24.1235462666442,0.359527746959452
"3781","sampling_area=Area_08__season=Winter__sex=M","prey_34",18,20,90,11.59,394.71,2.9363330039776,264.269970357984,4.02463938945553
"3782","sampling_area=Area_08__season=Winter__sex=M","prey_14",19,20,95,10.92,394.71,2.7665881279927,262.825872159307,4.00264682448583
"3783","sampling_area=Area_08__season=Winter__sex=M","prey_31",17,20,85,8.86,394.71,2.24468597197943,190.798307618251,2.90571941731278
"3784","sampling_area=Area_08__season=Winter__sex=M","prey_52",15,20,75,9.91,394.71,2.5107040612095,188.302804590712,2.86771472170724
"3785","sampling_area=Area_08__season=Winter__sex=M","prey_32",16,20,80,8.72,394.71,2.20921689341542,176.737351473234,2.69158128471305
"3786","sampling_area=Area_08__season=Winter__sex=M","prey_6",15,20,75,9.1,394.71,2.30549010666059,172.911757999544,2.63332027926699
"3787","sampling_area=Area_08__season=Winter__sex=M","prey_60",16,20,80,8.15,394.71,2.06480707354767,165.184565883813,2.51564076495543
"3788","sampling_area=Area_08__season=Winter__sex=M","prey_5",15,20,75,8.26,394.71,2.09267563527653,156.95067264574,2.39024456118081
"3789","sampling_area=Area_08__season=Winter__sex=M","prey_2",14,20,70,8.53,394.71,2.16108028679284,151.275620075498,2.30381763919461
"3790","sampling_area=Area_08__season=Winter__sex=M","prey_55",15,20,75,7.96,394.71,2.01667046692508,151.250285019381,2.30343180472146
"3791","sampling_area=Area_08__season=Winter__sex=M","prey_16",14,20,70,8.35,394.71,2.11547718578197,148.083403004738,2.25520249557737
"3792","sampling_area=Area_08__season=Winter__sex=M","prey_11",13,20,65,8.5,394.71,2.15347976995769,139.97618504725,2.13173546416852
"3793","sampling_area=Area_08__season=Winter__sex=M","prey_46",13,20,65,7.57,394.71,1.9178637480682,124.661143624433,1.89849852514773
"3794","sampling_area=Area_08__season=Winter__sex=M","prey_27",12,20,60,8.2,394.71,2.07747460160624,124.648476096375,1.89830560791115
"3795","sampling_area=Area_08__season=Winter__sex=M","prey_57",13,20,65,7.54,394.71,1.91026323123306,124.167110030149,1.89097475292125
"3796","sampling_area=Area_08__season=Winter__sex=M","prey_9",15,20,75,6.37,394.71,1.61384307466241,121.038230599681,1.84332419548689
"3797","sampling_area=Area_08__season=Winter__sex=M","prey_50",13,20,65,7.35,394.71,1.86212662461047,121.038230599681,1.84332419548689
"3798","sampling_area=Area_08__season=Winter__sex=M","prey_53",15,20,75,6.31,394.71,1.59864204099212,119.898153074409,1.82596164419502
"3799","sampling_area=Area_08__season=Winter__sex=M","prey_8",14,20,70,6.64,394.71,1.68224772617871,117.75734083251,1.79335863121362
"3800","sampling_area=Area_08__season=Winter__sex=M","prey_26",14,20,70,6.45,394.71,1.63411111955613,114.387778368929,1.74204264628432
"3801","sampling_area=Area_08__season=Winter__sex=M","prey_51",14,20,70,6.4,394.71,1.62144359149755,113.501051404829,1.72853843972397
"3802","sampling_area=Area_08__season=Winter__sex=M","prey_59",12,20,60,7.46,394.71,1.88999518633934,113.39971118036,1.72699510183136
"3803","sampling_area=Area_08__season=Winter__sex=M","prey_18",14,20,70,6.35,394.71,1.60877606343898,112.614324440729,1.71503423316363
"3804","sampling_area=Area_08__season=Winter__sex=M","prey_35",12,20,60,7.39,394.71,1.87226064705733,112.33563882344,1.71079005395895
"3805","sampling_area=Area_08__season=Winter__sex=M","prey_17",14,20,70,6.26,394.71,1.58597451293355,111.018215905348,1.69072666135501
"3806","sampling_area=Area_08__season=Winter__sex=M","prey_47",14,20,70,6.19,394.71,1.56823997365154,109.776798155608,1.67182077217053
"3807","sampling_area=Area_08__season=Winter__sex=M","prey_25",13,20,65,6.62,394.71,1.67718071495528,109.016746472093,1.66024573797595
"3808","sampling_area=Area_08__season=Winter__sex=M","prey_48",14,20,70,6.12,394.71,1.55050543436954,108.535380405868,1.65291488298605
"3809","sampling_area=Area_08__season=Winter__sex=M","prey_44",11,20,55,7.72,394.71,1.95586633224393,107.572648273416,1.63825317300625
"3810","sampling_area=Area_08__season=Winter__sex=M","prey_21",13,20,65,6.45,394.71,1.63411111955613,106.217222771148,1.61761102869258
"3811","sampling_area=Area_08__season=Winter__sex=M","prey_10",14,20,70,5.88,394.71,1.48970129968838,104.279090978187,1.5880946914964
"3812","sampling_area=Area_08__season=Winter__sex=M","prey_33",13,20,65,6.25,394.71,1.58344100732183,102.923665475919,1.56745254718273
"3813","sampling_area=Area_08__season=Winter__sex=M","prey_30",12,20,60,6.7,394.71,1.697448759849,101.84692559094,1.55105458207374
"3814","sampling_area=Area_08__season=Winter__sex=M","prey_4",12,20,60,6.56,394.71,1.66197968128499,99.7187808770997,1.51864448632892
"3815","sampling_area=Area_08__season=Winter__sex=M","prey_3",12,20,60,6.38,394.71,1.61637658027413,96.9825948164475,1.47697436322843
"3816","sampling_area=Area_08__season=Winter__sex=M","prey_39",13,20,65,5.85,394.71,1.48210078285323,96.3365508854602,1.46713558416304
"3817","sampling_area=Area_08__season=Winter__sex=M","prey_12",13,20,65,5.8,394.71,1.46943325479466,95.5131615616529,1.45459596378558
"3818","sampling_area=Area_08__season=Winter__sex=M","prey_41",12,20,60,6.28,394.71,1.59104152415698,95.4624914494186,1.45382429483927
"3819","sampling_area=Area_08__season=Winter__sex=M","prey_49",15,20,75,5.01,394.71,1.26928631146918,95.1964733601885,1.44977303287117
"3820","sampling_area=Area_08__season=Winter__sex=M","prey_13",11,20,55,6.59,394.71,1.66958019812014,91.8269108966076,1.39845704794186
"3821","sampling_area=Area_08__season=Winter__sex=M","prey_42",13,20,65,5.36,394.71,1.3579590078792,88.2673355121482,1.34424730446391
"3822","sampling_area=Area_08__season=Winter__sex=M","prey_43",11,20,55,6.29,394.71,1.59357502976869,87.646626637278,1.33479435987167
"3823","sampling_area=Area_08__season=Winter__sex=M","prey_15",11,20,55,6.22,394.71,1.57584049048669,86.6712269767678,1.31993973265529
"3824","sampling_area=Area_08__season=Winter__sex=M","prey_40",11,20,55,6.12,394.71,1.55050543436954,85.2777988903246,1.2987188366319
"3825","sampling_area=Area_08__season=Winter__sex=M","prey_58",11,20,55,5.96,394.71,1.5099693445821,83.0483139520154,1.26476540299446
"3826","sampling_area=Area_08__season=Winter__sex=M","prey_38",13,20,65,4.98,394.71,1.26168579463404,82.0095766512123,1.2489461895952
"3827","sampling_area=Area_08__season=Winter__sex=M","prey_20",10,20,50,6.34,394.71,1.60624255782727,80.3121278913633,1.22309527989397
"3828","sampling_area=Area_08__season=Winter__sex=M","prey_56",12,20,60,5.12,394.71,1.29715487319804,77.8292923918827,1.18528350152501
"3829","sampling_area=Area_08__season=Winter__sex=M","prey_24",10,20,50,5.33,394.71,1.35035849104406,67.5179245522029,1.02824887095187
"3830","sampling_area=Area_08__season=Winter__sex=M","prey_29",10,20,50,5.32,394.71,1.34782498543234,67.3912492716171,1.02631969858611
"3831","sampling_area=Area_08__season=Winter__sex=M","prey_45",11,20,55,4.8,394.71,1.21608269362317,66.8845481492742,1.01860300912306
"3832","sampling_area=Area_08__season=Winter__sex=M","prey_22",11,20,55,4.79,394.71,1.21354918801145,66.7452053406298,1.01648091952072
"3833","sampling_area=Area_08__season=Winter__sex=M","prey_28",9,20,45,5.36,394.71,1.3579590078792,61.1081553545641,0.930632749244247
"3834","sampling_area=Area_08__season=Winter__sex=M","prey_23",11,20,55,4.34,394.71,1.09954143548428,60.4747789516354,0.92098688741543
"3835","sampling_area=Area_08__season=Winter__sex=M","prey_1",11,20,55,4.29,394.71,1.0868739074257,59.7780649084138,0.910376439403731
"3836","sampling_area=Area_08__season=Winter__sex=M","prey_19",9,20,45,4.53,394.71,1.14767804210686,51.6455118948088,0.786523573521723
"3837","sampling_area=Area_08__season=Winter__sex=M","prey_7",9,20,45,4.42,394.71,1.119809480378,50.39142661701,0.767424767100666
"3838","sampling_area=Area_08__season=Winter__sex=M","prey_36",9,20,45,4.35,394.71,1.10207494109599,49.5933723493198,0.755270981196357
"3839","sampling_area=Area_08__season=Winter__sex=M","prey_54",8,20,40,4.34,394.71,1.09954143548428,43.9816574193712,0.66980864539304
"3840","sampling_area=Area_08__season=Winter__sex=M","prey_37",8,20,40,2.91,394.71,0.737250133009045,29.4900053203618,0.449111326749711
