unique_id,prey_1,prey_2,prey_3,prey_4,prey_5,prey_6,prey_7,prey_8,prey_9,prey_10,prey_11,prey_12,prey_13,prey_14,prey_15,prey_16,prey_17,prey_18,prey_19,prey_20,prey_21,prey_22,prey_23,prey_24,prey_25,prey_26,prey_27,prey_28,prey_29,prey_30,prey_31,prey_32,prey_33,prey_34,prey_35,prey_36,prey_37,prey_38,prey_39,prey_40,prey_41,prey_42,prey_43,prey_44,prey_45,prey_46,prey_47,prey_48,prey_49,prey_50,prey_51,prey_52,prey_53,prey_54,prey_55,prey_56,prey_57,prey_58,prey_59,prey_60
F0001,0,0.13,0.07,0.81,0.7,0,0.53,0.63,0.77,0.62,0,0,0.4,0,0.59,0.07,0,0.83,0,0,0.88,0,0.32,0.39,0.47,0.78,0,0,0.39,0.05,0.95,0.15,0,0.3,0.38,0.41,0,0,0,0,0.38,0.29,0,0.15,0,0,0,0.77,0,0.93,0,0,0,0.15,0.49,0,0,0,0.25,0.52
F0002,0.04,0.33,0.45,0,0.02,0.26,0.59,0,0.79,0.33,0,0,0,0.72,0.62,0.19,0.71,0,0.23,0.82,0.28,0,0,0.36,0,0.64,0.49,0,0,0.13,0.93,0.25,0.7,0.65,0.56,0,0.05,0.27,0.84,0,0,0,0.6,0.03,0.09,0,0.55,0.31,0.43,0.57,0,0.31,0,0,0,0,0.79,0.45,0,0.22
F0003,0.1,0,0.16,0.2,0.48,0,0,0,0.89,0.99,0,0.61,0.21,0.8,0.53,0.18,0,0,0.38,0,0.09,0,0.63,0.22,0,0.1,0.22,0.31,0.18,0,0,1,0,0,0,0,0.63,0.72,0,0,0.86,0.93,0,0,0.33,0.48,0,0,0.05,0.69,0,0.39,0.06,0.72,0.12,0.98,0.09,0,0.57,0.16
F0004,0.05,0,0.33,0,0.99,0,0,0,0.63,0.56,0.05,0.69,0.41,0.38,0.91,0,0,0.32,0.88,0.6,0.93,0.18,0.9,0,0.09,0.58,0.79,0.99,0.11,0.14,0,0.08,0.27,0,0.5,0.86,0,0.61,0,0.37,0,0.39,0.43,0.34,0,0.83,0.72,0,0.9,0.83,0.93,0.04,0,0,0,0,0.75,0,0.78,0.03
F0005,1,0.24,0,0.91,0.34,0,0,0.46,0,0.88,0.4,0.61,0.11,0.85,0,0,0.85,0.84,0.84,0.15,0.12,0.33,0,0.61,0.89,0.38,0,0,0,0,0,0.27,0,0,0,0.56,0,0.42,0.08,0.55,0,0,0.03,0.67,0.25,0.06,0.25,0,0,0.57,0.24,0,0.35,0.87,0.99,0.35,0.95,0.64,0.44,0
F0006,0.51,0,0.87,0,0.43,0.66,0,0.09,0.51,0,0.92,0.25,0,0.78,0,0,0,0.44,0,0,0,0,0.91,0.4,0.47,0.1,0.43,0,0,0.89,0.72,0.34,0.79,0,0.16,0.62,0.65,0,0.15,0,0,0,0,0,0,0.36,0.48,0.95,0.32,0,0.63,0.99,0,0,0,0.59,0,0.97,0.32,0
F0007,0,0.52,0,0,0.2,0.31,0,0.29,0.5,0.54,0.86,0.06,0,0.75,0.75,0.36,0.49,0,0.41,0,0,0.76,0,0.76,0.38,0.92,0,0,0.24,0.44,0.07,0.26,0,0.04,0.52,0.44,0,0.62,0,0.95,0.36,0.33,0,0.99,0.64,0,0,0,0,0,0.85,0.04,0.09,0,0.25,0.37,0.04,0,0.85,0.27
F0008,0,0.58,0,0.34,0.04,0.9,0.2,0.33,0.45,0.05,0.38,0.86,0.65,0,0.4,0.98,0.08,0.8,0.28,0,0.67,0,0.76,0.04,0.99,0.54,0,0.78,0.85,0.66,0.85,0.97,0.6,0.14,0.96,0.07,0,0,0.35,0.95,0.35,0.82,0.29,0.01,0,0,0.59,0,0.52,0.87,0.98,0,0.23,0.48,0,0.32,0.22,0.82,0.06,0.9
F0009,0.38,0.72,0.32,0.04,0.79,0.99,0.2,0,0,0.62,0,0.77,0,0.23,0.05,0.83,0.32,0.67,0,0.29,0.02,0.89,0.85,0,0.87,0,0.8,0,0.25,0,0.81,0.79,0.57,0.35,0.69,0,1,0.17,0.79,0.59,0,0.12,0.32,0,0.1,0.03,0.48,0.28,0,0,0.61,0.8,0.18,0.61,0.74,0,0.24,0,0,0
F0010,0.89,0.48,0.68,0.62,0.85,0,0,0.19,0.54,0.87,0,0,0.2,0.43,0.91,0,0.61,0,0,0,0.46,0,0,0,0.39,0.68,0.31,0.22,0,0,0,0.78,0,0.2,0,0,0,0.08,0,0,0.6,0.65,0,0,0.74,0.26,0.24,0.87,0.77,0.91,0.03,0,0.32,0.33,0.08,0,0,0.39,0,0
F0011,0,0,0.5,0,0.78,0.86,0,0.04,0.62,0.28,0,0,0.97,0.59,0.97,0.13,0.76,0.31,0.93,0,0,0.71,0,0.92,0,0,0.1,0.65,0.05,0.14,0.3,0.91,0.16,0,0.92,0.41,0.65,0.25,0.74,0.33,0.34,0.14,0.46,0,0,0,0.49,0.88,0.86,0.03,0.13,0,0.55,0,0.69,0.33,0.65,0.16,1,0
F0012,0,0,0,0.75,0,0.45,0.19,0.24,0.35,0.75,0.64,0.32,0.35,0.55,0.71,0.75,0,0,0,0.63,0,0.17,0,0.63,0,0,0,0.03,0.48,0,0.35,0,0.7,0,0,0,0.4,0.9,0,0.62,0.16,0,0,0.71,0.45,0.27,0.17,0.05,0.61,0,0.98,0,0.38,0.54,0.39,0.81,0.17,0,0,0.45
F0013,0,0.84,0.04,0,0.35,0,0.87,0,0,0.6,0.57,0,0.19,0.85,0,0.9,0.21,0.22,0.51,0.89,0,0,0.98,0.42,0.85,0,0,0,0,0.32,0,0,0.6,0,0,0.57,0.25,0,0.13,0.96,0.46,0,0.99,0.48,0.32,0.07,0.74,0.28,0.31,0.29,0.92,0,0,0.08,0.91,0.69,0,0.02,0,0.64
F0014,0.7,0.33,0.07,0,0,0.35,0.68,0,0,0.39,0.71,0.18,0,0.27,0,0.57,0.67,0,0.36,0,0,0.21,0.19,0.75,0.81,0.07,0.65,0,0.71,0.34,0.05,0.63,0.76,0,0,0.69,0.53,0.59,0,0.38,0.84,0.37,0,0.67,0.65,0.41,0.16,0.34,0,0.38,0.49,0.5,0.29,0.6,0,0,0.06,0.83,0.38,0
F0015,0.18,0,0.54,0,0,0.13,0.03,0.97,0.43,0.51,0.65,0.8,0.97,0,0.59,0.05,0,0.57,0.15,0,0.76,0.45,0.67,0,0,0.74,0.73,0.6,0,0.29,0.91,0.44,0.82,0,0.34,0.01,0.92,0.63,0.67,0,0,0.9,0.45,0.75,0.56,0.61,0.61,0,0,0,0.5,0.63,0,0.26,0.03,0,0,0.34,0,0.55
F0016,0.61,0,0.22,0,0.83,0.36,0.48,0,0,0.15,0.57,0.31,0,0.6,0.26,0,0,0,0,0.31,0,0.45,0,0.31,0.34,0.51,0.03,0.61,0.82,0,0.26,0.49,0,0,0,0,0.35,0,0.21,0,0.32,0,0,0,0.86,0.23,0.39,0,0.93,0,0.2,0,0.45,0,0.71,0.2,0.08,0.42,0,0.49
F0017,0,0,0.37,0.11,0.6,0.92,0.47,0,0,0.57,0.04,0.17,0.27,0,0.29,0,0.91,0,0,0.07,0,0.38,0.41,0,0.03,0,0,0,0,0,0.51,0,0.46,0.22,0,0,0.54,0.08,0,1,0.06,0.4,0.84,0,0,0.28,0.27,0.97,0.83,0,0.91,0,0,0,0.63,0,0.44,0.04,0.79,0
F0018,0.77,0.37,0.51,0,0,0.85,0.02,0.12,0,0.08,0.36,0,0.04,0.22,0,0.92,0.66,0.91,0,0.79,0,0.58,0,0,0,1,0.04,0.35,0.77,0.74,0.55,0,0,0,0,0.21,0.45,0,0.64,0,0,0.88,0.27,0.92,0.37,0.99,0,0,0.19,0.72,0.72,0.69,0.24,0,0.67,0,0.29,0,0,0.51
F0019,0.56,0.2,0.96,0,0.87,0.44,0,0.48,0,0,0.24,0,0.54,0.4,0.64,0,0.93,0.55,0,0.81,0.11,0.64,0,0,0.96,0.21,0.62,0,0.3,0,0,0.57,0.13,0,0,0,0.21,0.63,0,0.97,0.39,0.24,0.17,0.09,0.04,0.17,0,0.41,1,0.16,0.72,0.43,0.41,0.39,0,0.34,0.21,0.4,0.13,0
F0020,0.82,0.33,0.89,0,0,0.09,0.01,0.4,0,0.34,0,0.81,0,0,0.09,0,0.39,0.37,0.08,0,0.91,0.74,0,0,0.95,0,0.48,0.22,0,0.78,0,0.34,0.01,0.36,0.5,0,0.65,0.19,0.53,0.2,0.12,0.72,0.61,0.57,0.69,0,0,0.81,0.26,0.63,0.95,0.87,0.74,0,0.32,0,0,0.57,0.41,0.08
F0021,0.56,0,0,0.94,0.59,0,0.1,0,0.66,0,0.89,0,0.62,0,0,1,0.36,0,0,0,0.58,0,0,0.26,0,0,0.08,0.07,0.28,0.54,0.81,0.29,0.58,0,0.89,0.23,0.3,0.48,0.44,0.94,0.92,0.35,0.19,0.39,0,0.51,0.32,0.48,0.79,0,0.29,0.15,0,0,0,0.36,0.52,0.56,0.69,0.75
F0022,0.1,0,0,0.61,0.41,0,0,0,0.56,0.69,0.94,0,0.67,0,0,0,0.97,0,0,0.14,0.61,0.32,0,0.31,0.33,0.8,0.67,0.19,0,0.05,0.27,0.25,0,0.15,0.52,0.71,0.06,0,0,0.11,0.84,0,0.35,0.86,0.63,0,0.15,0,0.88,0.53,0,0.2,0.52,0.19,0.88,0.97,0.72,0,0.98,0.71
F0023,0,0,0.94,0,0,0,0.7,0.49,0.74,0.85,0.95,0.42,0,0.75,0,0,0.18,0,0,0.9,0.68,0,0.35,0.34,0,0,0.9,0,0.7,0.56,0.77,0.94,0,0,0.35,0.06,0.16,0.11,0,0.09,0.24,0,0.73,0,0.98,0.39,0.16,0.16,0.9,0.2,0.69,0,0.23,0.17,0.55,0.18,0.1,0,0.27,0.35
F0024,0.25,0,0.56,0.36,0,0.87,0.12,0,0.82,0,0.61,0,0,0.09,0,0.09,0.82,0.52,0.84,0,0,0,0.17,0.52,0.91,0.09,0.84,0.62,0.11,0.43,0,0,0.69,0.26,0.74,0.03,0,0,0.89,0.65,0.29,0.05,0.61,0,0.95,0.75,0.16,0.64,0.96,0.93,0.34,0.38,0.26,0,0.13,0.33,0,0,0.18,0.36
F0025,0.06,0,0.61,0.66,0.23,0,0.22,0.46,0.56,0.67,0.46,0.32,0,0.72,0.3,0.27,0,0.03,0,0.73,0,0,0.39,0.64,0,0.26,0.32,0,0,0.12,0,0,0.36,0.32,0.56,0.65,0.35,0,0.98,0,0.54,0.23,0.09,0.9,0,0,0.91,0.41,0.67,0.25,0,0.47,0.34,0,0,0.85,0,0.96,0,0.92
F0026,0,0,0.22,0,0,0.76,0,0.32,0.18,0.49,0,0,0,0.29,0.71,0.15,0,0.44,0.29,0.4,0,0.06,0,0.61,0,0.16,0.27,0.63,0.02,0,0,0.3,0.26,0.38,0.84,0.66,0.57,0.45,0.67,0,0,0.99,0.97,0,0.61,0.36,0,0.33,0.32,0,0.49,0.97,0.31,0.17,0.66,0,0.31,0.29,0,0
F0027,0.81,0.43,0,0,0,0,0.79,0,0,0.4,0,0.3,0,0.15,0.03,0,0.58,0.73,0.09,0,1,0.14,0.84,0.97,0.39,0.69,0.55,0.53,0,0,0.64,0.83,0.52,0,0,0.56,0.25,0.67,0.49,0.25,0.28,0,0.66,0.88,0.8,0.27,0.58,1,0.58,0.51,0.29,0.31,0,0.3,0.08,0.02,0.27,0.84,0,0
F0028,0.02,0,0.82,0.13,0.88,0.04,0,0,0.74,0,0.49,0,0.02,0.98,0.53,0.43,0.52,0.59,0.51,0,0.29,0,0,0.83,0.65,0,0.86,0.49,0.18,0.14,0.2,0.55,0.42,0.41,0.88,0.37,0.71,0,0.85,0.52,0,0,0.22,0.2,0.27,0.56,0.53,0,0.46,0.73,0.41,0,0,0.16,0,0,0.17,0.44,0,0
F0029,0.64,0,0.79,0.41,0.76,0.44,0,0.39,0.31,0.31,0.88,0.02,0,0.57,0,0.18,0,0,0.32,0,0.09,0,0.32,0.05,0.87,0,0.88,0.65,0,0,0.49,0.42,0.1,0,0,0.39,0,0.89,0.39,0.35,0.62,0,0,0.02,0.2,0.31,0.1,0.9,0.65,0.01,0,0.67,0.76,0.14,0.76,0.91,0.57,0.81,0,0
F0030,0.02,0.25,0,0.79,0.77,0.31,0,0.36,0.67,0.93,0,0,0.83,0.14,0.79,0.82,0.48,0,0.24,0.62,0.79,0,0.14,0.41,0,0,0.6,0.04,0.31,0.04,0.25,0,0.39,0.97,0.57,0.45,0.69,0,0.95,0,0.37,0.61,0.72,0.76,0.8,0.88,0.52,0.12,0,0.03,0.91,0.46,0,0,0,0.98,0,0.73,0.85,0
F0031,0.1,0,0.03,0.03,0,0,0,0,0,0.44,0,0.45,0.24,0.5,0.27,0,0.26,0,0,0,0.3,0,0,0.76,0,0.75,0,0.03,0,0.16,0,0,0.72,0,0.92,0.41,0,0.73,0.37,0.52,0.27,0,0.68,0,0,0,0.38,0.49,0,0,0.15,0,0.87,0.64,0.72,0,0,0.48,0.83,0.26
F0032,0.56,0.56,0.38,0.79,0.11,0,0,0,0.88,0.44,0.2,0.25,0.31,0,0.66,0.57,0.81,0.52,0,0.31,0.65,0,0.29,0.59,0,0.18,0.5,0,0.18,0.18,0.66,0.23,0.73,0.35,0,0.47,0.57,0.63,0.32,0,0.39,0,0.81,0.57,0.21,0.68,0.36,0.19,0.32,0,0.84,0,0.9,0.19,0.21,0.02,0.32,0.31,0.2,0.76
F0033,0.17,0,0.81,0.61,0.95,0,0.91,0.92,0.89,0.87,0,0,0,0.64,0.82,0,0.1,0,0.03,0.29,0.64,0.13,0.73,0.08,0.21,0.25,0.37,0.89,0.65,0.46,0,0,0.22,0.95,0,0.26,0.82,0,0.66,0.7,0,0.75,0.62,0.01,0.59,0.89,0.48,0,0.04,0.72,0.24,0.71,0.5,0.16,0.75,0.86,0.28,0.91,0,0.93
F0034,0.52,0.96,0.78,0.58,0,0.19,0.62,0.82,0.49,0,0,0.43,0,0,0.49,0.08,0,0,0,0.83,0.23,0.15,0.89,0,0.48,0.84,0.08,0.21,0.83,0,0,0.37,0.48,0.58,0.29,0.8,0,0,0.5,0.5,0,0,0.75,0.8,0,0.99,0.36,0.62,0.15,0.72,0,0,0,0.29,0,0,0,0.31,0,0.48
F0035,0,0,0,0.84,0,0.86,0.73,0,0.7,0,0,0.44,0,0,0.21,0.69,0.73,0.07,0.92,0.8,0.08,0,0.66,0.86,0,0.65,0,0,0.03,0,0.46,0.61,0,0.71,0,0.01,0.81,0.62,0,0,0.85,0,0.22,0.39,0.19,0,0.16,0,0.11,0.78,0.99,0.7,0.24,0.07,0.61,0,0,0.35,0.91,0.57
F0036,0.37,0.81,0,0.48,0.45,0.2,0.58,0.82,0,0,0.87,0,0.6,0,0.91,0.59,0.46,0.28,0.28,0.47,0.62,0.8,0.79,0.15,0.67,0,0.92,0.32,0.93,0,0.52,0.16,0.28,0,0.41,0.18,0.65,0.95,0.04,0,0,0,0.17,0,0.32,0.72,0,0.64,0,0.66,0.97,0.21,0,0.53,0.39,0.11,0.47,0.47,0.77,0.28
F0037,0.31,0,0.78,0.62,0,0,0.14,0.54,0,0.82,0.91,0.62,0,0.31,0.17,0.42,0.9,0.25,0.66,0.93,0.92,0.13,0.3,0.83,0.64,0.99,0.79,0.28,0.44,0.17,0,0.46,0,0,0,0,0,0.04,0.12,0.04,0.69,0,0,0.33,0.42,0.55,0.79,0.8,0.24,0,0.38,0.78,0.45,0,0,0,0.37,0.66,0,0.73
F0038,0.8,0.74,0.59,0.82,0,0.77,0.23,0.9,0,0.65,0,0.42,0,0.07,0,0,0,0,0,0.45,0,0.6,0.2,0,0.73,0,0.69,0,0,0.28,0.67,0,0.18,0,0.63,0.6,0,0.47,0.64,0,0.85,0.9,0,0.46,0.98,0.69,0.46,0,0,0.12,0,0.71,0.94,0.42,0.98,0,0,0.92,0.56,0.45
F0039,0,0,0,0,0,0.59,0,0,0.03,0,0,0,0.07,0.5,0.12,0.35,0,0.48,0.14,0.2,0,0.26,0.43,0.88,0.68,0,0.12,0.9,0,0,0.46,0.78,0.4,0.51,0.02,0,0,0,0,0.94,0.16,0.01,0.32,0,0,0,0.77,0.21,0.44,0.03,0,0.21,0.31,0.98,0,0.69,0.65,0,0.88,0.89
F0040,0.88,0,0.8,0.42,0.98,0.16,0,0.2,0.75,0,0.64,0,0,0.91,0,0.42,0.42,0.77,0.45,0,0,0.87,0,0.83,0.1,0.02,0.31,0.18,0.12,0,0.36,0,0.48,0,0,0.09,0,0,0.27,0.93,0.96,0,0.6,0,0.62,0,0.84,0.18,0.89,0,0,0,0,0.87,0,0.26,0.87,0.29,0.58,0.24
F0041,0,0.79,0,0.56,0,0.76,0.18,0.47,0.92,0.75,0,0.57,0.46,0,0.97,0.58,0.52,0,0.79,0,0.87,0.95,0.04,0,0.9,0,0,0.9,0.57,0,0,0.44,0,0.52,0.59,0,0,0.72,0,0.99,0.65,0.66,0.45,0,0,0.44,0.56,0.57,0.82,0.47,0,0.37,0,0.27,0.52,0.26,0.25,0.1,0.31,0
F0042,0.84,0,0,0,0.31,0.79,0.37,0.37,0.82,0,0,0,0.65,0,0.89,0.65,0,0.41,0.14,0.27,0.77,0.6,0.81,0,1,0.32,0,0,0.37,0.04,0.74,0.45,0.75,0.88,0.77,0.33,0.46,0.78,0,0.03,0,0.3,0.16,0.07,0,0,0.52,0.75,0.58,0,0,0.84,0.76,0,0.58,0.13,0,0.04,0.56,0
F0043,0,0.91,0.28,0.28,0.84,0.06,0,0,0.9,0.95,0.41,1,0.24,0,0.97,0.27,0.16,0.77,0.22,0.86,0,0.1,0,0,0.28,0,0,0.48,0.55,0,0.2,0.02,0.04,0.84,0.22,0,0.42,0,0.13,0,0,0.14,0.29,0,0.49,0.7,0.53,0.53,0.41,0.47,0,0.87,0.86,0.63,0,0.49,0.85,0.41,0.06,0
F0044,0,0,0,0.14,0,0.52,0,0.59,0.2,0,0.74,0.34,0,0.96,0,0,0.08,0.27,0.75,0.39,0.89,0.82,0.13,0,0,0.4,0.44,0,0.87,0.36,0.64,0.76,0.98,0.22,0.93,0,0.69,0,0,0,0,0.2,0.56,0,0.48,0,0.09,0.62,0.94,0.73,0.96,0.39,0,0.94,0.34,0.36,0,0.99,0,0
F0045,0.94,0.17,0.02,0,0.28,0.69,0.48,0.24,0,0,0,0.88,0.41,0.57,0.59,0.01,0,0.77,0,0,0.45,0.77,0,0.32,0,0.39,0.22,0,0,0,0.99,0.26,0,0,0.62,0,0.58,0.02,0,0.45,0,0,0,0,0.79,0.34,0.56,0,0.06,0.78,0,0,0.08,0.86,0.31,0.81,0.87,0.23,0,0.27
F0046,0.49,0.78,0.65,0.25,0,0.12,0,0.42,0.05,0,0.97,0.77,0.87,0,0,0,0,0.08,0.44,0.72,0,0,0.57,0.92,0.56,0.95,0.99,0,0.28,0.44,0,0.92,0.36,0.17,0,0.25,0.44,0,0.33,0.64,0,0.41,0,0.03,0.75,0.72,0.36,0,0.49,0,0.92,0.91,0.06,0,0.38,0.71,0.27,0,0.14,0.65
F0047,0,0.57,0.13,0.75,0.26,0.57,0.55,0.55,0,0.16,0.81,0.87,0,0.11,0,0.28,0.9,0.78,0,0,0,0.46,0.58,0.73,0.25,0,0,0.3,0.52,0.71,0,0.68,0,0,0,0,0,0.06,0.87,0,0,0.33,0.05,0.77,0.76,0.87,0.31,0,0.84,0,0,0,0.73,0,0.53,0.64,0.81,0.21,0.21,0.44
F0048,0.62,0.56,0.31,0,0.87,0,0.14,0.38,0,0.71,0.31,0.04,0.65,0,0,0.47,0,0,0,0.18,0,0.92,0.23,0.98,0.8,0,0.23,0,0.54,0.86,0.52,0,0,0.59,0.09,0,0.62,0.79,0.48,0.79,0,0.45,0.18,0.69,0,0.41,0,0.22,0.81,0.61,0,0.86,0,0.66,0.03,0,0.68,0,0.81,0.85
F0049,0,0.91,0.47,0.65,0,0.11,0,0,0,0.41,0.99,0.85,0,0.56,0,0.2,0.64,0,0,0,0.29,0.74,0.33,0.63,0,0,0.81,0.28,0,0,0.36,0,0.94,0.46,0.34,0.1,0,0,0.45,0.66,0.88,0.47,0.43,0,0.66,0.07,0.67,0.65,0.81,0,0.02,0.41,0.65,0.86,0,0.17,0.67,0,0,0.95
F0050,0.03,0,0,0.28,0,0,0.8,0.66,0.62,0,0,0.9,0.79,0.03,0.57,0.12,0.47,0,0.69,0.25,0,0.17,0.56,0.99,0.78,0.08,0.52,0.14,0,0.95,0.26,0.94,0,0.44,0.93,0.32,0.84,0.88,0.72,0,0,0.93,0.01,0,0.32,0,0.39,0,0.6,0.87,0,0.71,0,0,0.35,0.15,0.06,0,0.96,0.48
F0051,0.36,0.26,0,0,0.01,0.87,0.93,0.85,0,0.74,0.91,0.37,0.83,0.98,0.22,0,0.94,0,0.58,0.58,0,0.12,0.86,0.36,0.37,0.72,0.14,0,0.85,0.67,0.08,0,0.05,0.04,0.91,0.32,0.89,0,0,0,0.23,0.46,0.22,0,0,0.61,0,0.85,0,0.2,0.78,0.49,0.07,0,0,0,0.51,0.32,0.74,0.98
F0052,0,0.91,0.19,0.38,0.29,0.64,0,0.89,0,0,0.25,0.9,0.34,0.85,0.06,0.53,0.91,0,0.19,0.25,0.75,0.69,0.04,0,0,0.74,0,0,0.06,0.59,0.63,0,0,0.05,0.28,0.45,0,0,0,0,0,0.67,0,0.08,0.32,0.14,0,0.4,0.21,0.39,0.51,0,0,0,0.94,0.51,0,0,0,0.34
F0053,0.94,0.81,0,0.58,0.51,0,0.99,0,0.5,0,0,0.7,0.72,0.95,0.54,0.59,0.49,0,0.6,0.95,0.33,0,0,0,0,0.58,0.82,0.52,0.59,0.56,0.09,0,0.81,0.08,0.64,0,0.91,0.84,0,0.82,0.52,0,0.84,0.18,0,0.4,0.56,0.42,0.75,0,0,0.05,0.1,0.39,0.62,0,0,0.89,0.61,0
F0054,0,0.8,0.5,0.86,0.74,0.83,0,0.92,0.36,0.27,0.54,0,0.28,0,0.11,0.48,0,0.98,0,0.32,0,0.68,0,0,0.51,0.19,0.75,0.31,0,0.52,0,0.06,0.86,0.9,0,0,0,0,0.48,0,0,0,0.54,0.61,0,0,0,0,0.18,0.26,0.48,0.89,0.12,0.71,0,0,0.44,0,0.35,0.17
F0055,0.54,0.07,0,0.54,0.14,0,0.55,0.12,0.8,0,0.09,0,0.44,0.08,0,0.13,0.59,0.46,0.93,0.67,0.82,0.84,0,0.32,0,0.67,0.59,0.41,0,0.23,0.52,0.87,0,0,0,0.31,0,0,0.12,0.04,0.06,0.94,0,0.65,0,0.06,0,0.81,0.83,0.25,0.45,0,0.91,0,0.83,0.97,0,0,0,0.21
F0056,0.6,0.89,0.81,0.57,0.75,0.65,0.78,0.13,0,0.32,0.19,0.63,0,0,0,0,0.25,0.03,0.47,0,0.74,0,0.39,0,0,0.32,0.62,0.81,0,0.46,0,0,0.78,0,0.05,0,0.08,0,0.38,0.18,0.97,0,0,0,0.99,0.01,0,0.12,0.71,0,0,0.06,0.71,0.71,0.99,0,0.03,0.04,0.83,0
F0057,0.06,0.66,0.74,0.99,0.21,0.32,0,0,0.69,0,0,0.37,0.8,0,0.82,0.95,0.06,0,0,0,0.81,0.29,0,0.9,0.08,0.84,0.41,0,0.91,0.95,0,0.57,0,0.35,0.8,0.07,0.34,0,0,0.1,0.45,0.14,0.27,0.93,0.56,0.09,0.23,0,0.03,0,0.37,0.46,0.61,0.71,0.03,0,0,0,0.68,0
F0058,0.11,0.77,0,0.7,0.21,0,0,0.9,0.05,0.97,0,0,0.58,0.99,0.83,0.89,0,0.02,0,0.33,0,0,0.71,0.16,0.21,0.08,0,0.19,0.72,0,0,0.64,0.3,0.3,0,0.7,0.38,0.05,0.36,0.12,0.66,0.85,0.64,0.68,0.24,0,0,0.57,0.33,0.69,0.16,0.33,0,0.97,0,0,0.55,0.75,0.68,0.27
F0059,0.58,0.27,0,0.82,0.06,0.67,0.96,0,0,0,0.96,0.21,0,0,0.74,0.76,0.92,0,0.25,0.18,0.43,0,0.82,0,0.15,0,0.73,0,0,0.62,0,0.78,0.92,0.39,0,0.46,0.6,0.81,0.32,0.65,0.39,0.77,0.87,0.91,0.21,0,0.39,0.09,0.24,0,0,0,0.82,0.18,0.45,0.29,0.98,0.14,0,0.17
F0060,0.9,0.23,0.77,0,0.07,0,0,0.81,0,0.29,0,0.08,0.43,0,0.29,0.98,0,0.49,0.24,0.7,0,0.3,0,0.35,0,0.55,0.84,0,0.14,0.04,0.3,0,0.59,0.71,0.42,0,0,0.98,0.94,0.07,0.56,0.76,0.22,0.8,0.97,0,0,0,0.58,0,0.17,0.79,0.05,0.44,0.4,0,0.32,0,0,0
F0061,1,0.21,0,0.58,0.58,0.3,0,0.51,0.2,0,0,0,0.93,0,0.36,0.46,0.17,0.29,0.26,0.77,0.19,0.59,0.61,0,0.35,0.98,0.63,0.67,0,0.47,0.85,0.98,0,0.17,0.27,0.75,0.13,0.18,0.5,0.93,0.91,0,0,0.15,0.16,0,0.3,0.08,0.77,0.09,0.09,0.41,0,0.57,0.75,0.99,0.62,0.83,0,0.17
F0062,0.69,0.41,0.46,0.4,0,0,0,0,0,0.51,0.49,0.85,0.66,0.76,0.04,0.48,0.05,0.83,0.85,0.09,0,0.74,0.15,0,0.24,0,0.28,0,0.05,0.37,0,0.64,0.35,0.61,0.5,0.37,0.71,0,0.56,0,0.78,0.3,0.07,0.39,0.82,0,0.45,0.05,0,0,0,0,0,0.89,0.24,0,0.66,0,0.06,0
F0063,0,0.77,0,0.06,0.86,0.33,0,0.94,0,0.77,0.17,0.45,0.64,0,0.14,0.27,0,0,0,0,0.58,0.65,0.43,0,0,0.18,0.05,0.28,0.08,0,0.04,0,0,0.75,0.85,0,0.98,0,0,0.71,0,0,0,0,0.13,0.02,0.35,0,0.27,0,0.85,0.94,0.84,0,0.96,0.47,0.86,0,0.94,0.26
F0064,0.28,0.04,0,0.38,0.5,0.07,0,0,0.1,0.72,0.51,0.51,0.29,1,0.06,0.6,0,0.96,0,0.82,0.92,0.63,0.51,0,0.69,0.62,0.84,0.13,0,0,0,0.56,0.65,0.25,0.41,0,0.75,0,0,0,0,0,0,0.38,0,0.79,0.22,0,0.18,0.5,0.27,0.27,0,0,0,0.91,0,0.69,0.24,0.12
F0065,0.33,0,0,0.5,0,0,0.21,0,0,0.34,0.69,0,0.91,0.35,0,0,0,0,0.72,0.95,0.36,0.88,0,0,0,0,0,0.62,0,0.89,0.52,0.32,0,0,0.62,0.89,0.02,0,0.64,0,0,0.83,0.33,0.3,0.8,0,0.76,0.67,0.92,0,0.66,0.5,0.31,0.72,0.2,0.62,0.39,0.7,0.22,0.5
F0066,0,0,0,0.85,0,0.09,0,0,0,0,0.02,0.96,0.92,0.25,0.07,0,0,0.56,0.97,0.05,0.31,0.38,0.5,0.06,0,0,0.81,0.21,0.95,0.63,0,0.27,0.51,0,0,0.44,0,0.64,0.36,0,0.35,0.63,0.06,0.57,0.32,0,0,0.79,0.94,0,0.4,0.14,0,0.85,0,0.89,0,0.84,0,0
F0067,0.26,0.16,0.59,0.78,0.64,0.74,0.65,0,0,0.72,0.32,0,0.2,0.28,0,0.65,0.98,0.84,0.24,0.93,0,1,0.68,0,0,0,0.56,0,0.83,0.03,0.47,0.93,0,0.58,0.25,0,0.15,0,0.09,0,0,0,0,0,0.84,0.21,0.62,0.76,0,0.81,0,0.33,0.89,0,0.2,0,0.1,0.54,0.59,0.44
F0068,0.53,0.05,0.76,0,0,0,0,0.08,0,0,0.26,0.24,0.1,0,0,0,0.8,0,0.6,0,0.11,0.18,0.05,0.12,0.95,0.55,0,0.43,0.07,0.85,0.98,0.03,0.14,0.4,0.11,0.91,0.42,0,0.43,0,0.65,0.24,0.15,0.58,0,0,0.23,0,0,0.92,0.2,0.01,0.92,0.98,0.03,0.69,0,0.96,0,0
F0069,0,0,0.2,0.43,0.26,0.26,0,0.3,0.44,0.59,0.14,0.95,0.05,0.2,0,0,0,0,0,0.29,0.84,0.95,0.22,0,0,0.05,0.48,0.61,0.91,0.01,0.13,0.15,0,0,0,0,0,0,0.24,0,0,0.43,0.8,0,0,0.18,0.9,0,0.32,0,0.39,0,0.4,0.86,0.99,0.51,0.11,0,0.75,0
F0070,0,0.55,0.26,0.65,0.84,0.67,0,0.83,0.43,0.1,0.22,0.15,0.55,0,0.69,0,0.31,0.13,0.48,0.95,0,0.19,0.87,0.19,0.5,0.69,0,0,0,0.06,0,0.08,0,0.35,0.47,0.86,0,0,0.46,0,0,0.56,0.51,0.47,0.95,0.77,0.92,0.19,0.49,0.64,0.53,0,0.19,0.62,0.9,0,0.45,0,0,0.88
F0071,0.48,0,0,0,0.44,0,0,0.6,0,0,0.28,0,0.29,0.24,0.87,0,0,0,0,0.25,0.56,0.39,0.05,0.59,0,0.03,0,0,0,0.29,0.82,0.43,0.32,0,0.12,0.26,0,0.39,0.08,0,0.25,0.92,0,0.71,0,0.4,0.62,0.29,0.58,0.87,0.74,0,0.37,0.05,0.64,0.73,0.97,0,0.44,0.26
F0072,0.43,0.57,0,0.55,0,0.63,0,0.33,0,0.89,0,0.24,0.61,0.66,0,0.27,0.87,0.47,0.42,0.35,0,0.67,0.61,0.81,0.87,0.15,0.71,0,0.82,0.77,0.72,0,0,0,0,0.72,0,0.39,0,0.6,0,0.87,0.24,0.55,0.45,0,0.51,0.29,0,0,0.45,0,0.13,0.24,0.4,0.97,0.91,0,0,0.47
F0073,0.44,0.03,0,0.13,0,0,0.06,0.05,0,0.38,0.44,0.37,0.37,0.87,0,0.79,0,0.77,0.74,0,0,0,0.44,0.73,0,0,0,0.59,0,0,0.63,0,0.76,0,0.18,0,0.94,0.87,0,0,0.43,0.92,0,0.94,0.07,0,0,0.97,0.88,0.19,0.34,0.21,0.21,0.78,0.9,0.32,0.59,0.22,0,0
F0074,0.45,0.28,0.61,0.94,0.43,0.95,0.24,0.9,0.95,0,0,0.44,0.8,0,0,0.28,0,0.67,0.47,0.45,0.51,0.1,0,0,0,0.2,0,0.31,0.29,0,0.65,0.13,0.17,0.06,0,0.57,0.1,0,0,0.21,0.65,0.38,0.19,0,0.94,0.26,0,0.13,0.44,0,0.78,0,0.87,0.27,0,0,0,0.59,0.44,0.85
F0075,0.03,0.84,0.34,0.84,0,0.52,0.82,0.26,0.58,0.41,0.19,0.91,0.15,0.85,0.65,0.41,0,0,0,0.37,0.74,0,0.99,0.12,0.84,0.53,0.32,0.89,0.34,0.17,0.37,0.73,0,0,0.23,0.92,0.97,0.56,0.96,0.68,0.74,0.09,0.82,0.21,0,0.42,0.63,0,0,0.61,0.73,0.49,0,0.06,0,0.91,0.38,0.72,0,0
F0076,0.75,0,0,0.43,0,0,0.89,0.5,0.6,0.99,0.89,0.12,0.82,0.79,0,0.8,0.5,0,0,0,0,0.44,0.42,0.6,0,0,0.59,0.63,0.2,0.35,0,0.99,0.79,0.26,0,0.17,0.27,0,0,0,0.19,0,0.35,0,0,0,0,0.66,0.52,0,0.93,0.79,0.22,0.35,0.52,0.26,0.63,0.25,0,0
F0077,0,0,0.96,0.09,0.78,0.39,0.25,0.26,0,0.05,0,0,0,0.81,0,0,0.83,0.68,0,0,0.36,0.4,0,0,0.43,0.77,0.52,0.67,0.48,0.36,0,0.85,0.92,0.29,0.85,0,0,0.37,0,0.25,0.23,0.56,0,0,0.75,0,0.89,0.81,0.28,0,0.65,0.38,0.73,0.71,0.68,0.89,0,0.8,0,0.59
F0078,0.84,0,0.32,0.58,0.53,0.28,0,0.13,0.65,0,0,0.98,0.45,0,0,0,0.22,0.25,0,0.31,0.43,0,0,0.28,0,0.86,0,0,0.87,0.87,0,0,0.22,0.4,0.94,0.78,0,0.76,0.6,0,0.34,0,0.63,0,0.16,0.83,0.6,0.07,0,0.06,0.46,0.24,0.16,0,0.96,0.37,0.54,0.48,0.26,0
F0079,0.56,0,0,0.57,0,0,0.18,0,0,0.85,0.56,0.53,0,0.32,0.02,0.46,0,0.37,0,0.71,0.17,0,0,0.33,0,0.96,0,0.06,0.48,0.1,0,0.51,0,0,0.57,0.07,0.39,0.9,0.81,0.22,0.32,0.38,0.23,0.12,0.99,0,0,0.37,0.03,0.06,0,0,0.28,0,0,0,0.37,0,0.6,0.61
F0080,0.71,0.65,0.16,0.11,0.41,0.15,0.05,0.48,0,0,0.61,0.08,0.14,0.79,0.06,0.09,0.14,0,0.79,0,0,0.14,0.59,0,0.12,0.46,0.64,0.21,0.84,0.9,0.03,0,0.84,0.71,0,0,0,0.66,0.11,0.59,0,0,0.59,0,0.5,0.83,0,0.6,0,0,0,0,0,0.92,0,0,1,0,0.8,0
F0081,0,0.28,0.37,0,0,0.76,0.97,0.37,0.62,0.6,0,0.57,0,0.5,0.89,0.44,0.48,0.17,0.13,0.51,0,0.48,0.34,0.45,0.9,0,0.85,0,0,0.48,0.4,0.1,0.41,0.31,0.72,0,0.4,0.78,0.6,0,0.4,0,0,0.87,0.97,0.38,0.47,0.38,0.75,0.99,0.95,0.79,0.43,0.72,0.61,0.26,0,0.04,0.4,0
F0082,0.96,0,0.25,0.37,0.52,0.94,0.75,0.22,0.4,0.93,0,0,0.66,0.99,0,0.3,0.72,0,0.36,0.94,0,0.72,0.56,0,0.49,0.08,0.4,0.46,0,0,1,0.59,0.7,0,0,0.36,0.82,0,0.11,0.86,0.75,0.5,0.11,0.28,0.37,0.84,0.45,0,0.83,0,0.36,0.85,0.04,0.03,0.57,0.08,0.58,0.88,0,0.25
F0083,0.41,0.8,0,0.15,0,0,0,0,0.19,0.23,0.45,0,0.88,0,0,0.49,0,0,0.79,0.24,0,0.82,0.29,0.71,0.65,0.9,0,0,0,0.2,0.51,0,0.23,0.45,0.23,0,0.96,0.28,0.68,0.42,0.91,0.99,0,0.45,0.95,0.43,0,0.48,0.42,0,0,0,0.86,0.77,0,0.12,0,0.25,0,0
F0084,0,0.73,0.11,0,0,0.4,0,0.59,0,0.08,0,0.39,0.81,0.78,0,0.97,0.7,0.45,0,0,0,0,0.97,0.91,0.2,0,0,0,0,0.28,0.18,0.31,0.41,0,0,0.63,0.11,0.13,0.25,0,0.74,0,0.99,0,0.36,0.12,0,0,0.39,0.71,0.94,0,0,0.09,0,0,0.31,0.09,0.58,0
F0085,0.64,0,0.26,0,0.19,0.28,0.99,0.05,0.14,0.14,0.06,0,0.69,0.17,0,0,0.6,0,1,0.47,0.83,0,0,0.19,0,0.71,0.53,0.06,0,0.53,0,0.2,0.77,0,0.87,0.13,0.99,0,0.64,0.44,0.95,0,0.85,0.83,0,0.79,0.83,0,0,0,0.97,0.21,0.43,0.96,0.37,0.97,0,0.25,0.92,0.42
F0086,0,0.96,0.87,0,0.85,0.5,0,0.11,0.41,0,0.75,0.23,0.63,0.69,0.22,0.76,0,0,0,0.76,0.07,0.67,0,0.48,0,0.68,0,0.57,0,0.4,0.32,0,0.06,0.1,0.85,0.58,0.07,0.4,0,0.24,0.15,0.79,0.22,0.9,0,0.79,0.3,0,0.1,0.34,0.83,0.3,0.94,0.77,0.19,0.75,0.1,0.47,0.05,0.76
F0087,0.64,0,0.11,0,0.14,0,0.17,0,0,0,0,0,0.61,0.96,0,0.11,0.49,0.41,0.33,0.26,0,0,0,0.3,0,0.61,0.71,0.32,0.4,0,0.46,0,0.27,0,0.05,0.49,0.72,0,0.25,0.71,0.48,0,0.72,0,0.31,0,0.11,0.11,0.27,0.73,0.95,0,0,0.35,0,0,0.31,0,0.01,0.74
F0088,0.8,0,0,0.54,0.09,0.89,0.94,0.7,0,0.5,0.5,0.14,0,0.78,0.19,0,0.32,0.55,0,0.84,0.88,0,0,0.22,0,0,0,0,0,0.04,0.63,0.13,0.99,0.66,0,0.55,0,0.85,0.65,0.72,0.77,0.68,0,0,0.74,0.92,0.75,0,0.73,0.41,0.7,0.45,0.83,0.9,0,0.56,0,0.31,0.71,0.33
F0089,0.44,0.44,0,0,0,0.38,0.12,0,0.66,0,0,0.02,0,0.53,0,0,0,0,0.55,0.3,0.72,0.7,0,0.61,0.36,0.11,0.85,0.46,1,0,0.21,0.49,0.01,0.31,0.43,0,0.91,0.81,0,0.42,0.42,0,0,0,0.17,0,0,0.2,0.13,0.56,0.15,0.58,0.23,0,0,0.8,0.86,0,0.36,0
F0090,0,0.4,0,0.37,0.71,0,0.01,0,0,0.36,0,0,0.53,0.66,0.88,0,0.36,0.81,0.1,0.27,0.76,0.59,0.85,0.33,0.26,0.55,0.95,0.89,0.75,0.28,0,0,0,0.03,0.14,0.18,0,0.11,0.74,0,0.94,0,0.8,0.24,0.12,0.94,0,0.62,0.8,0,0.72,0,0.1,0.3,0.08,0,0,0,0.04,0
F0091,0,0.79,0,0,0,0,0.41,0,0.98,0.43,0,0.87,0,0.52,0.71,0.72,0.8,0,0.45,0,0.02,0.38,0.42,0,0,0,0.88,0,0.06,0.62,0.91,0.02,0.93,0.65,0.68,0.99,0.14,0,0.99,0,0.11,0.88,0,0,0,0,0.83,0.67,0.03,0.39,0.81,0.13,0.28,0,0.9,0,0.35,0.25,0.64,0.23
F0092,0,0.88,0.16,0.61,0.36,0.34,0.18,0.83,0.99,0.81,0,0,0,0.86,0.91,0.39,0.33,0,0,0,0.91,0.8,0,0.69,0,0,0.13,0,0,0.96,0.6,0.11,0.67,0,0.7,0.78,0,0,0.94,0.73,0,0.3,0.53,0,0.5,0,0.87,0,0,0.91,0,0,0,0,0.74,0.69,0.55,0.68,0.86,0
F0093,0.87,0.91,0.18,0.74,0.75,0.11,0,0,0.22,0,0,0.14,0.28,0,0,0.2,0.43,0.37,0.78,0,0.01,0.46,0,0,0.92,0.86,0.28,0.28,0.63,0,0,0.64,0.28,0.19,0.02,0.34,0,0.96,0,0.55,0.92,0.25,0.84,0.71,0,0.03,0.19,0.97,0,0.81,0.61,0.87,0,0.17,0,0.84,0,0.53,0,0.42
F0094,0,0,0.81,0.91,0,0.23,0.48,0,0.06,0,0,0.89,0,0.61,0.56,0,0.89,0,0,0.33,0.73,0.34,0,0,0,0.69,0.82,0,0.71,0.54,0,0.05,0,0,0.04,0,0.81,0.99,0,0.98,0,0.65,0.78,0.11,0.93,0.49,0,0,0,0,0.96,0,0,0.83,0.49,0.89,0,0.58,0,0
F0095,0.33,0,0,0,0.03,0,0.54,0.87,0.94,0,0.71,0,0.05,0,0,0.88,0.68,0,0,0.59,0,0,0,0.85,0,0.24,0.46,0.97,0.15,0.72,0,0.85,0,0.07,0.62,0.67,0,0.61,0.34,0.25,0,0.82,0,0,0.38,0,0,0,0.97,0,0.08,0.28,0,0.6,0.92,0,0.91,0.97,0,0
F0096,0.42,0,0.58,0.26,0.03,0.78,0,0.39,0,0,0.72,0.92,0,0.5,0,0.42,0.48,0.05,0.66,0.36,0.95,0.63,0.99,0,0,0.73,0.06,0.46,0.26,0,0.82,0,0.3,0,0,0,0.44,0,0.93,0,0,0,0.44,0.59,0.45,0.07,0.47,0.61,0.81,0,0.91,0,0.07,0,0.11,0.16,0,0,0.24,0.54
F0097,0.97,0,0.44,0,0.06,0.93,0.56,0,0.29,0,0.27,0,0.41,0,0.63,0.07,0.47,0.03,0,0,0,0.72,0.47,0.18,0.88,0.64,0.56,0.25,0.47,0.64,0,0.43,0.04,0.98,0.92,0.22,0,0,0,0.31,0,0.01,0.14,0.03,0,0,0,0.85,0.38,0.37,0.76,0,0.14,0.68,0.56,0,0,0.18,0.03,0.18
F0098,0,0.45,0.05,0.7,0.99,0,0,0.79,0,0.66,0.97,0,0,0.77,0.9,0,0.61,0.07,0.85,0,0,0.85,0,0.68,0.71,0,0,0.56,0.51,0.94,0,0.05,0,0.82,0.34,0,0.07,0.99,0.67,0.73,0,0,0.43,0.3,0.68,0,0,0.15,0.65,0.37,0.31,0.63,0,0,0.86,0.62,0.3,0.44,0,0.08
F0099,0.85,0,0.25,0.3,0,0.97,0.15,0.71,0.86,0,0.65,0,0.62,0.08,0.14,0,0.81,0,0,0.58,0.15,0,0.95,0,0,0.97,0,0,0,0.68,0.55,0.26,0.2,0.27,0.29,0.91,0,0,0.26,0,0.82,0,0,0.61,0,0.15,0.83,0,0.75,0.96,0.29,0.96,0.86,0,0.38,0,0.2,0,0.35,0.86
F0100,0.51,0.49,0.36,0.52,0.49,0.03,0.92,0.7,0.35,0.44,0.91,0.74,0,0.03,0,0.64,0.8,0.29,0.67,0.34,0,0.06,0.52,0.04,0.66,0.81,0,0,0.43,0,0.97,0.81,0.53,0,0.14,0,0.11,0,0.01,0.87,0.07,0.15,0.25,0.16,0.89,0.54,0.29,0,0,0.91,0,0.79,0,0.8,0,0.52,0.88,0.23,0.13,0.93
F0101,0.36,0.2,0.86,0.55,0,0,0.39,0.01,0.11,0,0.58,0,0.75,0,0.5,0,0,0.21,0,0.74,0,0.63,0.61,0.74,0.02,0.3,0,0.7,0.86,0.72,0.62,0,0.6,0,0.61,0.72,0,0.96,0,0.04,0.87,0.21,0.48,0,0,0.59,0,0.94,0.7,0,0,0.3,0,0.88,0.02,0.2,0,0,0,0
F0102,0,0,0.38,0.15,0.42,0.15,0.6,0.03,0.21,0.64,0.4,0.05,0,0,0.65,0.96,0.17,0,0,0.32,0,0,0.26,0.92,0.06,0.53,0,0,0.64,0,0.19,0.59,0,0.77,0.44,0,0.34,0.71,0.21,0,0.41,0,0.5,0.58,0,0,0.89,0,0,0.62,0.17,0.36,0,0.8,0.68,0,0.56,0.09,0,0.38
F0103,0.95,0.59,0.77,0.83,0.56,0.3,0,0,0.02,0.84,0,0,0.94,0,0.48,0.49,0.68,0.04,0.39,0.37,0.9,0,0,0,0,0.55,0.66,0.25,0,0.31,0.3,0,0.49,0.82,0.54,0,0,0.64,0.07,0.69,0.19,0,0.37,0.74,0.45,0.38,0,0,0.52,0,0.41,0,0.2,0,0,0.16,0,0.87,0.84,0
F0104,0.87,0.52,0.38,0,0,0.46,0.72,0,0.8,0.07,0,0.35,0,0.75,0.75,0.58,0,0,0.62,0.18,0.12,0.84,0.68,0.8,0,0,0.2,0.94,0.97,0.77,0.47,0.34,0.77,0.66,0.15,0.46,0,0.68,0.93,0,0,0.92,0.58,0,0.9,0.82,0.45,0,0.6,0.15,0.3,0,0.44,0.9,0,0.22,0,0.74,0.3,0.13
F0105,0.88,0.86,0.01,0.12,0.64,0.21,0.55,0.92,0.17,0.88,0.11,0.52,0.38,0,0.83,0.99,0.23,0.27,0,0,0.87,0.77,0,0.38,0.57,0.87,0,0,0.39,0.76,0.87,0.02,0.88,0,0,0.96,0,0.55,0.23,0.17,0.72,0.21,0.86,0.78,0.57,0.31,0.12,0,0.65,0,0.49,0.77,0,0.73,0.51,0.99,0,0,0.77,0.54
F0106,0.68,0.79,0,0.9,0,0.18,0,0,0.43,0,0.43,0.3,0.17,0.96,0.97,0.86,0.35,0.16,0.23,0.51,0.46,0.48,0.06,0,0.57,0,0.12,0,0,0.11,0.27,0.09,0,0.77,0,0,0.32,0.21,0.37,0.39,0.05,0.05,0,0.51,0,0.15,0,0.64,0.19,0.99,0,0.51,0,0.46,0.31,0.78,0,0.14,0,0.98
F0107,0.96,0.05,0,0.1,0.17,0,0,0,0.91,0,0.03,0,0.1,0.48,0.97,0,0.35,0,0.07,0.44,0.89,0.82,0,0.94,0.64,0.99,0.93,0.34,0,0.67,0.03,0.15,0.97,0,0,0,0,0.02,0.61,0.53,0,0,0.28,0.75,0.49,0.95,0,0.71,0.07,0,0.21,0,0,0,0.31,0.65,0,0,0.36,0
F0108,0.38,0,0,0,0.52,0.61,0.9,0,0.07,0.88,0,0,0,0.08,0,0,0.69,0,0,0.64,0.95,0.02,0,0.69,0.3,0.73,0,0,0.24,0.29,0.16,0.96,0.23,0.4,0.41,0.91,0,0,0.39,0.49,0.21,0.05,0.33,0.76,0,0,0,0.04,0.17,0.02,0.13,0,0,0.66,0,0.17,0.9,0.25,0,0.73
F0109,0.3,0.88,0,0.82,0.3,0,0.39,0.56,0,0.6,0,0.32,0.94,0,0,0.31,0.78,0.08,0.74,0.58,0.47,0,0.89,0.55,0,0.9,0,0,0,0,0.38,0.28,0,0.59,0.93,0.64,0.76,0,0,0.21,0.27,0,0,0.75,0,0.8,0,0,0.34,0.21,0,0.6,0.23,0.05,0.57,0,0.01,0.71,0,0
F0110,0.96,0.19,0,0.89,0.67,0.63,0,0.66,0.94,0,0.03,0.92,0.22,0.89,0,0,0.33,0.68,0,0.86,0.76,0.55,0,0.37,0.43,0.44,0.35,0.07,0.18,0,0.32,0.38,0,0,0.44,0.02,0.74,0.1,0.56,0.05,0.49,0,0.07,0.93,0.24,0.8,0,0.16,0.23,0.72,0,0.22,0.13,0.91,0,0.52,0.34,0,0,0.89
F0111,0.72,0,0,0,0,0,0,0.06,0.21,0,0.45,0.17,0.15,0.1,0.49,0,0,0.86,0,0.34,0,0,0,0.26,0,0,0.97,0.67,0.76,0.1,0.11,0.07,0,0.64,0,0.2,0.28,0,0.06,0.74,0.02,0.61,0,0,0.77,0.62,0,0.92,0.59,0.09,0,0.88,0.13,0.28,0.29,0.88,0.5,0.42,0.65,0.98
F0112,0,0.93,0.46,0.17,0.38,0,0.7,0.54,0,0,0,0,0.15,0.83,0.14,0.14,0,0.44,0,0.53,0,0.26,0,0,0,0,0.41,0.4,0.18,0.75,0.16,0.93,0.12,0,0.87,0.64,0,0,0.29,0.7,0.01,0,0.55,0,0.47,0,0.28,0.35,0,0,0.23,0.45,0,0.66,0,0.32,0.43,0,0.71,0.48
F0113,0.48,0,0.94,0.84,0.63,0.61,0,0.81,0,0,0.51,0.77,0.08,0.06,0.8,0.8,0,0.66,0,0.68,0.08,0.15,0.46,0.68,0.98,0.02,0.42,0.12,0.44,0.49,0.19,0.47,0.86,0.99,0.97,0.37,0,0,0.59,0,0,0.57,0.24,0,0.98,0.03,0.24,0.9,0.18,0,0.34,0,0.18,0.37,0,0.1,0.53,0.39,0.31,0
F0114,0.48,0.24,0,0.36,0,0,0.51,0.48,0,0.72,0.8,0.93,0,0,0,0,0.18,0,0.76,0.6,0.17,0,0.63,0.21,0.32,0.41,0.01,0.36,0.95,0,0,0.14,0.9,0.47,0.13,0.04,0.69,0.53,0,0,0.26,0,0,0.26,0,0,0,0.24,0.79,0.88,0,0.25,0.91,0.71,0,0.5,0.5,0.1,0.29,0
F0115,0,0,0,0.3,0.57,0.51,0.35,0,0,0,0.76,0,0.77,0,0,0.38,0.92,0,0,0,0.03,0,0.2,0.12,0.64,0,0.82,0.13,0.48,0.32,0,0,0,0.08,0.1,0.05,0.23,0,0.26,0.05,0,0.72,0,0,0,0,0.16,0.08,0,0.31,0.74,0.94,0,0,0.91,0.63,0,0.4,0,0.74
F0116,0.42,0.62,0.13,0,0,0.82,0,0.75,0.24,0,0.21,0.96,0.06,0,0.99,0.78,0.76,0.34,0.18,0,0.5,0.82,0.65,0,0.57,0.03,0,0.7,0.67,0.68,0.49,0.52,0.51,0,0.05,0.81,0,0,0.57,0.47,0,0.21,0,0,0.87,0.72,0.56,0.31,0.27,0,0,0.52,0.02,0.61,0.75,0.17,0.64,0.68,0.56,0
F0117,0.83,0,0.89,0.89,0.28,0.04,0.4,0.61,0,0.41,0.15,0.85,0.65,0.18,0.65,0.78,0,0,0,0.27,0.18,0.58,0.86,0.35,0.75,0,0.37,0,0.93,0.69,0.36,0,0.26,0.96,0,0,0.67,0.22,0,0.75,0.56,0,0.48,0.58,0.54,0.1,0.94,0,0,0.46,0,0.27,0.33,0.91,0.63,0,0.9,0.99,0,0.34
F0118,0.45,0.04,0.64,0.78,0.72,0.65,0,0.77,0.05,0.4,0.3,0,0,0.13,0,0,0.23,0.75,0.3,0.15,0.67,0.42,0.67,0.33,0.76,0,0.52,0,0.06,0.47,0,0.81,0.04,0.85,0.58,0.09,0.14,0.64,1,0,0.21,0.81,0.87,0.47,0.3,0.52,0.73,0.82,0,0.15,0,0.77,0.38,0.78,0,0.07,0,0.8,0,0.58
F0119,0,0,0.48,0,0,0.24,0.93,0.3,0.1,0,0.05,0.25,0.46,0.23,0.04,0.88,0.44,0.73,0,0.11,0,0.43,0.34,0.42,0,0,0.16,0.12,0.28,0.28,0,0,0.16,0.46,0,0.88,0.71,0.41,0.34,0.58,0,0,0,0.99,0,0.81,0,0.86,0,0.43,0,0.24,0,0,0,0.24,0.05,0.33,0.71,0.93
F0120,0.55,0,0.34,0,0.4,0.55,0,0,0.34,0,0,0,0.47,0.74,0.42,0.67,0.74,0.19,1,0.12,0.45,0.23,0,0.68,0,0.7,0,0,0,0.96,0.14,0.37,0,0,0.64,0,0.3,0,0.93,0,0.32,0.27,0.61,0,0.46,0.19,0,0,0,0.49,0.33,0.49,0,0.85,0.36,0.52,0.62,0.54,0.89,0
F0121,0.72,0.84,0,0.59,0,0,0.8,0,0.55,0.15,0,0,0,0.64,0,0.59,0,0.4,0,0.11,0,0.52,0.65,0.02,0.29,0,0.89,0.95,0,0,0.71,0.72,0.9,0,0.5,0,0,0.37,0.85,0.39,0.08,0.08,0,0,0,0,0.82,0.56,0.73,0.14,0,0.72,0.52,0.95,0.33,0.52,0.7,0.4,0.07,0.07
F0122,0.97,0,0.73,0.97,0.05,0.05,0.29,0.17,0,0.2,0,0.71,0.23,0.49,0.61,0.82,0.58,0,0.14,0.63,0,0.94,0,0,0.98,0,0,0.16,0.17,0.27,0,0.13,0.64,0,0.34,0.23,0.12,0.87,0.91,0,0.94,0,0.97,0,0.82,0,0.64,0,0.3,0.02,0.45,0.22,0.56,0.43,0.45,0.89,0.15,0.45,0,0.87
F0123,0,0,0,0.65,0.45,0,0.67,0.94,0,0.04,0.64,0.26,0.7,0.16,0.88,0,0.65,0,0.99,0,0,0,0.97,0.09,0,0.52,0,0.69,0,0,0.39,0.82,0.25,0,0.9,0.32,0.66,0.66,0.76,0,0.58,0.06,0,0.15,0.79,0.82,0,0.81,0,0,0.77,0.59,0,0.74,0.75,0,0.63,0,0,0.88
F0124,0.03,0.54,0.2,0.14,0.63,0.56,0,0,0.31,0.11,0,0.55,0.62,0,0,0.98,0.37,0.39,0,0.02,0.55,0.13,0.5,0,0.79,0.48,0,0.51,0.6,0.6,0.39,0,0,0,0.76,0.58,0.93,0.48,0.14,0.41,0,0.95,0,0,0.89,0.03,0,0,0.27,0.07,0,0.4,0,0.39,0.34,0.53,0.3,0.43,0.78,0
F0125,0,0.38,0,0,0,0.3,0,0.78,0.68,0,0,0.47,0,0,0.88,0,0.49,0,0.43,0.49,0,0,0,0.42,0.63,0.66,0.48,0,0.23,0.15,0.84,0,0,0,0,0.07,0.11,0.35,0.98,0,0,0,0,0.23,0,0.57,0.63,0,0.88,0.22,0.63,0.27,0,0,0.89,0.99,0.47,0.51,0.65,0
F0126,0,0.79,0.39,0.32,0.55,0.92,0,0.26,0.3,0,0,0.22,0.44,0.22,0,0,0.71,0,0.75,0,0,0.57,0,0.84,0.8,0.53,0,0.64,0,0,0.62,0.44,0,0.06,0.98,0,0.16,0,0.91,0.01,0,0.76,0.51,0.58,0.48,0.7,0,0,0.83,0.7,0.34,0,0.95,0,0.4,0.85,0.93,0.15,0.32,0.58
F0127,0.92,0.64,0.64,0.57,0.44,0.38,0.07,0,0.22,0,0.64,0.46,0,0.12,0.38,0.42,0.08,0.28,0.51,0,0,0.83,0,0.7,0.66,0,0.56,0.96,0.85,0.11,0.93,0,0,0.73,0.76,0.76,0,0.18,0.9,0,0.19,0.08,0.95,0.84,0,0.45,0.53,0.24,0,0.29,0,0.03,0,0,0,0.57,0.46,0.7,0,0
F0128,0.23,0.71,0.11,0.31,0,0.9,0.14,0,0.07,0,0,0.97,0.29,0.84,0,0.4,0.96,0,0.87,0.95,0.49,0.85,0,0,0,0,0,0,0.77,0.55,0.09,0.43,0.61,0.16,0,0,0.97,0.69,0.2,0.32,0,0.5,0.8,0.75,0,0,0.79,0,0,0.4,0,0.28,0.45,0,0.81,0,0.32,0,0.75,0
F0129,0,0.51,0.53,0.84,0.02,0.53,0,0.49,0.03,0,0.41,0.9,0.19,0.46,0.48,0.97,0.54,0.34,0.98,0,0,0,0.44,0,0.12,0,0,0.83,0.45,0,0.68,0,0.16,0.38,0,0,0.25,0,0.74,0.5,0.54,0,0.53,0.02,0,0.13,0,0.43,0,0.45,0.79,0.01,0.58,0.02,0.79,0,0.11,0.36,0.45,0.59
F0130,0,0.09,0.71,0,0.95,0.33,0.5,0,0,0.43,0.7,0,0.87,0,0.3,0.98,0,0.24,0,0.8,0.02,0.41,0,0.71,0,0.59,0.72,0.48,0.98,0,0,0.21,0,0,0.91,0,0.6,0.95,0.75,0.66,0,0,0.23,0,0,0.22,0,0.19,0.14,0,0,0.07,0.88,0.75,0,0.61,0.69,0,0.95,0
F0131,0.4,0.79,0,0,0,0,0.07,0.74,0.29,0.64,0.71,0,0.33,0.86,0.82,0,0,0,0.05,0.22,0.83,0.5,0,0.31,0.84,0.02,0.41,0.86,0.33,0.75,0.41,0.92,0,0.21,0.09,0,0.04,0,0,0.76,0,0,0.75,0,0.71,0.33,0.08,0,0.35,0.8,0,0.74,0,0.37,0.24,0,0,0.68,0.85,0
F0132,0.33,0.81,0,0.15,0.52,0.82,0.11,0,0.55,0,0.74,0,0,0,0,0.07,0.23,0.64,0,0.05,0.98,0,0,0.03,0.45,0.67,1,0.63,0.95,0.87,0,0.97,0,0,0.19,0.69,0.57,0,0.48,0.67,0.01,0.72,0.86,0.91,0,0.07,0.95,0.04,0.15,0.64,0.76,0.98,0.17,0.93,0.39,0.37,0,0.74,0.31,0.24
F0133,0,0.45,0,0,0,0.99,0.34,0,0.87,0.42,0.67,0.42,0.78,0,0.98,0.23,0.59,0,0.07,0.52,0.32,0,0.43,0,0,0.64,0,0,0.85,0.69,0.67,0.71,0.83,0.93,0.26,0.18,0.58,0.2,0.53,0.97,0.69,0.95,0,0.56,0,0.79,0.95,0,0,0,0.32,0.38,0.18,0,0.98,0.34,0.82,0.26,0.52,0
F0134,0.81,0.16,1,0,0,0,0,0.6,0.66,0.61,0,0,0.42,0.11,0.24,0.78,0,0,0.54,0.67,0.85,0.79,0.1,0,0,0.03,0.23,0.04,0,0,0.25,0,0.25,0.33,0.59,0.4,0,0,0.71,0.04,0,0.56,0,0.21,0.51,0,0,0,0,0,0.64,0.52,0,0.23,0.5,0,0,0,0.02,0.77
F0135,0,0,0,0,0,0.25,0,0,0,0,0,0,0,0.24,0,0,0.94,0.8,0.9,0,0.12,0.67,0,0.69,0.29,0,0,0.19,0.78,0.06,0,0,0.63,0.2,0,0,0.63,0,0.64,0.96,0.33,0.47,0.15,0.74,0.18,0,0,0.96,0.58,0.32,0,0,0.6,0.33,0.09,0,0.84,0.21,0.34,0
F0136,0.42,0.76,0.34,0.43,0.52,0.92,0.95,0,0.95,0,0,0,0.68,0,0.89,0.31,0.15,0.83,0,0.35,0.06,0,0,0.63,0,0.12,0.39,0.82,0.01,0.1,0.37,0.13,0.2,0.77,0.66,0.39,0.71,0.24,0.75,0.14,0.96,0.48,0,0.42,0.26,0.29,0.24,0.98,0.08,0.43,0.55,0.11,0,0,0.49,0.98,0,0.09,0.82,0.66
F0137,0.22,0.95,0.95,0.82,0.31,0.86,0,0.84,0.18,0.97,0.11,0.55,0.35,0,0.78,0.04,0.25,0.53,0.68,0.37,0.24,0,0.75,0,0,0.95,0.76,0.81,0.21,0,0.53,0,0,0.44,0.33,0,0.23,0,0.5,0,0.4,0.57,0.17,0.79,0.98,0.67,0.85,0.84,0,0,0.11,0.83,0,0.72,0,0,0,0,0.85,0
F0138,0.28,0.12,0.22,0.18,0.31,0.8,0.86,0.96,0.08,0.85,0,0.93,0.87,0.99,0,0,0,0,0.72,0,0.07,0.14,0.73,0.22,0.28,0.88,0.27,0.42,0.28,0.96,0.75,0.52,0,0.4,0,0.13,0,0.24,0.24,0,0.11,0.7,0,0.21,0.65,0.81,0.31,0.8,0,0.76,0,0.1,0,0,0.62,0.38,0.76,0.91,0.3,0
F0139,0.73,0,0,0.4,0.63,0,0.57,0.49,0,0,0,0,0,0,0,0,0.18,0.94,0,0.11,0,0.89,0,0,0,0.89,0.87,0,0.21,0,0.87,0.74,0.86,0.05,0.15,0,0,0,0,0,0,0,0,0.95,0.78,0,0.9,0,0.54,0.92,0.7,0.79,0.14,0,0,0.48,0,0.49,0,1
F0140,0,0.49,0,0,0,0.09,0.51,0.97,0,0.83,0.99,0.97,0.06,0.02,0.67,0,0,0.29,0.19,0.1,0.19,0.07,0.73,0.03,0.82,0,0.84,0.46,0.59,0,0.15,0.16,0.53,0,0.02,0.63,0.48,0.42,0.32,0,0.06,0.78,0.36,0.92,0.99,0,0,0.98,0.07,0,0.52,0.36,0.34,0.56,0.57,0.88,0.93,0,0,0.72
F0141,0.53,0.89,0.82,0.96,0.9,0,0.28,0,0.58,0,0.44,0.62,0.01,0.05,0,0.22,0,0.74,0.51,0,0.15,0,0.37,0.68,0.97,0.58,0,0.49,0.01,0.12,0.21,0.41,0.14,0,0,0,0.46,0,0.21,0.16,0,0,0,0,0.78,0.48,0.07,0.41,0.09,0.03,0.31,0,0,0.19,0.38,0,0.01,0,0.84,0
F0142,0.17,0,0,0.53,0,0,0,0,0.75,0.27,0.45,0.71,0.14,0,0,0,0,0.51,0.41,0.79,0,0,0,0,0.33,0,0.78,0.32,0,0.8,0.47,0.49,0,0.58,0.55,0.56,0.83,0,0.92,0.32,0,0,0,0,0,0.83,0.86,0.41,0,0,0,0.86,0.68,0,0,0.28,0.66,0.07,0.22,0.91
F0143,0,0,0,0,0.12,0.41,0.8,0.55,0.22,0.78,0.35,0,0.01,0.93,0.07,0,0.1,0.6,0.39,0.41,0,0,0,0.82,0.91,0.5,0,0,0.16,0.09,0.99,0.45,0,0.39,0.21,0.71,0,0,0,0.63,0.14,0.18,0.58,0.41,0.56,0.89,0.85,0.82,0.08,0.32,0,0,0,0.19,0.21,0.13,0,0.76,0.84,0.15
F0144,0,0,0.94,0.02,0.52,0.03,0.54,0.88,0.94,0,0.35,0.88,0,0.26,0,0.41,0,0,0,0.83,0.97,0.4,0.09,0.86,0.85,0.87,0.87,0.72,0.05,0,0.36,0,0.81,0.99,0.77,0.65,0.94,0.12,0,0,0.7,0,0.84,0.27,0.39,0.51,0.38,0,0.33,0.49,0,0.41,0.01,0.94,0,0.68,0.38,0.39,0.04,0.32
F0145,0.82,0.64,0.23,0.91,0,0.36,0.57,0,0,0,1,0.1,0.19,0.55,0.82,0,0,0.88,0,0.55,0.13,0.42,0.94,0,0,0.05,0.47,0.27,0,0.2,0,0,0,0.55,0.51,0,0.45,0,0.15,0,0.38,0.79,0.12,0.21,0.86,0.92,0.44,0.75,0,0.16,0.48,0.97,0.69,0,0,0.47,0.39,0.02,0.13,0
F0146,0.49,0.45,0.63,0.38,0,0.87,0,0.21,0.53,0.45,0.43,0.28,0.62,0.62,0.7,0.68,0.44,0,0,0.66,0,0,0.59,0,0.24,0,0.93,0.31,0.55,0.07,0,0,0.46,0,0,0.26,0.84,0.18,0.34,0.86,0.25,0,0.87,0,0.59,0,0,0,0.65,0.47,0.04,0.61,0.34,0.11,0.91,0.58,0,0.2,0,0.46
F0147,0.35,0.3,0.24,0.16,0,0,0.85,0,0.89,0,0,0,0.53,0.02,0,0.85,0.3,0.87,0.07,0.7,0.67,0.7,0,0.08,0.19,0,0,0.14,0.25,0.3,0,0,0,0.3,0,0.88,0.95,0.38,0,0.89,0,0,0.48,0.95,0.68,0,0.6,0.14,0.19,0.85,0.43,0,0.03,0.28,0.54,0.3,0.52,0.45,0,0
F0148,0,0.72,0.77,0.02,0.55,0,0.42,0,0.86,0.13,0.3,0.39,0.46,0.19,0,0.44,0,0,0.93,0.65,0.05,0.06,0.7,0.94,0,0,0.76,0.66,0.04,0,0.1,0.76,0.54,0,0.23,0.21,0.2,0.46,0.7,0.26,0.09,0.73,0.65,0.06,0,0,0,0,0.59,0.7,0.95,0.07,0,0.5,0.5,0,0,0.41,0,0.13
F0149,0.15,0.1,0,0.91,0,0,0,0,0,0.94,0,0.07,0.67,0.67,0.89,0.25,0.57,0.25,0,0,0,0,0.27,0,0.16,0.58,0.94,0.18,0.43,0.15,0.09,0.94,0,0.87,0.07,0.26,0.46,0.69,0.06,0,0,0.18,0,0.26,0,0,0.14,0.05,0.23,0,0.69,0.8,0.4,0,0.1,0.71,0.92,0,0.21,1
F0150,0,0.77,0.82,0,0,0,0.76,0,0,0,0.59,0,0,0.49,0.12,0.32,0.64,0.35,0,0.68,0,0.88,0.66,0,0,0.38,0,0.2,0,0.78,0.92,0.16,0.53,0.84,0,0.49,0.99,0.51,0,0,0.89,0.45,0.27,0,0.13,0.35,0.16,0.43,0,0,0,0.85,0.02,0,0.17,0,0.58,0.03,0.17,0.06
F0151,0.56,0.75,0,0.07,0,0.94,0.58,0,0.56,0,0,0.88,0.54,0,0.63,0.66,0.28,0,0.82,0.14,0,0.78,0.66,0,0.57,0,0.46,0.81,0.29,0.1,0.1,0.35,0,0.94,0.96,0.39,0.98,0.1,0.96,0.03,0.92,0,0,0.96,0.06,0.99,0.56,0.49,0.98,0,0.92,0.96,0.17,0.5,0,0.44,0.16,0,0.11,0
F0152,0.89,0,0.87,0,0.55,0.04,0.75,0.24,0,0,0,0.63,0.12,0.13,0.79,0.65,0.67,0,0.04,0.76,0.59,0.85,0.94,0,0.98,0.15,0,0,0.81,0.18,0.02,0.62,0,0.95,0.06,0,0.7,0.38,0.52,0.06,0,0.26,0.95,0,0,0.9,0.01,0.35,0.88,0.16,0.71,0,0.77,0.75,0.5,0,0,0.08,0.42,0
F0153,0.11,0,0,0.22,0.77,0.41,0,0.3,0.36,0,0.89,0.86,0,0.51,0.78,0,0,0,0.04,0,0,0.5,0,0,0,0,0.44,0,0.23,0,0.12,0.33,0,0,0.4,0.5,0,0.1,0.67,0,0.3,0,0.13,0,0.78,0.83,0.57,0,0.1,0.67,0.76,0.39,0.9,0.9,0,0,0.17,0.46,0,0.43
F0154,0.12,0,0,0.3,0.19,0,0.98,0,0.64,0,0.57,0.22,0.46,0.23,0.07,0.01,0.52,0,0.03,0.89,0,0.85,0.36,0.08,0.75,0,0.19,0.48,0.91,0.21,0,0.33,0,0.31,0,0.96,0.68,0.52,0.84,0,0,0.35,0.01,0.95,0.9,0,0.69,0.37,0.84,0.17,0,0.22,0.76,0.57,0,0,0.13,0.41,0.95,0.58
F0155,0.4,0.55,0.28,0.1,0.81,0.66,0.32,0,0.34,0.15,0.16,0.75,0.16,0,0.84,0.15,0.72,0,0.14,0.71,0,0.86,0.53,0.11,0,1,0.75,0,0,0,0.14,0,0.23,0.32,0.89,0,0.61,0.7,0.37,0.78,0.51,0.3,0.4,0,0.83,0.11,0,0.75,0.95,0.39,0,0.57,0.28,0.75,0.38,0.54,0,0,0.78,0.41
F0156,0.71,0.46,0.22,0.49,0.03,0.82,0.77,0.2,0.09,0.98,0.29,0,0.63,0.03,0.8,0,0,0.91,0.64,0.27,0,0,0,0.35,0,0.84,0.36,0.94,0,0.76,0,0.08,0.94,0,0.23,0.38,0,0,0,0,0.86,0,0.63,0,0,0.04,1,0.91,0.29,0.7,0,0.28,0,0,0.43,0.77,0,0,0,0.87
F0157,0.43,0.65,0.54,0,0.62,0,0,0,0,0.24,0.98,0,0,0.97,0,0.28,0,0.93,0.05,0.64,0,0.43,0.02,0.27,0.51,0,0,0.92,0.84,0,0,0.74,0.99,0,0,0.88,0,0.08,0.58,0,0,0.23,0.1,0.15,0,0.99,0.48,0.12,0.58,0,0.1,0,0.81,0.31,0.84,0,0,0,0.86,0.87
F0158,0,0.91,0.86,0.63,0.19,0.9,0,0.72,0.18,0,0.62,0.89,0.03,0.97,0.11,0,0.96,0.47,0.83,0.92,0.82,0,0.95,0.31,0.12,0.17,0.18,0.1,0,0,0.4,0,0,0.25,0.18,0,0.07,0,0.66,0.41,0.55,0.78,0,0.34,0.51,0,0,0.18,0.11,0,0,0.02,0.74,0.02,0.67,0,0.95,0.42,0,0.93
F0159,0,0.19,0.03,0.71,0,0.47,0.57,0,0,0.61,0,0.13,0.92,0,0.98,0.96,0.46,0.22,0,0.29,0,0,0,0.6,0,0.73,0.47,0,0.3,0,0,0.51,0.64,0.59,0,0.52,0,0.8,0.49,0.72,0.6,0,0.75,0.16,0,0,0.39,0.44,0.5,0,0,0.38,0.48,0.5,0.67,0,0,0.48,0.78,0.06
F0160,0.7,0.76,0.13,0.36,0,0,0.8,0,0.45,0.14,0,0,0,0.79,0.99,0.31,0.8,0.89,0,0.41,0.92,0,0.71,0,0.16,0,0,0.92,0,0,0.58,0.72,0,0.89,0.18,0.82,0.16,0,0.62,0.19,0.23,0.83,0,0.22,0,0,0.06,0.78,0,0.89,0,0.99,0,0.43,0,0,0.58,0.55,0,0.14
F0161,0,0.69,0.11,0,0.84,0.65,0.27,0.89,0.6,0.61,0,0,0.89,0,0.65,0.94,0.29,0.2,0.04,0.03,0.28,0.73,0.12,0.95,0.83,0.7,0.77,0.08,0.59,0.81,0,0.79,0.16,0,0.75,0.37,0.58,0.57,0.57,0.47,0,0.57,0,0.86,0,0.6,0.15,0.62,0.06,0,0,0.9,0,0.24,0.15,0.95,0.07,0.29,0,0.02
F0162,0.45,0,0.65,0.92,0,0,0.96,0.52,0.65,0,0,0.31,0.97,0,0.8,0,0.51,0.59,0,0.45,0,0.9,0,0.57,0.66,0,0,0,0.77,0.24,0.33,0.67,0,0.81,0.12,0,0,0.18,0.19,0.97,0,0,0.49,0.65,0.11,0.03,0.7,0.54,0,0,0.42,0.43,0.65,0.04,0.51,0.81,0.39,0,0,0.41
F0163,0.52,0,0,0.11,0,0.56,0.29,0.81,0.92,0,0,0.09,0.38,0.34,0.45,0.64,0,0,0.07,0.1,0.26,0.96,0.72,0,0,0.43,0.11,0.44,0,0.21,0,0.4,0.6,0.02,0.43,1,0.68,0,0.28,0,0.17,0.65,0,0,0.34,0,0,0.82,0.48,0.64,0.76,0,0.64,0,0.55,0,0.11,0.1,0.75,0
F0164,0.31,0,0,0.97,0.24,0.91,0.68,0.41,0.46,0.04,0.75,0,0.4,0.41,0.7,0,0.13,0,0.61,0.41,0.12,0.74,0.54,0.7,0.91,0.48,0.52,0,0,0.22,0,0.23,0.59,0.98,0.24,0,0,0,0.1,0.43,0.27,0,0,0.42,0.53,0,0,0.75,0,0.68,0.57,0.42,0.77,0,0,0.62,0.77,0,0.17,0.35
F0165,0,0,0.75,0,0.38,0.46,0,0.7,0.44,0.89,0.53,0,0,0.2,0,0.9,0.6,0.41,0,0,0.08,0,0.89,0,0,0.83,0.44,0,0.55,0.35,0.26,0.08,0,0.61,0.65,0,0.15,0.77,0.82,0.34,0.05,0.67,0.85,0.26,0,0.23,0.98,0.02,0.43,0.8,0.81,0.54,0.35,0.61,0.31,0.11,0.81,0.52,0,0
F0166,0,0.17,0.98,0,0.79,0.72,0,0.1,0.14,0,0.79,0.78,0.34,0.77,0,0.63,0.37,0.85,0,0.8,0.58,0.75,0.66,0.23,0,0.08,0.62,0,0,0.11,0,0,0.06,0.12,0,0,0.69,0.59,0.44,0,0.09,0,0.23,0.07,0.13,0.36,0.06,0,0.47,0.12,0,0.22,0,0,0.06,0,0.76,0.72,0.15,0
F0167,0.92,0,0,0.89,0.96,0.95,0.36,0.35,0.71,0.55,0,0,0.07,0.23,0.18,0.44,0.2,0.69,0.17,0.55,0,0.03,0.01,0.84,0,0.84,0.36,0,0.99,0,0.54,0,0.94,0,0.46,0.28,0.47,0,0.59,0.78,0.81,0,0.31,0.32,0.19,0.39,0.61,0.83,0.28,0.95,0,0,0,0.97,0.25,0,0.57,0.46,0,0.34
F0168,0.07,0.84,0,0,0.35,0,0.66,0,0.39,0.96,0,0.22,0.84,0.04,0.78,0,0.49,0,0,0.44,0.14,0.4,0.6,0,0.91,0.86,0.15,0.12,0.18,0.32,0,0.67,0.11,0.6,0.8,0.37,0.22,0,0,0.54,0.62,0,0,0.42,0.11,0,0.81,0,0,0,0,0,0.73,0.25,0.8,0,0,0,0.44,0
F0169,0.85,0,0.94,0.18,0.86,0.81,0.25,0.65,0.05,0.43,0.01,0.94,0,0.1,0,0,0.16,0.64,0,0.6,0.95,0.68,0,0.13,0.87,0.56,0.89,0,0.98,0.2,0.98,0.47,0.57,0.09,0.34,0.33,0,0.14,0.08,0.4,0.72,0,0.01,0.03,0.16,0,0.85,0.27,0.27,0.4,0.33,0,0,0.55,0,0.23,0.53,0.42,0.93,0
F0170,0.76,0.85,0.7,0,0,0.74,0.93,0,0,0,0,0,0,0.75,0,0,0,0.12,0.99,0,0.35,0.41,0.86,0.44,0,0.23,0,0.08,0,0.55,0.46,0,0.18,0.67,0,0,0,0.97,0.74,0.98,0.74,0.37,0.93,0,0.09,0.91,0.54,0,0,0,0,0.31,0,0.95,0,0.99,0.06,0,0.71,0.55
F0171,0.05,0.53,1,0.15,0.67,0.93,0,0,0,0.33,0.19,0,0,0.14,0.92,0.37,0.4,0.67,0,0.74,0.88,0.9,0.64,0,0.56,0,0.41,0,0.14,0,0,0,0.22,0.94,0.14,0,0.23,0.01,0.95,0.58,0,0.67,0.93,0.21,0.91,0.22,0,0.58,0.59,0,0,0.82,0.33,0.71,0.36,0.12,0.77,0,0.04,0
F0172,0,0,0.58,0.45,0.14,0,0.71,0.6,0,0.32,0.84,0.18,0.79,0,0,0.19,0.31,0.42,0.52,0,0.63,0,0,0,0.96,0.86,0.7,0.26,0.31,0.5,0.35,0.05,0,0.47,0,0.2,0,0,0.88,0,0.09,0.04,0.62,0.75,0.25,0,0.29,0.89,0.59,0,0.55,0.92,0,0,0.85,0,0.97,0.87,0,0.47
F0173,0.04,0,0.84,0.77,0,0,0.72,0,0.79,0.88,0.09,0,0.86,0.25,0,0.65,0.44,0,0,0,0,0.39,0.21,0.88,0.62,0.71,0.19,0,0.86,0.59,0.67,0.77,0.93,0.66,0.09,0.16,0.36,0,0,0.28,0,0.06,0.57,0.42,0.06,0.46,0,0,0.56,0,0.09,0,0.45,0.54,0.39,0.5,0.21,0.3,0,0
F0174,0.07,0,0,0.57,0,0.76,0.8,0.26,0,0.48,0.78,0.16,0.57,0.87,0.03,0.1,0.68,0.48,0.12,0.52,0.5,0.31,0.67,0,0.31,0.46,0,0.75,0,0.4,0.21,0,0.83,0,0,0.11,0.68,0,0.64,0.98,0.61,0,0,0.49,0,0.41,0.21,0,0.73,0.06,0,0,0.92,0.21,0.75,0.57,0.58,0.25,0.77,0.2
F0175,0.05,0.32,1,0.65,0.83,0.47,0.63,0.38,0.83,0.06,0,0.33,0,0.19,0.49,0,0.98,0.03,0,0.92,0.25,0.61,0,0,0.82,0.22,0.85,0,0.45,0,0.05,0.52,0,0.99,0.19,0,0.18,0.79,0.92,0,0,0.44,0.38,0.09,0,0,0.56,0.87,0,0.68,0.97,0.11,0.58,0.53,0.21,0.23,0,0.32,0.71,0.97
F0176,0.7,0.52,0.32,0.07,0.83,0.7,0,0,0.1,0.51,0.96,0.47,0,0.2,0.46,0.17,0,0,0.23,0.44,0,0,0.21,0,0.46,0,0.95,0.15,0.64,0,0,0.7,0.24,0.98,0.57,0.93,0.39,0.39,0,0.25,0.17,0,0,0.99,0.13,0.71,0.92,0,0,0.52,0.21,0.41,0.05,0,0.05,0.55,0.98,0.28,0.71,0.74
F0177,0,0.73,0.49,0.76,0.2,0.66,0.49,0.58,0,0.19,0.46,0,0.4,0,0.41,0.39,0,0.58,0.8,0,0.84,0.34,0.66,0.44,0.24,0.71,0.2,0,0.32,0.56,0.62,0,0.26,0,0,0,0.79,0,0.78,0,0,0.72,0.38,0,0.22,0.6,0.87,0,0.67,0,0,0.57,0.79,0.85,0,0.06,0,0,0,0
F0178,0,0.87,0,0.48,0.78,0.7,0.39,0.58,0.34,0,0.61,0,0.73,0.58,0.96,0.82,0.07,0.3,0.45,0.9,0.97,0.98,0.19,0.33,0.9,0.51,0.28,0.99,0,0,0,0.72,0.87,0.7,0,0.86,0.55,0.27,0.66,0,0.82,0.49,0.11,0.28,0,0.56,0,0.77,0.32,0,0.24,0.97,0,0.94,0,0.9,0.01,0.55,0.99,0
F0179,0,0,0,0.13,0,0.18,0.56,0.48,0.98,0.09,0.66,0.42,0.26,0.29,0.1,0.95,0.91,0,0.29,0,0,0.08,0,0.31,0.8,0,0.37,0.48,0.4,0.05,0.39,0.03,0.55,0,0.55,0.25,0.17,0.6,0,0.02,0.27,0.41,0.69,0.08,0,0.7,0.27,0,0.21,0,0,0,0.35,0.48,0.59,0,0,0.13,0.33,0
F0180,0,0.96,0.59,0.3,0,0,0,0.62,0.92,0.53,0,0,0.66,0.74,0.89,0.76,0.88,0,0,0.19,0,0.8,0.54,0.92,0.98,0.98,0,0,0.09,0,0,0,0.67,0.59,0.75,0.47,0,0,0.52,0.12,0.21,0,0,0.26,0.39,0,0.63,0.3,0,0,0,0.08,0.43,0,0.09,0.73,0.37,0,0.66,0
F0181,0,0,0,0,0.83,0.18,0.17,0.62,0.83,0,0.75,0,0.26,0,0.23,0.82,0.05,0.31,0.99,0,0,0.19,0.51,0.27,0.04,1,0,0.87,0,0,0.65,0.81,0.65,0,0.59,0.28,0,0.49,0.18,0,0,1,0.51,0.31,0.94,0,0,0,0.64,0,0,0,0.24,0.12,0.56,0.96,0.73,0.9,0,0.41
F0182,0,0.3,0,0.45,0.68,0.39,0.39,0.78,0.27,0.38,0.08,0,0.72,0.88,0,0,0,0,0.42,0.89,0.3,0.51,0.53,0,0,0.69,0.49,0,0,0.59,0.9,0,0.16,0,0.29,0.79,0.04,0.13,0.36,0,0.5,0.77,0,0,0.75,0,0,0.65,0.85,0.07,0.57,0.96,0.15,0.14,0.5,0.38,0.13,0.87,0.23,0
F0183,0.13,0.88,0.7,0.53,0.98,0,0.74,0,0.99,0,0,0.01,0.19,0,0.32,0,0.29,0,0.64,0,0.68,0.73,0.71,0.48,0.36,0.3,0.98,0.21,0.79,0.29,0,0,0.34,0,0.05,0.27,0.64,0.56,0,0.72,0,0.31,0,0,0.11,0,0.75,0.54,0.32,0.4,0.01,0.97,0.89,0.68,0.04,0,0.93,0,0.85,0.83
F0184,0,0.46,0.01,0,0.13,0.93,0.62,0.11,0,0.49,0.84,0,0.91,0,0.92,0.82,0,0.23,0,0.3,0.36,0.79,0.4,0,0.78,0.03,0.64,0.19,0,0.66,0.27,0.85,0.3,0.7,0,0,0.15,0,0,0,0,0,0.42,0.51,0,0,0,0,0.27,0.41,0,0.68,0.35,0,0.27,0.82,0.1,0,0.34,0
F0185,0.46,0.4,0.09,0.04,0.83,0,0.78,0,0.23,0,0.52,0,0.98,0,0.48,0,0.77,0.38,0,0,0.64,0.48,0.51,0,0,0.65,0.3,0.93,0.75,0.52,0.77,0.64,0.98,0.58,0,0.54,0,0.13,0.81,0.63,0.56,0.79,0,0,0.78,0,0,0.32,0.47,0.94,0.43,0.27,0,0.76,0,0,0,0,0,0.18
F0186,0.11,0,0.64,0.45,0.61,0,0,0.83,0.67,0.72,0.12,0.09,0.32,0.92,0.94,0,0.17,0.02,0,0.99,0.87,0,0.97,0.86,0.11,0.41,0.43,0,0,0,0.73,0.92,0,0.85,0.03,0.4,0.66,0.17,0,0,0,0.46,0.04,0,0.27,0,0,0.46,0.77,0.92,0.61,0.53,0.75,0.31,0,0.65,0.69,0.53,0.61,0.74
F0187,0.54,0,0,0,0.82,0,0.15,0,0.04,0.99,0,0.48,0,0.98,0.49,0.7,0,0.91,0,0,0,0.48,0,0,0.38,0,0,0,0.58,0.2,0.12,0.65,0.61,0,0.85,0,0,0.09,0,0.45,0.04,0.96,0.82,0.91,0,0.06,0.15,0.1,0,0.06,0.06,0.75,0.9,0.65,0.47,0.82,0,0.53,0.96,0.61
F0188,0.22,0.35,0,0.39,0.28,0,0.78,0.4,0,0,0,0,0.05,0.89,0,0,0,0.17,0.74,0.28,0.09,0.7,0.48,0,0.67,0.28,0,0.09,0.89,0,0.39,0,0.69,0,0.91,0.67,0.17,0.23,0.84,0.99,0.98,0.43,0.18,0,0.12,0.17,0,0,0.57,0.82,0.41,0.5,0.18,0.88,0.54,0.1,0.31,0,0.75,0.79
F0189,0.01,0.2,0.65,0.1,0,0.25,0,0.97,0.47,0,0,0.95,0,0.86,0.99,0.86,0.76,0.32,0,0.27,0,0,0.73,0.86,0,1,0.97,0.77,0,0,0.47,0.31,0.69,0,0,0,0.46,0,0.77,0,0,0.79,0,0.04,0,0,0.97,0,0.66,0.69,0,0,0.53,0.66,0,0.33,0.6,0,0,0
F0190,0.59,0.16,0.87,0.02,0.43,0.03,0,0.46,0,0,0,0.93,0,0.59,0,0.21,0.86,0,0.94,0.05,0.09,0.33,0,0,0.46,0.43,0.22,0,0,0.93,0.09,0.26,0,0.5,0,0.13,0.18,0.66,0.12,0.23,0,0,0.79,0.46,0.81,0.14,0.39,0.99,0.08,0,0.01,0,0.53,0.15,0.49,0,0,0.31,0,0
F0191,0.83,0.74,0,0.97,0,0.18,0,0.07,0.03,0,0,0,0,0.15,0.72,0,0.87,0.04,0.79,0.61,0,0.48,0,0.43,0,0.77,0,0.57,0.63,0.09,0.42,0.62,0,0.33,0.54,0.55,0.85,0.61,0,0.67,0,0.91,0,0.78,0.04,0.39,0,0.17,0.07,0,0.21,0.47,0.41,0.22,0,0.04,0,0,0.15,0
F0192,0.65,0.64,0.94,0,0.88,0.53,0.79,0.42,0.56,0,0.59,0.96,0,0,0,0.27,0,0.29,0.69,0,0,0,0,0,0,0.14,0.09,0,0.54,0.35,0.81,0,0.65,0.52,0.78,0.93,0.48,0.04,0.63,0,0.25,0.12,0.22,0,0,0.96,0.12,0,0.04,0,0,0.19,0.66,0,0.32,0.95,0,0.9,0,0.84
F0193,0.97,0.03,0.07,0.38,0.54,0.04,0.69,0.23,0,0,0.12,0.28,0.15,0.41,0,0,0.55,0.36,0,0,0.81,0,0.34,0.37,0,0.51,0,0.74,0.5,0.31,0.86,0.63,0.8,0,0.63,0.71,0.64,0.06,0.95,0.88,0.91,0.78,0,0,0.36,0,0,0.55,0.85,0,0.38,0.21,0.02,0.67,0.32,0,0,0.39,0.8,0.69
F0194,0,0.99,0.81,0.74,0.54,0.49,0.53,0,0.36,0.68,0.16,0.8,0.38,0,0,0.83,0,0,0.04,0.44,0.02,0.38,0,0,0,0,0.42,0.74,0,0.45,0,0,0.2,0.25,0.48,0.04,0.83,0,0,0.78,0.93,0,0.53,0.22,0.54,0,0.74,0.13,0.8,0,0.66,0.46,0.76,0.68,0,0,0,0,0.19,0.4
F0195,0,0,0.48,0,0.4,0.71,0,0.73,0.08,0.72,0,0,0,0.45,0.02,0.78,0.63,0,0,0.84,0.25,0,0.25,0,0.78,0.53,0.56,0.07,0.25,0.93,0,0.08,0.51,0.52,0,0.33,0,0,0.8,0.49,0.96,0,0.2,0.53,0.57,0.06,0.49,0.51,0,0,0.24,0,0.36,0.37,0,0.83,0,0,0.33,0
F0196,0.27,0.23,0.85,0,0.66,0,0.92,0.69,0.79,0,0.41,0.18,0,0.19,0.98,0,0.68,0,0.09,0,0.86,0.42,0.73,0.38,0.32,0.25,0.9,0.35,0.33,0.31,0.07,0.37,0.07,0,0,0,0,0,0.81,0,0.94,0.56,0.75,0,0,0.11,0,0.62,0.17,0,0.52,0.21,0,0.96,0,0,0,0.34,0.09,0.16
F0197,0.01,0.68,0.36,0,0.77,0.04,0.23,0,0,0.83,0.67,0,0.54,0,0.11,0.96,0,0.04,0.76,0.24,0.53,0,0.37,0.62,0.11,0.93,0,0,0.2,0,0.47,0.07,0,0,0,0,0.86,0.74,0.3,0.05,0.84,0,0.02,0.64,0,0.6,0,0.09,0.75,0.05,0,0,0.95,0,0.64,0.55,0.52,0.58,0.56,0
F0198,1,0.32,0.34,0.52,0,0.07,0.14,0,0.58,0,0.56,0.92,0.14,0,0,0.36,0.09,0,0.67,0.22,0.72,0.33,0,0.3,0,0.02,0,0.43,0.06,0,0.42,0.85,0.63,0,0,0,0,0.38,0.56,0.42,0.99,0.09,0.94,0,0,0.76,0.66,0.28,0.2,0,0,0.09,0,0,0,0,0,0.52,0.84,0
F0199,0,0.97,0.2,0.76,0.87,0.59,0,0.88,0.77,0.82,0,0.7,0,0.09,0.84,0,0,0,0,0,0.61,0.06,0,0.92,0.23,0,0.16,0.07,0.21,0,0.11,0.37,0.56,0.85,0,0,0.45,0,0.49,0.95,0,0.18,0,0,0,0.78,0,0,0.68,0,0.73,0.9,0.95,0.18,0,0.55,0,0.35,0.84,0
F0200,0.83,0.46,0.3,0.92,0.71,0.04,0.98,0.84,0,0.2,0.28,0.79,0.18,0,0,0.53,0,0,0.35,0,0.55,0,0,0.48,0.23,0.09,0.79,0,0,0,0.11,0.61,0,0.73,0,0,0.79,0.43,0.23,0.66,0.42,0,0,0,0.86,0.77,0,0.99,0.47,0.08,0.21,0.53,0.55,0.79,0.61,0,0.55,0.88,0.74,0.99
F0201,0.28,0,0,0,0,0,0,0.79,0.21,0,0.35,0.72,0.57,0,0.74,0.75,0.38,0.61,0.67,0.27,0.56,0.06,0,0,0.78,0.52,0.82,0.76,0.41,0.39,0,0.4,0.78,0,0.44,0.1,0.79,0.73,0,0.96,0,0,0.36,0,0.09,0.76,0.12,0,0.77,0,0,0.35,0,0.43,0.04,0.88,0.7,0.79,0.66,0
F0202,0.92,0,0.2,0.96,0.15,0.45,0.07,0.32,0.08,0.39,0,0.1,0.45,0,0.54,0,0,0,0,0,0.06,0.85,0,0,0.51,0,0.08,0.48,0.18,0.11,0.61,0.84,0,0.51,0,0,0,0,0.85,0.72,0.84,0.58,0.16,0,0.76,0.22,0,0.07,0.04,0,0.02,0,0,0.71,0.03,0,0.04,0,0,0
F0203,0.16,0.62,0.35,0.36,0.3,0.9,0,0.92,0,0.77,0,0.63,0.38,0,0.96,0.2,0,0,0.88,0.55,0.52,0,0.66,0.58,0.15,0,0.87,0,0,0,0,0.38,0.23,0,0,0,0,0.84,0.93,0,0.07,0.69,0.24,0.52,0,0.41,0.18,0,0.64,0.51,0,0,0,0.33,0.57,0.22,0.31,0,0.14,0
F0204,0.22,0.36,0.95,0.99,0,0.05,0.27,0.56,0.4,0.62,0.22,0.96,0,0,0.34,0.28,0.24,0.73,0,0,0.58,0,0.47,0.31,0,0.87,0.78,0,0.85,0.2,0,0.93,0.47,0.8,0,0.56,0.98,0.17,0.16,0,0.14,0,0.52,0.04,0.32,0.02,0.33,0.67,0,0.61,0.11,0.06,0.38,0.07,0,0.92,0,0.71,0,0.83
F0205,0.91,0.81,0.69,0.36,0.68,0.2,0,0.47,0,0.5,0,0.19,0.78,0.78,0.9,0.75,0,0,0,0.95,0.34,0.41,0.34,0.39,0.65,0.75,0,0,0.81,0.6,0,0.99,0,0,0.39,0.33,0,0,0.92,0.86,0.91,0.69,0,0.76,0,0.72,0.33,0.49,0,0.96,0,0,0,0,0.79,0,0,0,0.92,0.41
F0206,0.39,0.69,0,0,0,0,0.68,0.51,0.31,0.57,0.66,0,0,0,0.15,0,0.26,0,0.58,0.1,0.34,0.29,0.39,0.86,0.11,0,0.9,0.94,0.25,0.12,0.32,0.26,0.48,0,0,0.32,0.91,0,0,0.59,0.7,0.46,0.74,0.52,0.38,0,0,0.29,0.78,0.06,0,0.05,0.09,0.76,0.66,0,0.4,0,0.79,0.22
F0207,0,0,0,0,0,0.85,0,0.43,0.72,0.63,0.46,0.59,0,0.75,0.07,0,0.25,0.37,0.64,0.28,0.92,0,0,0,0,0.58,0.93,0,0.62,0,0.03,0.03,0,0,0.27,0.74,0,0,0.57,0,0.54,0.68,0.48,1,0,0.67,0.57,0.9,0,0,0,0.05,0.98,0.29,0,0.28,0,0.79,0.55,0.98
F0208,0.1,0.26,0.61,0.83,0,0,0,0.64,0,0.15,0.79,0,0.42,0,0,0.82,0,0,0,0,0.65,0.96,0.9,0,0,0.44,0.57,0,0,0.82,0,0.87,0,0.17,0,0.94,0.1,0.71,0.64,0.23,0.31,0.13,0,0,0.14,0,0.6,0.61,0,0,0.06,0.27,0.71,0.41,0.74,0.86,0.81,0.69,0.88,1
F0209,0,0,0.79,0,0.31,0,0,0.51,0.92,0.39,0.52,0,0,0.45,0,0,0.97,0,0.75,0.61,0,0.95,0.82,0.21,0.61,0.93,0.13,0.28,0.52,0.32,0.57,0.23,0,0.57,0.5,0.81,0.41,0.81,0.42,0,0.23,0.77,0.49,0.16,0.63,0.56,0,0.04,0.92,0,0.29,0.13,0,0.91,0.12,0,0.38,0.49,0.22,0.48
F0210,0.65,0.45,0.52,0.92,0.31,0.85,0.4,0.61,0.46,0,0.8,0,0.74,0.8,0.09,0.2,0.52,0,0.51,0.06,0,0,0.28,0.27,0.18,0,0.07,0.86,0.97,0.81,0.8,0.29,0.66,0.58,0.55,0,0.32,0,0.47,0.77,0.57,0.1,0,0,0.55,0.59,0,0.77,0.54,0.8,0.9,0.46,0.13,0.29,0.07,0,1,0,0,1
F0211,0,0,0.99,0,0,0,0.07,0,0,0.35,0.18,0,0.48,0.02,0.5,0.43,0,0.59,0.95,0.37,0.03,0,0,0.18,0,0.46,0.75,0,0.12,0.23,0,0.52,0,0.61,0.23,0,0.04,0.59,0.6,0.48,0.9,0.76,0.62,0.27,0.85,0.2,0.62,0,0,0,0.76,0.57,0.16,0.8,0,0.12,0.77,1,0.26,0
F0212,0.49,0,0.67,0.23,0.03,0,0.71,0.74,0,0,0.2,0,0.07,0,0.85,0,0,0.02,0.85,0,0,0.45,0.73,0.87,0.25,0.06,0.13,0.01,0.03,0.46,0,0,0,0.44,0.68,0.65,0.19,0.56,0,0.84,0.16,0,0.4,0,0.99,0.61,0,0.6,0,0,0.87,0,0.63,0,0.93,0.96,0.87,0.46,0,0
F0213,0.04,0.7,0,0,0.91,0.11,0.67,0,0.74,0.94,0.06,0,0,0.45,0.08,0.45,0,0,0.3,0,0.67,0.44,0,0.66,0.31,0.51,0.65,0,0,0.12,0,0,0,0,0.84,0,0.54,0.72,0.23,0.5,0.68,0,0.29,0,0,0,0,0.38,0.55,0,0,0.94,0.07,0,0.37,0.24,0.52,0,0.9,0.65
F0214,0.99,0,0.8,0,0.61,0.29,0,0.74,0,0.18,0,0,0.99,0,0.1,0,0.49,0.85,0.75,0.09,0.58,0.55,0,0,0.65,0.64,0,0.35,0.15,0,0.64,0,0.69,0,0.58,0.52,0,0,0,0.32,0,0.84,0.67,0,0.82,0.83,0.31,0.1,0.14,0,0,0.7,0.79,0.53,0.99,0.74,0.76,0,0.76,0.05
F0215,0.41,0,0.49,0.75,0,0,0,0.16,0,0,0,0.89,0.96,0,0.81,0.16,0.78,0.82,0.01,0,0,0.51,0.02,0.16,0.93,0.19,0.07,0.31,0.94,0.31,0,0.34,0.91,0,0,0.18,0,0,0,0.55,0,0,0.43,0.87,0.98,0,0,0.3,0.03,0.61,0.88,0,0,0.02,0.46,0.86,0.28,0.62,0.93,0.45
F0216,0,0.76,0.1,0,0.45,0.83,0,0,0.57,0.35,0.3,0.1,0,0.32,0.7,0,0.81,0,0.92,0.09,0.74,0,0,0.99,0.21,0.94,0.85,0,0.34,0,0.45,0.43,0.92,0,0.54,0.87,0.06,0,0,0,0.47,0,0,0.44,0.27,0.54,0.52,0,0,0.53,0,0.85,0,0.08,0.81,0.48,0.29,0,0,0
F0217,0,0,0,0.82,0,0,0.21,0.94,0.24,0.44,0.79,0,0,0.77,0.73,0.72,0.2,0.25,0,0.71,0.9,0,0.26,0.46,0.82,0,0.1,0.77,0.33,0.66,0,0.42,0,0.54,0,0.8,0,0,0.17,0,0.76,0,0.51,0.94,0.84,0.13,0.03,0,0,0.57,0.39,0.67,0.96,0.11,0.21,0,0,0.99,0.07,0.86
F0218,0,0.09,0.79,0.9,0,0.98,0.09,0.01,0,0,0,1,0,0.15,0,0.69,0.46,0,0.47,0.96,0.24,0,0,0.79,0,0.19,0.41,0.87,0.85,0.25,0,0.67,0,0,0.92,0.93,0.29,0.73,0,0,0.94,0.8,0.07,0.3,0.29,0.75,0.15,0.03,0,0,0,0,0.2,0,0.84,0,0,0.12,0.17,0.62
F0219,0.18,0.34,0.99,0,0.65,0.88,0.01,0,0.63,0,0.31,0.75,0.46,0.97,0,0,0.96,0.78,0,0,0,0,0,0.78,0,0,0.45,0,0,0.68,0,0.08,0,0.81,0,0,0.81,0,0.09,0.62,0.54,0.96,0,0.57,0.28,0.63,0.08,0,0.43,0,0,0.76,0.95,0.21,0.68,0.22,0.84,0,0.09,0.73
F0220,0.18,0.21,0,0.61,0.33,0,0,0.63,0.78,0.48,0,0.7,0,0,0.81,0.92,0.82,0,0.23,0,0.72,0,0.5,0.8,0.7,0.7,0,0,0,0.96,0,0.62,0.26,0,0.77,0.81,0,0,0,0.07,0.13,0.52,0.3,0.86,0.79,0,0.56,0.44,0.18,0,0.26,0,0.58,0.95,0,0,0.24,0.75,0,0.76
F0221,0.4,0.4,0,0.71,0.66,0,0.49,0.5,0,0,0,0,0,0.99,0.63,0,0.04,0,0.37,0.34,0.53,0,0,0,0,0.2,0.65,0.4,0.55,0.3,0.76,0.27,0,0.37,0.24,0.09,0.68,0.94,0.09,0.91,0.44,0.49,0.62,0.75,0,0.32,0.33,0,0.75,0.52,0,0.3,0,0.44,0.65,0.25,0.96,0.9,0.18,0.59
F0222,0.6,0.44,0,0.41,0,0.68,0,0,0.72,0.29,0.42,0.1,0,0,0.52,0,0.88,0.22,0,0,0.57,0.07,0,0.14,0,0.26,0,0.85,0.27,0.63,0,0,0,0.61,0.27,0,0.56,0.29,0,0.71,0.41,0,0,0,0.16,0.18,0.43,0.29,0.04,0.74,0.13,0,0,0.62,0,0.6,0.05,0.45,0.7,0.83
F0223,0.75,0.7,0,0.36,0.33,0,0.85,0,0,0.56,0.3,0,0.34,0,0.99,0,0,0.19,0.14,0.66,0.37,0,0.59,0.99,0,0.59,0.76,0.52,0,0.37,0.52,0,0,0,0.03,0.27,0.54,0,0.64,0.59,0.22,0,0.02,0.63,0.76,0,0.62,0,0.05,0,0.78,0,0,0.15,0.19,0.51,0.36,0.81,0,0.38
F0224,0.22,0.07,0.33,0.69,0,0.26,0.85,0.85,0.76,0.23,0,0,0.86,0,0.35,0.57,0,0,0.64,0.09,0.54,0.41,0.95,0.73,0,0.39,0,0,0,0,0,0,0.54,0,0,0.4,0.72,0,0.36,0.6,0.24,0,0,0.6,0,0.68,0.59,0.29,0.29,0.52,0,0.53,0.4,0,0.99,0,0,0,0.56,0.59
F0225,0.4,0.04,0,0.17,0.24,0.87,0,0.55,0.58,0.82,0.89,0.25,0.06,0.53,0.16,0.32,0.75,0,0,0,0.94,0.41,0,0,0,0.2,0,0.31,0,0,0,0.5,0.1,0,0,0.76,0.29,0.2,0.96,0,0,0,0.85,0,0,0,0,0.73,0.15,0,0,0.34,0.11,0.28,0.76,0,0.83,0,0,0.75
F0226,0,0.58,0.66,0,0,0.21,0,0,0.19,0.15,0.12,0,0.98,0,0,0.67,0.53,0.17,0.89,0.08,0,0.92,0.72,0,0.83,0.6,0,0,0.58,0.23,0.24,0.66,0.68,0.33,0,0,0.81,0,0,0.2,0.41,0,0.82,0.72,0.9,0.66,0,0.5,0.02,0.85,0,0.87,0.57,0.8,0,0.48,0.02,0.95,0,0.77
F0227,0.45,0,0.85,0.66,0.56,0.97,0,0.35,0,0.89,0.37,0,0.38,0.46,0.46,0.84,0,0,0,0,0.4,0,0,0,0.04,0,0,0.54,0.02,0,1,0.9,0.53,0.07,0.18,0.45,0.1,0.86,0,0,0.38,0,0,0.91,0,0,0,0.78,0,0,0.35,0.66,0.72,0.67,0.85,0.26,0.44,0.86,0.84,0.81
F0228,0,0.82,0,0,0.71,0,0,0,0.43,0.4,0,0.38,0,0,0,0,0,0.48,0.67,0.86,0.81,0.96,0,0,0,0.54,0.76,0.38,0.04,0.17,0,0.69,0.42,0.11,0.49,0,0.28,0.47,0,0,0,0.88,0.71,0,0.7,0.97,0.34,0.98,0.6,0.06,0.91,0.09,0.92,0.39,0.94,0.23,0.77,0.68,0,0.06
F0229,0.59,0.78,0,0.3,0.26,0.94,0.99,0.14,0.5,0.78,0.96,0.04,0.23,0.84,0.84,0,0,0.24,0.5,0.82,0.12,0,0.05,0,0.99,0,0,0,0,0.97,0.28,0,0,0,0.76,0.21,0.16,0.91,0,0,0.09,0.09,0,0.08,0.98,0,0.72,0,0.06,0.58,0,0.66,0.69,0,0,0,0,0.04,0,0.26
F0230,0.19,0,0.66,0.36,0.4,0.78,0.18,0,0.51,0.84,0.06,0,0,0.76,0,0,0.6,0.25,0,0.63,0.23,0.74,0.82,0.1,0.19,0,0.99,0.52,0.13,0,0.12,0.89,0.89,0,0.27,0,0,0,0.09,0,0,0,0.83,0.67,0,0.58,0.79,0,0.1,0.88,0.12,0.51,0.4,0,0.78,0.37,0,0.51,0.13,0.48
F0231,0.86,0,0.16,0,0.75,0.58,0,0,0.39,0,0,0,0.62,0.04,0,0.71,0,0,0,0.92,0.24,0,0,0,0.07,0,0.46,0,0,0.35,0.18,0.32,0.76,0,0,0.89,0.99,0.14,0.43,0.63,0.77,0.37,0.39,0.28,0.39,0.88,0,0.6,0.38,0.55,0.27,0,0.37,0.17,0.26,0.77,0.29,0,0.22,0.38
F0232,0,0.06,0.51,0,0,0.19,0,0.3,0.62,0,0,0.4,0,0.49,0,0.88,0.8,0.04,0.69,0.45,0.94,0.62,0,0.41,0,0,0.65,0.38,0,0.18,0.47,0,0.78,0,0.42,0,0.79,0.62,0.46,0.04,0.22,0.28,0,0.52,0,0.45,0.03,0.64,0.63,0,0,0,0.24,0,0.38,0.68,0,0.9,0,0
F0233,0.56,0,0,0.59,0.35,0.78,0.27,0.02,0.8,0.38,0,0.43,0,0.28,0.56,0.27,0.38,0,0.11,0,0.46,0.35,0.95,0.82,0.34,0,0.47,0.35,0,0,0.1,0,0.29,0.83,0.91,0,0.92,0,0,0.69,0,0.21,0.53,0,0.99,0,0.26,0,0,0,0.23,0.39,0,0.07,0.85,0,0.01,0,0.86,0
F0234,0.7,0.41,0.06,0.6,0,0,0,0,0,0,0,0,0,0,0,0,0.96,0.14,0.3,0,0.03,0,0,0,0.56,0.12,0,0.19,0.52,0.7,0,0.33,0,0.89,0,0.78,0.39,0,0,0.55,0.06,0.54,0.44,0.97,0.94,0.69,0.77,0.15,0.84,0.3,0,0.1,0,0.47,0.37,0,0,0,0.09,0.58
F0235,0.12,0,0.28,0.67,0.66,0,0,0,0.43,0.17,0.46,0,0,0.29,0.21,0,0.82,0.06,0,0.81,0.71,0.44,0.41,0.34,0.13,0,0.72,0.04,0.31,0.6,0.78,0.74,0,0.43,0,0.5,0.79,0,0.17,0,0.12,0,0,0.61,0.36,0.62,0.47,0,0.52,0.12,0.73,0,0.11,0.93,0,0,0.96,0.09,0,0.03
F0236,0.86,0,0,0,0,0.32,0.81,0,0.51,0.24,0.13,0,0.01,0,0,0.94,0,0.84,0.07,0,0.67,0.93,0.69,0,0.95,0.63,0.84,0,0.66,0,0,0.15,0,0,0.79,0.71,0,0.9,0.68,0.82,0.41,0.75,0.17,0,0,0.26,0.43,0.27,0.93,0,0,0.82,0.4,0.9,0.98,0.71,0.78,0.71,0,0.48
F0237,0.98,0.21,0.75,0.3,0.54,0.49,0,0,0.04,0.1,0.53,0,0.76,0.47,0,0.14,0.37,0.64,0.24,0.76,0.35,0.32,0,0,0.41,0,0.9,0,0.97,0.84,0.26,0.65,0,0.08,0.25,0,0.41,0.73,0,0.76,0,0.08,0.38,0,0.57,0.54,0.86,0,0.9,0.83,0.33,0,0.56,0,0.6,0.36,0.75,0.07,0,0.45
F0238,0,0.4,0.98,0,0,0.25,0,0.67,0,0,0,0.83,0,0,0,0.28,0.96,0.77,0.14,0.15,0,0,0,0.51,0,0.6,0,0.96,0.37,0.56,0.12,0,0,0,0.17,0.16,0.61,0,0.31,0.55,0.18,0.43,0.75,0.85,0.76,0,0.4,0.2,0.08,0.31,0.49,0.43,0.98,0,0,0.84,0,0.35,0.06,0.69
F0239,0.64,0,0.7,0,0,0.96,0.31,0,0.36,0,0.94,0.33,0,0.16,0.54,0,0.83,0,0.99,0.45,0,0.4,0.01,0,0,0.44,0.5,0,0,0.78,0,0.79,0.85,0.19,0,0.99,0.12,0.54,0,0,0.43,0.33,0,0,0,0.73,0.6,0,0,0.62,0.62,0,0.3,0.69,0,0.93,0,0.12,0,0.37
F0240,0,0.09,0.86,0,0.68,0,0,0.54,0,0.61,0.23,0,0.39,0.66,0,0.99,0.6,0,0.88,0.69,0.47,0.86,0.07,0.51,0.19,0.58,0.63,0,0.31,0.62,0,0,0.65,0.63,0.88,0.74,0.54,0.51,0,0,0.35,0.21,0.39,0,0,0,0.66,0,0,0.64,0,0.51,0,0.55,0.95,0,0,0,0,0.77
F0241,0,0,0.16,0.2,0,0.77,0.33,0.14,0,0,0.68,0.46,0.58,0,0.87,0,0.32,0,0.86,0.29,0,0,0,0.52,0.67,0.44,0.28,0.51,0.47,0.1,0.89,0.77,0.26,0.9,0,0,0,0,0.11,0,0.18,0.47,0,0.12,0.7,0,0,0.72,0.02,0.32,0.66,0.73,0.18,0.98,0.24,0,0,0.87,0,0
F0242,0,0.03,0.35,0.34,0.68,0.13,0.25,0.8,0.18,0.43,0.77,0,0,0.7,0,0.89,0.19,0,0.58,0.08,0,0,0,0,0,0.47,0.6,0.2,0.35,0.81,0,0,0,0,0.24,0,0,0.66,0,0.19,0,0.57,0,0.16,0,0,0.22,0,0,0.51,0,0.88,0,0,0.89,0.67,0,0,0,0
F0243,0.58,0,0,0,0.92,0.58,0.19,0.6,0.54,0.78,0,0,0.55,0.2,0,0.18,0.51,0.07,0,0.96,0,0,0.83,0.59,0.29,0.55,0.18,0,0.17,0,0.92,0.37,0.71,0.92,0.89,0.76,0.92,0,0.53,0.37,0.62,0,0.39,0,0.44,0,0.14,0,0.62,0,0.36,0,0.34,0.12,0.56,0,0.59,0.99,0.51,0.53
F0244,0.23,0.8,0.29,0.73,0.77,0.07,0,0.37,0,0.12,0.12,0.97,0.29,0.26,0.72,0.37,0.1,0,0.25,0,0,0,0.15,0.79,0,0,0.7,0.55,0.97,0,0,0,0.86,0.78,0.36,0.5,0.34,0,0.41,0,0.75,0.21,0.71,0.85,0.24,0,0,0,0.14,0.25,0.23,0,0.74,0,0,0.31,0,0.57,0.02,0.81
F0245,0,0.13,0,0.81,0,0.3,0,0.35,0,0.03,0.66,0,0,0.47,0.6,0,0.17,0.57,0.77,0.68,0.59,0.13,0.93,0.39,0.72,0.41,0.99,0.8,0.02,0.34,0.12,0,0,0.12,0.69,0.2,0,0,0.5,0,0,0.35,0,0.42,0.09,0,0.63,0.87,0.35,0.69,0.46,0,0.98,0.01,0,0.04,0.84,0.44,0.3,0.83
F0246,0.62,0.61,0.86,0,0,0.93,0.61,0.55,0,0.46,0.02,0.32,0.38,0,0.68,0,0.85,0.71,0.6,0.05,0,0,0,0.95,0.84,0.46,0.56,0.91,0.48,0.52,0.14,0.93,0,0,0,0,0.86,0,0.41,0.92,0,0.52,0,0,0,0,0.85,0.4,0,0.84,0,0,0,0.38,0,0,0.41,0,0.85,0.16
F0247,0.21,0.5,0,0,0.8,0.14,0.12,0.2,0,0,0.44,0,0.76,0.55,0,0.83,0.94,0.31,0.68,0,0.39,0.14,0,0,0.4,0,0.34,0.36,0.51,0.56,0,0.11,0.46,0.5,0.69,0.45,0.87,0.85,0,0.65,0,0.36,0,0.42,0,0.46,0,0.15,0.07,0,0.03,0.64,0.07,0.25,0.75,0.61,0.12,0,0,0
F0248,0.84,0.13,0.83,0.72,0.67,0.72,0.85,0,0,0.4,0.43,0,0.16,0,0,0.74,0.91,0.94,0.5,0.83,0,0,0.4,0.8,0.5,0,0.55,0.25,0.65,0.9,0.59,0.76,0.94,0.5,0.61,0.63,0.26,1,0,0,0.73,0.32,0.2,0,0.69,0,1,0.03,0.7,0.21,0.1,0,0.9,0.63,0,0,0,0,0.69,0
F0249,0,0,0.05,0.81,0.24,0.28,0.7,0,0.39,0.31,0,0.18,0.66,0.05,0.59,0.29,0.78,0.2,0.67,0.1,0,0.3,0.25,0.06,0.41,0.39,0.43,0.15,0,0.57,0.64,0.73,0.1,0.95,0.12,0.49,0,0,0.58,0.25,0,0.65,0.18,0.57,0.81,0,0.18,0,0,0.47,0.08,0.02,0.52,0.67,0,0.13,0.23,0.22,0.01,0
F0250,0.17,0,0.86,0.12,0,0.64,0.66,0,0.96,0.85,0.57,0,0,0,0.24,0.34,0.84,0,0.88,0.81,0.08,0.23,0.73,1,0.16,0,0,0,0.95,0.04,0,0.94,0,0.02,0.2,0.22,0.18,0.56,0,0,0,0.44,0.76,0,0.88,0.92,0,0.94,0,0.34,0.85,0.94,0,0.07,0.65,0,0,0,0.36,0
F0251,0.89,0.42,0.49,0.61,0.34,0.7,0.28,0,0.2,0,0.38,0,0.18,0.38,0.63,0.06,0,0.4,0,0,0.31,0,0.78,0,0.9,0,0.36,0.39,0.91,0,0,0.07,0,0.9,0.72,0,0.04,0,0,0.08,0,0.93,0.64,0,0.15,0.2,0,0,0,0.31,0.6,0.6,0.08,0.74,0.59,0.5,0,0.28,0.84,0.87
F0252,0,0.12,0,0.13,0.02,0,0.64,0.97,0.98,0.76,0.68,0.83,0.15,0.56,0.19,0.76,0.94,0.88,0.73,0.13,0.93,0.97,0.34,0,0,0,0.06,0.95,0.16,0.38,0,0.47,0,0,0.04,0,0.08,0,0.73,0,0.99,0.42,0.89,0.93,0,0.24,0.88,0.71,0,0.32,0.22,0.54,0,0.03,0,1,0.48,0.18,0.74,0.13
F0253,0.31,0,0.52,0.51,0.87,0,0.78,0,0,0.77,0.25,1,0.98,0.51,0.77,0,0,0.2,0.44,0,0,0.84,0,0,0.84,0.54,0.08,0.48,0.1,0.62,0,0,0,0.76,0.08,0,0.16,0,0.29,0,0.32,0.48,0.64,0,0.49,0.7,0.02,0.47,0.15,0,0.13,0.79,0.74,0,0.97,0,0.55,0.71,0.23,0.76
F0254,0.27,0.3,0.88,0.52,0.83,0.01,0,0.35,0,0,0.86,0.47,0,0.25,0.29,0.2,0.62,0.63,1,0.7,0.42,0.96,0.46,0.44,0.58,0.13,0.99,0.18,0,0,0,0.57,0.49,0.42,0.81,0,0.31,0.13,0,0.15,0.55,0,0.4,0.38,0.22,0,0.66,0.04,0.57,0.52,0.39,0.5,0.76,0.31,0.31,0,0.36,0,0.9,0.1
F0255,0,0.45,0,0.02,0,0.37,0.89,0.43,0.13,0.39,0.42,0.23,0.73,0,0.78,0.42,0.61,0.59,0.99,0,0.34,0.24,0.93,0.77,0.57,0,0.69,0,0,0,0,0.77,0,0.73,0.16,0.59,0,0,0.09,0,0.75,0.78,0.29,0.48,0.51,0,0.88,0.82,0,0.03,0.14,0.63,0.84,0.08,0,0.79,0.72,0.57,0.9,0.9
F0256,0.67,0,0,0,0.53,0.83,0,0.63,0,0,0,0,0.58,0,0.42,0.71,0.75,0.23,0.04,0.85,0,0,0,0,0,0,0.47,0.43,0.99,0,0.62,0.59,0.91,0,0.43,0.6,0.53,0,0.03,0,0,0,0,0.32,0.74,0.85,0,0,0,0,0.69,0.52,0.78,0.33,0,0.24,0.2,0.45,0.43,0.65
F0257,0,0.47,0.16,0,0.61,0.24,0.37,0,0.65,0.1,0.48,0.07,0,0,0.2,0.8,0.57,0,0,0,0.87,0,0.74,0.72,0,0.7,0.6,0.19,0,0,0.44,0.27,0.87,0.1,0.16,0,0,0.83,0.37,0.1,0.16,0.08,0,0.51,0.73,0.04,0,0,0.8,0.57,0.68,0,0.82,0.46,0.46,0.87,0,0.38,0.96,0.1
F0258,0.09,0.65,0,0.92,0.22,0.76,0,0.64,0,0.08,0.97,0.64,0.54,0.67,0.72,0,0.56,0,0.39,0,0.98,0.26,0.08,0.8,0,0.98,0.61,0,0.82,0,0.31,0.17,0.14,0.64,0.41,0,0.75,0.7,0.25,0,0.05,0.5,0.18,0,0,0.67,0.02,0.63,0,0,0.37,0,0,0,0.5,0,0.05,0.57,0.93,0
F0259,0.21,0.82,0.86,0,0.17,0.02,0.2,0,0.84,0.04,0,0.89,0.64,0,0.09,0.1,0,0,0.43,0.41,0.84,0.73,0.57,0.41,0.28,0.83,0,0.88,0,0.5,0.59,0,0.14,0.84,0.3,0.84,0,0,0.04,0.17,0.16,0.5,0,0,0,0.24,0.55,0,0,0.57,0,0.91,0.77,0.93,0.27,0,0.92,0.26,0.87,0
F0260,0.57,0.18,0,0.14,0.19,0,0.89,0.9,0.98,0.19,0.67,0.57,0.65,0,0.7,0,0,0,0.53,0,0.55,0,0.88,0.95,0,0.2,0.24,0.88,0.8,0.78,0.84,0.38,0,0.35,0.53,0.86,0,0.34,0,0.13,0,0,0.88,0.56,0.42,0.22,0.71,0,0.22,0.21,0.7,0.55,0.08,0.32,0.36,0.79,0.59,0.26,0,0.15
F0261,0,0.68,0.59,0.5,0.81,0,0.21,0,0.28,0,0.53,0,0,0.39,0,0,0,0,0.6,0.39,0.33,0,0.34,0.46,0.95,0,0.19,0.68,0,0,0.58,0.75,0.34,0.26,0,0,0.91,0.6,0.64,0.1,0.38,0,0.71,0.52,0.73,0.83,0.11,0,0,0,0.67,0.91,0,0.03,0,0.54,0,0,0.72,0.29
F0262,0,0,0.52,0.55,0.48,0.77,0,0,0,0.37,0,0.33,0.34,0,0.11,0.72,0,0,0.47,0,0.8,0,0,0.9,0.97,0,0.05,0,0.9,0.33,0.61,0.43,0,0,0.14,0,0.21,0,0,0,0,0,0.03,0,0,0,0.42,0.59,0.06,0.43,0.87,0,0.94,0.99,0.03,0,0.8,0.55,0.4,0.08
F0263,0.3,0.97,0.92,0.91,0.45,0.48,0.73,0.27,0.84,0.18,0,0.29,0.79,0.19,0,0,0,0.78,0.35,0.65,0.1,0,0,0.34,0.45,0.7,0,0,0.64,0.48,0,0,0.38,0,0.75,0.14,0,0.31,0.25,0.06,0,0.95,0,0.63,0.47,0.09,0.53,0,0,0.08,0,0.75,0,0.75,0.09,0.36,0,0.55,0,0.41
F0264,0.47,0.09,0.13,0,0,0.82,0.84,0.42,0,0,0,0,0,0.84,0.45,0.23,0,0.29,0,0.3,0.96,0.46,0.34,0.67,0.27,0,0,0.98,0.75,0.58,0.6,0,0.75,0,0.65,0.32,0.1,0,0.84,0.52,0.17,0,0,0.62,0.41,0.22,0,0.39,0.22,0.49,0.94,0.29,0.8,0.71,0.4,0.27,0,0.51,0.35,0
F0265,0.29,0.45,0.74,0,0.76,0.1,0.22,0,0.56,0,0,0.26,0,0.76,0.86,0,0.99,0.75,0.44,0,0.83,0.47,0.52,0.52,0.31,0,0.57,0.32,0.57,0,0.56,0.41,0.7,0.42,0.62,0.39,0.92,0.62,0,0.57,0.94,0.69,0.71,0.27,0,0.65,0.23,0.03,0.95,0.67,0.58,0.92,0.86,0,0.74,0,0,0.94,0,0
F0266,0,0.95,0.13,0.46,0.9,0.53,0.06,0,0.49,0,0.72,0.76,0.93,0.68,0.21,0.11,0,0.94,0.56,0,0,0.04,0.95,0,0.29,0.92,0.56,0.9,0.04,0,0.34,0,0.38,0.17,0.54,0,0.59,0.16,0.95,0.6,0.37,0.06,0.32,0.61,0,0.35,0,0,0.5,0.82,0,0.74,0,0,0.9,0.11,0.76,0.44,0.96,0
F0267,0.27,0,0.49,0,0.31,0.75,0.6,0.39,0,0,0,0.44,0,0,0.55,0,0.95,0.99,0.42,0.6,0,0,0.52,0,0,0.62,0.29,0.6,0,0.66,0.92,0,0,0.69,0.67,0.83,0,0.33,0,0,0.25,0.1,0,0.48,0.6,0.87,0.66,0,0,0.08,0.1,0.95,0,0.43,0.38,0.36,0,0.2,0.22,0.43
F0268,0.95,0,0.29,0.12,0.41,0,0,0,0,0,0.27,0.43,0,0.41,0.26,0,0,0.89,0.79,0,0.37,0,0,0.38,0,0,0.76,0,0,0,0.79,0.17,0.08,0,0,0.64,0.77,0.95,0.19,0.44,0,0.49,0,0.14,0.86,0.4,0,0,0,0,0.23,0.21,0,0.14,0.83,0,0,0,0.34,0
F0269,0,0,0,0.71,0.06,0.23,0.95,0.61,0.05,0,0.21,0,0.95,0.94,0.04,0,0.99,0.96,0,0,0.19,0.46,0.45,0,0,0,0,0.37,0,0.8,0,1,0.07,0.88,0,0.39,0.11,0,0.85,0.85,0.89,0.42,0,0.97,0.39,0.66,0,0.96,0,0,0,0.92,0.85,0.29,0,0.83,0,0,0.72,0.16
F0270,0.21,0.92,0,0,0,0,0,0,0.78,0.02,0,0.78,0.9,0.33,0.63,0.79,0,0,0,0.4,0,0.58,0.78,0,0,0,0.39,0,0,0.46,0.61,0.56,0,0.24,0.76,0.19,0,0.88,0.53,0.92,0.5,0.48,0.29,0.44,0,0.78,0.21,0.88,0,0,0.38,0.4,0.76,0.42,0,0.67,0.22,0.52,0.64,0.63
F0271,0,0.64,0.06,0.27,0.11,0.28,0.42,0,0.05,0.27,0,0.76,0.19,0.06,0.78,0,0.29,0.98,0,0.68,0.28,0.69,0,0,0.63,0.54,0.72,0.19,0,0.73,0,0.66,0,0.33,0.93,0,0,0.43,0,0,0.9,0.15,0.79,0.25,0.84,0.3,0,0.14,0,0.19,0.28,0.57,0.8,0.67,0,0.65,0,0.75,0,0.52
F0272,0.17,0.16,0.61,0.04,0.67,0.95,0.91,0.2,0,0,0,0,0,0.84,0.27,0.44,0.67,0,0.15,0.08,0.83,0.79,0,0.31,0.68,0,0.51,0.17,0,0.07,0.83,0.7,0.02,0,0.11,0.83,0.54,0.03,0,0,0,0.83,0.79,0.72,0.03,0.7,0.56,0,0,0,0,0.83,0.66,0,0.92,0.64,0,0,0.92,0.96
F0273,0,0.96,0.69,0.35,0.21,0,0.93,0.43,0.2,0,0.43,0,0,0.17,0.54,0,0.77,0.62,0.12,0,0.87,0.27,0.66,0.88,0.02,0.99,0,0.93,0.47,0.27,0,0.21,0,0,0.49,0.93,0.73,0,0.77,0.35,0,0.6,0.47,0.56,0,0,0.03,0.79,0,0.41,0.85,0.37,0.08,0.1,0.66,0.63,0.61,0.17,0,0.75
F0274,0,0,0.89,0,0,0.29,0.27,0,0.5,0,0,0,0.45,0.94,0.1,0.84,0,0,0.36,0.23,0.56,0.06,0.89,0,0.34,0,0,0.15,0,0.82,0.72,0.87,0,0.3,0,0.37,0.13,0.7,0.48,0.88,0.16,0.89,0.76,0.27,0,0.93,0.38,0,0,0.55,0.55,0.54,0,0.03,0.45,0.14,0,0.32,0.96,0.48
F0275,0.72,0,0,0,0,0.62,0.91,0.33,0,0.9,0.63,0.81,0.77,0.46,0,0.72,0.79,0,0.06,0.2,0.77,0.98,0,0.19,0,0.9,0.34,0.08,0.69,0.21,0.82,0,0.73,0.36,0.47,0.16,0.61,0,0,0.97,0.24,0.91,0.86,0.73,0.87,0,0.32,0.6,0.63,0.62,0,0,0.97,0.25,0.63,0.31,0,0.16,0.67,0.99
F0276,0,0.31,0.19,0,0,0.15,0.63,0,0.16,0.5,0.2,0,0.52,0.66,0.11,0,0.93,0.21,0.52,0.84,0,0.27,0.42,0,0.06,0,0.08,0.14,0,0.15,0.49,0.89,0,0,0.86,0,0,0.35,0.38,0.72,0.12,0,0,0.56,0,0.98,0,0.68,0,0.62,0.69,0.07,0.62,0.1,0.27,0.29,0,0.22,0,0.8
F0277,0.02,0,0,0,0,0.46,0,0.81,0.9,0,0,0,0.39,0,0,0,0.12,0.24,0,0,0,0,0.46,0,0,0.22,0.64,0.5,0.72,0.87,0.08,0.46,0.29,0,0,0,0.13,0,0.83,0.68,0,0.77,0.8,0.92,0.37,0,0.66,0.53,0,0.37,0,0.72,0.91,0.25,0.29,0.97,0,0.91,0.97,0.55
F0278,0.58,0.64,0,0,0.96,0.04,0.5,0.55,0.31,0,0.12,0,0,0,0.65,0.84,0.56,0.88,0.13,0.38,0,0,0,0,0.88,0.11,0,0.26,0.11,0.02,0,0.71,0,0,0,0,0,0,0.8,0.56,0.03,0.72,0.51,0.96,0,0,0.82,0.83,0.05,0.56,0,0.94,0.23,0,0,0.17,0.38,0,0,0.3
F0279,0.72,0,0,0.44,0.03,0.34,0.62,0,0.42,0.13,0,0.92,0.85,0.15,0.95,0,0.73,0.27,0.79,0,0,0.13,0.75,0,0.98,0.11,0.84,0.99,0.87,0.81,0.26,0.17,0.08,0.63,0.15,0.88,0,0,0.29,0,0.11,0.18,0,0.28,0.28,0.66,0.08,0.65,0,0.69,0.42,0.36,0.91,0,0.94,0.5,0,0,0,0
F0280,0.63,0.17,0.32,0.45,0.07,0,0.5,0.85,0,0.28,0.61,0.65,0,0.96,0,0.48,0,0,0,0,0.61,0.15,0.99,0,0,0.14,0.47,0.85,0,0.6,0.39,0,0.4,0.35,0,0.22,0.09,0,0,0.72,0,0.17,0.3,0.24,0.18,0,0.92,0.22,0.17,0.48,0.83,0.19,0.52,0.3,0,0.35,0.53,0,0.88,0
F0281,0.97,0.89,0.5,0.81,0.99,0.41,0.38,0.72,0.99,0.23,0.24,0.23,0,0,0.3,0.4,0.16,0,0,0,0.49,0.62,0.13,0,0.69,0.67,0,0.49,0,0,0,0.61,0.89,0,0.75,0.79,0,0,0.18,0.41,0.45,0,0,0,0.02,0.24,0,0.57,0.33,0.91,0,0.91,0,0.68,0.63,0,0.63,0.97,0.45,0.9
F0282,0.37,0.12,0,0,0.11,0.77,0.59,0.53,0,0.86,0.27,0.79,0,0.15,0.65,0,0.72,0.44,0.94,0.31,0.86,0,0,0.05,0.8,0.38,0.39,0.71,0,0,0.95,0.92,0.37,0.7,0.35,0.22,0.98,0.91,0.06,0.3,0,0,0.33,0.9,0.81,0.6,0,0.43,1,0.34,0.1,0.92,0.11,0,0,0.59,0.76,0,0.99,0.11
F0283,0.57,0.16,0.11,0,0,0.55,0,0.18,0.33,0,0.91,0.3,0.09,0.15,0.63,0.7,0.68,0,0,0.76,0.67,0,0,0.43,0,0.08,0.02,0,0,0,0.61,0.34,0.68,0.93,0.02,0.17,0,0.69,0.7,0.1,0,0.99,0,0.94,0.66,0,0.74,0.38,0.7,0.01,0,0,0.41,0,0.87,0.06,0.05,0,0.53,0.47
F0284,0.8,0.18,0,0,0.63,0.82,0,0.19,0.43,0,0.08,0,0,0.57,0.02,0,0.39,0.51,0,0,0,0,0.83,0.61,0.29,0.4,0,0.36,0,0.82,0.56,0.65,0,0,0,0,0.16,0.29,0.69,0,0.79,0,0.22,0.68,0,0.08,0.71,0,0.48,0.11,0,0.45,0,0,0.11,0.78,0.57,0.59,0.26,0.63
F0285,0,0,0.33,0.53,0.93,0,0,0.44,0.82,0,0,0.11,0.48,0.88,0,0.38,0.97,0.87,0.25,0,0.06,0.49,0,0.93,0,0,0.72,0,0.04,0.3,0.89,0.53,0,0,0.49,0.5,0,0.77,0.43,0.69,0,0.65,0.24,0,0.16,0.46,0.12,0.03,0.07,0.43,0,0.84,0.06,0,0.97,0.41,0.47,0,0,0.75
F0286,0,0,0.96,0.68,0.77,0.73,0.8,0.87,0.47,0.75,0,0,0,0,0.84,0.11,0.64,0.37,0.1,0,0,0.23,0.22,0.14,0.97,0.59,0,0,0.12,0.51,0.06,0.81,0.48,0.37,0.66,0.12,0.78,0.96,0.66,0,0.93,0,0.24,0.89,0,0,0.32,0.9,0.34,0,0.22,0.09,0.08,0,0,0.51,0.5,0,0.3,0.19
F0287,0.88,0,0.42,0.01,0.21,0,0,0.68,0.58,0,0.84,0,0,0.86,0,0.08,0.43,0.11,0.66,0.55,0.5,0,0.74,0,0,0.54,0,0.05,0.4,0.2,0.54,0.87,0.29,0.62,0,0,0,0,0.13,0,0,0.5,0.73,0.14,0,0.81,0.31,0.44,0.4,0.8,0.56,0.88,0,0.7,0,0.21,0.61,0,0.24,0.43
F0288,0.11,0.6,0,0,0,0,0.31,0,0.37,0.12,0.36,0,0,0,0.25,0.97,0,0,0,0,0.29,0,0.52,0.25,0,0,0.49,0.17,0,0,0.64,0.77,0.92,0.32,0.96,0,0.02,0,0,0.48,0,0.37,0.48,0.05,0.97,0.77,0.03,0.81,0,0,0.85,0,0.52,0.75,0.77,0,0.93,0,0.89,0.99
F0289,0.67,0,0.69,0,0,0,0.18,0.66,0,0.39,0.71,0.96,0,0,0,0.52,0.61,0,0,0.3,0.77,0,0.66,0,0,0,0.2,0,0,0.37,0.44,1,0,0,0,0.76,0.39,0,0.64,0.08,0.61,0.86,0,0.52,0,0,0.57,0,0,0.64,0.49,0,1,0.17,0,0,0,0.49,0.47,0
F0290,0.75,0.85,0.97,0,0.99,0.91,0,0,0.87,0.55,0.93,0,0,0,0.44,0.89,0.25,0.1,0,0.01,0.2,0,0.13,0,0,0,0.68,0,0.8,0,0.81,0,0.48,0,0,0.06,0,0,0.75,0.89,0,0,0.75,0,0,0.38,0.13,0,0,0.18,0.72,0.77,0.72,0,0,0,0.75,0.38,0.14,0.62
F0291,0.29,0.35,0.83,0.57,0,0.41,0.15,0.43,0.56,0,0.4,0,0.81,0.58,0.37,0,0.29,0.19,0.59,0.36,0.12,0.53,0.01,0.17,0,0.31,0.48,0.6,0.82,0.35,0,0,0,0.62,0.44,0.53,0,0.02,0,0.6,0.05,0.88,0.74,0.16,0,0.91,0.15,0.08,0,0,0.8,0,0.4,0.68,0,0.66,0.27,0.64,0.63,0.99
F0292,0.11,0,0,0.28,0.18,0.33,0,0.62,0,0.05,0.14,0,0.65,0.07,0.78,0.91,0,0.42,0.31,0,0.39,0.55,0,0.85,0.06,0.61,0.64,0.71,0,0.28,0.64,0.4,0.39,0,0.43,0.85,0,0,0.11,0.11,0.81,0,0.14,0,0.22,0.49,0,1,0.44,0.42,0.84,0,0,0.49,0.87,0.71,0.94,0.01,0.76,0.92
F0293,0.1,0.83,0.35,0.82,0.2,0.97,0.52,0,0,0.42,0.62,0.38,0.84,0.16,0.94,0,0.29,0.34,0.69,0.39,0,0,0.87,0.4,0.06,0,0.7,0,0.72,0.65,0.14,0.88,0.24,0.59,0.06,0.79,0.64,0.81,0.31,0.94,0,0.09,0,0,0.56,0.74,0.88,0.24,0.98,0,0,0.24,0,0.59,0.3,0.87,0.87,0.87,0.14,0.65
F0294,0.47,0.46,0.96,0.26,0.41,0,0.51,0,0.47,0,0.61,0.86,0.8,0.71,0,0.15,0,0.91,0.38,0.69,0.14,0.87,0.75,0.47,0,0,0.51,0,0,0,0.53,0.65,0,0.82,0.17,0.41,0.12,0.04,0,0.81,0,0.36,0,0.81,0.96,0,0,0.79,0.65,0.53,0,0,0.29,0,0.23,0.13,0.69,0.64,0.34,0.28
F0295,0,0.4,0.29,0,0.28,0.94,0.07,0.1,0.08,0.13,0,0.97,0,0.62,0.65,0,0,0.71,0.59,0.47,0.7,0,0.35,0.45,0.52,0.88,0,0,0,0.89,0.09,0.87,0.63,0,0.33,0,0,0,0,0.8,0,0,0.2,0,0.6,0.51,0,0.49,0,0.89,0,0.92,0.26,0.5,0,0.31,0,0,0.35,0.98
F0296,0,0.47,0.14,0.77,0,0.79,0,0.99,0.19,0,0,0.92,0,0.46,0,0,0.99,0.68,0.61,0.16,0,0,0.54,0.29,0.02,0,0,0.42,0.45,0,0,0.9,0,0.3,0.09,0.56,0,0.66,0.96,0.66,0.94,0,0.02,0.67,0,0.93,0.94,0.09,0.21,0.51,0.42,0.45,0.18,0.68,0.1,0.16,0,0.47,0,0
F0297,0.69,0.04,0.04,0.35,0.43,0.46,0,0.14,0.38,0,0.25,0.62,0.9,0,0,0.51,0.57,0.18,0.35,0.49,0.9,0.79,0,0.93,0,0.18,0.93,0.76,0.55,1,0,0,0.84,0.46,0.14,0.9,0.97,0.88,0.87,0,0.33,0.51,0.01,0.43,0,0,0,0.86,0.44,0.02,0,0.56,0.92,0.32,0,0,0.5,0.1,0,0.9
F0298,0.22,0.4,0.56,0,0,0,0.49,0.12,0.9,0.87,0,0.31,0.54,0.02,0,0.06,0.75,0.97,0,0.59,0.46,0,0.93,0.01,0,0.49,0.82,0.07,0,0.21,0.1,0,0,0.87,0,0,0.34,0.7,0.3,0.75,0.72,0.32,0.08,0.37,0.04,0,0,0.31,0.96,0.89,0.91,0,0.91,0,0,0.04,0.83,0,0.29,0.83
F0299,0.09,0.88,0,0.27,0,0.65,0,0.72,0,0,0.22,0.23,0,0.84,0.99,0.25,0.91,0,0.77,0.93,0.95,0,0.27,0.61,0.02,0.22,0,0,0.08,0,0.47,0,0.04,0,0.61,0.92,0.3,0.13,0.32,0.63,0,0.84,0.61,0,0.52,0,0,0,0.77,0.21,0,0.16,0.03,0,0.39,0.51,0,0.05,0,0
F0300,0,0.45,0.93,0,0.27,0.54,0.52,0.01,0,0.61,0,0.92,0.73,0,0,0.91,0,0.43,0.07,0.24,0,0,0.53,0.31,0,0,0.98,0.92,0.34,0.23,0,0.4,0.48,0.17,0.85,0,0.82,0,0,0.71,0,0.89,0.58,0.83,0.44,0.93,0,0.97,0.78,0,0,0,0,0.22,0.2,0.31,0,0.71,0,0.73
F0301,0.42,0.51,0.18,0.43,0.05,0.27,0.93,0,0.2,0,0.64,0,0,0,0.02,0,0.15,0.71,0.93,0,0,0,0,0.69,0,0.49,0,0,0,0.45,0.08,0.69,0.72,0,0.64,0,0,0.47,0.31,0,0.06,0.9,0,0.69,0,0.05,0.73,0,0.83,0,0,0,0.78,0,0.25,0,0.92,0,0.84,0
F0302,0,0,0.39,0.52,0.53,0,0.69,0.58,0.46,0.86,0,0.56,0.69,0.09,0.68,0.53,0.59,0,0.96,0.99,0.88,0.04,0.17,0.83,0,0,0,0.82,0.03,0,0.87,0,0,0.95,0,0,0,0,0,0,0.81,0,0,0.44,0.5,0.96,0.49,0,0.82,0.22,0,0.42,0,0,0.99,0,0.67,0.1,0.66,0.3
F0303,0,0.73,0.23,0.19,0.67,0.79,0.43,0.41,0.09,0.28,0.94,0.86,0.82,0.87,0,0.19,0.23,0.76,0,0.25,0,0,0.46,0.04,0.32,0,0,0.03,0,0.66,0.65,0.42,0,0.6,0.39,0.94,0.12,0.33,0.22,0,0.24,0.71,0.1,0.38,0,0.55,0.39,0.64,0.26,0.02,0.1,0.83,0.53,0.72,0.85,0.26,0.89,0,0,0.21
F0304,0.7,0.22,0,0.82,0.92,0.84,0.48,0.64,0.59,0.94,0.5,0.02,0.54,0.44,0,0.24,0.8,0.68,0,0.63,0.98,0,0.87,0,0,0,0.81,0.95,0.82,0,0.69,0,0.84,0.64,0.99,0.12,0,0,0,0,0.25,0.34,0.57,0.94,0.32,0,0.85,0.62,0,0,0.93,0.93,0.38,0,0.04,0.04,0,0.14,0.55,0.29
F0305,0,0.92,0.08,0,0,0,0,0.83,0.3,0,0,0.94,0,0,0.68,0.92,0.36,0,0,0,0,0,0.6,0.96,0,0.09,0,0,0.02,0,0,0.96,0.27,0.74,0,0.95,0.35,0.27,0,0,0.55,0,0.68,0,0.08,0.48,0,0,0.89,0,0.03,0.98,0,0.4,0.39,0.95,0.38,0.22,0.08,0
F0306,0,0,0,0.68,0,0,0.11,0,0.61,0.77,0.59,0,0.14,0,0.44,0.81,0,0.23,0,0.3,0.81,0,0.31,0.74,0.5,0.43,0,0,0.88,0.53,0.45,0,0.69,0.04,0.79,0.25,0.58,0.62,0,0,0.84,0.8,0.23,0,0.09,0.93,0.44,0,0,0.02,0.86,0,0,0.15,0,0.1,0.43,0.61,0.65,0
F0307,0.78,0.4,0.71,0,0.48,0.94,0.27,0,0.84,0.04,0,0,0.61,0.37,0.24,0,0,0,0,0,0,0.03,0,0.73,0,0.87,0,0.85,0.74,0.65,0,0.86,0,0.46,0.25,0.1,0.19,0.17,0,0.37,0.59,0.43,0.48,0,0.05,0,0.9,0,0,0.41,0.45,0.83,0,0.54,0.15,0.18,0.14,0.18,0,0.02
F0308,0.2,0.96,0,0.96,0,0.56,0,0,0.78,0.65,0.73,0.64,0.4,0.88,0.02,0.24,0.22,0.28,0,0,0.77,0,0.02,0.88,0.99,0.69,0.46,0.43,0.22,0.18,0,0,0.3,0,0,0,0.53,0.37,0.56,0.36,0,0.69,0.6,0.13,0.02,0,0.72,0.99,0.1,0.25,0.27,0.41,0,0,0.23,0.76,0.62,0,0.69,0
F0309,0.6,0.11,0.07,0.98,0.88,0.35,0.76,0,0.49,0.12,0,0.97,0.12,0.83,0.5,0,0,0.32,0.45,0.8,0.44,0.85,0.79,0.38,0.09,0,0,0.28,0.91,0.96,0.35,0.58,0,0.09,0.03,0,0.67,0.84,0.58,0.78,0.24,0.67,0,0,0.58,0.27,0,0,0.23,0,0.36,0,0.66,0.92,0.22,0.92,0.05,0.95,0.96,0.56
F0310,0.72,0.48,0.9,0,0,0.67,0,0.27,0.95,0,0,0.01,0,0.48,0.47,0.68,0,0.15,0,0,0.92,0,0.93,0.33,0,0.66,0.89,0,0,0.83,0.29,0.07,0.32,0.89,0,0,0,0.95,0.29,0.57,0.52,0.33,0,0.91,0,0.14,0.43,0.24,0.08,0.27,0.2,0.56,0.99,0,0.07,0,0.85,0.23,0.75,0
F0311,0,0.04,0.03,0.35,0.22,0,0,0.78,0.82,0,0.42,0.9,0.48,0.77,0.83,0.07,0.4,0.32,0.79,0,0.92,0.54,0.89,0,0.35,1,0.26,0,0.07,0.4,0.77,0.48,0.05,0.4,0,0,0,0,0.86,0,0.45,0,0.64,0.04,0,0,0.37,0.9,0.2,0,0.57,0.27,0.74,0.6,0,0.58,0.59,0.3,0,0.32
F0312,0.22,0.7,0,0.74,0.96,0.76,0,0.53,0.02,0,0.93,0,0,0.45,0.07,0.15,0,0,0,0,0.87,0,0,0.24,0.53,0,0.52,0.95,0,0.87,0,0.88,0.89,0.1,0,0.4,0.69,0.74,0,0.14,0.27,0.72,0,0.32,0.75,0.85,0.85,0,0.05,0,0.8,0,0,0,0.65,0,0,0.25,0.96,0.3
F0313,0.56,0,0.37,0.48,0,0,0,0,0.66,0.58,0,0.41,0.88,0.15,0.88,0,0.13,0,0.32,0.8,0,0.17,0.37,0.24,0.79,0.31,0,0,0,0,0,0.54,0.33,0,0,0.47,0.62,0.89,0,0.59,0.43,0,0.32,0.38,0.2,0,0,0.47,0.12,0,0.14,0,0.86,0.61,0,0.89,0.16,0.66,0.46,0
F0314,0.8,0.59,0.22,0,0.94,0,0,0,0.57,0.52,0.65,0,0.7,0.3,0.11,0.56,0.7,0,0,0.35,0.94,0,0.47,0,0.54,0.65,0.14,0.75,0.26,0.4,0.47,0.49,0.68,0,0,0,0.97,0.8,0,0.88,0,0.24,0.32,0,0.01,0.36,0.94,0.89,0.92,0.92,0,0.81,0.93,0.29,0,0.99,0.67,0,0.77,0.54
F0315,0,0.13,0,0.06,0.27,0,0.86,0.11,0.67,0.39,0.52,0,0.99,0,0,0.96,0.53,0,0.78,0.77,0,0.81,0,0.51,0,0.87,0,0,0.07,1,0,0.63,0.98,0,0,0,0.13,0,0.41,0.18,0.13,0,0.74,0,0.54,0.65,0.87,0,0.13,0,0.36,0,0.06,0.78,0,0.66,0.48,0.95,0.14,0.33
F0316,0,0,0.88,0.9,0.16,0,0.08,0,0.4,0,0.22,0.37,0,0,0.13,0.93,0.79,0.92,0.98,0.29,0,0.41,0.25,0,0.95,0.49,0,0,0.12,0,0.89,0.83,0.06,0.57,0,0.77,0.35,0,0,0.05,0.37,0,0.77,0.03,0.14,0,0.66,1,0.59,0.72,0.78,0.25,0.41,0.1,0,0.1,0,0.68,0.58,0
F0317,0.95,0,0.85,0.49,0.31,0,0.69,0,0.88,0.73,0.53,1,0.31,0.98,0.66,0.09,0.6,0,0.8,0.04,0,0.76,0.54,0.2,0,0.65,0,0.32,0.56,0.35,0.31,0.91,0,0.82,0.35,0.66,0.11,0.3,0.6,0.76,0,0,0.75,0,0.13,0.93,0.59,0.36,0,0.43,0.13,0.2,0.47,0.62,0.29,0,0.68,0.61,0.86,0.37
F0318,0,0,0,0.77,0,0.75,0,0.19,0.86,0,0,0.39,0,0,0.86,0,0,0,0.48,0.31,0.96,0,0.26,0,0.14,0,0.11,0,0.54,0.47,0,0.25,0,0,0,0.03,0,0.18,0.46,0,0.17,0,0.21,0.57,0.04,0,0.23,0.07,0.46,0.68,0,0.15,0.97,0.06,0,0.76,0,0.36,0.22,0.34
F0319,0.48,0.15,0,0.16,0.12,0,0.08,0,0,0,0.08,0,0.02,0,0.79,0.34,0.84,0.38,0,0,0.46,0.31,0.94,0.36,0.88,0.06,0.46,0.01,0,0.33,0,0.72,0.66,0.29,0,0,0.37,0.58,0.9,0.29,0.66,0.91,0,0.12,0,0,0.02,0,0,0,0,0.53,0.31,0.31,0,0.22,0,0.84,0.46,0.47
F0320,0.75,0.48,0.83,0,0,0,0.45,0.46,0,0.03,0,0.67,0,0,0.52,0,0.97,0,0,0.35,0.1,0.4,0,0.24,0.08,0.84,0,0.4,0,0.46,0,0.19,0,0.2,0,0.93,0,0.95,0.09,0.29,0.88,0.29,0.97,0.19,0.46,0.9,0.66,0,0,0,0.64,0,0.67,0.23,0.29,0.48,0.45,0.96,0.05,0.23
F0321,0.98,0.09,0,0,0,0.49,1,0.72,0.42,0.47,0.4,0.82,0.86,0.21,0.24,0.61,0.72,0.87,0.69,0,0,0,0,0,0,0,1,0.33,0,0.14,0.1,0.84,0.97,0.3,0.33,0.48,0.61,0,0,0.87,0.13,0.86,0.26,0.25,0.49,0.3,0.55,0.05,0,0,0.55,0,0,0.13,0.18,0.46,0.4,0.39,0.37,0.63
F0322,0.67,0.2,0.22,0,0,0,0.93,0.52,0,0,0.89,0.68,0.5,0,0.83,0.98,0.03,0.09,0.69,0.98,0.43,0,0.5,0.7,0,0,0.71,0.05,0,0.48,0,0,0.59,0.7,0.63,0.67,0.72,0.35,0,0.45,0.92,0,0.38,0.31,0.25,0.26,0,0.27,0,0,0,0.91,0.84,0,0,0.02,0.31,0,0,0.33
F0323,0,0.87,0.96,0,0.98,0.7,0.08,0,0,0.92,0.03,0,0.43,0.6,0.83,0.82,0.78,0.32,0.6,0,0.95,0,0.64,0.8,0.98,0.41,0,0.85,0,0.47,0,0,0.06,0,0.07,0,0.43,0,0.51,0.45,0.93,0.26,0.24,0.92,0,0.41,0.47,0.78,0.43,0.38,0,0.65,0,0,0,0.42,0.48,0.66,0.71,0.46
F0324,0,0.47,0,0.44,0.58,0.85,0.43,0,0,0.5,0.23,0.03,0.89,0.36,0.69,0.88,0,0,0.09,0,0.42,0.4,0,0.34,0,0.34,0.14,0.68,0.53,0.9,0.18,0.58,0.61,0.18,0.61,0,0.17,0.66,0,0,0.89,0.6,0.72,0.37,0,0.86,0.41,0,0.68,0,0.95,0.18,0.51,0.79,0,0.87,0.36,0.16,0,0.42
F0325,0.43,0.47,0.03,0.2,0,0.53,0,0.66,0.77,0,0,0.92,0,0.1,0.21,0.14,0.49,0,0.21,0.56,0,0.49,0.6,0.59,0,0.47,0.36,0,0.76,0.12,0,0.61,0.29,0,0.27,0.43,0.86,0.66,0.29,0.51,0.19,0,0.43,0,0,0.01,0.32,0.79,0,0,0.53,0.12,0,0.45,0.58,0,0.15,0.97,0.75,0.41
F0326,0,0,0.67,0.8,0.43,0.32,0.63,0.71,0,0,0.61,0.46,0.54,0,0.34,0.81,0.87,0.3,1,0.45,0,0.15,0,0,0,0.88,0,0,0.4,0.44,0.97,0.12,0,0,0,0,0.6,0,0.6,0,0,0.9,0.88,0.6,0,0,0.83,0.46,0,0.51,0.74,0.57,0,0.95,0.76,0,0.72,0.58,0.89,0.92
F0327,0.88,0.94,0.41,0.66,0.85,0.19,0.32,0,0,0.06,0.21,0.13,0,0,0,0.12,0.17,0,0.13,0,0,0,0.27,0,0.6,0.47,0.03,0,0.48,0.91,0.07,0.92,0,0.74,0,0.31,0.61,0.47,0.86,0,0.22,0.83,0,0.72,0,0,0.62,0.41,0.68,0.36,0.03,0.92,0.83,0.89,0.17,0.02,0.07,0.51,0.6,0
F0328,0,0.72,0,0,0.04,0.58,0.48,0.15,1,0,0.4,0.28,0.02,0.73,0.94,0.21,0,0,0.34,0.01,0.61,0.81,0.04,0,0,0.85,0,0.33,0,0.55,0,0,0,0,0.97,0.61,0,0,0.75,0.2,0.85,0.71,0.82,0,0.08,0.44,0.2,0.09,0.06,0,0,0.29,0.71,0,0,0.84,0,0,0.69,0
F0329,0.95,0.46,0,0,0.09,0.7,0.44,0.57,0.14,0,0.73,0.81,0,0.47,0,0,0,0.74,0,0.6,0.97,0,0.87,0.45,0,0.52,0.04,0,0,0.47,0.7,0,0,0.73,0.5,0,0.5,0,0.77,0,0.61,0,0.32,0.67,0.79,0,0.38,0.9,0.6,0,0.54,0.12,0.53,0.92,0.43,0.35,0.92,0.94,0.96,0
F0330,0.53,0.66,0.67,0.66,0.12,0.2,0.97,0,0.09,0.98,0.63,0,0,0,0.57,0,0.09,0.55,0,0.41,0.76,0.39,0.87,0.37,0,0,0,0.78,0.87,0.98,0.9,0.63,0,0.05,0.89,0,0.86,0.02,0.57,0,0,0,0,0,0.5,0.83,0.31,0,0.85,0.84,0.97,0,0.42,0,0,0.33,0,0.43,0,0.15
F0331,0,0,0,0.91,0.48,0.32,0.89,0.85,0,0,0,0.12,0.93,0,0,0,0.51,0,0.86,0.34,0.76,0.63,0.22,0.19,0.68,0,0.32,0,0.3,0,1,0.64,0.31,0.47,0.81,0,0.24,0,0.98,0.4,0.49,0,0.44,0.69,0.66,0,0,0.88,0.9,0.1,0,0.44,0,0.86,0,0,0.37,0,0,0.98
F0332,0.48,0.46,0.8,0.91,0,0.62,0,0.99,0.15,0,0,0,0.57,0,0,0.86,0.85,0.39,0.03,0,0.37,0.87,0.19,0.6,0.16,0,0,0.13,0.28,0,0.29,0.11,0.08,0.44,0.77,0,0,0.23,0.16,0.85,0,0,0,0.4,0,0.12,0.08,0,0.94,0.24,0.38,0.67,0.95,0.04,0,0.87,0,0.64,0.75,0.11
F0333,0.36,0.53,0.2,0.8,0.57,0.38,0.09,0.91,0.02,0.12,0.82,0,0.58,0,0.76,0.06,0.8,0,0.9,0,0.93,0,0.73,0.31,0,0.45,0,0,0.51,0,0,0,0.79,0,0.93,0,0,0.29,0,0.58,0.99,0.58,0,0.21,0.61,0.97,0.66,0.46,0.15,0,0.51,0.61,0.99,0.08,0.82,0.1,0.16,0.37,0,0.71
F0334,0.13,0,0.25,0.11,0.02,0,0.71,0,0.65,0.15,0.8,0.15,0,0.06,0.74,0.88,0,0.62,0,0,0,0.54,0.97,0,0.49,0.34,0.4,0.21,0.15,0,0.61,0,0,0.4,0.25,0.15,0,0,0,0,0,0.17,0.11,0,0.04,0.22,0.83,0.5,0.88,0.38,0.61,0.16,0.58,0.14,0.39,0,0,0,0,0.42
F0335,0,0.71,0.81,0.03,0.08,0,0.76,0,0,0.98,0,0,0.16,0,0.33,0,0.63,0.84,0.84,0.6,0.26,0.61,0,0,0,0.47,0,0.4,0.91,0,0.45,0.44,0.66,0,0,0,0,0.84,0.94,0,0,0.07,0.19,0.16,0.66,0,0,0,0.09,0.63,0.5,0.85,0.53,0.41,0.25,0,0.33,0.71,0.98,0.12
F0336,0.05,0.03,0,0,0,0.88,0,0,0.35,0,0.96,0.28,0.59,0,0.86,0.26,0.95,0.05,0,0,0.83,0,0,0.66,0,0.88,0.28,0.66,0,0.12,0.6,0.51,0.39,0.22,0,0.36,0.45,0.82,0.51,0.39,0,0,0.78,0.17,0,0,0.1,0,0.4,0.53,0.45,0.46,0.4,0,0.83,0.98,0,0.83,0.19,0
F0337,0,0.58,0,0,0,0,0.48,0,0,0.88,0,0.93,0,0,0,0.81,0.53,0,0,0,0.35,0,0,0.03,0,0,0.19,0,0,0.54,0.92,0,0.61,0,0,0.86,0.21,0.86,0.43,0.79,0.29,0.09,0,0.73,0.49,0,0.29,0.75,0,0.87,0.85,0.19,1,0.7,0,0.71,0,0,0,0
F0338,0.33,0,0,0.24,0.09,0,0,0.18,0.57,0.62,0.12,0.73,0.86,0,0,0.35,0,0.5,0.43,0.62,0.49,0,0.29,0.97,0.02,0.33,0,0,0.92,0,0.77,0.02,0.09,0.49,0.18,0.34,0.31,0.23,0.34,0,0.66,0,0.86,0.64,0.83,0.44,0,0,0,0.39,0,0.47,0,0,0.6,0.45,0.33,0.86,0.14,0
F0339,0,0,0.95,0.36,0,0.38,0,0,0,0.16,0,0,0,0.52,0,0.28,0.82,0.4,0,0.68,0.13,0.12,0,0.83,0.5,0,0,0,0.83,0.42,0.51,0,0,0.47,0.65,0,0.2,0,0,0,0,0,0.41,0.81,0.71,0.48,0.42,0.34,0.95,0,0.86,0,0,0,0.72,0.43,0.15,0,0.33,0.26
F0340,0,0,0.21,0.19,0.44,0.46,0.55,0.43,0.12,0,0,0,0.55,0.27,0,0.75,0.19,0.68,0,0,0.2,0.55,0.35,0,0.96,0.62,0,0.81,0,0.44,0.61,0,0,0.12,0.8,0,0.33,0.58,0.92,0.45,0.34,0.91,0.75,0,0.65,0,0.17,0,0.03,0.42,0.88,0.22,0,0.76,0,0,0.84,0.1,0.63,0.95
F0341,0,0,0,0,0,0.93,0,0,0,0.31,0.47,0,0.56,0,0.44,0,0.66,0.55,0.26,0.32,0.36,0.86,0,0.34,0,0,0.34,0.09,0,0,0.86,0,0.43,0.22,0.05,0,0.76,0.45,0,0.09,0,0.2,0.32,0.19,0,0,0.43,0.95,0.04,0.98,0,0,0,0.34,0.76,0,0.98,0.22,0.38,0
F0342,0,0,0,0,0,0.2,0.34,0.03,0,0,0,0.41,0,0.54,0.13,0,0.38,0.59,0.03,0.29,0.93,0,0.16,0.5,0.62,0,0.17,0,0.12,0.23,0,0.41,0,0.19,0,0,0,0,0,0.04,0,0,0.23,0.02,0.66,0.32,0.17,0,0.88,0,0.7,0,0.94,0.52,0.85,0.49,0,0.46,0.62,0.55
F0343,0,0.18,0,0.72,0.82,0.34,0.56,0,0.37,0.91,0.45,0.17,0,0.38,0,0.62,0.63,0,0.9,0,0.79,0.3,0.35,0,0.76,0,0.87,0,0.99,0.25,0,0.59,0.98,0.62,0,0,0.84,0,0.31,0,0,0.29,0.1,0,0,0.88,0,0.24,0.8,0.23,0.09,0.33,0,0,0.54,0.92,0.69,0,0,0.94
F0344,0,0,0,0.32,0.9,0,0.91,0.77,0.47,0.54,0.55,0.09,0,0.38,0,0,0.79,0.77,0.66,0,0.61,0.58,0,0.42,0.12,0.76,0.19,0,0,0.85,0.5,0.48,0.7,0.48,0.09,0.92,0,0,0.25,0,0.58,0.98,0,0.92,0,0.83,0.13,0,0.97,0.8,0,0.75,0,0.52,0.68,0.31,0.12,0,0,0.81
F0345,0.56,0.47,0.82,0.26,0.18,0.07,0,0,0.04,0.63,0,0,0,0,0.64,0,0,0.33,0.21,0,0.63,0.7,0.55,0.24,0,0,0.9,0.61,0.34,0,0.67,0,0,0.17,0.1,0,0,0.5,0.73,0,0,0.16,0.12,0,0,0.65,0.92,0.16,0.58,0,0.48,0.53,0.19,0.33,0,0.33,0,0,0.72,0.25
F0346,0,0.9,0.46,0,0,0,0,0,0.04,0.44,0,0.49,0.98,0.51,0.41,0.31,0,0.92,0.65,0,0.97,0,0.62,0.45,0.84,0.5,0.19,0,0.06,0.03,0.45,0.69,0,0.22,0.37,0.99,0.15,0.72,0.4,0,0.41,0.6,0.18,0,0.31,0,0,0,0.95,0.47,0.35,0.27,0.97,0.84,0,0,0.86,0.14,0,0.92
F0347,0.48,0.21,0.81,0.62,0.74,0.36,0.01,0,0,0.93,0.59,0,0,0.9,0,0,1,0,0.29,0.66,0,0,1,0.32,0.7,0,0.4,1,0,0.07,0,0.91,0.42,0.75,0.95,0,0.17,0,0,0.57,0.23,0.14,0.09,0.21,0.61,0,0,0.44,0,0.48,0.54,0.41,0,0,0.57,0.64,0,0.21,0.34,0.58
F0348,0.78,0,0.51,0,0,0.96,0.55,0.5,0,0,0.16,0.62,0,0.58,0,0,0.26,0,0,0,0.34,0.12,0,0,0.22,0.83,0.71,0.17,0.38,0,0.42,0.26,0.4,0,0.62,0.25,0.92,0,0.58,0.51,0.44,0,0,0,0,0,0,0.99,0,0.64,0.81,0,0.46,0,0.38,0.85,0.19,0,0.77,0.59
F0349,0.83,0.68,0.64,0.68,0,0.97,0,0,0.44,0.97,0,0.26,0.48,0,0.91,0.86,0.23,0.13,0,0,0.43,0,0.82,0.89,0.77,0.2,0,0.59,0.99,0.65,0,0.94,0,0.83,0.19,0,0,0.47,0,0,0.55,0.66,0.42,0,0.05,0.67,0,0,0.37,0.1,0.24,0.13,0,0,0.51,0,0,0.08,0,0.39
F0350,0,0.32,0,0.26,0.8,0.61,0.76,0.54,0.05,0,0.55,0,0,0.34,0.18,0.28,0.91,0,0.31,0.36,0,0.47,0.44,0,0.02,0,0.78,0,0,0.08,0.66,0.21,0,0.53,0.93,0.46,0,0.26,0,0.45,0.81,0.75,0,0,0.37,0,0,0,0.11,0.1,0,0,0,0.77,0,0,0.81,0,0.26,0
F0351,0.09,0.47,0,0.12,0.72,0.18,0,0.14,0,0.89,0.54,0,0.5,0,0,0.22,0.65,0.4,0,0.6,0.22,0.08,0,0.97,0.04,0.68,0,0.45,0.18,0.28,0,0,0.64,1,0,0.96,0,0.17,0.73,0.73,0.08,0,0,0.46,0.71,0.82,0.23,0,0.99,0.66,0,0,0,0.65,0.71,0.88,0.11,0.62,0.07,0.58
F0352,0,0.89,0,0,0.35,0.31,0.63,0,0.44,0,0.69,0.98,0,0.18,0,0.35,0.21,0.02,0.86,0,0,0,0.3,0.29,0,0.37,0,0,0.58,0.72,0.71,0.46,0.28,0,0,0.81,0.5,0.31,0.92,0.49,0.5,0.92,0,0.64,0.37,0,0.84,0.02,0.97,0,0.72,0.92,0.65,0.64,0.86,0.98,0,0,0,0.74
F0353,0,0,0.88,0,0.31,0.47,0.07,0.18,0,0,0.41,0,0.59,0.29,0.78,0,0,0.36,0.12,0,0,0,0.22,0.2,0.46,0,0,0.88,0.48,0.2,0.62,0,0.32,0,0,0,0,0.77,0.03,0.91,0,0.89,0.95,0.43,0,0,0.78,0,0,0.63,0.29,0,0.88,0.34,0.97,0.01,0.3,0.24,0,0
F0354,0.75,0,0.19,0,0.69,0.13,0,0.98,0.48,0.16,0.34,0.98,0.11,0,0.94,0,0.45,0.46,0.3,0,0.37,0.66,0.27,0.63,0,0.48,0,0,0.29,0.75,0.56,0,0,0.97,0.02,0,0,0.68,0.57,0.64,0.13,0,0.21,0,0.91,0.68,0.38,0,0,0.14,0.53,0,0.16,0.28,0.99,0,0,0,0.65,0.9
F0355,0,0.46,0.87,0.02,0,0.55,0.44,0.46,0,0.62,0.72,0.49,0,0,0.84,0.18,0.6,0,0,0.72,0.79,0.16,0.2,0.81,0.4,0,0,0,0.88,0,0.76,0.54,0.02,0,0.46,0.38,0.25,0,0,0,0.28,0,0.64,0,0.13,0,0.29,0.68,0,0.55,0.31,0.34,0,0.61,0.32,0,0.85,0,0,0.88
F0356,0.95,0.37,0,0.18,0,0.37,0,0.8,0,0.69,0.06,0.63,0.56,0.73,0.38,0.98,0.65,0,0.06,0.65,0.38,0.45,0,0,0.2,0.3,0.43,0.55,0,0,0.88,0,0.11,0.44,1,0,0.53,0.97,0.57,0.28,0.05,0.82,0.42,0.67,0.21,0.34,0,0,0.4,0,0,0.93,0.26,0.52,0.74,0.67,0.02,0,0,0.78
F0357,0,0.22,0.78,0.88,0,0.53,0.94,0.45,0.19,0.15,0.8,0,0,0.59,0,0.11,0,0,0.7,0.98,0.28,0,0,0.31,0.88,0,0.73,0.97,0.18,0.52,0,0,0.08,0.66,0,0,0.9,0.46,0.01,0.59,0.42,0.22,0.21,0,0.62,0.07,0.16,0,0,0.77,0.92,0,0.31,0.64,0,0.08,0,0.48,0.44,0.37
F0358,0.56,0.03,0,0,0.24,0,0.88,0,0.86,0.75,0,0.8,0,0.63,0.28,0.54,0,0.56,0.26,0.34,0,0.09,0.85,0,0,0.11,0.39,0.81,0.26,0,0.66,0.59,0.31,0,0,0.62,0.29,0.75,0,0.85,0.92,0,0,0.86,0.87,0.19,0.21,0,0.33,0.7,0,0,0,0,0.95,0,0.18,0.59,0,0.06
F0359,0.17,0.85,0.83,0,0,0.35,0.32,0.13,0,0.67,0.15,0,0.6,0.18,0.11,0.61,0.99,0.99,0.3,0,0,0,0,0.48,0.92,0.11,0.8,0.16,0,0.55,0.26,0.17,0.31,0.49,0.41,0.03,0.36,0,0.14,0,0.29,0,0.67,0.16,0.47,0,0,0.16,0,0.57,0.15,0.92,0,0,0.9,0.61,0.76,0.22,0,0.71
F0360,0,0,0.9,0.22,0.78,0.08,0.33,0.3,0.57,0,0.67,0.07,0.74,0.7,0.58,0.05,0,0,0.82,0.92,0,0.13,0,0.92,0.23,0,0,0.2,0.88,0.4,0,0.7,0.43,0.5,0.97,0.39,0,0.95,0.04,0.48,0.55,0.04,0,0.53,0.37,0,0,0.63,0.77,0.54,0.92,0.51,0.18,0.89,0.62,0,0,0,0,0
F0361,0.11,0.53,0.67,1,0,0.95,0.04,0.79,0.37,0,0.04,0.25,0.62,0,0,0.68,0,0.16,0.38,0.77,0,0,0.1,0.85,0.96,0.49,0.29,0,0.13,0.03,0.96,0.14,0.41,0.39,0.76,0,0,0.89,0.21,0,0,0,0,0.38,0.97,0,0,0,0.37,0.74,0.33,0,0.16,0,0,0.24,0,0,0.04,0.8
F0362,0.78,0.36,0.18,0.15,0,0,0,0.5,0.43,0,0.85,0,0.83,0.6,0,0.8,0,0,0,0,0,0.78,0.76,0.95,0,0.69,0.91,0.48,0.52,0.18,0.04,0.81,0.1,0.06,0.7,0,0.95,0,0.82,0.62,0.5,0.96,0,0,0.55,0.44,0,0,0.02,0.12,0.59,0.85,0.91,0.5,0,0.44,0.88,0,0.55,0.51
F0363,0.85,0.39,0.07,0.28,0.85,0,0.98,0.38,0,0.42,0.57,0.94,0.7,0.18,0,0.91,0.91,0.13,0.31,0.97,0.58,0.15,0.91,0.17,0,0,0,0.11,0.43,0.49,0,0.3,0,0.68,0,0.49,0,0.77,0.84,0.02,0.97,0.29,0.58,0.92,0,0.56,0.34,0.25,0,0.04,0.4,0,0.88,0,0.8,0.08,0,0,0.69,0
F0364,0.8,0.25,0.15,0,0.69,0.63,0,0,0,0.59,0.18,0.65,0.8,0.15,0.57,0.94,0.5,0.6,0.24,0,0.98,0,0,0,0.91,0.57,0,0.12,0.46,0,0.79,0.04,0.32,0.57,0.79,0,0.44,0.42,0,0.58,0.94,0,0.71,0.54,0,0,0.42,0.15,0.01,0.28,0,0.54,0.15,0.47,0,0.45,0.98,0,0.38,0.9
F0365,0.98,0,0.33,0,0.66,0,0,0.43,0.03,0.27,0.07,0.14,0.81,0,0.84,0.34,0,0.93,0.4,0.1,0.04,0,0,0,0,0.77,0,0.51,0.94,0.3,0.54,0,0.03,0.27,0.85,0.5,0,0.09,0.79,0.26,0,0.64,0,0.69,0,0.58,0,0,0,0,0.73,0,0.44,0.42,0.96,0.36,0,0,0,0.25
F0366,0.82,0.3,0.38,0,0,0.01,0,0.26,0.48,0.7,0.74,0.26,0.75,0.68,0.12,0.89,0,0.38,0.73,0,0.06,0.9,0.98,0.86,0.3,0.64,0.16,0.42,0.98,0.65,0,0.53,0.73,0.67,0.74,0.67,0.79,0.08,0.8,0,0.56,0.52,0,0.6,0.79,0.83,0,0.48,0.25,0.43,0.97,0.37,0,0,0,0.59,0.16,0,0.49,0
F0367,0.12,0.58,0.26,0.94,0.26,0.42,0,0.05,0.44,0,0,0.12,0.41,0,0.37,0,0.13,0.14,0,0,0,0,0,0.93,0.68,0,0.49,0,0.72,0,0,0,0.04,0.03,0,0.49,0.63,0,0.38,0.56,0.41,0.08,0,0,0,0.54,0,0.1,0,0.21,0.91,0,0,0.69,0,0.85,0.35,0.7,0,0.81
F0368,0.87,0,0.03,0.46,0.95,0,0,0,0.16,0,0,0.02,0,0.95,0,0.14,0.71,0,0.68,0.97,0.43,0,0,0,0.83,0.9,0.03,0.87,0,0.95,0,0.56,0.07,0.05,0.57,0,0.2,0.2,0,0.12,0.83,0.94,0,0,0.74,0,0.22,0.24,0.61,0,0.56,0.89,0.85,0.75,0,0,0.83,0.36,0.32,0
F0369,0.66,0,0.76,0.47,0,0.29,0.56,0.2,0.17,0.44,0.99,0.62,0.86,0.11,0.37,0,0,0.79,0,0.27,0.16,0,0.75,0.32,0.82,0,0,0.76,0.53,0,0.69,0,0.6,0.21,0.64,0.77,0.86,0,0.66,0.31,0,0.82,0.05,0,0,0.54,0,0.14,0,0,0.88,0.86,0,0,0.91,0,0.44,0.5,0,0
F0370,0.62,0.09,0,0.38,0.84,0,0,0,0.86,0.15,0,0.43,0.73,0.56,0,0.19,0.8,0.68,0,0.99,0,0.51,0.27,0.33,0.1,0.52,0,0,0.56,0.5,0.57,0.86,0.66,0,0.17,0,0.87,0,0.57,0.22,0.56,0.86,0.68,0.87,0.98,0,0.4,0.19,0,0.39,0.62,0.4,0.11,0,0.89,0.29,0,0,0.62,0.5
F0371,0.16,0.03,0,0.85,0.74,0,0.98,0.19,0.81,0.09,0,0.22,0.7,0.38,0.09,0.47,0,0,0.52,0.75,0.84,0.06,0.27,0,0.7,0.58,0.35,0.88,0,0.84,0.45,0.07,1,0.51,0,0.19,0.47,0.91,0.12,0,0,0.54,0.28,0,0,0.31,0.7,0.43,0,0.34,0.05,0.85,0.16,0.76,0,0.29,0.26,0,0.14,0.43
F0372,0,0,0,0.92,0.43,0,0.95,0.09,0.71,0.19,0.47,0,0.95,0.17,0,0.37,0,0,0.63,0.04,0,0.34,0.88,0,0,0.22,0,0.21,0,0.29,0.45,0.18,0,0,0.57,0.4,0.74,0.13,0.48,0.03,0.56,0.91,0,0,0,0.51,0.39,0.03,0.07,0.37,0.62,0.86,0,0.22,0,0.48,0,0.38,0.08,0
F0373,0.2,0,0.7,0.78,0.59,0.61,0,0.31,0.35,0.91,0.53,0.33,0.56,0,0.58,0,0.7,0.59,0.32,0.68,0.69,0,0,0.29,0.76,0.04,0.2,0,0.31,0,0.93,0.15,0,0,0.14,0.55,0,0,0.66,0.79,0.08,0,0.47,0.42,0.16,0,0.31,0,0.14,0,0.6,0.07,0,0.31,0,0,0,0.45,0,0.88
F0374,0.56,0.86,0.05,0.98,0,0.72,0.65,0,0.16,0,1,0,0.52,0.15,0.42,0.25,0,0.53,0.29,0.45,0.38,0.81,0,0,0,0,0.5,0.13,0.61,0,0,0,0.55,0.9,0.09,0,0.02,0.59,0.83,0.86,0.24,0.6,0,0.29,0.04,0.26,0,0.17,0,0.07,0.76,0,0,0.64,0,0.39,0.55,0,0.65,0.68
F0375,0.78,0.69,0,0.63,0,0,0,0.79,0.98,0.09,0.7,0.3,0.14,0.24,0.49,0.92,0.29,0.75,0.18,0.52,0,0.54,0.33,0.44,0,0,0.11,0,0.28,0.1,0.27,0.53,0.9,0,0,0.45,0,0.15,0.95,0,0.07,0,0.56,0,0.7,0.91,0.89,0.61,0,0.65,0,0.06,0,0.94,0.58,0.33,0.53,0.43,0,0.21
F0376,0,0.16,0,0.24,0.9,0,0.6,0.11,0,0,0,0.52,0.96,0,0,0.13,0,0,0.35,0.82,0.03,0.74,0.52,0.47,0.91,0.3,0.03,0,0.6,0.29,0.41,0.03,0,0,0.78,0.43,0,0.2,0.21,0.21,0.73,0,0,0.86,0.01,0.34,0.07,0,0,0,0.34,0.86,0.19,0.49,0.91,0,0.9,0.86,0.66,0.47
F0377,0.16,0.3,0.76,0.95,0.65,0.56,0,0,0.64,0.45,0.8,0,0,0,0,0,0.14,0.13,0.93,0,0,0.97,0.31,0.48,0.81,0.34,0.82,0.98,0.01,0.11,0,0,0.58,0.99,0,0.89,0.44,0.05,0.95,0.35,0.07,0.77,0,0.21,0,0,0.35,0,0.76,0.91,0,0.59,0,0,0.94,0.89,0,0.39,0,0
F0378,0.88,0.38,0.49,0.12,0.43,0.17,0.71,0.85,0,0.78,0.88,0.74,0.41,0,0,0.28,0,0.5,0.18,0.5,0,0,0,0,0,0.4,0.71,0,0.43,0.66,0.61,0,0.12,0,0.29,0.45,0.92,0.18,0,0,0,0.98,0.23,0.51,0,0,0.32,0.36,0.67,0.59,0.7,0.26,0,0,0.2,0,0.02,0,0,0
F0379,0.15,0,0.06,0.8,0.54,0.49,0,0.59,0,0.07,0.26,0.43,0,0.93,0.03,0,0,0,0.91,0,0.26,0.61,0.4,0.32,0,0.42,0.68,0.91,0,0.05,0.16,0.78,0,0.33,0.27,0.1,0.8,0.52,0.74,0,0.65,0.33,0,0,0.3,0.9,0,0.83,0.61,0.57,0.87,0,0.9,0.8,0,0,0.3,0.55,0,0.97
F0380,0.7,0.7,0.8,0,0.1,0,0,0.57,0.52,0.79,0,0.65,0.96,0.34,0.52,0.23,0.37,0.84,0.04,0.45,0,0,0,0,0,0.36,0,0,0.9,0.33,0.15,0.58,0,0.02,0,0,0,0.52,0,0,0,0.56,0,0,0.76,0.21,0,0.38,0.88,0,0.53,0.85,0,0.71,0,0,0.6,0,0.57,0
F0381,0.84,0,0.86,0,0.92,0,0,0.94,0.12,0.59,0.74,0.39,0.05,0.95,0.37,0,0.42,0.73,0.9,0.93,0.44,0.02,0.98,0.31,0,0,0,0.96,0,0,0,0,0.41,0,0,0.72,0.06,0.64,0.35,0,0.84,0,0.12,0.52,0.77,0.48,0,0.55,0.74,0.91,0,0.5,0,0,0,0.74,0.57,0.75,0.76,0.4
F0382,0.76,0,0.48,0,0.55,0,0.44,0,0,0.03,0,0,0.57,0.32,0,0,0,0.92,0.42,0.92,0.96,0,0.55,0.92,0.41,0,0.03,0.33,0,0.02,0.56,0.24,0.36,0.09,0.52,0.35,0.62,0,0.5,0.69,0.87,0.02,0.95,0,0,0.87,0,0.23,0,1,0.8,0.86,0.9,0.88,0,0.29,0.72,0,0.06,0.45
F0383,0,0,0,0,0,0,0.73,0.27,0.26,0.59,0.84,0.09,0.62,0.69,0,0,0.8,0.16,0.49,0,0,0,0,0,0,0.84,0.65,0,0,0,0,0,0.18,0.17,0.38,0.68,0,0,0.55,0.6,0.67,0.11,0,0.58,0.15,0.48,0.68,0.69,0,0,0.86,0,0.91,0.51,0,0,0,0.73,0.6,0
F0384,0,0.04,0.25,0.27,0.51,0.07,0.32,0,0,0.13,0.41,0.54,0.77,0,0,0.28,0.78,0,0.32,0.71,0,0.16,0.33,0,0,0.07,0,0.14,0.18,0,0.08,0.92,0.32,0.69,0.31,0.48,0.99,0.63,0,0,0.26,0,0,0,0.78,0.97,0.64,0,0,0,0,0.91,0,0.45,0.12,0.23,0.6,0.34,0.13,0.17
F0385,0.41,0.96,0.12,0.97,0,0.84,0,0,0.85,0.86,0.99,0.6,0,0.75,0,0,0.42,0.39,0.78,0.25,0.75,0.1,0.84,0.65,0,0.89,0.63,0,0.84,0.43,0,0,0.2,0,0,0.37,0.18,0.76,0,0.2,0.95,0,0,0.67,0.84,0.86,0.23,0.6,0,0,0.49,0,0.71,0.03,0,0,0.47,0,0.28,0.49
F0386,0.02,0.93,0,0.46,0.33,0.49,0.97,0,0,0,0,0.66,0,0.41,0.89,0.81,0,0,0,0.38,0,0,0,0.09,0.33,0,0,0.96,0.69,0.1,0.89,1,0.65,0.92,0,0,0.72,0.97,0,0.27,0.1,0.01,0.98,0.54,0.38,0.45,0,0.58,0,0,0.7,0.76,0,0,0,0.83,0.97,0.12,0.2,0
F0387,0,0,0.26,0.75,0.24,0.74,0.81,0,0,0.85,0.88,0,0.5,0.64,0,0.74,0,0.2,0.4,0.37,0,0.86,0.09,0,0.57,0.06,0,0.06,0.9,0.72,0,0,0.25,0.91,0.59,0.11,0.05,0,0.45,0,0.02,0,0.98,0.49,0,0.43,0.23,0.89,0,0,0.18,0.18,0.83,0.46,0.11,0.29,0.18,0,0.93,0
F0388,0.28,0.57,0.91,0,0.85,0.59,0.92,0.76,0,0,0.38,0.42,0,0,0,0,0,0,0.49,0.65,0.22,0,0.05,0.79,0.37,0.07,0.88,0.83,0.6,0.67,0.06,0,0.05,0.66,0.94,0.99,0.27,0.16,0.43,0.91,0.92,0.38,0.91,0.22,0.1,0.89,0.68,0,0,0.73,0,0,0.02,0.88,0,0.38,0.56,0.74,0.29,0.84
F0389,0.27,0.23,0.16,0.56,0,0.61,0.53,0.56,0,0.08,0.72,0.43,0.4,0.94,0,0.04,0,0.51,0,0,0,0,0.06,0.47,0.47,0.56,0,0.19,0.68,0.39,0.17,0,0.93,0,0,0.51,0,0.85,0,0.86,0,0,0,0.58,0.24,0.69,0.82,0.14,0,0.4,0.91,0,0.23,0.07,0.61,0.16,0.95,0,0.1,0
F0390,0.83,0.84,0.39,0,0,0,0,0.54,0,0.32,0,0,0,0,0.71,0.07,0.35,0,0.48,0.72,0,0.48,0,0.52,0.51,0,0.12,0.28,0.9,0.27,0,0,0.06,0.4,0.43,0.8,0.89,0,0,0.39,0.82,0.96,0.05,1,0,0.65,0.96,0.56,0.64,0.81,0.23,0,0.51,0,0.22,0,0,0.6,0,0.14
F0391,0,0,0.26,0.85,0.62,0.1,0.36,0.52,0.25,0,0.76,0.6,0.12,0,0.38,0,0.81,0,0.09,0,0,0,0.99,0.28,0.89,0,0,0.28,0.95,0.36,0.33,0,0,0,0,0.04,0,0,0,0.9,0.22,0.95,0.45,0.3,0.48,0.38,0.52,0.33,0,0,0.44,0,0,0,0.97,0.15,0.91,0.28,0.49,0
F0392,0.4,0.18,0,0,0.58,0.53,0.32,0.11,0.31,0,0.57,0,0,0,0.94,0.88,0.88,0.52,0,0.14,0,0.11,0.27,0.79,0,0.4,0.7,0,0,0.92,0.7,0,0.78,0.21,0,0.86,0.96,0,0,0.9,0.44,0.77,0.26,0.33,0.53,0.91,0.94,0.73,0.13,0.4,0.75,0,0.85,0,0,0.83,0.14,0.03,0,0.28
F0393,0.49,0,0,0.04,0,0,0.84,0.23,0.75,0.03,0,0,0.33,0.31,0.96,0,0,0.96,0.6,0.79,0,0.79,0.81,0.32,0.76,0.81,0,0.55,0.02,0.57,0,0,0.5,0.97,0.84,0,0,0.91,0,0.06,0,0,0.2,0.02,0,0,0,0.66,0.9,0,0.78,0.18,0,0.98,0.74,0.76,0,0.75,0.6,0.56
F0394,0,0.33,0.66,0.55,0.11,0.76,0,0,0,0,0.18,0.14,0,0.97,0,0.04,0,0.95,0.92,0.04,0.45,0,0.42,0.36,0,0,0,0.62,0.71,0,0,0.89,0,0,0.52,0.99,0,0.53,0.14,0.43,0.23,0,0,0.81,0.7,0.99,0,0.43,0,0.68,0.84,0.23,0.93,0,0,0,0,0.97,0.02,0.16
F0395,0.5,0,0,0.74,0,0.72,0,0.49,0.05,0.86,0.09,0,0,0.98,0.71,0,0,0.34,0.69,0.56,0,0.54,0,0,0,0,0.41,0,0.17,0.62,0.19,0,0.2,0,0,0.02,0.04,0,0,0,0.1,0.7,0.05,0.61,0.16,0.1,0.03,0,0.67,0.38,0,0,0.36,0,0.5,0,0.39,0.13,0,0
F0396,0.18,0.4,0.67,0,0.65,0.36,0.06,0,0,0.03,0,0,0.92,0.11,0.72,0,0,0.26,0,0.42,0.95,0.55,0.46,0.86,0,0.88,0.08,0.03,0,0.27,0.03,0.83,0.24,0,0.6,0.19,0.1,0.76,0,0.73,0.26,0.55,0.7,0.02,0.47,0.77,0.31,0.88,0,0.75,0.87,0,0.93,0.28,0,0.67,0,0.09,0.35,0
F0397,0.8,0.37,0.44,0.02,0,0,0.9,0.39,0.48,0,0.88,0.33,0.08,0,0.37,0.57,0.95,0.64,0.52,0.74,0.12,0,0.17,0.69,0,0.17,0,0,0.7,0,0.27,0,0,0,0.8,0.27,0,0,0.8,0,0.23,0,0,0,0,0.64,0.72,0.39,0.04,0,0.36,0,0,0.07,0.02,0,0.96,0,0.32,0
F0398,0,0.75,0.08,0.94,0,0.6,0,0.7,0,0.41,0.56,0,0.86,0,0.31,0.82,0.78,0.53,0,0,0.14,0,0.59,0.73,0.25,0.52,0.92,0.96,0,0.9,0.05,0.43,0.65,0.25,0.77,0.69,0.03,0.76,0.54,0.3,0.16,0,0.88,0.84,0,0.75,0,0.25,0.04,0.32,0.14,0.95,0.77,0.11,0.25,0,0.67,0.88,0.04,0.4
F0399,0,0,0.39,0,0.42,0.61,0.98,0,0.36,0,0.24,0.72,0.19,0,0.57,0.32,0.85,0,0.7,0.37,0.1,0.14,0.31,0.98,0,0.05,0.85,0,0.63,0,0.87,0.54,0.64,0.52,0,0,0.64,0,0.86,0.11,0.22,0.17,0.63,0.69,0.97,0,0.79,0.41,0.76,0,0,0,0.62,0.07,0,0,0,0.86,0.42,0.8
F0400,0.3,0.12,0.76,0.38,0.08,0.83,0,0,0.44,0.15,0,0.13,0.73,0,0.2,0.01,0,0,0.63,0.9,0.9,0,0.48,0,0.84,0.43,0,0.7,0.28,0.37,0,0.74,0,0,0,0.79,0.74,0.87,0,0.43,0.81,0,0.53,0.14,0.17,0.36,0,0.04,0,0,0,0,0.08,0.02,0.64,0.3,0,0.42,0,0
F0401,0,0.4,0.69,0.04,0,0.12,0.49,0.37,0,0.76,0.65,0,0.95,0.87,0.56,0.44,0.96,0.39,0.08,0,0.47,0,0,0,0.25,0,0.17,0.35,0.82,0.72,0.78,0,0.19,0.04,0,0.67,0,0,0.66,0.24,0.48,0,0.1,0.24,0.81,0.68,0.48,0.48,0.52,0.4,0.73,0.64,0.4,0.99,0.88,0.36,0,0.87,0.47,0.2
F0402,0.27,0.32,0.88,0.51,0.36,0.72,0,0,0.67,0.45,0,0.26,0.34,0,0.3,0.74,0.43,0.1,0.5,0.38,0.63,0.88,0,0,0.94,0.8,0.8,0.51,0,0,0.59,0.33,0,0.47,0,0.82,0.78,0.7,0.16,0,0.58,0.34,0,0.2,0,0.61,0,0,0,0.2,0,0,0,0.41,0,0.52,0.61,0,0.35,0
F0403,0.09,0.99,0.14,0.55,0.87,0.74,0.28,0.63,0,0.3,0,0.56,0.87,0.45,0,0,0.71,0.89,0,0,0,1,0,0.93,0.86,0,0.44,0.1,0.21,0.79,0.21,0,0.96,0.7,0,0.7,0,0.5,0.85,0.43,0,0,0,0.27,0,0.63,0.95,0.97,0.08,0.32,0.36,0,0.14,0.05,0.6,0.24,0,0.2,0,0
F0404,0,0.74,0.98,0.18,0.76,0.59,0.44,0.47,0.4,0.91,0.1,0.94,0,0.96,0.56,0,0.74,0.07,0.87,0.33,0,0.1,0,0,0.47,0.47,0.79,0,0.2,0.85,0.81,0.55,0.57,0,0.18,0.75,0,0.95,0,0.53,0.91,0,0,0,0.58,0.08,0,0.61,0.82,0,0,0.54,0,0,0.78,0.32,0.3,0,0,0.84
F0405,0,0.36,0.84,0,0.95,0.59,0,0,0.82,0,0.96,0.54,0.24,0,0.52,0,0,0.74,0.61,0.39,0.89,0.64,0.28,0,0.3,0,0,0.77,0.91,0.53,0.34,0,0,0.61,0.02,0.72,0.97,0.78,0,0.56,0,0,0,0,0,0,0,0,0.42,0,0,0.68,0.36,0,0.84,0.43,0,0.12,0.73,0.8
F0406,0,0.86,0.1,0.25,0.89,0.54,0,0,0,0.21,0.08,0.72,0.43,0.6,0,0.81,0,0,0.44,0.06,0,0.92,0,0.33,0.22,0.18,0.54,0.72,0.02,0.42,0.61,0.19,0.59,0,0.16,0.83,0,0.3,0.73,0,0,0,0,0,0.2,0.06,0.41,0.42,0.8,0.95,0.85,0,0.7,0,0.83,0.67,0,0,0,0.22
F0407,0.38,0.81,0,0,0.39,0,0.34,0,0.5,0.59,0.28,0.35,0.28,0.51,0.55,0.53,0,0.96,0,0.44,0,0.64,0.92,0,0.99,0,0.07,0,0,0,0.74,0,0.87,0.23,0.37,0.2,0.3,0,0.55,0.74,0,0.41,0.99,0.74,0.71,0,0,0.9,0.93,0.74,0.59,0,0.95,0.19,0.22,0.58,0.48,0.97,0.05,0.72
F0408,0,0.19,0.14,0.08,0.71,0.99,0,0,0.35,0,0,0.13,0.95,0,0,0,0.32,0,0.95,0,0,0.27,0.71,0.93,0.06,0.62,0.29,0,0,0.74,0,0,0.32,0,0.7,0.71,0.33,0,0,0.85,0.66,0.92,0.47,0.91,0,0,0.04,0.5,0.65,0.69,0,0.8,0.58,0,0.86,0.58,0.56,0,0.87,0.13
F0409,0.67,0.06,0.18,0.83,0.73,0.43,0.12,0.12,0.05,0.86,0,0,0.86,0.1,0,0.35,0.03,0,0.41,0.06,0.81,0.31,0.32,0.67,0.45,0.34,0,0.28,0.61,0,0.35,0,0.54,0.43,0.89,0.34,0,0,0,0.64,0.76,0,0,0,0,0.57,0,0.83,0,0,0,0.91,0,0,0.93,0.2,0,0,0,0.63
F0410,0,0.92,0,0,0.37,0.4,0.06,0.28,0,0.18,0,0.64,0,0,0,0.54,0,0,0.43,0,0.92,0.06,0.28,0.35,0.08,0.3,0.43,0.9,0.43,0.33,0,0,0.07,0.71,0,0,0,0.16,0.47,0,0,0.14,0,0.04,0.27,0.95,0.99,0,0.68,0.14,0.94,0.28,0.07,0.16,0,0.91,0.12,0.29,0.19,0.22
F0411,0,0,0.03,0,0,0.2,0.37,0.26,0.49,0.92,0,0.11,0.62,0.8,0,0.74,0.74,0,0,0,0.42,0.34,0.87,0.36,0.65,0.79,0.6,0,0,0,0,0.84,0.66,0.33,0,0,0,0.58,0.61,0,0,0.3,0.66,0.93,0.67,0.29,0.59,0.3,0,0,0.02,0.48,0.95,0,0.95,0.05,0.08,0.08,0.53,0.58
F0412,0.94,0.45,0,0.42,0.99,0.41,0.61,0.98,0.17,0.27,0.75,0.7,0.59,0.32,0.52,0.46,0,0,0.04,0.19,0.82,0.79,0.09,0.09,0.02,0.42,0.15,0.34,0,0,0.53,0,0.66,0.75,0.04,0,0,0.63,0.13,0.71,0,0,0.84,0,0,0.8,0.45,0.88,0.75,0,0.31,0.06,0,0.99,0,0.33,0.3,0.42,0.58,0.26
F0413,0.54,0.89,0,0.55,0,0.57,0,0.77,0.6,0.95,0.37,0.83,0.65,0.14,0.26,0,0.22,0,0.48,0,0,0.25,0.95,0,0,0,0.12,0.68,0.48,0.97,0.26,0.95,0,0.56,0.3,0.15,0.81,0,0.39,0.19,0,0.01,0.81,0.17,0.73,0.2,1,0,0,0,0,0.41,0,0.82,0.92,0.38,0.42,0,0.96,0
F0414,0.39,0,0.9,0.72,0.33,0.6,0.72,0.02,0.19,0.59,0,0,0.27,0,0.28,0.45,0.61,0.78,0.23,0,0,0,0,0.1,0.3,0,0.96,0.99,0,0.17,0.82,0,0.91,0.99,0,0.85,0,0.07,0,0,0.12,0,0.1,0,0.58,0,0.83,0.49,0,0,0.99,0.57,0,0,0,0.53,0.47,0.84,0,0
F0415,0.46,0.5,0.38,0,0,0.8,0,0.39,0.39,0,0.27,0,0.92,0.24,0.81,0,0.29,0,0.11,0,0,0.84,0.79,0.7,0,0,0.82,0.04,0.47,0.66,0.06,0,0,0,0,0.9,0.73,0.6,0.52,0.54,0.83,0.81,0,0.26,0.84,0.22,0.95,0.78,0.71,0.99,0,0,0.61,0.88,0.65,0.62,0,0.98,0.32,0.79
F0416,0,0.75,0.07,0,0.13,0.84,0,0.34,0,0.47,0,0.85,0.69,0,0.37,0.91,0,0.94,0.91,0.52,0.89,0,0.81,0.07,0.05,0.42,0,0,0.21,0,0.97,0,0.05,0.68,0.85,0.24,0,0.44,0,0.09,0.36,0,0,0.91,0.68,0.65,0,0.74,0.84,0.93,0.8,0.82,0,0,0,0.38,0.31,0.57,0,0.54
F0417,0,0.39,0.43,0,0,0,0,0.11,0.72,0.04,0.05,0,0.95,0.2,0,0,0,0.09,0,0,0.96,0,0.9,0,0.81,0.19,0.82,0,0.85,0.13,0.34,0,0,0.93,0,0,0,0.38,0.92,0.14,0,0.54,0.9,0,0,0,0.36,0.62,0.17,0.5,0.78,0.99,0.36,0.93,0,0,0,0,0,0
F0418,0,0,0.65,0,0.26,0.5,0,0.17,0.05,0.99,0.45,0.71,1,0.1,0.05,0.92,0.5,0,0.3,0.02,0,0,0.15,0,0,0.19,0.81,0.35,0.1,0.65,0.38,0.65,0.72,0.6,0.96,0.89,0.71,0,0.64,0,0.49,0.53,0,0.96,0.93,0.33,0.99,0.28,0.56,0.11,0.68,0.86,0,0,0.57,0.95,0,0.74,0.29,0.6
F0419,0,0,0.91,0,0,0.26,0.92,0,0.13,0,0.2,0.61,0.48,0.61,0.85,0.13,0.16,0,0.63,0,0.61,0.24,0.05,0,0.7,0,0,0.85,0,0.51,0.4,0,0.2,0.36,0.17,0.39,0,0.39,0.75,0.32,0.09,0.65,0.3,0,0.19,0,0,0.62,0.77,0.35,0.2,0,0,0,0,0,0.03,0,0.81,0
F0420,0,0.23,0.65,0.15,0,0.52,0,0,0.8,0,0,0.04,0,0.71,0.62,0.88,0.4,0.89,0.76,0,0.7,0,0.27,0.94,0.07,0.22,0.2,0.31,0.59,0.3,0.29,0.96,0,0.63,0.31,0.45,0,0,0.76,0.03,0.49,0.43,0,0,0.69,0,0.62,0.88,0,0.33,0.76,0,0,0,0,0.5,0.2,0,0.73,0.67
F0421,0.38,0,0.22,0,0.55,0,0.91,0.91,0.64,0.08,0.05,0,0.43,0,0.26,0,0.57,0,0,0.39,0.73,0,0.65,0,0.89,0,0.8,0.34,0,0,0,0,0.69,0,0,0.98,0.37,0,0.84,0.67,0,0,0.04,0.42,0.24,0,0.19,0.17,0,0.56,0,0,0.33,0,0,0.05,0,0,0.71,0.36
F0422,0.1,0.81,0.81,0,0.35,0,0.93,0,0.86,0.55,0,0,0,0.51,0,0.12,0,0.11,0,0.7,0,0,0.77,0.42,0,0,0.35,0.91,0,0.71,0,0.79,0.28,0.3,0.96,0.21,0.77,0,0,0.86,0.08,0.98,0,0.43,0,0.25,0,0.91,0.94,0.16,0.95,0,0,0.54,0.35,0,0.83,0.08,0.81,0.01
F0423,0,0,0.75,0.9,0.7,0.26,0,0.59,0,0,0.7,0.95,0.59,0.51,0.87,0.83,0.55,0.72,0,0.29,0,0,0,0,0.49,1,0.81,0.37,0.12,0.61,0,0.88,0,0,0.43,0,0.43,0,0,0.94,0,0.4,0.17,0.11,0.98,0,0,0.05,0.44,0,0.95,0.03,0,0.75,0.61,0.94,0,0.86,0.51,0.44
F0424,0.48,0,0.82,0,0.7,0,0.65,0.48,0,0,0.96,0.71,0.67,0.5,0.82,0,0.78,0.11,0,0,0.75,0.84,0.23,0.97,0,0,0,0.15,0,0,0.96,0.38,0.41,0.58,0,0.48,0.86,1,0,0.16,0.39,0,0.47,0.75,0,0.75,0.11,0.7,0,0.39,0.31,0.27,0,0,0.54,0.36,1,0,0.74,0.92
F0425,0,0,0.59,0.47,0,0.8,0.78,0.45,0,0.62,0.49,0.81,0,0,0.49,0.71,0,0.86,0,0.5,0,0.63,0,0,0.76,0.16,0.61,0,0.31,0.89,0.71,0.49,0.1,0.77,0,0.27,0.6,0.59,0,0.16,0,0,0,0,0.99,0.9,0.45,0,0.68,0,0.52,0.79,0,0.52,0.35,0.03,0.69,0.7,0.36,0.11
F0426,0.87,0,0.55,0,0.95,0,0,0.43,0.47,0.47,0,0.6,0.47,0.9,0.31,0.42,0.22,0.29,0.1,0.3,0.24,0.4,0.9,0.45,0,0.92,0.41,0.81,0.8,0,0.01,0,0,0,0.65,0.71,0,0.38,0.19,0.57,0.4,0.94,0,0,0,0.52,0,0,0.63,0.23,0,0.43,0.33,0.15,0,0.82,0,0.15,0,0.77
F0427,0,0,0.35,0.4,0.97,0.06,0.63,0.01,0,0.34,0.37,0,0.21,0,0.5,0.19,0.85,0.57,0.66,0.63,0,0.81,0.33,0,0.03,0.91,0.7,0.25,0,0.33,0,0.4,0.6,0,0,0.34,0,0,0.61,0,0,0.92,0.39,0.42,0.03,0,0,0,0.53,0.27,0.32,0.93,0,0.2,0.97,0,0.83,0.88,0.74,0
F0428,0.91,0.3,0.06,0.06,0.37,0.63,0.66,0,0.76,0.5,0,0.34,0.94,0,0.44,0.46,0,0.19,0.82,0.51,0.77,0.2,0,0.73,0.63,0,0,0.32,0.98,0.51,0.98,0.56,0,0,0,0.4,0,0.14,0,0.14,0.24,0,0,0.87,0.98,0.57,0,0,0.7,0.46,0.44,0.65,0,0.62,0,0.04,0.19,0.09,0.83,0.41
F0429,0,0.22,0.25,0,0,0.15,0.6,0.39,0.98,0,0.38,0,0,0,0,0.43,0.11,0.68,0.93,0.24,0.42,0.41,0.16,0.13,0.7,0.46,0.2,0.64,0.54,0.63,0.68,0,0,0.83,0.94,0,0.81,0,0,0,0.78,0,0.63,0.33,0,0,0,0.51,0.77,0.28,0.06,0,0.34,0.41,0.91,0.99,0,0.96,0,0
F0430,0.47,0,0,0.28,0,0.89,0.4,0.28,0.3,0.81,0,0,0,0.78,0.19,0,0,0.36,0,0,0.51,0.84,0.89,0.44,0.77,0.95,0,0.49,0.6,0.61,0.69,0.53,0.62,0.21,0.79,0,0.35,0.13,0,0.89,0.31,0.16,0.22,0.8,0.83,0.73,0,0.55,0,0.99,0,0.16,0,0.87,0.1,0,0,0.2,0.49,0.51
F0431,0.45,0.89,0.04,0.02,0.6,0.46,0,0.18,0,0.92,0.16,0.74,0,0.82,0,0.64,0,0.84,0.73,0.85,0.45,0,0,0.84,0.33,0.37,0.2,0.3,0.27,0,0,0.93,0.59,0,0.78,0,0.16,0.6,0,0.5,0.92,0,0,0.2,0,0.94,0,0.62,0,0.43,0,0.48,0,0,0,0,0,0.83,0,0.28
F0432,0,0.86,0.65,0,0.32,0,0.42,0.85,0.78,0.36,0.05,0.68,0.45,0.77,0.79,0.58,0.14,0.28,0.51,0.69,0,0,0,0.43,0.6,0,0.61,0,0,0.74,0,0.58,0,0,0,0.64,0,0,0.13,0.92,0.37,0.35,0.21,0,0,0,0.42,0.42,0.01,0,0,0.82,0,0.67,0.32,0.99,0.43,0.25,0.1,0.67
F0433,0.64,0.32,0.08,0.52,0,0.63,0,0,0.47,0.33,0.01,0.81,0.81,0,0.17,0.7,0.11,0,0,0,0,0.21,0.2,0.39,0.98,0.98,0.86,0.61,0.07,0.24,0,0,0,0.65,0.71,0.37,0,0.51,0.46,0.61,0.52,0,0.85,0.07,0,0,0.68,0,0.88,0.04,0.45,0,0.57,0.09,0,0,0.45,0.12,0,1
F0434,0,0,0,0.37,1,0.91,0.77,0.35,0,0.66,0,0,0,0,0,0,0.28,0.42,0.83,0.96,0,0.9,0.74,0,0.43,0,0,0.48,0.06,0.62,0,0.71,0.67,0.88,0,0,0,0,0.31,0.61,0.33,0,0.63,0.72,0.7,0,0,0.78,0.36,0.79,0.7,0.34,0.95,0.12,0.51,0.99,0,0,0.68,0
F0435,0,0.04,0.66,0.63,0.01,0.37,0.38,0.35,0,0.87,0.46,0,0.01,0.24,0.31,0.14,0.42,0.3,0.13,0.93,0.22,0,0,0.92,0.89,0,0.39,0.93,0.43,0.92,0.32,0.78,0.62,0,0.89,0,0.37,0.56,0,0.71,0,0.28,0,0.69,0,0.25,0.84,0.97,0,0.61,0,0,0.7,0,0,0,0.27,0.73,0.63,0.46
F0436,0,0.12,0,0,0.23,0.71,0,0.45,0.04,0,0.82,0,0.53,0.81,0.55,0,0.86,0,0,0.25,0,0,0,0,0.82,0.56,0.31,0.56,0.72,0,0.98,0.76,0,0.11,0,0.15,0.23,0.4,0.69,0.04,0,0,0,0,0.27,0.32,0.6,0.59,0.16,0.17,0.19,0.03,0.23,0.83,0,0,0.98,0.18,0,0
F0437,0.19,0,0,0.87,0,0.97,0,0,0.18,0.28,0,0,0.32,0,0,0.36,0.13,0,0,0,0.1,0.16,0.56,0.55,0.43,0,0,0.22,0,0.36,0.85,0.56,0,0.49,0.46,0.84,0.69,0,0.85,0.81,0.87,0.49,0.91,0,0,0,0.9,0,0.64,0.85,0.09,0.29,0,0,0,0.09,0.65,0.86,0,0.72
F0438,0.77,0.81,0.55,0,0.63,0.41,0.15,0.52,0.66,0.63,0.92,0,0.36,0.31,0,0,0.21,0,0.22,0.59,0.08,0.47,0.97,0.42,0.74,0,0.94,0,0.64,0,0.4,0,0.05,0,0,0.91,0.47,0.89,0.5,0,0.88,0,0,0.51,0.69,0,0,0.4,0.69,0,0.46,0.82,0,0,0.51,0.15,0.74,0.28,0.12,0.32
F0439,0.3,0.69,0.73,0.43,0,0.46,0.66,0,0.09,0.73,0,0.68,0,0,0,0.18,0.91,0,0,0.9,0,0.47,0,0.58,0,0.12,0.11,0.34,0,0.58,0,0.86,0.21,0.57,0,0,0,0.7,0.67,0.49,0,0.08,0.6,0.35,0.71,0,0,0,0.79,0.87,0,0,0,0.63,0.63,0.87,0,0.21,0.49,0
F0440,0,0.4,0.14,0.54,0,0.74,0,0,0.28,0.55,0,0.91,0.17,0,0,0.58,0.13,0.36,0.12,0.18,0.82,0.67,0.48,0.47,0,0.99,0.84,0,0.91,0,0.52,0.04,0,0,0,0.04,0,0.33,0.07,0.47,0,0,0,0.35,0.06,0,0.95,0.55,0.06,0.86,0.2,0.39,0.41,0.65,0.63,0.72,0.95,0.39,0.18,0
F0441,0.83,0.81,0.56,0,0,0.35,0.27,0.12,0.48,0.69,0.53,0.4,0.36,0.53,0.5,0.21,0.3,0,0.7,0,0,0.91,0.45,0.76,0.18,0.94,0.17,0.8,0,0.65,0.38,0.94,0.23,0.76,0,0.06,0.23,0.14,0,0.83,0.09,0,0.02,0.71,0,0,0,0.71,0.12,0.94,0,0.32,0.27,0.9,0,0.18,0.09,0.46,0,0.86
F0442,0.33,0.72,0.61,0.83,0.14,0,0.32,0,0.2,0,0.41,0.6,0.87,0.59,0.75,0,0,0.9,0.98,0.92,0.32,0,0.12,0.06,0,0.35,0.31,0,0.07,0,0.25,0.46,0,0,0.12,0.61,0,0,0,0.03,0,0,0.5,0.09,0,0,0.48,0.57,0,0.94,0,0.86,0.28,0.48,0,0.58,0.11,0.52,0.43,0.98
F0443,0,0.06,0.02,0.98,0.24,0.91,0,0.35,0.34,0,0.01,0,0.81,0.93,0.59,0.54,0.02,0,0,0.84,0,0.82,0.49,0.71,0.47,0,0.82,0,0,0.47,0.93,0.12,0.83,0.92,0.61,0,0.03,0.86,0,0.42,0.09,0,0.94,0.92,0,0.63,0,0.67,0.59,0,0.33,0.06,0.58,0.81,0.05,0.74,0,0.74,0,0.17
F0444,0.95,0.68,0.83,0.53,0,0.5,0,0.38,0.78,0.39,0,0,0.71,0.85,0,0.65,0.65,0.73,0.37,0.31,0,0,0,0.62,0,0,0,0.47,0,0.89,0,0.8,0,0,0.2,0.78,0.7,0,0,0.61,0,0.5,0.54,0.98,0.04,0.15,0.02,0,0.49,0,0,0,0.79,0.05,0.3,0.74,0,0.94,0.06,0.62
F0445,0,0,0.85,0.91,0,0.65,0.57,0.13,0.68,0,0,0.07,0.98,0,0.29,0.72,0.12,0,0.65,0.77,0.69,0.84,0.17,0,0,0,0,0.94,0.89,0.96,0.24,0,0,0,0,0.59,0,0.7,0.41,0,0,0,0.15,0.85,0.11,0.69,0,0.02,0.36,0,0.72,0.82,0.65,0,0,0,0.4,0.66,0.74,0.97
F0446,0.64,0.17,0.72,0.45,0.83,0,0.19,0,0.69,0,0.69,0.82,0.24,0,0.26,0,0.45,0,0.23,0.4,0.04,0.52,0.75,0,0.16,0,0.55,0.43,0,0.96,0,0,0.86,0.92,0,0.96,0,0.47,0.8,0,0.26,0.93,0.66,0.97,0.89,0,0,0.36,0.99,0.41,0.34,0.39,0.1,0.52,0.35,0.77,0.44,0.75,0,0.63
F0447,0.33,0,0,0.39,0.33,0,0.71,0.78,0.59,0,0.29,0.18,0.84,0.69,0.62,0.5,0.48,0.48,0,0.61,0,0.33,0,0,0,0,0,0,0.42,0.96,0.68,0.1,0.41,0,0.27,0,0,0.37,0.74,0,0.24,0.39,0,0.1,0.68,0.52,0,0.77,0.56,0.64,0,0.65,0.26,0.27,0.44,0.93,0.98,0.16,0.29,0.97
F0448,0,0.46,0.35,0,0,0.69,0.23,0,0.88,0.24,0,0.82,0.69,0.21,0.32,0,0.47,0.05,0,0.26,0.13,0.36,0,0,0.09,0.26,0,0,0.09,0.35,0.23,0,0,0,0.51,0.31,0.93,0.43,0.44,0.07,0,0.65,0,0.56,0.04,0,0,0,0.63,0.53,0,0,0,0,0.88,0.49,0.75,0,0.52,0
F0449,0.08,0,0,0.79,0,0,0,0,0.57,0,0.44,0.6,0.89,0.88,0,0,0,0.9,0.04,0,0,0,0,0,0.26,0,0,0.18,0,0.92,0.36,0.29,0,0,0.91,0,0.22,0.3,0.16,0,0,0,0.22,0.29,0.69,0,0.1,0,0.42,0.66,0.46,0,0.5,0.56,0,0.38,0.38,0,0.82,0
F0450,0.82,0.5,0.99,0.17,0,0,0,0.94,0,0.66,0.95,0.81,0,0,0.47,0.15,0,0.61,0,0.6,0.66,0,0.02,0.2,0,0,0.46,0.69,0,0.69,0.32,0,0.4,0.01,0.26,0.25,0,0.93,0.26,0.3,0,0.26,0.84,0.45,0.5,0,0.12,0.91,0.98,0.85,0,0.49,0.92,0.86,0.52,0,0.56,0.56,0.32,0.05
F0451,0.66,0.76,0,0.3,0,0.04,0,0,0.16,0.21,0,0.31,0.56,0,0,0.9,0.57,0,0.62,0,0.57,0,0,0.45,0.64,0,0.42,0,0,0,0.78,0.42,0.38,0.31,0.87,0.78,0,0,0,0,0,0,0.45,0.63,0,0,0,0.95,0.21,0,0,0.3,0.91,0,0.79,0.99,0.66,0.38,0,0.58
F0452,0.1,0.34,0.43,0.46,0,0.41,0,0.78,0,0,0,0.7,0,0,0,0,0.31,0.62,0.19,0.56,0.11,0.06,0.22,0.92,0,0.76,0.46,0.12,0.12,0.44,0.03,0.07,0.71,0.28,0,0,0.71,0.69,0.47,0,0.64,0.85,0,0.45,0,0,0.01,0.85,0.58,0,0,0,0.87,0.44,0.59,0.55,0.16,0.09,0,0.73
F0453,0,0.32,0.88,0,0.7,0.75,0.78,0,0.04,0.87,0,0,0.93,0,0.23,0.09,0,0,0.81,0.68,0,0,0.18,0.12,0,0.1,0.77,0,0.35,0.75,0.53,0.8,0.7,0.02,0,0,0,0,0.47,0,0,0.56,0.06,0.79,0,0.06,0.49,0.21,0.91,0,0.94,0,0.5,0,0,0.3,0,0.11,0,0
F0454,0,0.03,0,0.1,0.65,0.92,0.27,0.5,0,0,0.45,0.03,0.37,0,0.76,0,0.58,0.01,0.17,0.37,0,0.62,0.08,0.38,0.15,0,0.51,0.26,0,0.39,0,0,0.19,0,0,0.63,0,0,0,0.52,0.27,0,0,0.36,0,0.79,0.7,0.36,0,0.27,0.49,0.73,0,0.58,0.42,0,0.76,0,0,0.44
F0455,0,0.24,0.44,0.47,0.75,0.12,0,0.23,0,0,0.39,0.31,0.08,0,0.79,0,0.75,0.7,0.08,0.72,0.27,0,0.36,0.68,0.92,0,0.54,0.58,0.94,0.27,0,0.13,0.24,0,0,0.93,0,0.22,0.58,0.19,0,0,0.79,0.39,0,0.71,0,0.16,0.2,0.05,0,0.88,0.98,0.38,0.3,0.52,0.07,0,0,0
F0456,0,0.31,0.69,0.93,0,0.93,0.01,0.2,0.76,0,0.94,0.83,0,0.25,0,0,0.18,0,0,0.82,0.14,0.33,0,0.39,0.04,0,0.25,0.27,0,0.93,0.15,0,0.79,0,0.81,0,0.29,0.51,0,0.97,0,0.98,0.75,0.85,0.04,0.62,0,0.68,0,0.59,0.12,0.9,0.51,0,0,0.94,0,0.94,0.88,0
F0457,0,0.54,0.62,0,0,0,0.68,0,0,0.72,0.55,0.57,0.49,0,0,0.13,0.95,0.37,0.86,0,0.05,0,0,0.49,0,0.05,0.45,0.38,0.19,0,0.33,0.57,0,0.47,0.44,0.29,0,0.65,0,0,0.95,0,0.9,0,0.5,0.95,0,0.39,0,0.37,0.7,0.57,0.08,0.23,0.74,0,0,0,0.34,0.51
F0458,0,0.69,0,0,0,0.25,0,0.93,0.51,0,0,0.69,0.63,0.71,0.6,0.79,0.4,0,0.84,0.46,0,0,0.04,0.32,0.52,0.43,0,0.93,0.43,0,0,0.68,0.36,0.54,0.67,0.93,0.34,0,0.27,0.02,0.41,0,0,0.77,0,0.22,0,0.31,0.45,0,0.07,0.25,0,0.73,0.65,0.63,0.91,0,0.84,0.5
F0459,0,0,0.7,0.06,0.87,0,0.69,0.86,0.03,0.39,0.62,0,0.18,0,0.36,0,0.46,0,0,0.39,0.83,0,0,0.04,0,0.23,0,0,0,0,0,0.89,0.73,0.16,0,0.61,0.77,0,0.36,0,0.54,0,0.87,0,0.73,0.38,0.67,0,0.86,0.58,0.66,0,0.28,0,0,0,0,0,0.76,0.17
F0460,0.22,0,0.8,0.04,0,0,0.97,0.2,0,0,0,0.07,0.19,0.25,0,0.38,0.96,0.36,0.08,0.15,0.3,0.67,0.58,0.13,0,0.6,0.58,0.03,0.65,0.69,0.04,0,0.27,0.06,0,0.36,0.39,1,0,0.07,0.52,0.48,0.85,0.8,0,0.91,0.9,0.28,0,0,0.93,0.31,0,0.88,0.01,0.58,0.41,0,0.3,0.69
F0461,0.19,0,0,0.13,0.14,0,0.95,0,0.11,0.08,0.5,0.26,0.91,0.82,0.16,0.45,0.79,0.28,0.54,0.54,0,0.92,0.91,0.63,0.89,0,0.91,0.14,0.61,0.28,0.62,0.65,0,0,0.39,0.67,0.6,0.71,0.9,0,0.39,0.46,0,0.21,0,0.06,0.29,0.43,0,0,0.44,0,0.61,0,0.59,0.7,0,0.99,0.83,0.92
F0462,0.6,0,0.5,0,0.26,0.69,0.16,0.9,0,0,0,0,0.87,0.9,0,0.68,0.94,0,0.1,0.27,0.25,0.76,0,0.14,0.65,0.4,0.85,0,0.06,0.59,0.59,0,0.53,0.75,0,0.95,0,0,0,0,0.55,0,0.68,0.94,0.77,0.82,0.26,0.78,0.24,0.54,0.84,0.1,0.88,0.43,0,0,0.08,0,0.85,0.89
F0463,0.76,0,0.8,0.12,0.15,0.48,0.47,0,0.28,0.28,0,0,0.54,0,0,0,0.92,0.95,0.32,0.58,0.13,0.67,0,0.98,0.06,0.26,0.55,0.26,0.94,0.86,0.77,0.29,0,0,0,0,0.03,0.66,0,0.98,0.43,0,0.85,0,0.04,0.75,0.45,0.24,0,0.81,0.93,0.95,0,0.99,0.03,0.02,0,0.86,0.15,0.35
F0464,0.75,0,0.45,0.76,0.93,0,0,0.51,0.27,0.51,0,0.86,0.68,0.92,0,0.65,0.25,0.08,0,0,0.83,0.92,0.73,0.02,0,0,0.75,0,0,0.63,0,0.87,0.09,0.93,0.85,0.64,0.84,0,0.15,0,0,0.08,0,0,0,0.15,0,0.57,0.69,0,0,0.98,0,0.26,0,0,0.74,0,0,0.92
F0465,0.99,0.83,0.82,0.47,0.33,0.01,0.63,0,0,0.37,0.31,0.3,0.5,0,0,0,0.84,0,0,0.54,0.71,0,0.4,0.57,0,0.91,0.71,0.91,0.67,0,0.34,0.69,0,0.38,0,0.22,0.29,0.88,0.93,0.91,0,0.59,0.77,0.23,0,0.87,0.92,0.21,0.51,0.91,0.6,0.31,0,0.28,0.95,0.17,0.07,0.83,0,0.93
F0466,1,0,0.15,0.02,0.08,0.74,0.22,0,0.18,0.62,0.93,0.06,0.34,0.82,0.26,0.87,0,0.4,0.53,0,0.18,0.61,0,0,0.39,0.86,0.94,0.29,0.26,0.24,0,0,0,0.53,0,0.1,0.92,0.36,0.36,0.41,0.35,0.77,0,0,0.31,0.77,0.58,0.79,0.99,0,0,0.28,0.57,0,0,0.42,0.37,0,0.69,0
F0467,0.06,0.77,0.42,0.75,0,0.81,0,0.05,0.16,0.97,0,0.89,0.27,0,0.4,0,0.7,0.34,0.09,0,0,0,0.2,0,0,0,0.81,0.24,0.26,0,0.97,0.7,0,0.79,0,0.1,0.15,0,0,0.62,0,0,0,0,0.74,0.99,1,0.97,0.87,0.96,0.22,0.4,0.57,0.69,0,0.43,0.57,0,0.33,0.36
F0468,0.94,0.37,0.66,0,0,0.28,0,0.46,0,0.24,0,0.51,0.97,0.64,0,0.54,0.59,0.33,0.25,0,0.76,0.54,0.55,0.52,0.54,0.72,0.7,0.01,0.37,0,0.16,0.3,0.14,0.01,0.54,0.72,0.02,0,0,0.54,0.39,0.25,0.87,0,0.6,0.83,0.56,0.83,0.41,0.41,0.22,0.42,0.2,0,0,0.1,0.74,0.01,0.27,0
F0469,0,0,0.8,0.62,0.52,0.62,0,0.85,0,0.72,0.69,0.62,0.9,0,0.23,0.36,0,0.17,0,0.28,0,0.69,0,0.08,0.29,0.87,0,0.58,0.73,0,0,0.34,0.65,0.44,0,0,0.41,0.26,0.53,0.2,0.86,0.96,0,0,0.09,0.64,0,0,0.37,0.79,0.85,1,0,0.82,0.9,0.74,0,0.61,0.9,0.46
F0470,0.02,0.29,0,0,0.4,0,0.67,1,0.48,0.09,0.83,0.37,0.17,0.53,0,0,0.28,0.14,0.62,0,0.92,0.99,0.55,0.44,0.57,0,0.73,0.68,0,0,0.32,0,0.74,0.92,0.45,0,0.06,0,0.29,0.27,0.94,0,0.53,0,0.2,0,0,0,0.27,0.03,0,0.76,0.16,0.17,0.01,0,0,0.44,0,0.2
F0471,0.46,0,0,0.9,0.22,0.46,0.77,0.13,0.79,0,0.86,0.61,0.66,0.18,0.99,0,0.94,0.55,0,0.51,0,0,0.97,0.11,0.27,0.67,0.36,0.84,0.5,0.26,0.39,0.42,0,0,0.84,0.73,0.76,0.22,0,0,0.15,0.99,0.78,0.12,0,0.27,0.66,0.11,0,0.35,0,0.66,0.24,0,0.47,0.91,0,0.53,0.36,0.68
F0472,0.51,0,0.34,0.24,0.46,0,0.66,0,0,0.56,0,0.91,0.97,0.27,0.46,0,0.33,0,0,0.17,0.44,0.08,0.95,0,0.78,0.56,0.16,0.84,0.98,0.35,0.05,0.23,0.84,0.97,0.61,0,0.63,0,0,0,0,0,0,0.14,0.59,0,0.64,0.96,0.81,0.74,0.05,0.3,0.46,0,0,0.63,0,1,0,0.29
F0473,0,0.79,0,0,0.07,0.46,0,0,0,0.73,0.51,0.94,0.45,0.75,0,0.56,0.58,0.37,0,0.78,0.68,0.05,0,0,0.77,0.57,0,0,0.96,0,0,0.42,0.77,0,0,0,0.69,0.23,0.32,0.44,0,0.03,0.62,0.81,0.8,0,0.55,0.72,0.41,0.44,0,0.48,0.11,0,0,0.69,0.58,0.91,0,0.25
F0474,0.58,0,0,0.29,0.46,0,0,0.84,0.03,0,0.21,0.97,0,0.27,0,0.92,0.1,0,0.19,0,0,0.31,0.29,0,0.78,0.19,0,0,0.32,0,0,0.04,0.42,0.69,0.52,0.97,0,0.69,0.96,0.94,0,0.97,0.12,0.12,0.96,0.92,0.54,0,0.02,0.36,0.12,0,0.62,0.9,0.25,0.98,0.28,0.05,0.45,0.59
F0475,0.56,0.5,0,0.98,0,0.79,0,0,0.41,0.36,0,0,0.74,0.83,0.67,0.35,0.93,0.2,0.42,0.46,0,0.58,0.48,0.33,0,0.38,0.76,0,0,0,0,0.03,0.1,0.02,0.96,0.88,0.6,0.19,0,0.09,0.76,0.41,0.19,0.85,0.63,0.79,0.32,0.62,0.62,0.09,0.83,0.46,0.8,0.46,0.11,0.61,0.61,0.12,0,0.63
F0476,0,0.58,0.53,0.11,0.21,0.31,0.83,0,0,0.15,0.05,0,0.3,0.47,0.15,0.75,0.4,0,0.64,0,0.46,0.8,0.35,0.88,0.32,0,0.68,1,0.96,0.31,0,0.25,0.58,0,0,0.56,0.56,0,0,0,0.37,0.3,0,0,0.62,0.85,0.52,0.47,0.22,0,0.81,0.83,0.12,0.22,0,0.19,0,0.21,0.99,0
F0477,0,0,0,0.42,0.85,0,0,0.21,0.63,0,0.6,0.03,0.94,0.65,0.57,0.43,0.63,0.84,0,0.95,0,0,0,0,0,0.43,0.8,0.69,0.87,0.41,0,0.07,0,0.57,0.43,0.51,0,0.18,0.05,0.09,0.04,0.52,0.89,0.46,0,0.53,0.88,0.23,0.03,0,0.07,0.51,0.88,0.29,0,0,0.67,0.96,0,0.96
F0478,0,0,0.7,0.13,0.27,0,0,0,0,0.63,0.61,0,0.49,0,0.07,0,0.17,0.83,0,0,0,0,0.49,0.35,0,0.75,0,0,0.65,0.74,0.2,0.99,0.22,0.41,0.5,0,0.19,0,0.72,0.18,0,0,0.92,0.75,0.98,0.36,0,0,0.64,0.47,0,0.1,0,0,0.74,0,0.27,0.7,0.54,0
F0479,0.49,0.74,0,0,0,0,0.04,0.59,0.02,0.49,0.68,0.58,0.25,0.35,0.1,0.04,0.73,0,0.73,0.7,0,0,0.95,0,0.25,0,0,0,0.69,0.59,0,0,0.34,0.2,0.95,0,0,0,0,0,0,0,0,0,0.04,0.26,0.93,0.45,0.05,0.98,0.7,0.32,0,0,0,0.88,0.4,0.17,0.96,0
F0480,0.84,0.64,0.24,0,0.31,0.79,0,0.2,0,0.63,0.06,0.1,0,0,0.13,0,0,0.25,0.96,0.17,0,0,0,0.65,0,0,0.52,0,0.73,0,0.3,0,0,0.44,0,0.5,0.58,0,0.58,0.9,0,0.72,0,0.65,0.7,0.52,0.38,0.25,0.51,0.72,0,0,0.91,0.27,0.49,0.17,0.82,0.98,0.45,0
F0481,0.99,0,0,0,0,0.53,0.67,0.23,0.19,0.7,0.46,0,0.86,0,0.03,0.25,0.05,0,0,0.72,0,0,0,0,0.45,0.91,0.53,0,0.68,0,0.43,0,0,0.64,0.31,0.03,0.75,0,0,0.48,0.28,0.91,0.48,0.71,0.62,0.12,0.05,0.44,0.36,0,0.54,0,0,0.36,0.12,0.66,0,0,0.23,0
F0482,0.25,0,0.86,0,0.83,0.13,0.47,0.36,0,0.53,0.38,0.49,0.9,0.94,0.51,0.5,0,0,0.27,0.78,0,0.07,0.19,0.41,0,0.39,0,0.81,0.72,0,0.84,0.97,0.48,0.1,0.01,0.5,0.7,0.8,0.65,0.44,0.99,0.85,0.92,0.61,0,0.4,0.73,0,0,0,0.34,0,0.7,0,0.4,0.6,0.76,0.5,0.84,0.98
F0483,0,0.96,0.52,0,0.71,0.42,0.2,0,0,0.79,0.85,0.99,0.87,0.49,0.5,0,0.59,0,0.22,0,0.35,0,0,0,0.24,0,0.04,0.18,0.2,0,0.48,0.89,0.75,0.48,0.33,0.77,0.22,0.79,0,0.43,0.66,0.79,0.57,0.94,0.75,0.1,0.46,0,0.52,0.42,0.62,0.88,0.69,0,0,0,0.09,0.98,0.49,0.53
F0484,0.46,0.34,0,0,0.84,0.67,0.08,0.77,0.15,0.8,0,0,0.62,0,0.93,0,0,0.8,0.7,0,0,0.78,0.08,0.02,0,0,0,0.23,0,0,0.39,0,0.14,0.04,0.34,0,0,0.99,0.65,0.34,0,0,0.35,0.78,0.63,0.47,0,0.8,0,0,0.53,0,0.12,0,0.06,0.85,0,0.7,0.76,0.31
F0485,0,0.11,0,0.75,0.17,0,0.77,0,0,0.21,0,0.83,0.56,0.51,0,0.01,0.49,0.83,0.81,0.28,0.36,0.7,0,0.53,0,0.71,0,0,0.64,0,0.21,0.22,0,0.82,0.77,0.08,0.84,0.71,0.77,0.1,0,0,0,0,0,0.33,0,0.6,0.41,0,0.96,0,0,0.48,0,0.09,0.73,0,0.43,0
F0486,0.73,0.13,0.98,0.29,0,0.59,0.6,0,0.98,0,0,0.23,0,0,0,0,0.38,0,0,0,0,0,0.56,0,0.78,0.61,0.84,0,0.94,0.16,0.56,0.25,0,0.93,0,0.5,0,0,0,0.64,0,0,0,0.96,0.88,0.98,0,0,0.71,0.23,0.92,0.95,0.31,0.84,0.21,0.35,0.37,0,0,0.35
F0487,0.2,0,0.15,0.07,0.45,0.71,0.53,0.61,0,0,0.86,0,0.1,0.63,0.44,0,0.76,0,0.3,0.2,0.07,0.54,0,0.27,0.06,0.2,0.36,0,0,0.39,0.39,0.66,0.49,0,0.35,0.77,0.62,0.61,0.91,0,0,0.21,0,0.46,0.98,0.5,0.83,0,0,0.76,0,0.87,0,0.68,0,0,0.62,0,0.58,0.84
F0488,0.28,0.4,0.43,0,0.82,0,0.68,0,0.68,0.6,0,0.2,0.98,0,0.88,0.94,0,0,0.18,0.83,0.5,0,0.6,0.28,0,0.7,0.83,0.91,0.34,0.14,0.56,0.54,0.46,0.78,0,0.48,0.46,0,0.24,0.24,0.72,0,0.35,0.26,0,0,0,0.85,0.87,0,0.35,0.79,0,0.41,0.18,0.19,0,0.69,0.25,0.11
F0489,0.18,0.1,0.8,0.61,0.33,0.49,0,0.23,0,0.36,0,0.05,0.6,0,0.13,0.56,0.75,0.8,0.54,0,0,0.31,0.35,0.89,0.57,0.49,0,0,0.15,0.17,0,0.72,0.21,0.19,0.09,0,0,0.58,0.22,0.25,0,0,0,0.2,0.8,0.07,0.55,0.66,0.56,0.24,0.64,0.6,0.86,0.58,0.05,0,0.91,0.75,0.98,0
F0490,0.54,0,0,0.7,0.99,0.07,0,0.97,0,0,0,0,0,0.33,0,0,0.26,0.21,0,0.94,0.58,0.85,0,0.62,0.96,0,0,0.21,0.48,0,0.81,0.76,0.47,0.29,0.33,0.27,0,0.37,0,0.06,0.25,0,0,0.74,0.13,0.16,0,0.25,0.62,0,0,0,0.64,0.79,0,0.32,0,0,0.19,0.87
F0491,0,0,0,0,0,0.81,0.75,0.38,0,0.56,0.15,0.43,0,0.66,0.53,0,0.03,0.4,0.48,0.39,0.79,0.45,0.53,0,0,0.6,0.08,0,0.75,0.2,0.37,0.58,0.16,0.84,0,0.5,0,0.27,0.77,0.14,0.41,0,0.63,0.97,0.98,0,0.18,0.33,0.19,0,0.91,0.41,0,0.84,0.69,0,0,0.81,0.45,0.55
F0492,0.94,0.56,0.16,0,1,0.71,0,0,0.91,0,0,0,0,0.9,0.43,0.05,0.7,0.89,0.73,0.27,0.73,0.65,0.33,0.92,0,0.09,0,0.16,0.89,0,0,0,0,0,0,0.03,0.74,0,0.02,0.3,0.23,0.73,0,0,0.29,0.97,0.34,0.1,0.48,0,0.83,0.39,0.31,0,0.94,0,0,0,0.75,0.64
F0493,0,0.32,0,0,0.73,0,0.78,0.94,0,0.94,0,0.52,0,0.87,0.97,0.32,0,0,0,0.73,0,0,0,0.94,0,0.58,0.93,0.74,0.37,0.14,0,0.69,0,0,0.54,0.34,0.7,0.2,0.87,0,0.46,0.16,0,0,0.71,0.65,0,0.14,0.58,0,0.86,0.06,0.35,0.2,0.1,0.51,0.14,0.42,0.71,0.05
F0494,0.33,0.52,0.03,0.73,0.33,0.63,0.96,0.89,0.44,0,0,0.88,0,0.35,0,0.65,0.46,0.41,0.28,0.33,0,0.31,0.49,0.41,0.07,0.25,0.79,0.45,0,0.84,0,0.71,0.17,0,0.98,0.42,0.48,0,0,0.48,0,0.33,0.47,0.11,0.97,0.82,0,0.21,0.76,0.15,0.98,0.51,0,0,0,0.92,0.46,0.56,0.97,0.74
F0495,0.68,0.63,0.53,0.27,0,0.66,0.93,0.72,0.9,0.34,0.46,0.98,0.04,0.29,1,0.74,0.15,0.25,0,0.83,0.23,0.69,0.95,0,0.62,0.01,0.46,0.96,0.57,0.4,0,0,0,0.88,0,0.81,0.73,0,0.02,0.42,0,0.61,0,0.14,0.4,0.25,0.18,0.98,0,0.6,0,0.52,0,0,0.29,0.5,0.77,0.12,0.65,0
F0496,0.13,0.37,0.42,0.57,0,0,0.85,0.61,0.16,0.15,0.91,0.88,0,0.54,0.63,0,0,0.78,0,0.32,0.62,0.32,0,0.37,0.97,0.99,0.68,0.91,0,0,0.48,0.31,0,0.95,0,0.48,0,0.2,0,0.4,0.08,0,0.96,0.9,0.7,0.68,0,0,0,0.81,0,0.23,0,0.95,1,0.34,0.12,0,0,0
F0497,0.71,0.1,0.07,0,0,0.45,0,0,0.54,0.71,0.24,0.61,0,0.58,0,0.64,0.27,0,0.45,0,0.86,0.9,0,0,0.03,0,0.57,0.45,0.5,0,0.7,0.34,0.51,0,0.92,0.73,0,0.14,0,0,0,0.71,0.93,0.3,0.13,0,0.72,0,0,0.36,0.53,0,0.93,0,0,0,0.96,0,0,0.22
F0498,0,0.72,0.58,0,0.71,0,0.05,0,0.2,0.76,0.16,0,0,0,0.24,0.63,0.11,0.32,0,0,0,0.95,0,0.66,0.17,0.38,0,0.74,0,0.53,0.14,0,0,0.88,0.88,0.99,0.86,0.91,0.51,0,0.29,0.11,0.05,0.71,0.92,0,0.39,0.22,0.17,0.94,0.57,0.37,0,0.04,0,0.74,0.86,0,0.18,0
F0499,0,0.26,0.04,0,0.58,0,0.28,0.11,0,0.21,0,0,0,0,0.16,0.28,0,0.54,0,0.98,0,0,0.9,0,0.96,0.99,0.25,0,0.12,0.18,0.4,0.13,0.99,0,0.56,0.73,0.27,0.7,0.2,0.77,0.7,0,0.67,0.71,0,0,0.09,0,0.95,0,0.38,0.18,0,0.58,0.55,0,0.52,0.02,0,0.69
F0500,0,0,0.27,0.41,0.24,0,0.38,0.38,0,0.04,0.85,0,0.72,0.66,0.12,0,0,0.62,0,0,0.66,0.61,0,0.02,0,0.9,0.55,0,0,0.24,0,0.92,0.89,0,0.09,0.09,0.97,0.79,0,0.67,0.17,0.34,0.97,0,0,0,0,0.93,0.81,0.23,0.59,0.52,0,0.86,0.95,0,0,0.75,0.76,0.35
F0501,0.45,0,0,0.55,0.79,0.52,0,0,0.78,0.49,0,0,0,0,0.74,0.71,0.18,0.71,0.96,0.47,0,0.21,0,0,0,0.51,0,0.96,0.7,0.78,0.95,0.18,0.41,0,0.07,0.43,0,0.27,0,0.3,0.12,0.83,0.5,0,0,0.58,0.95,0.6,0.5,0.16,0,0.58,0.33,0,0,0.59,0.22,0,0.27,0
F0502,0.4,0,0.44,0.91,0,0.95,0.4,0,0.07,0,0,0,0.93,0.62,0.8,0.82,0.46,0.68,0.95,0,0.16,0,0,0,0,0,0.55,0.47,0.12,0,0,0,0.69,0,0.83,0.41,0.27,0.87,0.12,0.74,0.99,0.3,0,0,0.8,0.13,0.09,0.56,0.03,0,0.68,0,0.44,0,0.64,0.59,0,0.05,0.62,0.25
F0503,0,0.79,0.86,0,0.22,0.64,0,0,0.52,0,0,0.25,0.51,0,0,0.86,0.95,0.33,0.81,0,0.05,0.26,0.07,0,0.55,0.1,0,0,0.59,0.17,0.45,0.48,0.04,0.18,0.44,0.15,0.39,0,0.65,0.84,0.81,0.26,0,0,0,0.45,0.18,0,0.69,0,0.48,0,0.86,0.94,0.15,0.54,0,0.66,0.02,0
F0504,0,0.71,0.11,0.95,0.14,0.62,0,0,0.25,0.3,0.48,0,0.65,0.25,0.84,0.89,0,0,0.56,0.65,0.6,0,0.27,0,0.97,0.59,0.62,0,0.76,0.4,0.75,0,0,0.63,0,0.23,0.07,0.28,0.06,0,0,0,0.19,0,0,0,0,0,0,0.92,0,0.58,0.39,0.43,0,0.95,0.31,0.05,0.02,0.21
F0505,0.07,0.94,0.58,0.72,0.05,0.52,0,0.2,0.07,0.88,0,0.58,0.6,0,0.41,0,0,0.83,0.25,0,0,0,1,0.02,0.37,0,0,0.23,0.64,0.87,0.41,0,0.53,0.94,0.72,0.07,0,0.85,0.51,0.58,0,0.33,0.75,0,0.08,0.6,0,0.18,0,0.33,0,0.5,0.68,0.77,0.75,0.7,0,0,0.82,0.31
F0506,0.68,0.16,0.85,0.68,0.7,0.45,0.5,0.87,0.64,0.9,0.68,0.15,0,0.52,0.03,0.2,0.49,0,0.35,0,0.89,0.68,0.67,0.16,0,0.31,0,0.65,0.34,0.56,0.88,0.64,0,0.79,0,0,0,0.73,0,0.3,0,0,0,0.63,0.02,0.82,0.7,0,0.03,0.71,0.8,0,0.67,0,0,0.12,0,0.38,1,0
F0507,0.82,0.34,0.8,0,0,0.54,0,0,1,0,0.53,0,0,0.92,0.87,0,0.05,0.44,0.81,0,0,0.49,0.79,0.58,0,0,0.75,0,0,0.8,0,0.62,0.05,0.07,0.52,0.84,0,0.06,0.3,0,0,0,0.68,0,0.18,0,0.95,0.66,0,0.91,0,0.17,0,0,0.89,0,0,0.33,0,0
F0508,0,0.47,0,0,0.12,0,0.63,0.79,0.15,0,0.37,0,0,0.17,0,0,0,0,0,0.09,0.28,0.55,0.12,0.31,0,0.5,0.4,0,0,0.58,0.43,1,0.97,0.4,0.95,0.29,0.28,0.05,0,0.29,0,0.93,0,0.47,0,0,0.92,0.23,0,0.19,0.21,0.68,0.16,0.86,0,0.19,0.34,0.33,0.76,0.85
F0509,0.1,0.55,0,0,0,0.23,0.96,0,0,0,0.51,0.33,0,0.5,0.88,0,0,0,0.56,0.04,0.08,0,0.25,0.56,0,0.85,0,0.36,0,0.84,0,0.65,0,0.28,0.37,0.38,0.36,0.62,0.81,0.77,0.5,1,0.65,0.28,0.92,0.91,0.44,0.11,0,0.53,0,0,0.27,0.32,0,0.45,0.98,0.72,0,0.58
F0510,0,0,0.62,0,0.97,0.28,0,0.15,0.72,0.49,0.36,0.61,0.12,0,0.14,0.77,0,0.33,0,0.23,0.11,0,0.38,0,0.28,0.72,0,0.32,0.33,0.79,0,0.36,0.4,0,0,0.18,0.09,0,0,0,0.16,1,0.51,0.19,0,0,0.22,0.27,0.6,0.58,0,0.54,0.36,0,0,0.37,0.36,0.23,0.24,0.02
F0511,0.84,0.81,0.71,0.06,0,0.79,0,0,0,0.29,0,0,0,0.51,0,0,0,0.76,0.71,0,0.4,0.7,0.98,0.82,0,0.79,0.99,0.55,0.4,0,0.35,0.8,0.25,0.33,0.6,0,0.78,0,0.38,0.73,0.65,0.44,0.18,0,0.69,0,0,0.17,0,0,0.93,0.85,0,0,0.19,0.28,0.24,0,0,0.98
F0512,0.38,0.68,0.98,0,0.19,0.61,0.82,0.29,0.48,0.15,0.28,0.06,0,0.96,0,0.33,0,0,0.39,0.06,0,0.99,0.93,0,0.02,0,0,0.1,0,0,0.74,0,0.47,0.59,0,0.88,0,0,0,0,0.39,0.06,0.99,0.89,0,0.49,0,0.71,0.41,0,0.6,0,0.95,0.54,0.27,0,0.88,0,0,0.03
F0513,0.58,0.11,0.32,0,0,0,0.27,0.32,0,0,0.21,0.32,0.27,0.28,0.78,0,0,0.24,0,0,0.73,0.93,0,0.13,0.63,0,0.11,0,0.38,0,0.84,0.27,0,0.46,0.96,0,0.95,0,0.58,0.84,0.26,0.23,0.33,0,0,0.97,0,0.8,0.45,0.55,0.05,0.63,0.99,0,0.83,0,0.67,0,0.08,0
F0514,0.26,0,0.84,0,0.87,0.17,0,0.42,0.32,0.39,0,0,0,0.42,0,0.87,0.62,0.86,0,0,0.16,0.26,0.43,0,0,0.37,0.91,0.98,0.43,0,0,0.24,0.13,0.59,0.26,0.82,0.11,0.48,0,0.47,0.46,0.18,0,0.4,0.81,0,0,0,0,0.05,0,0.73,0.36,0,0,0,0,0,0.94,0.97
F0515,0.03,0.44,0,0.62,0.37,0,0.36,0.73,0.32,0.68,0.91,0.11,0,0.92,0.81,0.1,0,0.68,0,0,0,0,0,0,0.35,0,0.48,0,1,0.03,0.76,0.56,0.13,0,0.22,0.08,0.01,0.23,0.5,0.09,0,0.05,0.31,0,0.85,0.9,0,0.62,0.83,0,0.73,0.28,0.21,0.09,0,0.7,0,0,0.07,0
F0516,0,0.57,0.13,0.87,0.18,0,0.02,0.14,0.12,0.97,0.16,0,0.95,0.2,0,0.31,0,0,0,0.13,0.65,0,0,0.8,0,0,0.98,0,0,0.33,0,0.87,0.78,0.46,0.75,0.46,0.32,0.2,0,0,0.88,0.01,0.51,0.22,0.28,0,0.49,0.29,0,0,0,0.58,0.13,0.96,0.27,0.05,0.64,0.24,0.5,0.33
F0517,0,0.49,0.58,0.64,0.59,0.04,0.6,0,0.53,0,0.76,0.56,0.45,0.45,0,0,0.57,0.04,0,0,0.86,0.31,0.4,0.11,0.21,0,0.19,0.88,0,0,0,0.99,0.69,0,0,0,0,0,0.07,0.59,0,0,0,0,0.14,0,0,0.63,0,0,0,0,0,0.53,0.14,0.48,0,0.13,0,0.16
F0518,0,0.66,0.87,0,0.66,0.04,0.95,0,0.4,0.98,0.78,0.55,0,0.44,0.87,0.25,0,0.66,0,0.21,0,0.86,0,0,0.64,0.18,0.6,0.48,0.87,0.62,0.03,0.87,0,0.06,0,0.9,0.25,0,0,0,0,0,0,0,0.34,0,0,0.78,0.84,0,0.46,0.3,0.77,0,0.03,0.34,0.38,0.69,0,0.57
F0519,0.46,0,0.98,0.67,0,0.62,0.24,0,0.95,0.42,0.46,0,0.37,0,0.07,0.25,0.51,0,0.15,0.29,0.87,0,0.5,0.26,0.08,0,0.11,0.19,0,0.89,0.61,0.73,0.86,0.58,0.12,0.17,0,0.45,0.74,0.11,0.15,0.64,0,0,0,0.87,0,0.82,0,0,0,0.16,0.16,0.62,0.97,0,0.86,0,0.89,0
F0520,0.48,0.2,0,0.43,0.33,0.39,0.22,0.96,0,0.13,0.77,0.65,0.74,0.15,0,0.51,0,0.77,0,0.86,0,0.85,0.42,0,0,0.69,0,0.79,0.23,0.49,0.28,0,0.57,0,0.04,0.36,0.77,0.67,0,0.9,0.88,0.64,0.61,0,0.63,0.74,0,0,0.09,0.71,0,0.14,0,0,0,0.55,0,0.63,0.91,0
F0521,0,0.43,0.22,0,0.39,0.22,0.15,0.55,0,0,0.72,0.26,0,0,0,0.1,0.95,0.89,0.86,0.89,0,0.53,0.29,0.33,0.32,0.44,0.69,0.65,0.95,0,0.09,0.54,0.07,0.7,0.81,0,0.21,0.66,0,0.46,0,0.77,0,0.92,0.59,0.63,0.1,0.99,0.84,0.82,0,0,0.22,0,0.72,0.9,0,0,0,0
F0522,0.49,0,0,0.91,0.75,0.87,0.02,0,0.87,0.52,0,0,0.11,0,0,0.42,0.15,0,0.8,0.37,0.49,0.52,0,0.92,0.22,0.12,0,0.37,0.11,0.37,0.5,0.77,0.08,0.61,0.9,0.93,0,0.64,0,0.38,0,0,0,0.7,0.73,0,0,0.59,0.57,0,0.8,0.97,0.89,0.57,0.42,0.05,0,0,0.46,0.23
F0523,0.82,0,0,0.67,0.6,0.17,0.81,0.97,0.09,0.66,0,0.44,0,0.45,0,0.95,0.92,0.82,0.74,0.51,0,0.79,0,0.32,0.19,0.51,0,0.78,0.72,0.28,0,0.64,0.69,0,0.2,0,0.71,0,0,0,0,0.88,0.96,0.09,0.93,0,0.81,0.66,0.85,0,0.35,0.73,0.56,0,0.62,0.68,0,0,0.34,0.9
F0524,0.7,0.06,0.93,0.52,0.91,0.35,0,0.61,0.39,0.75,0,0.65,0.61,0,0.88,0,0,0.35,0.45,0,0,0.75,0.48,0,0.08,0,0,0.64,0.82,0,0,0.32,0.9,0,0.89,0,0.13,0.33,0.82,0,0.94,0.4,0,0.75,0,0.18,0,0,0.92,0.69,0.03,0.48,0.79,0,0,0.86,0.41,0.25,0,0.46
F0525,0.94,0.78,0.39,0,0.1,0.83,0,0.22,0.71,0.73,0.99,0,0,0,0,0.28,0.09,0.2,0,0,0.95,0.09,0,0,0.79,0.44,0,0.04,0.54,0.74,0,0,0.97,0.12,0,0.3,0.48,0.9,0,0,0,0.11,0.97,0,0,0,0,0,0,0.67,0,0,0.55,0.67,0.82,0,0.57,0.52,0.7,0.4
F0526,0.12,0.82,0.07,0.75,0,0,0,0,0,0.95,0.47,0.54,0.88,0.15,0,0.84,0.16,0,0.3,0.34,0,0,0.72,0.17,0.17,0.29,0.43,0,0.29,0.42,0,0.5,0,0,0.67,0.27,0.93,0.56,0,0,0.26,0.47,0,0,0,0.9,0,0,0,0.96,0,0.97,0.61,0,0,0,0.32,0.76,0.54,0.82
F0527,0.78,0.22,0,0.94,0,0,0.65,0.91,0.65,0.85,0.26,0.23,0.81,0.89,0,0,0.18,0.03,0.57,0,0,0.56,0,0.02,0.4,0,0,0,0.89,0,0.76,0.12,0.5,0,0,0,0,0,0.32,0,0,0.89,0,0.37,0.67,0.94,0.84,0.98,0.07,0.72,0,0.09,0.06,0.24,0.57,0.07,0.02,0.9,0,0.52
F0528,0.83,0,0.21,0,0.6,0.98,0.92,0.89,0,0.55,0.74,0,0.09,0.59,0.66,0.96,0.04,0.29,0,0.13,0.87,0.83,0.92,0.2,0.11,0,0.6,0,0.66,0.76,0,0,0.89,0,0.45,0.62,0.59,0.47,0,0,0,0.8,0.34,0.31,0.36,0.71,0.55,0.53,0.36,0.77,0.07,0,0,0.82,0.03,0.28,0,0,0,0.33
F0529,0.56,0.66,0,0.21,0.83,0.7,0.98,0.93,0,0.3,0.6,0.29,0.28,0.57,0.29,0,0.49,0.11,0,0.31,0,0,0,0.59,0.3,0,0.54,0.74,0.91,0.81,0.48,0,0,0.17,0.61,0,0.66,0,0.98,0,0,0.55,0,0.33,0,0,0.62,0,0,0.59,0.43,0.7,0.87,0.72,0.27,0.5,0.04,0,0.04,0.32
F0530,0,0,0.94,0.22,0.14,0,0.37,0,0.16,0,0,0.48,0.69,0.42,0,0.91,0,0.3,0.17,0,0.36,0,0.42,0.04,0,0.29,0,0.08,0.65,0,0.18,0.42,0.81,0,0,0,0.54,0.71,0,0.5,0,0.52,0.4,0.84,0.91,0.02,0.18,0,0.28,0,0.49,0.95,0,0.48,0.15,0.07,0,0,0.12,0
F0531,0.13,0,0,0.47,0,0,0.59,0.46,0.65,0.76,0.05,0.44,0.92,0.38,0.68,0,0,0.16,0.45,0,0.76,0.19,0,0.19,0,0.48,0,0,0.08,0.98,0,0,0.6,0,0,0,0,0.59,0.85,0,0,0.44,0,0,0.47,0,0,0.37,0,0.57,0.26,0.68,0.35,0.43,0.2,0,0.23,0,0,0
F0532,0.25,0,0,0,0,0.74,0.85,0.39,0,0.72,0.06,0,0.04,0,0,0.27,0.98,0.48,0.83,0,0,0.53,0.53,0.68,0,0,0,0.07,0.9,0.2,0.34,0.26,0.85,0,0,0,0.98,0.49,0.81,0.52,0,0.55,0,0,0.45,0.48,0.05,0.64,0,0,0.2,0,0.52,0.73,0,0.63,0.55,0,0,0.96
F0533,0,0,0,0.66,0,0,0,0.3,0,0.18,0.24,0,0.45,0.19,0.17,0.93,0,0,0.26,0.04,0.74,0,0,0.21,0.34,0.87,0,0,0.92,0.18,0.25,0,0.78,0.86,0,0.7,0,0,0.26,0.73,0.49,0,0.2,0,0,0,0,0,0,0,0,0,0,0.63,0.32,0.95,0,0.96,0.87,0.76
F0534,0,0.3,0,0.64,0,0,0.05,0,0,0.29,0,0.51,0.94,0.6,0.42,0.37,0.44,0,0,0.73,0,0.32,0,0.71,0,0.44,0.96,0,0.3,0.33,0.79,0,0.12,0,0.57,0,0.26,0.37,0,0.98,0,0.5,0.59,0,0,0.79,0,1,0,0,0.7,0.72,0.54,0.35,0.3,0.44,0,0,0.06,0.45
F0535,0.59,0.41,0.72,0.61,0,0,0.26,0.81,0.93,0.93,0,0.59,0,0.62,0,0.12,0,0.3,0,0.51,0.84,0,0.08,0,0,0.83,0,0.62,0,0,0,0.56,0.29,0.23,0.44,0,0.76,0,0.95,0.29,0.83,0.53,0.59,0.32,0,0.96,0.07,0.27,0.47,0.29,0.76,0.25,0,0.4,0.77,0.17,0.29,0.56,0,0.78
F0536,0.43,0.9,0.91,0,0,0,0,0.06,0,0,0,0.65,0,0,0.38,0,0.5,0,0.52,0.47,0.99,0.58,0,0.67,0,0,0.41,0.38,0.62,0.86,0.95,0.73,0.4,0.42,0.25,0,0,0.4,0.33,0.09,0.67,0.98,0.57,0.77,0,0.88,0.04,0.32,0.87,0,0.99,0.27,0.25,0,0,0.15,0,0,0,0.66
F0537,0.86,0,0,0,0,0.9,0.4,0.6,0.07,0.28,0.46,0,0.67,0,0.74,0.17,0.54,0,0,0,0.78,0.68,0.83,0,0.2,0,0,0.35,0.11,0.81,0.06,0.45,0.49,0,0,0,0,0.93,0,0,0,0.89,0.9,0.09,0,0.13,0,0,0,0.42,0,0.65,0,0.24,0.43,0.5,0,0,0.77,0.65
F0538,0.45,0.76,0,0.11,0,0.19,0.13,0.87,0,0,0.17,0.44,0.71,0.04,0,0.65,0.24,0.69,0,0.84,0.68,0.28,0.65,0.66,0.16,0.4,0.1,0.09,0.45,0.84,0.7,0,0,0.98,0.47,0.51,0,0.32,0.56,0.21,0,0.77,0.43,0,0,0.11,0.5,0,0.37,0,0.5,0.42,0.25,0.83,0.54,0.23,0.63,0.72,0,0.5
F0539,0.38,0.7,0.07,0.37,0.68,0.7,0.12,0,0.42,0,0.6,0.54,0.86,0,0,0.99,0.53,0.04,0,0.3,0.91,0.21,0,0.85,0,0.89,0,0,0.39,0.74,0.33,0.57,0.07,0.02,0.83,0.05,0.95,0,0.63,0,0.12,0.9,0.41,0,0.98,0.33,0,0.89,0,0.32,0.2,0.13,0.82,0,0.73,0.67,0.51,0,0.48,0
F0540,0.46,0.99,0.33,0,0.7,0.98,0,0.61,0,0.58,0,0.02,0.22,0.58,0,0,0.09,0.83,0,0.24,0.91,0.42,0.8,0.56,0.36,0,0.39,0.4,0,0.49,0.6,0.16,0.19,0,0.07,0,0.65,0.64,0.83,0.3,0.14,0.27,0.47,0.99,0.68,0,0,0.06,0.9,0.95,0.74,0.47,0.71,0.49,0.18,0.76,0.62,0.47,0.56,0.93
F0541,0.45,0,0.31,0.08,0.32,0.09,0.65,0,0.55,0,0,0,0.56,0.6,0,0,0.24,1,0.2,0.22,0,0.03,0.94,0.36,0,0.83,0,0,0,0,0.15,0,0,0.21,0,0.24,0.4,0.29,0,0.95,0.47,0.89,0,0,0,0.81,0.65,0.87,0.63,0.35,0,0,0.17,0.61,0.31,0,0.31,0.21,0,0
F0542,0.94,0,0.95,0.35,0.09,0.31,0.44,0,0.35,0,0.41,0.45,0.5,0.69,0.79,0.82,0.45,0,0.59,0.26,0.11,0.34,0.69,0,0.96,0,0,0,0.23,0,0,0,0.74,0,0.23,0.99,0.21,0,0,0.7,0.32,0.71,0.35,0,0,0.38,0.14,0.71,0,0,0.5,0.27,0,0.45,0,0,0,0.62,0.47,0
F0543,0,0.36,0,0,0,0.5,0,0.27,0.4,0,0.21,0.93,0,0,0.73,0,0.03,0.14,0.33,0.44,0,0,0.38,0.37,0,0.67,0.27,0.35,0,0,0.11,0.78,0.66,0.21,0,0.42,0,0.15,0.86,0.97,0.09,0.45,0.29,0,0.07,0.66,0.88,0,0.96,0,0.32,0.71,0.31,0.53,0.94,0,0.1,0.12,0.88,0.05
F0544,0,0,0,0.77,0.34,0.87,0.72,0,0.21,0.53,0,0.87,0,0.04,0.77,0.17,0.6,0.66,0,0,0.61,0.4,0,0.88,0.04,0,0,0.71,0,0.84,0.07,0.8,0,0.4,0.15,0.69,0.97,0,0.74,0,0.73,0.73,0.06,0.52,0.92,0,0.49,0.64,0.93,0.2,0.59,0.33,0.87,0.28,0.09,0,0,0.96,0.29,0.41
F0545,0,0.14,0,0.8,0,0.93,0.82,0.54,0.82,0.54,0,0.44,0.72,0.1,0.43,0.27,0,0.63,0.31,0.8,0.1,0,0,0.07,1,0,0,0.36,0.42,0,0.9,0.22,0.79,0.18,0,0.13,0,0.08,0.68,0.57,0,0.28,0,0,0,0,0.2,0.81,0,0.67,0.29,0,0.61,0.09,0.83,0.12,0.57,0.76,0.32,0
F0546,0.83,0.72,0,0,0.21,0,0.54,0.22,0.39,0.94,0,0.15,0.01,0.19,0,0.13,0.59,0.03,0,0.51,0,0.29,0,0.37,0.57,0,0.31,0.32,0.8,0.96,0,0.45,0.34,0.32,0.65,0.78,0.82,0.5,0,0.91,0.15,0.36,0.1,0,0.01,0.81,0.6,0,0,0.15,0.25,0,0.69,0.95,0.07,0,0.98,0.73,0.41,0
F0547,0,0.77,0,0,0,0.03,0,0.39,0,0.18,0.29,0.19,0,0.81,0.84,0.43,0,0,0,0.86,0,0.67,0.98,0,0.75,0.17,0.6,0.77,0.05,0,0,0.19,0.56,0.27,0.9,0,0.19,0.95,0.47,0.34,0.58,0,0.79,0,0.36,0.47,0.03,0.5,0,0.63,0.68,0,0.48,0,0.29,0,0.05,0.55,0.89,0.03
F0548,0.57,0.71,0.29,0.97,0.02,0.11,0.11,0,0.58,0,0.05,0,0.83,0.33,0.34,0.33,0.75,0,0.31,0,0,0,0,0.86,0,0.96,0.53,0.42,0.9,0.2,0,0.71,0.22,0.36,0,0.16,0.62,0.63,0,0.91,0.78,0,0.92,0,0,0.38,0,0.73,0.63,0,0.61,0,0.48,0.46,0.03,0.46,0,0,0,0.13
F0549,0.42,0,0.26,0,0.22,0.45,0.8,0.54,0.44,0.15,0.35,0.86,0.38,0.43,0,0.62,0,0.99,0.79,0.72,0,0.39,0.07,0.19,0,0,0.62,0.12,0.05,0,0,0.25,0.9,0,0.43,0.1,0.91,0.55,0.85,0.43,0.59,0.53,0.88,0,0.02,0,0.72,0.92,0.9,0,0,0.31,0.78,0.04,0.62,0.53,0.23,0.5,0,0.88
F0550,0.4,0.81,0,0,0,0.77,0.58,0.44,0.36,0.98,0.75,0.33,0.68,0,0,0,0.47,0.33,0.12,0.77,0.74,0.56,0,0.67,0,0,0.14,0.49,0.04,0.83,0.57,0.9,0.21,0.33,0,0.48,0.62,0,0.61,0.85,0.16,0.8,0,0,0.2,0.09,0,0.76,0,0.51,0,0.37,0,0,0.5,0,0.73,0,0.28,0.6
F0551,0.31,0.19,0,0.71,0,0,0.94,0.64,0.2,0,0.16,0,0.11,0.33,0.55,0,0,0.43,0,0.99,0,0.41,0,0.88,0,0.39,0,0,0,0,0.13,0.16,0,0,0.27,0,0.5,0,0.32,0.23,0,0.86,0.09,0,0.51,0.72,0.52,0,0.36,0.4,0.56,0.67,0.66,0.46,0,0.62,0,0.2,0.95,0.39
F0552,0.27,0,0.17,0.57,0.3,0.31,0,0,1,0.77,0.51,0.27,0.88,0,0,0.74,0.31,0.21,0.92,0.08,0,0.19,0.07,0.24,0.75,0,0.33,0,0.51,0.99,0.3,0,0,0.38,0.66,0,0.45,0,0.36,0,0.18,0.49,0.4,0.22,0,0,0.54,0.84,0.66,0,0,0.66,0.78,0,0.73,0,0.38,0,0,0
F0553,0.94,0.26,0.23,0,0,0.36,0.77,0.5,0.19,0.29,0.81,0.64,0,0,0.97,0.32,0.77,0.98,0.71,0.99,0.09,0,0.62,0.07,0.06,0,0.91,0.25,0.67,0,0.68,0.25,0,0.1,0.21,0.35,0.57,0.38,0.67,0.1,0,0,0.7,0,0.17,0,0.64,0.45,0,0,0,0,0.09,0.34,0.82,0,0.72,0,0.82,0.32
F0554,0,0.89,0,0,0.59,0.33,0.16,0.87,0,0.55,0.42,0.11,0,0,0.35,0.45,0.76,0.91,0.91,0.34,0.11,0,0.61,0.12,0.44,0,0.99,0.18,0.33,0,0.1,0.44,0.43,0.93,0.53,0.1,0,0.1,0.22,0.72,0,0.2,0,0.54,0.4,0.27,0.76,0,0.22,0.18,0,0.51,0.74,0.6,0.78,0.53,0.82,0.99,0.21,0.37
F0555,0,0,0,0,0.57,0,0.87,0.44,0.16,0.58,0,0,0.66,0.65,0,0.61,0,0.89,0.6,0,0,0,0.79,0,0.84,0,0.85,0.52,0,0,0.77,0.37,0.3,0.87,0.42,0,0.16,0,0.47,0,0.37,0.62,0,0.34,0.27,0.81,0.7,0.93,0,0.53,0.43,0.08,0.23,0,0.68,0.53,0.12,0,0.89,0
F0556,0.4,0.45,0.43,0,0.81,0.3,0.35,0.92,0.21,0.17,0.54,0.43,0.37,0.39,0.24,0,0.61,0,0,0.11,0.53,0.44,0.1,0.04,0.11,0,0.68,0,0.32,0,0.72,0.42,0.33,0.35,0.61,0,0.25,0,0.79,0,0.45,0.96,0,0,0.48,0,0,0,0.59,0.25,0.92,0.66,0.71,0.55,0.26,0,0.1,0.93,0.18,0
F0557,0,0,0.26,0.64,0.67,0.97,0,0,0,0,0,0.82,0.03,0,0.05,0.69,0.87,0,0.94,0,0.08,0.49,0.29,0.58,0.29,0,0,0,0.8,0.29,0.87,0.23,0.4,0.96,0.25,0.7,0.35,0.79,0,0.46,0.52,0.08,0,0,0.79,0.7,0,0,0,0,0.57,0.41,0.22,0.48,0,0.04,0.35,0.62,0,0.2
F0558,0.86,0.96,0.89,0.02,0,0,0.54,0.39,0.48,0,0.54,0,0.28,0.94,0.37,0.86,0.19,0.85,0.07,0,0.48,0.61,0,0,0.71,0,0.17,0,0.98,0,0.76,0,0.61,0.78,0.86,0,0.34,0.17,0.85,0.04,0,0.18,0,0,0,0,0,0,0,0.3,0.79,0,0.83,0,0.88,0.87,0,0,0.12,0.31
F0559,0.51,0.42,0.98,0.53,0.61,0.32,0,1,0.74,0,0,0,0.59,0,0.51,0,0.4,0,0.35,0.82,0.24,0.03,0.52,0.54,0.74,0.48,0.65,0.34,0.19,0,0.2,0,0,0,0.14,0.9,0,0,0,0.76,0,0.63,0,0.95,0.15,0,0,0.13,0.87,0.32,0,0.25,0.7,0,0.08,0,0,0.04,0.34,0.32
F0560,0,0.49,0,0.12,0.85,0.78,1,0,0,0,0,0.73,0.81,0,0.95,0,0.37,0,0,0.02,0,0,0,0.66,0.69,0.71,0,0.9,0.16,0,0,0.1,0,0.46,0,0.46,0,0.63,0.47,0.2,0.36,0.84,0,0,0.19,0.18,0,0.68,0.46,0,0.91,0.73,0,0.81,0,0.2,0.6,0.4,0.87,0.72
F0561,0.39,0.98,0.71,0,0.99,0,0.94,0.56,0.16,0.59,0,0.74,0,0,0.93,0.39,0.46,0.23,0.99,0.27,0,0.77,0.53,0.27,0.14,0.76,0.45,0,0,0.59,0.96,0.15,0,0.87,0.06,0.31,0.95,0.85,0.86,0.87,0.71,0.25,0,0,0.69,0,0,0,0.22,0,0.75,0.92,0.69,0.06,0.09,0.67,0.21,0,0.78,0
F0562,0.95,0.1,0.33,0.74,0.19,0.7,0.44,0,0,0.56,0.04,0.94,0,0.52,0,0,0,0.2,0.46,0.65,0,0.5,0.77,0.51,0,0,0.54,0,0.81,0.38,0.61,0.69,0,0,0,0,0.58,0.07,0.86,0.4,0,0.03,0.42,0,0,0,0.19,0.88,0.37,0,0.14,0.16,0.16,0.88,0.06,0,0.35,0.33,0.96,0.98
F0563,0.2,0,0.62,0.14,0,0.39,0.2,0.28,0.4,0.35,0,0,0.68,0.61,0.7,0,0.84,0,0,0.6,0,0,0.16,0.26,0.2,0.46,0.48,0.87,0.51,0.19,0.66,1,0.23,0.39,0.46,0.81,0,0,0,0,0,0.85,0.86,0.94,0.99,0.51,0,0,0.62,0,0.29,0.72,0,0,0,0.25,0,0.05,0,0
F0564,0.44,0.9,0.16,0.95,0,0,0.06,0,0.59,0.28,0.38,0,0.69,0.89,0.82,0,0.52,0,0,0,0.77,0.07,0,0,0.7,0.45,0.14,0.05,0,0.06,0.85,0.27,0.48,0,0.46,0.59,0.79,0.3,1,0.56,0.75,0.46,0.32,0,0.56,0.64,0.21,0.36,0,0,0.78,0.63,0,0.65,0,0,0,0,0,0.91
F0565,0.55,0.37,0.72,0.88,0,0.67,0.99,0,0,0,0.35,0.23,0.35,0,0.97,0,0,0,0.83,0.34,0.14,0.34,0,0.64,0,0.02,0,0,0.07,0.3,0.72,0.91,0.5,0.97,0,0.26,0,0,0.93,0.11,0.16,0.62,0.73,0.32,0.37,0.28,0.46,0.13,0.31,0.47,0,0,0.39,0.12,0,0,0,0.95,0,0.92
F0566,0,0,0.24,0.09,0.17,0,0.53,0.82,0.12,0,0.02,0,0.54,0.55,0.31,0,0.17,0.25,0,0.64,0,0.93,0.62,0,0.71,0.92,0,0.61,0.71,0.39,0.02,0.84,0.47,0,0,0.2,0,0,0.98,0.29,0.65,0.98,0.88,0,0.17,0.13,0.99,0,0.65,0,0,0,0,0.74,0,0,0,0.57,0,0
F0567,0.47,0,0,0.39,0,0.03,0.23,0.39,0,0,0.37,0.68,0.49,0.13,0.53,0.51,0.62,0.8,0,0.1,0,0.95,0,0.96,0.76,0.09,0.19,0.97,0,0,0.86,0,0.38,0.13,0.62,0,0.42,0,0.01,0.2,0.72,0.52,0,0.64,0.02,0.88,0.41,0.47,0.08,0.74,0.73,0.31,0,0.98,0,0,0.69,0,0,0.72
F0568,0.25,0,0.63,0.77,0.9,0.49,0.41,0.61,0.6,0.93,0.46,0.5,0.29,0.66,0,0.12,0.58,0.81,0.98,0.42,0.99,0.71,0.35,0.97,0.78,0.93,0.21,0,0.03,0,0,0.79,0,0.61,0.05,0.64,0,0,0,0,0.18,0,0,0,0.19,0.33,0,0,0.03,0,0,0,0.15,0.29,0.74,0.69,0,0,0.32,0
F0569,0.56,0.18,0,0.27,0.71,0.19,0,0.44,0,0.8,0,0,0.45,0,0.47,0.29,0.72,0.69,0,0.74,0.38,0.34,0.52,0,0,0,0,0.97,0.71,0.41,0.5,0.81,0,0.27,0,0.95,0,0.56,0,0.34,0,0.69,0.54,0.65,0.52,0.98,0,0.51,0,0,0.67,0,0.14,0.62,0.28,0.94,0.33,0.99,0,0.32
F0570,0.58,0.21,0,0,0.79,0.29,0.32,0.84,0.41,0.18,0,0,0.82,0.09,0.11,0,0.39,0,0,0.83,0,0.14,0.06,0.93,0.89,0.02,0.27,0,0.4,0.76,0.53,0.91,0.43,0.87,0.02,0.63,0.84,0.73,0.55,0,0.3,0.58,0,0,0.64,0.71,0,0.3,0.67,0.65,0,0.36,0.8,0,0,0.76,0,0,0.53,0
F0571,0.82,0,0.43,0.42,0.45,0.6,0,0,0,0.17,0.49,0.69,0.18,0,0.13,0.43,0.28,0.3,0.85,0,0.08,0.92,0,0.98,0,0.84,0.79,0.96,0.96,0,0,0.3,0.09,0,0,0.57,0,0.98,0.83,0.66,0.46,0,0.92,0.28,0.43,0.55,0.75,0.26,0,0.82,0.24,0.16,0,0.49,0.68,0.27,0,0.75,0,0
F0572,0,0,0.39,0.79,0.12,0.23,0.77,0.74,0,0.19,0.48,0,0.79,0.63,0.94,0.38,0.81,0,0,0,0.18,0.75,0.12,0.53,0.63,0.83,0.09,0,0.72,0.29,0.93,0.2,0.56,0,0.62,0.4,0.48,0,0,0.59,0.62,0.2,0.89,0.05,0.59,0.96,0.72,0,0,0.4,0.18,0.23,0,0.03,0,0.67,0,0.99,0.71,0
F0573,0.88,0.33,0,0.01,0.6,0,0.31,0.18,0.21,0.22,0,0.77,0.56,0.08,0,0.38,0,0,0.54,0.04,0.39,0.56,0.11,0.15,0,0,0.37,0,0.07,0.17,0.63,0,0.34,0.9,0.51,1,0,0.7,0.47,0.27,0.29,0.11,0.55,0,0.56,0.16,0,0.81,0.18,0.26,0,0.16,0.97,0,0.72,0,0.49,0,0,0
F0574,0.42,0,0.26,0.96,0.74,0.21,0.64,0.76,0.74,0.25,0.64,0,0.7,0.93,0.12,0.53,0,0.97,0.87,0,0.94,0.06,0,0,0.16,0,0.08,0.88,0.57,0,0.76,0,0.95,0.26,0.04,0.52,0.43,0,0,0.55,0.15,0,0.09,0.6,0.71,0.93,0,0,0,0.09,0,0.28,0.78,0.33,0,0,0.05,0.31,0.24,0
F0575,0.74,0.53,0.67,0.06,0.16,0.83,0.65,0.91,0,0.02,0.33,0,0,0,0,0,0.09,0,0.86,0.89,0.43,0,0,0,0.46,0,0.89,0.55,0.18,0,0.39,0.18,0,0,0,0.92,0.27,0.9,0.02,0.36,0.58,0,0.82,0.55,0.26,0.99,0.15,0.36,0.6,0,0.74,0,0.31,0.79,0,0,0,0.09,0.96,0.3
F0576,0.47,0.25,0.03,0.18,0.67,0,0.6,0.04,0.68,0,0.27,0.73,0,0.93,0.9,0,0.1,0,0,0,0.53,0.89,0.03,0.89,0,0.32,0.13,0.45,0,0.06,0.1,0.92,0.74,0,0.74,0.99,0.9,0,0,0.32,0.97,0,0.1,0.13,0.11,0.72,0,0.45,0,0.38,0.16,0.93,0.38,0.08,0.37,0.81,0.39,0.07,0,0
F0577,0.7,0,0.88,0,0,0.86,0,0,0.44,0.07,0,0.65,0.75,1,0.15,0.21,0,0.46,0.93,0.94,0.72,0.43,0.87,0.22,0,0.69,0.39,0.64,0.92,0,0.81,0.6,0.81,0.28,0.72,0,0.28,0.66,0,0.02,0.27,0.82,0.09,0.28,0.94,0,0.02,0.51,0.96,0.94,0,0,0.41,0.92,0.27,0,0.58,0.07,0.22,0
F0578,0.59,0,0,0,0,0.22,0.77,0,0.76,0,0.56,0.63,0,0.37,0,0,0.11,0.47,0,0,0.16,0.57,0.09,0.68,0.27,0,0,0.92,0.05,0.98,0.18,0,0.42,0.64,0,0.23,0,0,0.46,0.64,0.56,0.6,0.86,0,0.49,0.61,0.56,0,0.97,0,0.05,0.42,0.57,0.38,0.89,0,0,0.18,0.22,0.08
F0579,0,0.67,0.58,0,0,0.57,0.27,0,0.96,0,0,0.05,0.56,0,0,0.29,0.48,0,0.07,0,0,0,0,0.73,0,0.38,0.06,0.19,0,0.59,0.62,0.05,0.62,0.54,0.92,0.62,0,0.49,0.59,0.26,0,0.17,0.12,0,0.16,0,0.7,0,0,0,0.91,0.42,0.8,0.83,0.72,0,0.07,0.15,0.46,0.5
F0580,0.53,0.59,0.36,0,0.98,0,0.31,0.37,0.36,0,0,0,0,0.26,0.4,0.87,0.71,0.41,0,0.65,0.98,0.66,0.21,0.25,0.43,0.48,0.51,0.27,0.21,0.05,0,0,0,0.08,0.47,0.97,0.33,0.18,0,0,0.87,0.32,0.86,0.1,0.87,0.12,0.72,0.36,0.75,0.88,0,0,0,0.78,0.33,0,0.77,0.92,0,0.87
F0581,0,0.55,0.97,0,0,0,0.52,0,0,0.32,0,0.31,0.37,0.89,0.08,0.13,0,0,0.7,0.67,0.48,0.93,0,0.7,0.35,0.39,0,0.51,0.98,0.02,0.09,0.51,0,0,0.7,0.88,0.62,0,0.37,0.37,0.52,0.37,0,0.41,0.14,0.56,0,0.63,0.75,0.23,0.81,0.85,0.45,0.81,0,0.93,0,0,0,0.77
F0582,0.24,0.76,0.49,0.76,0.22,0.08,0,0,0,0.63,0,0,0,0.62,0.46,0,0.22,0.69,0,0.47,0.32,0,0.47,0.89,0.14,0.85,0,0.15,0.45,0,0,0.77,0,0,0.2,0,0.7,0,0,0.11,0.03,0.65,0,0.76,0.53,0.7,0.19,0.7,0.3,0,0.63,0.53,0,0.5,0.44,0.79,0,0.23,0.36,0.08
F0583,0.63,0.65,0,0,0.7,0.41,0.4,0.92,0,0.55,0,0,0.97,0.83,0,0.62,0,0.22,0.36,0,0.41,0.64,0.71,0.19,0.72,0,0.28,0.64,0.4,0.73,0.8,0.07,0.45,0,0.84,0,0,0.51,0.96,0.42,0,0.24,0,0.82,0,0.75,0.2,0,0.14,0,0.72,0,0.05,0.29,0.95,0.44,0.97,0.53,0.12,0.38
F0584,0.84,0.82,0.45,0.83,0.61,0,0.96,0.95,0.55,0.87,0,0.61,0.13,0.66,0.56,0.49,0,0.21,0.53,0.51,0.01,0.68,0.1,0.03,0,0.13,0,0.29,0.68,0.17,0,0.75,0.57,0.12,0.89,0,0.73,0.13,0.11,0.03,0,0,0.71,0.09,0.08,0.77,0.99,0,0.96,0.37,0.89,0.16,0.38,0.28,0,0.44,0,0,0,0
F0585,0.2,0.41,0.25,0,0.44,0,0,0.02,0.59,0.64,0.52,0.58,0,0.95,0,0.63,0.91,0.06,0,0.07,0,0,0.37,0.53,0.68,0.66,0,0.97,0.88,0.28,0.48,0.64,0.14,0.39,0.27,0,0.25,0.08,0,0.79,0.24,0.9,0.74,0,0.49,0.61,0.18,0.52,0.46,0.45,0.15,0.96,0,0,0.24,0.1,0.39,0,0.93,0.02
F0586,0,0,0.03,0,0.79,0,0.68,0.11,0,0,0.18,0.3,0,0,0.32,0,0.74,0.22,0.04,0.91,0,0.32,0,0.96,0.52,0.43,0.2,0.38,0.74,0.9,0,0.27,0.55,0.3,0.56,0.46,0.03,0,0.68,0,0.69,0.66,0.16,0.77,0,0.67,0,0.8,0.41,0.74,0,0,0.29,0,0,0.77,0,0.06,0,0.26
F0587,0.39,0,0.31,0.89,0,0.9,0.9,0.21,0.55,0.51,0.66,0.8,0,0.85,0,0,0.36,0.65,0.15,0.72,0,0,0,0.57,0,0,0.19,0.48,0,0,0,0.81,0.96,0,0,0,0.95,0.83,0.82,0,0.97,0,0,0,0.76,0,0,0,0.79,0.89,0,0.8,0.06,0,0.24,0.5,0,0,0.62,0
F0588,0,0.61,0.47,0,0,0.55,0,0,0.48,0.14,0.07,0,0.1,0.67,0,0.99,0.33,0,0.74,0.71,0.57,0.57,0.54,0.76,0.67,0,0,0.22,0.85,0.04,0.57,0.06,0.93,0,0,0.73,0.25,0.82,0.05,0.68,0.95,0.08,0,0.68,0.11,0.95,0,0.63,0.61,0,0.43,0.3,0.02,0.41,0.52,0.31,0.94,0.3,0.07,0
F0589,0.88,0.79,0,0.32,0.1,0.31,0.71,0.73,0.53,0,0.4,0.77,0.24,0,0,0.28,0.36,0.19,0.5,0.69,0.27,0,0.55,0.83,0,0,0.62,0.03,0,0,0,0.27,0.46,0.63,0,0.99,0,0.96,0.89,0.73,0.72,0.42,0.93,0.11,0.5,0.7,0.68,0.5,0.6,0,0,0.86,0.68,0.04,0.14,0.26,0.27,0.07,0,0.89
F0590,0.35,0.02,0.96,1,0.36,0.92,0,0,0.33,0,0.57,0.36,0.96,0,0.8,0.99,0.35,0,0.88,0.34,0,0.85,0,0.27,0.68,0.28,0,0.33,0.21,0.59,0.81,0.37,0.48,0.99,0.76,0.46,0.45,0,0.79,0.38,0.79,0.21,0,0,0.28,0.17,0.71,0.2,0.2,0,0.06,0,1,0.89,0.83,0,0.45,0.15,0.29,0.3
F0591,0.49,0,0.93,0.91,0.31,0.31,0.05,0,0.33,0.29,0,0,0,0.03,0,0.54,0.06,0.64,0,0.76,0.51,0,0.96,0.8,0,0.76,0.18,0.04,0,0.91,0,0,0,0,0,0,0.09,0.18,0,0.46,0,0.81,0.92,0.51,0.53,0,0,0.05,0.7,0.02,0.08,0.19,0.43,0,0.11,0.34,0.63,0,0.65,0.08
F0592,0.4,0.37,0,0,0,0,0.04,0.04,0,0,0,0.32,0.28,0,0.26,0,0.71,0,0.92,0.97,0.17,0.1,0,0.88,0.79,0.17,0.89,0.87,0.83,0.72,0.2,0.17,0,0.44,0,0,0,0.25,0.86,0,0.64,0.8,0,0.25,0,0.44,0,0,0.14,0.16,0,0.41,0,0.05,0,0.32,0.11,0.91,0,0
F0593,0,0.44,0.73,0.61,0,0.98,0.65,0.04,0.17,0.7,0.46,0,0,0.75,0,0.67,0,0.98,0.29,0.75,0.77,0.08,0,0,0,0.21,0.89,0,0.83,0,0,0.89,0.38,0.87,0.55,0,0.29,0.5,0,0.75,0.17,0.17,0.67,0.43,0.99,0.61,0.26,0.04,0,0.25,0.69,0.05,0,0.02,0.3,0.16,0.4,0.87,0.34,0.39
F0594,0.86,0.8,0.08,0.36,0.8,0.52,0,0.64,0,0.07,0,0.85,0.67,0,0.81,0,0,0,0,0,0.59,0,0,0,0,0.83,0,0.71,0,0,0.54,0,0,0.6,0,0.15,0.39,0.03,0.79,0.55,0.51,0,0.67,0.7,0,0,0,0.76,0,0.51,0.05,0.1,0.04,0.25,0,0.36,0,0,0,0.84
F0595,0,0,0.03,0.85,0,0.94,0,0.22,0,0,0.53,0.6,0.39,0,0.68,0,0,0.03,0.62,0,0.74,0,0.66,0,0,0,0.16,0,0,0.55,0,0.26,0,0,0.84,0.29,0,0.92,0.3,0,0.49,0.19,0,0.93,0.02,0,0,0,0.33,0,0,0.96,0,0,0,0.45,0.14,0.36,0.69,0
F0596,0,0.85,0,0.57,0.13,0,0.32,0,0.15,0,0,0.3,0.98,0.73,0.98,0.61,0,0,0,0.67,0.66,0,0.96,0.71,0.04,0,0,0.98,0.33,0.95,0.16,0,0,0.72,0,0.32,0,0.72,0.32,0,0.66,0.72,0.15,0,0.22,0.81,0,0.53,0,0.58,0,0,0.51,0.3,0,0,0.48,0.13,0.61,0.56
F0597,0,0.12,0.65,0.86,0,0,0,0.65,0,0.22,0,0.2,0.73,0,0,0.05,0,0.25,0.15,0.55,0.17,0,0,0.7,0,0.42,0,0.79,0.48,0,0.88,0.92,0.71,0.72,0.27,0,0.23,0.03,0.44,0.86,0,0.49,0.98,0,0,0,0.52,0,0,0,0,0.93,0.34,0,0.9,0.53,0,0,0,0.77
F0598,0,0,0.03,0.79,0.44,0,0,0.72,0,0.34,0.04,0,0.7,0,0,0,0,0.74,0.47,0.26,0.2,0.91,0.23,0,0,0.07,0,0.96,0.47,0.2,0,0.81,0,0.12,0.98,0.69,0.98,0.99,0.81,0.53,0,0.72,0.21,0,0,0,0,0.1,0.77,0,0.74,0.88,0.93,0,0.71,0.26,0.33,0.5,0.93,0.3
F0599,0.85,0,0.96,0.57,0,0,0.86,0.76,0,0.88,0.88,0,0.7,0.41,0.15,0.67,0,0.07,0,0.69,0.01,0,0.66,0,0.94,0.83,0,0,0,0.31,0,0.54,0.03,0,0.42,0,0.74,0,0.67,0.06,0.44,0.2,0.77,0.98,0.2,0,0,0.53,0,0.55,0.06,0.04,0,0.35,0.42,0,0,0.06,0.41,0.78
F0600,0,0,0,0.68,0,0.11,0.44,0,0.72,0,0.44,0.1,0.26,0.49,0.72,0,0,0.64,0.73,0,0,0,0.13,0.76,0.03,0.08,0.29,0.31,0.05,0,0.71,0,0.29,0.44,0.5,0.67,0.65,0.08,0,0,0,0.24,0.49,0.06,0.54,0.94,0.11,0.55,0,0.06,0.97,0.57,0.06,0,0.41,0.1,0.79,0.47,0.62,0.1
F0601,0,0,0.71,0.33,0,0.17,0.99,0.58,0.84,0.39,0,0.34,0,0.04,0,0.81,0,0,0.42,0.4,0.32,0.1,0.43,0.36,0,0,0,0.9,0.84,0.45,0,0.7,0.62,0,0.99,0.87,0.11,0.69,0.28,0.23,0.35,0.89,0.35,0.28,0.81,0.89,0,0,0,0.37,0,0.67,0.11,0.78,0.94,0,0.64,0.41,0,0
F0602,0,0,0.96,0.5,0,0.29,0,0,0.33,0.14,0,0.82,0.76,0,0.11,0,0,0.55,0,0.63,0,0,0.3,0.13,0.04,0.04,0,0.22,0.75,0.94,0.74,0.01,0.14,0.49,0,0.53,0.94,0.24,0,0,0.79,0.16,0.13,0,0,0.28,0,0,0.93,0.69,0.18,0.9,0,0.39,0.95,0.11,0,0.29,0,0.3
F0603,0,0.58,0,0.07,0.42,0.14,0,0,0.56,0.78,0,0,0.2,0.5,0.74,0.78,0.73,0.37,0,0.46,0.52,0.91,0.82,0.29,0.04,0.72,0,0.6,0.13,0.59,0.09,0.23,0.06,0.89,0,0.03,0,0,0.08,0,0,0.14,0.82,0.98,0,0.33,0.86,0.26,0,0,0.09,0.81,0,0,0.45,0.46,0.09,0.68,0.38,0.87
F0604,0.93,0,0.8,0.58,0.94,0.24,0,0.67,0,0,0.49,0.57,0.52,0.37,0.48,0,0.36,0,0.77,0,0.75,0.25,0.43,0.46,0,0,0.87,0.8,0,0,0,0.73,0.43,0.33,0.85,0,0,0.29,0,0,0.44,0,0.26,0.11,0.52,0.55,0.79,0.59,0.69,0,0.55,0.97,0.8,0.84,0.84,0,0.91,0.46,0,0
F0605,0,0.74,0,0,0.79,0,0,0.05,0.51,0.93,0.54,0.51,0.72,0.91,0,0.5,0.42,0,0.79,0.7,0.6,0.26,0,0.03,0.8,0.34,0.99,0.08,0.02,0.83,0,0.65,0,0,0.28,0.17,0.86,0.11,0.3,0.38,0,0.03,0.02,0,0.4,0.8,0,0.9,0.89,0,0.09,0.85,0,0.64,0.64,0.22,0,0.18,0.64,0.39
F0606,0,0,0,0,0.21,0.68,0,0.95,0,0,0.51,0,0,0.48,0.69,0.02,0.33,0,0.37,0,0.79,0.48,0,0.81,0,0.38,0,0,0,0,0.75,0.23,0.79,0.14,0.84,0.76,0.66,0.82,0,0.73,0,0,0,0,0.67,0.33,0,0.65,0.99,0.48,0,0.97,0.11,0,0.99,0.82,0,0.99,0.72,0.89
F0607,0,0,0,0.61,0.2,0.68,0.9,0,0.09,0.35,0.12,0,0.24,0.95,0.8,0.7,0.55,0.36,0,0,0.58,0.84,0,0.16,0.67,0.95,0,0.71,0.88,0,0,0,0.39,0,0.65,0.48,0.94,0.05,0.9,0.36,0,0,0.65,0,0,0,0.74,0,0,0,0,0.25,0.76,0.28,0.17,0.6,0,0.2,0.44,0.7
F0608,0.67,0.19,0.35,0,0.45,0,0,0.21,0.43,0.88,0.85,0.34,0.04,0,0.19,0.82,0.66,0.41,0.38,0,0,0,0.6,0,0.39,0.79,0.95,0,0.08,0.1,0.35,0,0.29,0.64,0.49,0.23,0,0.79,0,0.11,0.93,0,0,0,0,0.33,0.51,0.28,0.4,0.62,0.77,0.53,0.34,0.1,0,0,0.68,0.44,0,0.54
F0609,0.47,0.38,0.43,0.78,0.29,0,0,0,0.41,0,0.31,0,0.95,0.78,0.5,0,0,0.65,0.34,0,0.76,0.84,0.28,0.16,0.23,0.04,0,0.54,0.35,0.33,0.8,0,0,0,0.52,0,0.21,0.04,0.06,0.7,0,0.11,0,0,0.89,0.03,0.36,0.25,0.06,0,0.84,0.9,0,0.08,0.49,0,0.5,0,0.04,0.15
F0610,0.11,0,0,0.41,0.07,0,0.26,0,0.37,0.21,0,0,0.98,0.68,0,0,0,0,0.86,0,0,0,0,0.77,0.18,0,0,0.38,0,0,0.53,0,0.97,0,0.68,0,0.91,0,0.42,0.93,0,0,0.84,0,0.31,0.73,0.78,0.02,0,0.71,0.23,0.57,0.55,0,0.69,0.7,0,0,0,0.89
F0611,0.33,0.56,0,0.13,0,0.25,0,0.73,0,0.4,0.21,0,0.78,0.3,0.27,0.37,0.28,0.88,0.75,0,0.04,0.6,0.77,0.97,0.43,0.32,0,0.4,0.17,0.12,0.24,0,0.26,0.3,0.88,0,0.84,0,0.34,0.95,0.34,0.91,0,0.15,0.14,0,0.3,0.21,0,0.01,0,0.51,0,0.75,0.18,0.25,0.55,0.52,0.06,0.75
F0612,0,0.53,0.13,0,0.27,0,0,0.92,0,0.22,0.9,0,0.26,0.74,0.33,0,0.48,0,0,0.1,0.76,0,0,0.44,0,0.18,0,0,0.63,0.73,0.76,0.55,0.95,0.67,0,0,0,0.96,0.16,0,0,0.11,0.25,0.35,0,0.76,0,0.15,0.69,0,0.34,0,0,0.32,0,0.78,0,0,0.43,0.79
F0613,0.94,0.48,0.88,0.48,0.53,0.32,0.96,0,0,0,0,0.25,0,0.46,0.58,0,0.3,0.3,0,0.67,0,0.04,0.5,0.83,0,0,0.48,0,0.55,0.62,0,0.32,0.94,0.57,0.29,0.97,0.95,0.73,0,0,0.39,0,0,0.22,0,0.57,0.92,0,0,0.35,0.61,0,0,0.63,0.72,0,0.98,0,0.68,0.82
F0614,0.29,0.66,0,0,0.44,0.02,0.11,0.73,0.6,0.57,0.62,0.68,0.47,0.81,0,0.36,0,0.51,0.67,0,0,0.16,0.74,0.5,0.07,0,0.22,0.22,0,0.91,0,0.17,0.11,0.88,0.65,0.42,0.69,0.06,0,0,0.59,0.49,0.71,0.05,0.5,0,0.16,0.17,0,0.57,0.85,0.06,0.11,0.7,0,0.75,0.83,0.14,0.27,0
F0615,0.15,0.17,0.73,0,0.09,0.4,0.14,0.08,0.37,0,0,0.88,0.06,0.13,0.08,0.24,0.89,0,0.55,0.11,0.12,0.76,0,0.91,0,0,0,0.48,0.65,0,0.13,0.53,0.69,0,0,0.19,0.67,0.79,0.39,0,0,0,0.33,0,0,0.47,0.37,0.74,0,0.71,0.24,0,0.24,0,0.57,0.66,0,0.04,0.38,0
F0616,0.21,0.66,0.21,0.74,0.35,0,0.54,0.58,0.77,0.37,0,0.69,0,0.35,0.06,0.13,0,0.78,0.48,0.1,0,0,0,0.43,0.37,0,0.43,0.97,0.99,0.4,0,0.25,0,0,0,0.17,0,0.47,0,0.1,0,0.35,0,0,0.22,0.25,0,0.21,0,0.03,0.31,0.01,0.12,0,0,0.9,0.51,0,0,0
F0617,0,0,0.89,0,0.04,0,0,0,0.32,0.21,0.83,0,0.14,0.99,0,0,0.98,0.38,0.78,0.8,0,0.51,0,0,0,0,0.24,0.61,0,0.69,0.77,0,0.82,0.26,0,0.19,0,0.03,0.69,0,0,0,0.04,0.64,0,0.81,0.6,0,0.05,0,0,0.54,0.83,0.45,0.78,0.95,0,0.47,0.45,0
F0618,0.59,0,0,0.14,0.28,0,0.45,0,0.7,0,0,0,0.28,0.21,0.43,0.15,0.83,0.35,0.8,0,0.35,0.66,0,0.19,0,0.67,0,0.5,0.2,0.81,0.65,0,0.37,0.92,0.08,0.7,0,0.32,0.7,0,0,0.36,0.99,0.79,0.67,0,0.97,0,0.81,0.05,0.05,0,0.81,0.02,0.77,0.36,0,0,0.96,0.14
F0619,0.65,0.15,0,0,0,0.49,0,0.72,0.45,0,0.35,0.6,0.03,0.1,0,0.56,0,0.08,0,0,0.05,0.61,0.33,0.45,0.84,0.02,0.8,0.79,0.99,0,0,0.17,0.4,0.28,0.8,0.83,0.37,0.87,0.47,0,0.75,0.36,0.41,0.57,0,0,0.71,0.52,0.61,0,0,0.36,0.48,0.91,0,0.72,0.23,0.62,0.92,0.64
F0620,0.38,0.96,0.21,0,0.64,0.18,0.85,0.12,0.27,0,0.59,0.59,0.88,0.49,0.16,0.72,0,0,0.63,0.25,0,0.89,0.37,0.5,0,0.96,0.13,0,0,0,0,0.43,0.14,0.45,0,0.19,0.07,0,0,0.3,0.58,0.65,0,0,0,0,0.47,0.52,0.22,0,0,0.78,0.72,0,0.28,0.9,0.85,0.98,0.86,0.33
F0621,0.37,0.03,0,0,0,0,0,0.27,0,0.28,0,0.34,0.63,0,0,0.25,0.72,0.96,0.14,0.13,0.28,0.36,0.81,0.25,0.25,0,0.74,0.89,0.44,0.18,0.18,0.52,0,0.53,0.39,0.28,0,0.46,0.47,0.49,0.68,0.76,0.44,0,0,0.91,0.94,0.04,0,0.74,0.18,0.53,0.21,0.36,0.32,0.93,0,0,0.82,0.93
F0622,0.62,0.1,0.85,0.9,0.48,0,0,0.26,0,0,0,0.14,0.61,0,0.29,0.89,0.02,0.04,0.09,0.64,0.4,0.22,0.77,0.3,0.49,0,0.02,0,0.39,0.98,0.86,0.29,0.19,0.54,0.96,0.9,0,0,1,0.38,0.1,0,0,0.1,0.54,0.74,0,0.14,0.53,0.66,0,0.47,0.65,0.52,0.1,0.77,0,0.83,0.67,0
F0623,0.76,0.87,0.46,0.75,0,0.27,0,0.37,0.72,0.45,0.78,0.24,0.42,0,0.54,0.33,0.71,0.7,0.14,0,0.43,0.86,0.83,0.7,0.83,0.97,0.03,0.39,0,0.03,0.37,0,0,0.57,0,0.53,0,0.91,0,0,0.11,0.94,0.1,0.83,0.35,0.35,0.57,0.13,0.65,0.48,0.33,0.94,0.32,0.01,0.07,0,0,0.2,0.64,0
F0624,0.89,0.67,0.15,0,0.25,0,0.23,0.82,0,0.48,0,0,0,0.19,0.64,0.3,0.36,0.21,0,0,0,0.05,0.97,0,0,0.32,0.71,0.87,0.77,0.1,0.35,0.77,0.63,0.53,0.67,0.94,0.18,0.7,0.28,0.43,0.57,0.7,0,0.38,0,0,0.4,0.36,0.97,0,0,0.29,0.85,0.7,0.41,0,0,0,0.88,0
F0625,0.41,0.92,0,0.35,0.56,0,0,0.26,0.5,0,0.75,0,0,0.51,0.51,0.68,0.15,0.9,0.63,0,0.51,0.03,0,0.27,0.15,0,0,0,0.73,0,0.28,0,0.44,0.88,0.37,0,0,0,0.85,0,0.43,0.59,0.88,0.34,0,0.15,0,0,0.52,0.06,0,0.09,0.01,0.27,0,0.19,0.78,0.14,0.49,0.09
F0626,0.88,0,0,0.07,0,0.12,0.84,0,0,0,0,0.77,0.56,0.9,0.77,0,0.94,0.57,0,0.52,0,0.93,0,0.77,0,0,0.74,0,0.68,0,0.43,0.8,0,0,0,0.14,0.82,0.23,0,0.19,0.17,0.1,0.91,0.66,0.04,0.33,0,0,0.64,0,0,0.23,0.13,0,0.93,0.51,0.04,0.15,0.27,0
F0627,0,0,0.43,0.44,0,0,0.96,0.92,0.78,0.1,0,0.3,0,0.72,0.3,0.5,0.32,0,0.98,0,0.87,0.45,0,0.99,0.37,0.78,0.42,0.01,0.29,0,0.84,0,0.9,0.77,1,0,0.34,0,0.22,0.07,0,0,0,0,0.33,0.8,0,0.29,0.54,0.17,0,0,0.57,0.64,0,0.54,0.14,0.77,0.19,0
F0628,0.03,0.92,0.02,0.62,0.76,0,0.17,0,0,0.68,0.81,0,1,0.16,0,0,0.27,0.63,0,0,0.57,0.54,0.61,0.38,0.6,0,0.12,0.02,0.22,0.13,0.34,0.56,0.77,0,0.14,0.25,0.04,0.11,0.56,0,0.11,0.42,0,0,0.94,0,0.29,0.84,0.03,0,0,0.91,0.94,0,0,0.69,0.61,0,0.54,0.14
F0629,0.56,0.17,0.6,0,0.03,0,0.52,0.51,0.2,0,0,0,0.84,0.31,0,0.12,0,0,0,0.02,0.96,0,0.22,0,0.76,0.32,0,0.14,0.18,0.53,0,0.42,0,0,0.9,0.15,0.21,0,0,0,0.27,0,0,0.94,0,0.38,0,0.94,0,0,0.4,0.57,0,0.17,0.76,0,0.54,0,0.69,0
F0630,0,0.76,0.71,0.6,0,0,0,0.24,0,0.62,0.36,0.38,0,0.73,0,0,0.77,0.47,0.5,0.92,0.99,0,0,0.28,0,0.07,0,0,0.22,0.32,0.01,0.9,0.87,0.93,0.38,0,0,0.25,0.4,0.64,0.16,0.39,0.36,0,0.96,0.16,0,0.54,0,0.67,0,0,0.02,0.97,0.22,0,0.11,0.75,0,0
F0631,0.5,0.62,0,0,0.33,0.07,0.1,0.14,0.96,0.65,0,0.52,0.43,0.38,0.42,0,0.79,0,0,0.83,0,0,0,0.78,0,0.9,0.82,0,0.92,0.73,0.07,0.69,0,0.25,0.61,0.86,0,0.91,0,0.65,0.71,0.33,0.68,0,0.29,0.63,0.13,0.58,0,0,0,0.72,0.49,0.36,0.06,0.66,0.08,0.33,0,0.13
F0632,0.69,0,0.54,0,0.8,0.8,0.85,0,0.83,0.03,0,0.56,0.74,0.07,0.94,0,0,0,0,0.88,0.53,0.14,0.36,0.3,0.13,0.24,0.18,0.58,0.02,0.13,0,0.91,0.51,0,0.99,0.6,0.11,0.86,0,0.15,0.11,0.81,0.61,0,0.42,0.39,0,0.19,0.37,0.21,0.74,0.77,0.77,0,0.47,0,0,0.44,0.72,0.43
F0633,0.64,0,0,0.93,0.91,0.29,0,0.91,0.27,0,0.18,0,0.77,0.62,0,0,0,0.71,0.56,0.92,0,0.64,0,0,0.55,0.67,0.36,0.65,0.36,0.52,0.11,0.68,0,0,0.84,0,0,0.32,0.75,0,0.67,0,0,0,0.08,0.51,0.95,0,0.37,0.14,0.84,0.77,0,0.81,0.71,0.95,0.22,0.82,0.02,0
F0634,0,0.12,0,0.73,0.47,0.32,0,0,0.51,0.08,0.07,0.29,0,0,0,0.51,0,0.74,0.43,0.68,0.92,0.21,0,0,0.99,0.56,0.23,0,0.67,0.06,0.92,0.87,0.44,0,0.72,0.3,0.49,0.02,0,0,0.42,0.17,0.37,0.97,0.32,0,0.55,0.8,0.94,0.74,0.45,0.62,0,0.84,0.74,0.65,0.8,0,0.82,0.96
F0635,0,0.51,0,0,0,0.49,0.98,0,0.16,0.73,0,0,0.97,0,0.56,0.2,0.96,0.31,0.56,0,0,0,0,0.64,0.74,0.06,0.9,0,0,0.18,0,0.57,0.55,0,0.88,0.26,0.81,0.54,0.15,0.99,0.54,0.92,0.66,0,0.69,0.81,0.72,0,0.06,0.17,0.58,0.35,0.4,0,0.29,0.79,0,0.76,0.36,0.29
F0636,0,0.54,0.82,0.03,0.66,0.93,0,0.73,0.04,0,0.33,0.03,0.29,0.96,0.37,0.3,0,0.05,0.42,0.91,0,0.31,0.84,0,0.76,0.97,0,0.88,0.19,0,0,0,0,0,0.14,0.43,0,0.85,0.94,0.64,0.18,0.51,0.71,0.29,0.87,0.38,0.34,0.35,0.35,0.02,0,0.62,0.93,0,0.76,0.75,0.7,0.29,0.97,0.43
F0637,0.54,0.42,0.81,0.28,0.79,0,0.21,0,0,0.61,0,0.67,0,0.83,0.84,0.96,0.97,0,0.27,0.19,0.16,0.93,0.59,0,0,0.31,0,0.92,0.48,0.84,0.75,0.41,0.53,0.25,0.48,0.47,0.16,0,0,0.52,0,0.8,0.49,0,0.12,0,0.71,0,0.02,0.03,0,0,0.66,0.03,0.47,0,0,0.36,0.47,0
F0638,0,0.95,0,0.23,0,0,0.91,0,1,0,0.57,0.37,0.86,0.38,0.58,0.51,0.78,0,0,0.3,0.09,0,0.02,0.68,0.75,0.49,0.54,0,0.33,0,0.46,0.03,0.47,0.54,0.81,0.32,0,0.5,0,0.38,0.6,0.82,0.85,0,0.91,0.88,0.11,0.88,0.72,0.33,0,0.29,0.63,0.98,0,0.49,0,0.87,0.23,0
F0639,0.21,0,0,0,0.87,0.8,0,0,0.01,0,0.88,0.6,0,0,0.39,0.94,0,0.6,0.5,0.17,0.3,0.36,0.81,0.8,0,0,0.69,0.56,0.85,0,0.96,0.67,0.38,0.72,0,0,0,0.04,0,0,0.73,0,0.74,0.05,0.37,0,0.45,0.18,0.09,0.07,0.64,0.39,0.99,0.17,0,0.93,0.52,0.55,0,0.13
F0640,0,0.2,0.72,0,0.49,0.58,0.09,0.71,0,0,0.84,0.63,0.98,0.34,0,0.18,0,0,0.77,0.18,0.18,0.99,0.07,0,0.09,0.38,0,0,0.03,0.94,0.8,0.16,0.43,0.3,0.95,0,0.15,0.46,0,0.47,0,0,0.77,0,0.61,0.11,0.33,0.61,0,0.39,0.48,0.14,0,0.78,0,0.85,0.01,0.2,0.9,0
F0641,0.16,0,0.87,0.2,0,0,0.71,0.29,0,0.35,0.99,0,0.05,0.18,0,0.24,0.57,0.6,0.28,0.67,0.88,0.87,0.06,0,0,0.14,0.08,0.39,0.41,0,0.68,0.1,0.7,0.17,0.73,0,0.88,0.39,0,0,0,0.84,0.52,0,0.57,0.31,0.62,0,0.52,0,0.13,1,0.11,0.44,0.95,0.21,0.4,0.84,0.6,0.06
F0642,0.58,0.17,0.34,0.79,0.58,0.11,0,0.07,0.51,0.47,0,0.27,0.6,0.19,0,0.06,0.91,0.81,0,0,0.93,0.63,0.13,0.86,0,0.34,0.72,0,0,0,0.61,0,0.12,0.57,0,0.37,0,0,0.99,0,0,0.43,0.13,0,0,0,0.27,0.66,0.99,0,0,0,0.14,0,0,0.47,0.75,0,0.17,0
F0643,0.22,0.26,0.24,0.95,0,0.4,0.31,0,0.47,0,0.69,0,0.83,0,0.57,0,0.39,0,0.47,0.62,0.33,0.1,0,0.21,0.2,0.9,0,0,0.74,0.27,0.81,0.59,0.33,0,0.41,0.17,0,0,0,0,0.62,0.95,0,0.02,0.04,0.35,0.44,0.99,0.89,0,0.78,0,0,0.08,0,0,0.95,0,0.4,0.7
F0644,0.97,0,0,0.55,0.96,0.22,0,0.4,0,0.81,0.83,0,0.89,0.57,0.81,0.46,0.92,0.02,0,0.16,0.65,0.78,0.85,0,0,0.22,0,0,0.67,0.95,0.33,0.43,0.33,0.87,0,0.61,0.01,0.92,0.51,0.92,0.2,0.14,0.47,0.66,0.92,0.13,0,0,0.56,0.65,0.51,0.82,0,0.41,0.85,0.34,0.01,0,0.74,0.81
F0645,0.76,0,0.76,0.61,0.78,0.43,0.44,0.81,0.32,0.8,0.61,0.03,0.02,0.44,0,0,0,0.51,0.75,0,0.12,0.97,0.65,0.48,0.87,0.47,0,0.76,0,0,0.75,0.52,0,0.8,0.36,0.44,0.44,0.65,0,0.12,0,0.31,0.19,0.68,0.93,0.39,0.99,0,0.54,0.04,0,0,0.34,0.25,0.6,0,0.65,0.19,0,0
F0646,0.02,0.26,0,0.01,0,0,0,0,0.28,1,0.19,0,0,0.34,0.55,0.57,0.91,0.34,0.88,0,0.67,0.16,0.75,0,0.19,0,0,0.74,0.14,0.27,0.11,0.1,0,0.83,0.25,0.02,0,0,0,0.59,0.17,0.19,0,0.72,0.72,0.91,0.1,0.16,0.27,0.58,0.4,0.8,0.74,0,0,0.67,0.27,0.39,0.58,0
F0647,0.66,0,0.4,0.78,0.91,0.24,0,0.01,0,0,0.4,0,0.92,0.56,0.42,0.25,0.85,0.17,0.23,0,0.91,0.65,0.43,0.98,0,0.52,0.9,0,0.89,0.24,0,0,0.6,0.26,0.08,0.29,0,0.33,0.06,0.65,0.94,0.47,0.24,0.38,0,0,0,0.27,0,0.12,0,0.47,0.55,0.01,0,0.02,0,0,0.42,0.43
F0648,0.98,0.8,0,0,0.35,0.77,0,0.14,0,0.99,0.4,0,0.8,0.72,0.43,0.69,0.2,0.68,0,0.25,0.99,0,0.79,0,0.42,0,0.81,0,0,0.55,0,0.43,0.92,0,0,0.58,0.42,0.91,0.39,0,0.88,0.03,0.36,1,0.42,0.28,0.46,0.32,0.42,0,0,0.66,0,0.29,0.78,0.05,0,0.32,0.78,0.37
F0649,0,0.12,0,0,0,0.12,0.15,0.21,0.62,0.33,0,0.45,0.57,0.97,0.52,0.82,0.94,0.55,0.14,0.99,0.32,0.49,0,0.61,0.24,0.5,0,0.83,0,0.44,0.45,0.17,0.64,0.98,0,0.89,0.72,0.64,0.3,0.67,0,0.42,0.74,0,0.77,0.74,0.13,0,0.78,0,0.65,0,0,0.5,0,0,0.68,0.45,0.29,0
F0650,0.02,0,0.82,0.15,0.98,0,0.79,0,0,0.94,0.99,0.04,0.07,0.22,0,0.61,0.31,0.18,0.18,0.17,0,0,0,0,0,0,0.91,0.52,0.59,0,0.79,0,0.16,0.26,0.87,0.73,0.01,0.52,0.56,0.69,0,0,0.38,0,0.23,0.42,0,0.02,0.86,0.34,0.91,0.3,0.37,0,0,0.46,0,0.37,0.37,0.7
F0651,0,0.09,0.84,0,0.48,0.06,0,0.11,0.37,0.27,0,0.58,0,0.39,0.42,0.65,0.21,0,0.95,0.75,0.23,0.14,0.55,0,0,0.17,0.17,0,0,0,0,0,0.3,0.75,0,0.78,0,0.82,0,0,0,0,0.8,0.37,0.04,0,0,0,0.8,0.6,0.41,0.32,0.64,0.18,0.82,0,0,0.62,0.05,0.39
F0652,0.87,0.42,0.66,0.52,0.1,0,0.07,0.51,0.04,0,0.32,0,0,0.27,0,0.71,0,0.51,0.59,0.96,0.89,0,0.32,0.05,0.98,0,0.58,0.31,0.56,0.85,0.29,0.71,0,0.11,0,0.75,0.55,0,0.05,0.57,0,0,0,0,0.88,0.64,0.63,0,0.09,0.03,0,0,0.18,0.62,0.78,0.7,0.25,0,0.05,0.18
F0653,0.47,0.62,0.62,0.53,0,0,0.66,0.04,0.24,0,0.71,0.28,0.14,0.72,0.62,0.89,0.18,0.25,0,0.17,0.44,0,0.47,0.05,0,0.23,0.1,0,0.29,0.78,0.49,0.29,0.94,0.26,0.15,0.65,0.51,0.37,0,0.2,0,0.16,0.28,0.46,0.76,0,0,0.23,0.95,0.04,0.42,0,0,0.56,0.46,0,0,0,0.67,0
F0654,0,0,0.46,0,0.66,0,0,0,0.1,0,0.35,0,0,0.06,0.03,0.03,0.88,0.03,0,0,0.4,0,0.69,0.97,0.24,0,0.23,0.82,0,0.72,0,0.53,0.06,0.36,0.06,0.81,0,0.79,0,0.07,0.36,0.41,0.97,0.27,0.52,0.66,0,0,0.21,0.22,0.62,0.74,0.7,0.08,0.5,0.77,0,0.44,0.32,0.25
F0655,0.9,0,0,0,0.47,0.82,0,0,0.09,0.4,0.57,0.51,0.26,0.74,0.72,0.79,0,0,0,0.15,0.35,0.68,0.92,0,1,0.19,0,0.33,0.59,0,0,0.96,0.02,0,0.1,0.78,0,0.75,0.97,0.64,0.05,0,0.48,0,0,0.21,0,0,0.51,0.04,0.81,0.39,0.86,0,0.12,0.31,0.79,0.31,0,0
F0656,0,0.64,0.2,0.68,0.63,0.05,0.15,0.65,0.11,0,0.69,0,0.72,0.05,0,0.39,0,0.63,0.38,0.83,0.76,0.39,0.42,0.02,0.59,0.18,0,0,0.27,0,0.61,0,0.88,0.85,0.44,0.78,0,0,0.37,0,0.05,0,0.53,0.23,0,0.19,0.33,0.91,0.15,0.2,0.05,0,0,0.88,0.25,0.26,0,0.85,0.85,0
F0657,0.97,0,0.17,0,0.75,0.47,1,0.03,0.66,0,0.34,0.66,0.77,0.09,0,0.12,0,0,0.41,0,0,0,0.5,0,0.66,0.43,0.57,0.46,0.48,0,0.26,0.75,0,0,0.94,0.33,0.75,0.83,0.66,0.65,0.82,0.54,0.36,0.07,0.71,0.16,0.95,0.25,0,0,0,0.99,0,0,0,0.12,0.34,0.44,0,0
F0658,0,0.75,0,0,0.86,0,0.97,0.21,0,0.85,0.72,0.03,0,0.21,0.18,0.98,0.26,0,0,0.06,0,0,0,0.34,0.48,0,0.58,0,0.36,0,0,0.47,0.5,0,0.2,0,0,0.38,0.03,0,0,0,0,0,0,0,0.51,0,0,0,0.86,0,0,0,1,0,0.12,0.87,0.43,0.63
F0659,0.94,0,0.26,0.86,0,0.71,0.48,0,0.73,0.42,0.4,1,0,0.96,0.27,0.71,0,0,0.87,0,0,0.42,0,0.68,0,0.87,0,0.77,0.16,0.8,0.41,0.97,0.73,0.41,0.55,0,0.53,0.51,0.55,0,0,0.81,0.56,0.3,0,0.58,0,0,0.66,0,0,0.77,0,0,0,0.04,0.63,0,0.67,0
F0660,0,0,0,0,0,0.07,0,0.31,0,0,0,0,0,0.76,0,0,0,0.13,0.62,0.67,0.93,0,0.46,0.81,0,0.01,0.43,0,0,0.86,0,0,0,0.04,0,0.11,0,0.76,0.68,0,0.63,0.05,0.78,0.85,0,0.94,0.92,0.87,0.92,0.61,0.87,0,0.4,0.11,0.44,0,0,0,0.93,0.7
F0661,0.65,0,0.98,0,0.96,0.43,0,0,0,0.5,0,0.96,0.75,0.41,0.14,0,0,0,0.1,0.51,0.78,0.75,0.79,0.75,0.38,0.85,0,0,0.74,0,0.6,0.07,0,0.55,0.18,0,0.27,0.32,0.79,0.35,0.67,0,0.9,0.07,0.96,0.15,0,0.14,0,0.07,0.72,0.63,0.86,0.41,0,0.29,0,0,0.41,0.24
F0662,0.57,0.93,0.37,0.32,0,0.87,0,0,0.7,0,0.12,0.67,0.93,0.82,0,0.1,0,0.84,0.89,0.96,0,0.51,0,0.73,0,0.86,0.58,0.39,0.66,0,0.52,0.75,0.36,0.95,0.48,0.55,0.3,0.72,0.79,0.11,0,0.2,0.23,0.17,0,0.61,0.15,0.75,0.6,0.66,0.45,0.59,0.23,0.8,0.87,0.56,0.99,0.23,0.81,0.18
F0663,0,0.46,0.54,0,0,0.5,0,0.53,0.93,0,0.4,0.12,0,0.45,0,0.88,0.47,0,0,0.63,0.47,0,0,0.44,0.83,0.64,0,0.82,0,0,0.85,0.37,0.35,0,0.44,0.19,0.94,0,0.21,0.22,0.92,0.1,0,0.79,0.89,0.47,0,0.7,0,0.63,0.63,0,0.03,0.44,0.12,0.72,0.15,0.79,0.68,0
F0664,0.6,0.18,0.96,0.55,0,0.46,0.25,0,0.46,0,0.26,0.46,0.96,0.53,0.81,0.61,0,0,0.44,0,0.68,0,0,0.81,0.88,0,0.28,0,0,0,0.67,0,0.78,0.09,0.76,0.95,0,0,0,0.88,0.9,0.06,0.53,0.44,0.67,0.38,0.08,0,0,0.88,0,0.72,0.37,0,0.33,0,0.46,0,0.8,0.25
F0665,0.23,0,0.99,0.3,0.27,0.65,0,0,0,0.73,0,0.24,0.49,0.92,0.27,0.76,0.47,0.42,0,0.14,0,0.54,0.21,0.19,0.02,0.42,0.66,0.18,0.38,0,0,0.96,0.49,0.74,0.82,0,0,0.31,0.32,0.77,0.53,0,0,0.98,0,0.76,0,0,0.45,0,0.02,0,0.46,0.31,0,0,0,0.02,0,0
F0666,0.91,0.68,0.95,0.26,0.1,0.53,0.99,0.43,0.72,0.31,0,0,0,0,0,0,0,0.77,0.88,0.89,0,0.36,0.91,0,0.72,0,0.88,0.08,0.85,0,0.94,0,0.96,0,0,0.97,0.98,0,0.4,0.36,0.89,0,0,0.5,0.09,0.71,0.3,0.83,0.11,0,0,0,0.93,0.32,0.02,0.27,0,0.64,0,0.38
F0667,0.95,0,0,0,0.63,0,0.01,0.5,0.94,0.58,0,0,0,0,0.68,0,0.03,0.55,0,0,0.95,0.29,0.68,0,0.52,0,0,0,0.61,0.45,0,0.74,0,0.18,0.11,0,0,0.26,0.65,0,0,0.65,0.87,0.86,0.14,0,0.38,0,0,0.16,0.98,0,0,0.9,0.53,0,0,0,0.72,0.82
F0668,0.59,0,0,0,0.88,0,0.23,0.02,0,0.16,0.1,0.89,0.88,0.94,0,0,0.78,0.6,0.31,0,0,0,0.31,0.78,0,0.28,0.66,0,0.42,0.33,0.61,0.21,0,0,0.96,0.58,0.46,0.97,0.97,0.32,0,0.44,0.41,0.14,0.6,0,0,0.86,0.03,0.63,0.61,0,0.74,0.78,0,0.92,0,0,0,0.33
F0669,0.45,0,0,0,0.79,0,0.43,0,0,0.66,0,0.09,0,0.69,0.63,0.57,0,0.32,0.53,0.22,0.46,0,0.25,0,0.92,0,0.24,0,0.37,0,0.87,0,0.76,0.99,0.09,0.68,0,0,0.78,0.75,0,0.97,0.8,0,0.3,0.63,0,0,0,0.8,0,0.92,0.7,0.61,0.47,0,0.33,0.24,0.37,0.97
F0670,0.03,0.2,0.5,0,0.5,0.09,0.81,0.46,0,0,0,0,0.78,0.33,0.48,0.14,0.45,0.81,0.17,0,0.58,0.08,0.79,0.49,0,0,0.39,0.29,0.19,0.2,0.57,0.76,0.21,0,0,0,0.75,0.17,0,0,0.32,0,0.82,0,0,0,0,0.87,0.81,0.98,0.36,0,0,0.63,0.66,0.84,0,0.94,0.33,0.08
F0671,0,0.68,0.47,0.28,0.54,0,0.89,0.44,0.22,0,0.51,0,0.69,0.36,0,0.33,0.49,0.13,0.45,0.13,0.92,0.83,0.56,0,0,0.24,0.68,0.27,0.49,0.4,0,0.37,0.4,0.17,0,0,0.32,0.3,0,0,0.23,0.86,0.35,0.59,0,0.58,0.03,0.3,0.55,0,0.81,0,0.22,0.99,0.75,0.77,0.87,0.1,0.74,0
F0672,0.66,0.3,0.39,0.1,0.28,0,0.3,0.78,0.21,0,0,0.81,0,0.83,0,0.86,0.96,0,0.96,0,0,0.52,0.75,0.88,0,0.02,0,0,0.87,0,0,0,0.86,0.33,0.14,0.17,0,0,0,0,0.63,0,0.51,0.05,0.73,0,0.97,0,0.73,0.52,0.09,0.11,0,0.3,0,0,0.64,0.66,0.34,0.6
F0673,0,0.76,0,0.51,0.88,0.98,0.12,0.17,0.15,0.77,0.92,0.26,0.62,0.18,0.73,0.02,0,0.74,0.18,0.91,0.88,0,0.23,0.63,0.03,0.96,0.38,0.79,0.2,0.12,0,0.13,0.11,0,0.04,0,0.76,0.46,0.14,0,0.79,0.38,0,0,0.75,0,0,0.01,0.91,0,0,0.08,0.68,0.3,0,0.43,0,0.24,0.17,0
F0674,0,0,0,0,0.82,0.77,0.06,0.36,0,0.16,0.76,0,0,0.54,0,0,0.64,0,0,0.85,0,0,0,0.21,0.58,0,0,0,0,0.21,0.56,0.3,0.77,0,0.35,0,0,0.28,0,0.3,0,0,0.11,0.22,0.74,0,0.01,0.09,0,0.33,0.5,0.35,0,1,0,0,0,0,0.5,0.57
F0675,0.78,0.1,0.02,0.93,0.12,0.79,0.48,0.18,0,0.66,0.98,0.52,0,0,0,0.38,0,0,0.2,0,0.66,0.73,0.36,0.23,0,1,0.78,0.38,0.94,0.97,0,0.46,0,0.75,0.81,0.41,0,0,0.79,0.43,0.52,0.37,0,0.5,0,0,0,0,0,0.79,0,0.56,0.02,0.72,0,0.98,0,0,0.5,0
F0676,0,0,0,0.33,0,0.57,0,0.47,0.68,0,0.51,0.87,0.22,0,0.67,0,0.66,0,0.78,0.51,0.03,0.05,0.29,0.32,0.55,0.1,0.62,0,0,0.63,0,0.96,0,0,0.24,0.83,0,0,0.75,0.07,0,0.27,0,0,0,0.57,0,0.71,0.71,0,0.21,0.57,0,0.97,0.22,0.74,0,0.79,0.06,0.8
F0677,0.11,0.72,0,0.63,0.61,0,0.58,0.36,0,0.17,0.15,0.46,0,0,0.76,0,0.3,0,0,0.12,0.13,0,0,0.17,0,0,0,0,0,0,0.47,0.74,0.65,0.02,0.24,0,0,0.66,0.91,0,0.86,0,0,0,0.91,0,0.58,0.6,0,0.47,0.13,0,0,0,0.48,0.35,0.34,0.52,0.02,0.89
F0678,0,0.44,0.61,0.68,0.61,0,0,0.42,0.04,0.87,0,0.17,0.97,0,0,0.19,0,0,0.35,0.68,0,0.69,0,0.03,0,0.39,0.31,0.36,0.46,0,0.44,0.94,0,0.06,0.55,0.51,0.27,0,0.53,0,0.79,0.63,0.68,0,0.09,0,0,0.05,0.22,0,0,0.02,0,0,0,0.38,0,0.37,0,0.5
F0679,0.29,0.13,0.12,0.74,0.27,0.92,0,0.53,0.76,0.23,0.43,0.07,0.31,0,0.11,0,0.86,0.2,0.23,0,0.71,0.37,0.06,0.44,0,0.82,0.04,0.7,0,0.95,0,0,0.76,0.79,0.12,0,0.47,0.81,0.74,0.25,0,0,0.78,0,0.67,0.7,0,0.07,0,0.86,0.45,0,1,0.63,0,0.38,0,0.64,0.93,0.18
F0680,0,0,0,0.07,0,0.63,0.23,0.66,0.38,0.35,0.89,0,0,0,0,0.37,0.96,0,0.34,0,0.83,0,0,0.83,0,0.29,0,0.12,0.35,0.99,0,0.78,0,0.2,0,0,0.13,0.53,0.1,0.65,0,0.97,0.09,0.74,0,0.87,0.01,0.08,0.45,0.52,0.89,0,0.2,0,0.75,0,0.52,0.7,0.54,0
F0681,0.55,0.83,0.68,0.07,0,0.78,0.5,0.62,0.17,0,0.7,0.37,0.94,0,0.26,0.09,0.97,0.67,0.55,0.41,0.77,0,0,0,0,0.9,0,0.34,0.57,0.63,0,0.37,0,0.76,0.04,0,0.93,0,0,0,0.91,0.41,0,0.28,0.84,0.04,0,0,0,0.44,0.21,0,0.52,0,0,0.68,0.51,0.43,0.18,0.99
F0682,0,0.65,0,0.61,0.69,0.46,0.47,0,0.18,0,0.81,0,0.39,0,0,0.23,0.62,0.09,0.18,0.15,0,0.93,0,0.99,0.73,0.38,0,0.22,0.99,0,0.42,0.27,0,0,0,0.81,0.87,0.99,0.21,0,0.76,0,0.93,0.43,0,0,0.83,0.71,0,0,0.83,0.73,0.75,0,0.22,0,0.47,0.68,0,0.86
F0683,0.75,0.36,0.64,0.83,0.05,0,0.86,0.51,0,0,0,0,0,0,0,0.25,0,0,0,0.59,0,0.1,0.75,0.88,0,0.12,0.57,0.55,0,0.48,0.07,0,0.28,0.42,0.22,0.58,0.37,0.21,0.41,0,0.73,0,0,0.78,0.74,0,0.03,0,0.89,0.59,0.88,0,0.14,0.75,0,0.07,1,0.75,0,0.31
F0684,0.08,0,0.17,0.84,1,0.33,0,0.68,0,0.04,0.31,0.93,0,0.72,0.4,0.94,0,0,0,0.53,0.75,0.71,0,0.54,0,0.08,0.28,0.12,0.44,0.58,0.33,0,0,0,0.19,0.66,0.93,0.02,0.75,0.16,0,0,0.15,0.18,0,0.03,0,0.43,0,0.78,0.09,0,0.22,0.18,0.94,0,0,0.93,0.26,0.56
F0685,0.77,0.78,0.49,0.29,0.43,0,0,0.12,0,0.86,0.54,0,0,0.08,0,0,0,0.53,0,0.05,0,0,0.77,0.71,0.34,0,0,0,0.36,0.34,0,0.85,0.59,0.96,0,0,0,0,0.23,0.08,0,0,0,0.65,0,0.15,0.18,0.32,0.99,0.14,0.23,0,0,0.08,0.03,0.51,0,0.03,0.15,0.74
F0686,0,0,0.56,0.19,0,0,0.71,0.52,0,0.38,0,0.72,0,0,0.43,0.76,0,0.73,0,0.32,0,0,0,0,0.41,0.3,0,0.52,0.03,0.03,0.19,0.48,0.93,0,0.84,0,0,0.81,0.32,0,0.07,0,0,0.93,0.82,0.59,0,0.58,0,0,0.31,0,0.32,0.58,0.44,0.45,0,0.65,0,0.15
F0687,0,0.74,0.51,0.51,0.36,0.67,0.82,0.69,0,0.19,0.28,0.01,0,0.02,0.24,0.18,0,0.12,0.11,0,0.77,0.93,0,0.69,0.05,0.42,0.93,0.05,0,0.39,0.88,0.07,0,0.8,0,0.42,0,0.9,0.51,0,0,0,0.84,0.65,0.84,0,0,0.09,0.43,0.65,0,0.03,0,0.5,0.63,0,0,0,0.95,0
F0688,0.51,0.1,0.68,0.78,0.29,0.38,0,0.9,0.17,0,0.66,0,0,0.44,0,0.27,0.11,0.95,0.82,0.52,0,0.29,0.26,0.54,0.26,0.26,0,0.59,0,0.66,0.72,0.52,0.41,0,0,0,0,0.18,0,0.24,0.21,0.08,0.31,1,0,0.28,0,0.76,0.41,0.96,0,0.01,0.34,0,0.38,0,0.49,0,0.01,0.68
F0689,0,0.55,0.03,0,0.73,0,0,0,0,0.82,0,0.53,0,0.64,0.97,0,0,0,0.03,0,0.37,0,0,0.28,0,0.07,0.48,0.68,0.89,0,0.53,0.52,0.4,0,0,0,0,0.63,0.78,0,0.23,0.47,0.09,0.21,0,0,0.85,0.57,0.83,0.38,0.69,0.54,0.38,0,0,0,0.9,0.35,0.36,0.97
F0690,0.01,0.61,0,0,0.87,0,0.12,0,0.6,0,0.59,0.67,0,0.19,0.89,0.73,0.93,0,0.81,0.74,0,0,0.83,0.59,0,0.79,0,0.83,0.13,0.2,0,0,0.5,0.04,0.6,0,0.47,0.96,0,0.43,0,0.43,0,0,0.7,0.46,0,0.22,0.91,0.09,0,0,0.43,0.16,0,0,0.49,0.51,0.36,0.86
F0691,0.28,0.23,0,0,0.79,0.49,0.05,0.21,0.83,0.98,0.62,0.29,0.65,0,0.1,0,0.94,0.68,0.71,0.36,0.14,0.38,0,0.51,0,0.9,0.91,0.77,0.91,0,0,0,0,0,0.68,0.41,0.72,0.87,0.2,0.2,0.12,0.56,0.9,0.4,0,0.36,0.39,0.16,0.56,0.54,0.07,0.78,0,0.62,0,0.06,0,0.71,0,0.52
F0692,0.9,0.99,0.36,0.73,0.57,0.63,0.06,0,0.42,0.51,0,0,0,0.27,0.71,0.29,0.13,0,0.36,0.88,0,0,0.66,0,0,0.07,0.37,0.5,0.21,0.26,0.7,0,0,0.39,0.35,0,0.97,0.13,0,0,0,0,0,0.21,0.48,0.7,0.06,0.5,0.59,0,0.81,0.65,0.61,0.99,0.63,0.88,0,0.64,0.7,0
F0693,0.62,0.95,0,0.14,0.97,0.8,0,0.55,0.44,0.88,0.62,0.29,0,0.65,0.5,0,0.72,0,0,0.4,0.34,0.35,0.79,0,0,0,0.92,0.08,0.99,0.53,0.59,0.78,0.64,0.35,0.97,0,0.83,0,0.83,0.91,0,0.68,0,0.98,0.86,0.62,0,0,0.82,0,0.51,0,0.57,0.37,0.66,0,0,0.3,0,0.7
F0694,0.27,0,0.72,0,0.68,0.59,0.57,0.61,0,0.04,0.87,0,0,0.27,0,0.38,0.81,0.1,0.98,0,0.89,0,0.07,0,0.11,0.71,0,0,0.03,0,0.31,0.04,0,0,0,0.18,0.62,0,0.2,0,0,0,0,0,0.62,0.02,0.68,0,0,0,0.36,0.6,0,0.33,0.58,0,0.02,0.58,0.1,0
F0695,0.55,0.88,0.08,0.28,0.62,0.95,0.9,0,0.29,0.37,0,0,0,0,0.89,0.9,0.09,0.24,0.92,0.94,0.99,0,0,0.22,0.51,0.17,0.06,0.27,0.07,0.75,0,0.69,0,0.79,0.21,0.57,0.04,0.66,0.28,0.52,0.35,0.67,0.52,0.28,0.45,0,0,0.9,0.13,0.05,0.17,0,0,0,0,0,0,0.63,0.49,0
F0696,0.51,0.3,0,0,0,0,0.68,0.37,0,0,0,0.96,0.53,0.38,0.89,0.3,0.88,0,0,0.71,0,0.39,0.19,0.36,0,0.55,0.51,0.09,0,0.15,0,0.7,0,0.47,0.99,0.85,0.33,0.44,0.23,0.48,0.49,0,0,0.06,0,0.21,0.68,0.07,0.97,0.05,0.57,0,0.14,0.36,0,0,0.65,0.38,0.92,0.02
F0697,0,0.82,0.3,0,0.6,0.04,0,0.24,0,0.93,0,0.49,0,0,0.94,0,0,0.97,0.28,0,0.06,0.83,0.8,0,0,0,0.39,0.57,0.04,0.77,0.94,0.11,0.52,0.1,0.21,0.17,0.7,0.16,0.89,0.08,0.11,0.42,0.54,0,0.53,0.23,0,0.74,0.46,0.74,0.89,0,0,0.33,0,0,0.01,0.3,0,0
F0698,0.89,0.92,0.8,0.63,0.36,0.43,0.35,0.97,0.36,0.6,0.68,0,0.02,0,0.16,0,0.57,0,0,0,0.97,0.12,0,0,0.11,0.16,0.6,0.91,0.72,0.65,0,0,0.88,0.8,0,0.77,0,0.61,0.11,0,0.37,0.19,0.82,0.31,0.2,0.55,0.4,0.6,0,0,0,0,0,0,0,0,0.04,0.16,0.95,0
F0699,0.21,0.68,0.13,0.95,0.9,0.24,0,0,0,0.04,0,0.07,0.12,0.97,0.65,0.51,0.68,0,0.84,0.32,0,0.24,0,0.71,0,0.05,0,0,0,0,0.8,0.08,0,0,0.08,0.13,0.63,0.26,0,0.05,0.2,0.62,0.71,0.52,0.55,0.71,0.03,0.45,0,0.06,0.46,0.26,0,0,0,0.06,0.02,0.64,0.32,0
F0700,0,0.8,0.16,0.08,0,0.72,0.21,0.8,0,0.26,0.31,0.68,0,0,0,0.29,0.87,0.55,0,0.83,0.32,0.36,0,0.29,0.03,0,0.49,0,0,0.44,0.91,0,0.21,0.35,0,0.28,0.74,0,0.34,0.29,0,0.82,0.33,0.14,0,0,0,0.36,0.09,0.56,0.5,0,0,0.62,0.95,0,0,0.24,0.62,0.69
F0701,0,0.07,0,0,0,0.89,0.75,0,0,0,0.02,0.37,0.41,0,0,0.3,0.75,0.67,0.17,0,0,0.69,0,0.49,0,0,0,0,0.34,0.5,0,0.37,0,0.5,0,0.65,0.77,0.43,0.34,0,0.46,0,0.78,0,0.53,0,0,0,0,0,0,0,0.47,0,0,0.55,0,0.75,0.6,0.67
F0702,0,0,0,0.21,0.6,0.12,0.65,0.9,0.42,0.24,0,0,0,0,0,0.18,0,1,0.61,0,0,0.62,0,0.96,0.24,0.3,0,0,0.94,0.17,0,0.11,0,0.72,0,0.69,0,0.33,0.43,0.44,0,0.92,0.53,0.49,0.99,0,0,0,0.39,0.52,0.59,0,0.1,0.66,0,0,0,0,0.86,0.15
F0703,0,0,0.86,0.42,0,0,0.02,0,0.88,0,0.66,0.95,0,0.87,0.8,0,0,0.14,0,0,0.16,0,0.31,0.37,0.35,0.17,0.09,0,0.03,0.3,0,0.11,0,0.96,0.22,0,0.27,0.89,0.28,0.09,0.14,0.03,0.08,0.61,0.87,0,0,0,0.32,0,0.57,0.03,0,0,0,0,0.6,0,0.62,0.17
F0704,0.27,0,0.16,0.69,0.15,0.88,0,0.21,0.32,0.24,0.5,0.4,0,0,0,0,0.26,0.81,0.35,0.95,0.62,0.06,0.58,0.51,0.85,0.87,0.67,0.96,0.68,0,0.89,0,0.15,0.06,0.22,0.81,0,0.33,0,0.24,0,0.89,0,0.61,0.51,0.39,0.21,0.74,0,0.84,0,0,0.71,0.45,0,0.88,0.91,0.96,0.49,0.02
F0705,0.09,0.17,0.04,0.7,0.88,0,0.03,0.85,0,0,0,0.35,0.89,0,0.48,0.22,0,0.18,0.4,0.86,0,0.42,0.58,0,0,0,0.78,0,0.9,0.84,0,0.3,0.8,0.04,0.25,0.41,0,0.33,0.96,0,0,0.72,0,0.53,0.75,0,0.75,0.99,0,0,0,0.79,0.15,0.64,0.43,0.35,0.64,0,0.37,0
F0706,0,0,0,0.86,0.05,0.15,0.25,0,0.01,0,0.36,0,0.03,0.05,0,0.94,0.64,0.2,0.2,0,0.95,0,0.06,0.95,0.14,0.88,0,0,0.03,0.75,0.38,0.56,0.03,0.32,0.29,0,0.47,0.53,0,0.47,0.49,0.9,0,0.52,0.8,0.69,0.14,0.7,0.94,0.06,0.45,0,0.8,0.74,0.57,0,0.21,0.03,0.76,0.32
F0707,0.48,0,0.7,0.13,0.62,0.38,0.46,0.08,0.48,0,0,0.38,0,0.64,0,0.85,0.6,0.55,0.08,0,0.53,0.67,0.12,0.04,0.18,0.27,0.9,0.99,0.78,0.47,0,0,0.53,0.93,0.79,0.99,0.8,0,0.69,0,0,0,0.21,0,0.51,0,0.84,0.44,0.43,0,0,0.57,0,0.55,0,0.79,0,0.8,0,0.18
F0708,0.74,0,0,0,0.49,0,0,0.73,0.92,0.94,0,0,0.74,0.4,0.04,0.54,0.48,0.39,0.41,0.24,0,0.81,0.99,0,0.77,0,0,0.02,0,0.08,0.95,0,0,0,0.79,0.05,0,0,0.82,0.15,0,0.16,0.36,0.83,0.47,0,0.11,0.35,0.54,0.33,0.54,0.2,0.46,0.4,0,0.29,0,0.41,0.25,0
F0709,0.08,0,0.31,0.43,0.06,0.69,0.34,0.45,0.68,0,0.75,0.22,0.11,0.09,0,0.82,0.59,0.69,0.77,0.74,0.86,0.43,0,0,0.39,0.07,0.76,0.9,0,0.48,0.2,0,0,0.59,0.16,0.15,0.33,0,0,0.66,0.04,0.52,0.15,0,0,0.78,0,0.64,0,0.99,0.25,0,0.07,0.73,0,0,0,0,0.13,0
F0710,0.43,0.2,0.66,0.32,0.02,0.1,0.73,0.55,0.4,0,0.07,0,0,0.46,0.49,0.33,0,0.62,0.71,0.17,0,0,0.41,0,0.16,0,0.87,0,0.83,0.69,0.14,0.42,0,0.39,0.47,0,0.9,0.77,0,0,0.84,0.56,0,0.9,0.06,0,0,0.44,0.53,0.46,0.23,0,0,0,0,0,0.34,0,0.44,0
F0711,0.6,0,0.11,0.53,0.74,0.13,0,0,0.39,0,0.32,0.4,0.7,0.21,0,0,0.31,0.85,0.78,0,0,0.12,0.35,0.54,0.68,0.7,0.24,0.78,0.14,0.74,0,0.58,0.38,0,0,0.62,0.19,0.34,0.16,0,0,0.99,0.69,0.37,0,0.12,0,0.52,0.41,0.83,1,0.91,0.49,0,0.62,0,0.52,0.95,0.53,0
F0712,0.5,0,0,0,0,0,0,0.67,0.92,0.03,0,0.84,0.59,0,0.16,0.06,0.59,0.5,0.24,0,0,0.99,0,0.91,0.44,0.96,0.8,0.65,0.89,0.41,0,0.74,0.93,0.07,0.56,0.84,0.95,0.45,0.12,0.41,0.86,0.88,0.74,0.18,0.62,0,0,0.87,0.85,0,0.14,0.93,0.73,0.15,0.04,1,0,0,0.1,0.14
F0713,0.37,0.2,0,0,0.57,0.66,0,0.77,0.59,0.96,0.99,0.52,0,0.57,0.85,0,0.93,0.4,0,0.13,0.28,0.57,0,0,0.3,0,0.57,0.79,0.01,0,0,0,0.5,0.82,0.89,0,0.95,0.93,0.43,0,0.25,0.78,0.32,0.76,0.49,0.37,0.87,0.08,0,0.89,0,0.77,0.78,0.01,0.2,0.85,0.83,0.99,0.04,0
F0714,0.21,0,0.27,0,0,0,0.57,0.16,0,0,0.15,0,0.22,0.7,0.65,0.76,0,0.82,0,0,0,0.45,0,0.2,0,0.26,0.2,0.85,0.81,0.12,0,0.74,0.54,0.18,0.14,0,0.57,0.67,0.26,0.84,0.97,0,0,0.8,0.93,0.26,0.32,0.93,0.96,0.59,0.61,0.62,0.01,0.22,0,0.66,0.83,0.38,0.5,0.17
F0715,0.11,0,0,0,0.16,0,0.95,0.07,0,0.5,0.04,0,0,0.8,0.89,0.55,0.8,0.79,0.32,0.29,0,0.8,0,0,0.98,0.07,0.07,0,0.18,0,0.15,0.75,0.72,0.74,0,0.7,0,0.25,0.49,0.02,0.87,0.87,0,0,0.89,0.64,0.86,0.16,0,0,0,0,0.65,0,0.08,0.17,0.54,0,0.63,0
F0716,0.3,0,0,0.37,0.99,0.98,0.66,0,0,0,0.8,0,0,0,0,0,0,0.24,0.67,0.07,0.39,0,0,0.69,0,0,0.84,0.61,0.46,0.28,0.61,0,0,0.84,0.82,0.17,0.6,0.42,0.73,0.74,0,0,0.39,0.47,0.95,0.55,0.52,0.32,0,0.61,0,0,0.36,0,0,0,0.63,0.06,0.75,0.85
F0717,0.11,0,0.5,0,0,0,0,0.87,0.2,0,0.17,0.74,0.89,0,0,0,0.61,0,0.09,0,0.57,0.46,0.25,0.46,0.71,0.9,0.38,0.47,0.86,0.72,0,0.69,0,0.11,0.67,0.4,0,0,0.79,0,0.69,0.07,0,0,0.5,0.2,0,0.03,0.76,0.68,0.76,0.41,0.36,0.7,0.7,0.72,0.88,0.17,0.83,0
F0718,0.02,0.81,0.98,0,0.02,0.46,0.69,0,0,0.16,0,0.96,0,0.13,0.4,0.88,0,0.15,0.96,0,0.6,0,0.72,0.38,0.57,0.69,0,0.56,0,0.38,0.87,0,0.86,0,0.62,0.39,0,0.71,0.76,0.54,0,0,0.43,0.56,0.21,0.79,0.83,0.43,0,0.14,0.28,0,0.86,0.92,0.21,0.67,0.76,0,0,0
F0719,0.27,0.2,0.08,0,0,0.55,0,0,0,0.3,0.82,0,0.82,0,0.97,0.72,0.13,0.84,0.7,0.73,0.49,0,0,0.34,0.5,0.37,0.43,0.55,0.85,0.23,0.64,0.69,0.38,0,0,0.7,0.74,0,0.76,0.23,0.57,0.08,0,0.68,0,0.24,0.99,0.07,0,0.14,0.01,0,0.49,0,0.67,0.5,0.18,0.91,0,0
F0720,0.06,0.95,0,0.14,0,0.33,0.33,0.36,0,0,0,0.07,0,0.38,0.51,0.91,0.2,0,0.91,0.11,0.22,0,0.83,0,0.81,0,0.52,0.4,0.94,0,0.53,0.71,0.81,0,0.41,0.91,0,0,0.49,0.63,0.54,0,0.68,0,0.33,0.37,0.36,0.08,0.87,0,0.98,0,0,0,0.45,0,0.16,0.55,0.02,0.34
F0721,0,0,0.83,0.5,0.05,0,0,0.65,0,0.64,0.73,0,0.95,0.47,0.21,0,0,0,0.72,0.13,0,0,0,0,0,0.19,0.7,0.13,0.21,0.24,0.45,0.98,0.99,0.86,0,0.59,0,0,0.52,0,0,0,0,0.14,0.88,0.04,0.04,0.25,0,0,0,0.17,0,0,0.9,0,0.81,0,0.02,0.22
F0722,0.07,0.53,0.97,0.17,0,0.85,0.46,0.61,0.92,0.36,0.34,0,0,0.9,0.09,0.92,0.18,0,0,0.84,0.72,0,0.07,0.91,0.9,0,0,0.98,0.45,0.53,0.92,0,0,0,0.05,0.1,0,0.22,0,0.5,0.74,0.6,0.51,0.03,0.95,0.12,0,0,0,0.04,0,0.29,0,0.9,0.71,0.68,0,0.54,0.88,0.36
F0723,0.4,0,0.64,0.78,0,0.83,0.97,0,0.26,0.88,0.05,0,0.89,0,0.79,0.99,0.97,0.49,0.81,0.24,0.77,0,0,0.67,0.78,0,0.43,0.25,0,0.83,0,0,0,0.94,0.93,0.09,0.3,0,0,0.21,0.57,0.61,0,0,0.06,0.92,0,0.27,0.75,0,0,0.35,0.88,0.25,0,0.07,0.57,0.92,0.11,0.46
F0724,0.43,0.21,0.87,0.35,0.03,0.84,0,0.21,0,0.68,0,0,0,0,0.6,0,0,0,0.84,0.78,0,0.44,0.92,0.3,0.85,0,1,0.07,0,0.33,0.49,0.23,0.23,1,0,0.9,0,0.51,0,0.86,0,0.29,0.06,0,0,0.73,0.96,0.03,0,0.73,0,0.65,0.79,0.09,0.84,0.95,0.46,0.74,0,0.77
F0725,0.18,0,0.47,0,0,0,0.03,0.78,0.57,0,0,0.9,0.94,0.38,0,0,0,0.12,0,0,0.08,0,0.91,0,0.58,0,0.96,0.75,0.28,0.54,0.95,0.6,0.39,0.23,0.87,0.95,0,0,0,0.84,0.72,0.35,0.57,0.27,0,0.31,0,0,0.09,0,0,0.22,0.88,0.74,0.14,0,0,0.99,0.24,0
F0726,0.15,0,0.69,0.64,0,0,0.09,0,0.6,0,0,0.15,0.15,0.37,0.54,0,0.6,0.99,0.9,0.84,0.95,0,0.5,0.44,0.69,0.93,0.9,0,0,0.77,0.11,0.88,0.22,0,0,0.27,0.88,0.31,0.25,0.49,0.9,0.18,0.84,0.27,0.35,0.12,0.62,0,0.48,0.32,0,0.69,0.58,0.61,0.3,0,0.26,0.51,0.43,0
F0727,0.45,0,0,0,0,0,0,0.68,0.63,0.12,0,0.58,0,0.25,0.51,0,0.99,0.8,0.03,0.92,0.21,0.7,0.39,0,0,0.43,0.13,0,0.99,0.95,0.2,0,0.35,0,0,0,0,0,0.87,0.85,0.74,0.56,0,0,0,0,0,0,0,0.99,0.86,0.24,0.42,0.58,0,0.67,0.99,0.01,0.02,0.59
F0728,0,0.11,0.4,0,0.72,0,0,0.18,0.52,0,0.69,0,0.07,0.99,0,0.24,0.98,0,0.68,0.99,0,0,0.64,0.22,0.25,0.73,0.86,0.09,0.1,0.64,0.89,0,0.53,0,0.86,0,0,0.17,0,0,0.36,0.22,0,0.21,0.77,0,0,0,0.51,0.93,0,0.95,0,0,0.63,0.39,0,0,0.19,0
F0729,0,0.98,0.29,0.9,0.15,0.96,0.15,0,0.37,0.55,0,0.63,0.89,0,0,0.06,0.38,0.84,0.23,0.6,0.94,0,0,0.41,0.32,0.09,0.67,0.68,0,0.2,0,0.53,0,0.14,0,0.39,0,0.59,0.16,0.05,0.27,0.17,0.24,0.56,0,0.24,0.59,0,0.39,0.18,0,0,0.88,0,0.31,0.96,0.18,0,0,0.56
F0730,0,0,0.75,0.51,0.43,0.46,0.82,0.27,0.74,0.63,0.52,0.28,0.33,0,0.48,0,0.39,0.89,0.11,0.9,0.62,0,0.66,0.53,0,0,0,0.89,0,0.72,0.21,0.07,0,0.5,0,0.46,0.91,0,0.71,0,0.86,0,0,0.07,0.69,0.06,0.99,0.3,0,0.63,0,0,0,0.49,0.58,0.27,0,0.98,0.43,0.11
F0731,0.24,0,0,0.67,0.14,0.36,0,0,0.71,0.55,0.5,0.7,0.74,0,0,0,0.28,0.44,0,0.34,0,0.31,0.7,0,0.87,0.96,0.9,0.4,0.72,0.51,0.03,0.19,0.13,0.25,0.93,0.41,0,0.45,0,0,0.87,0.1,0.45,0,0.08,0,0.45,0,0.6,0,0.21,0,0.34,0,0,0,0.44,0.11,0,0.34
F0732,0.32,0.36,0,0,0.53,0,0.6,0.62,0,0.44,0.67,0,0.04,0,0,0,0.98,0.61,0.76,0.98,0.11,0.58,0.12,0,0.14,0.93,0.37,0,0.62,0.62,0,0.52,0.81,0.54,0.21,0.73,0.03,0,0.84,0.93,0.66,0.09,0,0,0.42,0,0.72,0,0.56,0.7,0,0.39,0.15,0.5,0,0.37,0,0.12,0.12,0.35
F0733,0.07,0.49,0.09,0.88,0.49,0.45,0.09,0.98,0.39,0,0,0.39,0,0,0.89,0.13,0.88,0,0,0.26,0,0.04,0,0,0.9,0.2,0.18,0.27,0.84,0,0.81,0.96,0.13,0.2,0.13,0,0.09,0.15,0.13,0,0,0.88,0.74,0.4,0.56,0,0.31,0.66,0,0.26,0.72,0.89,0.7,0.51,0.05,0.53,0.35,0,0,0.57
F0734,0,0,0.03,0.47,0,0.4,0,0,0,0,0.48,0.39,0,0.48,0.37,0,0.58,0.43,0,0,0.64,0,0.37,0,0.06,0,0,0.56,0,0,0.5,0.87,0,0,0.46,0.58,0.61,0.3,0.96,0,0,0,0.77,0,0.22,0,0.83,0.99,0.09,0.81,0.39,0.92,0.22,0,0.6,0.63,0,0,0.71,0.31
F0735,0.32,0,0.97,0,0,0.37,0,0.59,0.56,0.81,0.38,0,0,0.16,0.32,0.56,0.02,0,0.71,0,0.43,0,0.35,0.22,0.35,0.3,0,0.01,0,0.55,0,0.03,0,0.01,0.42,0,0,0,0,0,0,0.31,0,0.53,0.61,0,0,0.41,0,0.13,0,0,0,0,0.74,0,0.18,0.68,0,0.6
F0736,0.26,0.92,0,0.64,0.45,0,0.47,0.96,0.54,0.2,0.89,0,0,0,0,0.81,0,0.85,0.95,0,0.72,0.64,0,0,0,0.36,0.1,0,0.11,0.98,0.04,0,0,0,0,0,0,0,0.97,0.59,0.97,0,0.74,0.71,0.13,0.46,0.81,0.23,0,0,0.08,0.4,0.34,0.04,0.26,0.68,0.35,0,0.58,0.09
F0737,0.15,0.41,0.97,0.14,0,0.08,0,0,0.04,0,0,0.84,0.55,0,0,0.1,0,0,0.65,0.93,0.27,0,0.72,0,0.48,0.26,0,0,0.18,0.24,0.07,0.57,0.78,0.96,0.91,0,0.65,0.74,0,0,0.64,0,0.23,0,0,0.82,0,0.16,0.8,0,0.32,0,0.34,0,0.45,0.87,0.72,0.05,0.11,0.21
F0738,0.82,0,0.31,0.08,0.08,0.6,0.9,0.48,0.95,0,0.93,0,0.37,0.3,0.94,0.83,0.92,1,0.16,0,0.61,0.13,0.56,0.4,0.76,0.05,0.74,0,0.36,0.33,0.65,0,0.34,0.14,0,0,0.16,0.53,0.6,0,0.43,0.81,0,0.61,0.42,0,0.74,0.17,0,0,0.82,0.54,0.38,0.23,0.44,0,0.22,0.68,0.29,0.52
F0739,0,0.25,0,0.76,0,0.89,0,0.32,0,0.22,0.74,0.25,0.19,0.49,0,0.34,0,0.61,0.32,0.22,0.95,0.55,0.24,0.79,0,0,0,0.81,0,1,0.45,0.11,0.51,0,0.4,0,0.41,0.76,0.63,0.99,0,0,0.58,0,0,0.9,0,0.74,0,0.97,0.3,0.68,0,0,0,0,0.98,0.71,0,0.77
F0740,0,0.57,0.77,0.53,0,0.8,0.95,0.86,0,0.02,0.55,0.5,0.7,0,0.23,0.37,0,0.56,0,0.46,0.54,0.74,0,0.03,0,0.39,0.29,0.4,0,0.86,0.92,0,0.3,0,0.47,0.69,0,0,0.99,0,0.67,0,0.78,0.84,0,0.38,0,0.38,0,0.36,0,0.37,0,0.39,0,0.07,0.3,0,0.05,0.8
F0741,0,0.56,0,0.03,0.39,0.98,0.81,0.98,0.15,0.91,0.16,0.22,0,0,0.7,0,0,0,0.6,0.21,0.57,0.64,0.16,0.58,0.8,0.52,0,0,0.14,0.97,0.13,0.75,0,0.73,0.77,0.69,0,0.28,0.04,0,0.18,0,0.87,0,0.61,0,0.05,0.06,0.83,0.31,0,0,0.86,0,0.24,0.11,0,0.63,0.97,0
F0742,0.38,0.34,0.05,0.42,0.89,0.24,0.58,0.59,0,0,0.33,0,0.49,0.67,0,0.02,0.36,0.73,0.06,0.49,0,0,0,0,0,0.6,0.74,0.76,0,0.04,0,0,0.41,0.04,0.43,0.45,0,0.83,0,0.97,0,0,0,0.76,0.92,0.14,0,0.39,0.89,0,0.65,0,0.87,0,0,0,0.86,0,0.34,0.59
F0743,0,0.81,0.78,0.88,0,0.65,0.54,0.38,0,0.27,0.03,0,0.14,0,0.07,0,0.05,0.3,0,0,0,0,0,0,0.29,0.31,0.57,0,0,0.86,0.86,0.65,0,0.91,0.22,0,0.64,0,0,0.61,0,0.5,0,0,0.61,0.46,0.62,0.29,0,0.51,0.19,0,0.18,0,0.49,0.75,0.12,0,0,0
F0744,0,0,0,0,0.76,0,0,0.68,0.62,0.46,0,0.51,0,0.88,0.97,0,0.53,0.17,0,0.52,0.95,0.49,0.79,0.6,0,0.34,0.58,0.15,0.86,0.05,0.23,0,0.58,0,0,0,0.85,0.3,0,0,0,0.05,0,0.47,0,0,0.18,0.65,0.24,0,0.44,0.15,0.49,0,0.12,0.25,0.77,0.32,0.47,0.92
F0745,0.34,0.81,0.18,0,0.48,0,0,0.95,0,0,0.49,0.35,0.12,0,0.44,0,0.99,0.66,0.01,0.15,0.43,0.49,0.34,0.03,0,0,0,0.27,0.39,0.1,0.63,0.66,0.72,0.89,0,0.04,0.73,0,0.89,0.64,0,0.99,0.26,0.38,0.12,0.46,0,0,0.28,0.95,0.25,0,0.62,0.34,0.46,0.31,0,0.16,0,0.27
F0746,0.32,0.78,0,0.27,0,0.39,0,0.44,0,0.3,0.07,0,0.05,0.53,0.21,0.55,0.03,0,0,0.79,0.06,0.91,0.71,0.28,0,0.23,0.62,0.37,0.73,0.47,0,0.2,0.83,0.05,0.15,0.42,0,0.51,0.28,0,0,0.81,0.39,0.41,0,0,0.29,0,0.48,0.62,0.87,0,0,0.88,0,0.32,0,0,0.84,0
F0747,0,0,0,0.54,0,0.69,0,0.59,0,0.1,0,0.05,0,0,0,0.51,0,0,0.87,0.5,0.89,0.49,0.68,0,0,0.12,0.87,0,0,0.65,0.47,0,0.62,0,0.69,0,0,0,0.31,0.05,0.53,0.71,0.62,0,0,0.94,0.39,0.48,0.47,0.93,0.08,0.36,0,0.74,0.79,0.65,0.16,0.28,0.49,0.05
F0748,0.01,0.21,0,0.96,0,0,0.32,0,0.5,0,0.72,0.75,0,0,0.65,0.07,0,0.35,0.13,0.83,0.53,0,0.33,0.37,0.96,0,0.19,0,0.9,0,0,0.02,0.17,0.24,0.41,0.25,0,0.85,0.19,0,0,0.31,0.5,0.44,0,0.98,0.85,0.88,0.74,0.59,0.59,0.34,0,0,0,0,0.68,0,0,0.53
F0749,0,0,0.13,0.19,0.64,0.98,0,0.84,0,0.34,0.69,0,0.16,0.97,0.16,0.42,0.16,0.86,0,0.48,0,0,0,0.85,0.8,0.27,0.18,0.95,0,0,0.47,0.6,0.62,0.56,0.32,1,0,0,0.47,0.7,0,0,0,0,0,0,0.75,0.2,0.23,0,0,0.23,0.63,0.38,0,0.95,0,0,0,0.33
F0750,0.96,0.44,0.36,0,0,0.95,0.56,0.07,0,0,0.36,0.47,0.97,0.37,0,0.3,0,0.97,0,0.82,0,0.32,0.97,0.01,0.32,0,0.03,0,0.29,0.21,0,0.37,0.96,0.91,0.91,0.56,0.38,0,0.69,0.09,0.26,0.51,0.1,0,0,0,0,0,0.83,0.94,0.81,0,0.01,0.03,0,0.61,0,0,0,0.37
F0751,0.84,0.23,0,0.93,0.06,0.69,0.12,0,0,0,0,0,0,0,0.82,0,0.79,0.96,0,0.36,0,0.05,0,0.52,0,0.2,0.6,0,0.1,0,0,0.59,0,0.64,0,0.77,0.22,0.46,0.7,0.87,0.23,0.76,0.39,0.76,0.66,0,0,0,0,0.28,0,0,0.77,0,0.03,0.65,0.14,0,0.36,0.49
F0752,0.52,0,0,0,0.7,0,0.25,0.4,0,0,0.47,0,0.83,0,0,0,0.14,0,0.62,0.68,0.28,0.33,0,0,0,0,0.11,0.93,0.06,0,0.06,0.85,0,0.84,0.88,0.65,0.11,0.76,0.28,0,0.96,0.48,0.03,0.66,0.94,0.07,0.73,0.87,0.72,0,0,0.13,0.15,0.61,0,0,0,0,0.41,0
F0753,0.94,0,0.41,0.95,0,0.22,0.93,0,0.16,0.53,0,0,0.41,0.66,0.3,0.04,0.28,0,0.25,0.73,0,0.42,0,0,0,0.06,0,0.78,0.9,0,0.74,0,0,0,0.52,0.82,0.99,0,0,0.41,0,0.11,0.06,0.87,0,0.98,0.58,0,0.87,0,0.94,0.93,0.58,0.06,0,0,0.45,0.98,0.68,0.74
F0754,0.9,0,0.3,0,0.02,0.58,0,0.68,0,0,0,0,0,0.75,0.33,0,0,0,0,0,0.87,0.8,0.66,0.48,0.01,0.57,0.44,0.27,0.83,0.7,0,0,0.28,0.98,0,0.89,0.68,0,0.66,0.93,0.18,0,0.16,0.6,0.92,0.18,0,0.33,0.32,0.83,0.8,0.75,0.08,0,0.07,0.53,0,0,0,0.67
F0755,0.34,0,0,0,0,0.32,0,0.48,0,0.03,0,0.39,0.22,0.9,0.32,0.47,0.12,0.64,0,0.94,0,0.6,0.73,0,0.14,0.05,0,0.62,0.78,0.95,0.02,0,0,0.75,0.03,0,0.57,0.25,0.59,0,0.58,0,0,0.12,0.06,0.44,0.25,0.98,0.54,0.92,0,0.86,0,0.64,0.74,0,0.96,0,0.35,0
F0756,0.44,0.55,0.52,0.4,0.07,0.34,0.14,0.58,0.19,0.06,0.77,0.8,0.58,0,0.81,0.5,0.26,0.74,0,0.06,0.71,0,0.13,0.11,0.95,0.81,0,0,0.76,0.75,0.09,0,0.81,0,0.51,0.43,0,0,0.68,0.12,0,0,0.61,0,0.18,0.34,0,0.48,0.54,0.04,0.78,0.24,0,0.64,0.46,0.53,0.2,0.72,0.34,0.63
F0757,0,0,0,0,0.26,0,0.33,0,0.97,0.99,0.23,0.2,0,0.55,0.24,0,0.42,0,0.37,0.26,0.72,0.43,0,0.28,0.91,0.57,0.6,0.52,0.02,0,0.44,0.58,0.37,0.46,0,0,0.43,0,0,0.12,0,0.27,0.58,0.75,0,0,0.76,0.21,0.11,0.85,0.89,0.68,0.17,0.51,0.85,0,0.46,0,0.25,0
F0758,0.98,0.36,0.24,0,0,0.64,0,0.37,0.21,0.81,0,0.76,0.08,0,0.16,0,0,0.35,0,0.21,0.97,0,0.7,0.68,0,0,0,0,0.15,0,0.87,0,0.6,0.47,0,0,0.95,0.27,0.8,0,0,0.31,0,0.58,0,0.78,0.66,0.43,0.89,0.01,0.56,0.27,0.15,0.43,0.44,0.18,0.93,0.29,0.85,0.05
F0759,0.54,0,0,0.65,0.07,0.34,0,0.52,0.47,0,0,0,0,0.06,0.78,0.2,0.94,0.37,0.47,0,0.72,0,0.71,0.71,0.54,0,0.86,0,0,0,0,0.07,0,0.65,0,0,0.2,0,0.73,0.94,0,1,0.17,0,0.18,0.32,0,0.78,0,0.32,0.82,0.35,0.91,0.16,0.75,0.26,0,0.22,0,0
F0760,0.19,0,0,0,0.04,0.99,0.69,0.23,0.37,0.4,0.48,0,0,0.96,0.04,0.42,0.93,0,0.86,0.24,0,0.64,0,0,0.7,0.07,0.57,0.44,0.45,0.59,0,0,0.78,0.92,0.47,0,0.64,0.08,0,0.17,0,0.41,0,0.36,0.06,0,0,0.99,0.07,0,0,0.99,0.74,0,0.62,0,0.25,0.64,0.27,0.81
F0761,0.09,0,0,0.57,0.81,0.76,0.61,0.63,0.5,0.97,0.37,0,0.45,0.01,0.19,0,0.03,0,0,0.81,0.85,0.13,0,0,0.59,0.14,0,0.81,0.3,0.4,0.77,0,0,0.7,0.32,0.89,0.43,0,0.66,0.8,0,0.47,0,0.7,0,0,0,0,0,0,0,0.1,0,0.35,0.18,0,0,0,0.49,0.05
F0762,0.8,0.16,0,0,0.8,0.2,0.21,0,0.66,0.31,0.04,0.14,0.3,0,0.33,0,0.24,0.9,0,0.67,0.2,0.39,0,0.15,0.73,0.89,0.71,0,0.07,0,0,0.36,0.92,0,0,0,0.57,0.51,0.92,0,0.72,0,0.03,0.48,0.29,0,0.34,0.15,0.39,0.47,0.81,0.74,0.07,0,0.83,0.87,0,0.25,0,0.61
F0763,0,0.54,0.03,0.99,0,0,0.5,0,0.06,0.55,0.61,0,0.92,0,0.96,0.12,0,0,0,0.97,0,0,0.86,0,0,0.17,0,0,0,0.96,0.75,0,0.4,0.68,0.28,0.8,0,0,0,0,0.42,0,0,0,0,0,0.66,0.46,0,0.68,0,0,0.75,0.65,0.12,0.06,0,0.38,0.5,0.35
F0764,0,0.53,0.85,0,0.35,0.16,0.25,0,0.6,0.32,0,0,0,0.97,0.12,0,0,0.7,0.02,0.3,0.51,0,0,0,0,0.66,0.97,0.03,0.88,0,0.5,0.83,0,0,0.21,0,0.73,0.66,0.39,0.98,0.54,0.21,0.83,0.01,0.53,0.54,0,0,0.94,0.9,0,0.47,0.15,0,0.9,0.8,0,0.88,0.84,0
F0765,0.54,0.06,0.5,0.11,0,0.79,0.68,0.05,0.54,0.2,0,0.91,0.28,0,0.29,0.96,0.92,0.34,0.23,0.91,0,0.38,0.46,0,0,0,0,0,0.74,0.41,0,0.23,0.15,0.62,0,0.94,0,0.2,0.94,0.52,0.67,0.07,0,0,0.61,0.19,0.5,0.4,0.58,0.81,0.37,0.78,0.05,0,0.08,0,0.65,0.37,0.05,0.72
F0766,0.77,0.54,0.14,0.14,0.83,0.37,0,0.21,0.5,0,0.72,0.13,0.42,0,0,0,0,0.26,0,0.72,0,0.44,0,0.9,0.07,0,0,0.16,0.69,0.13,0.83,0.43,0.22,0,0.42,0.37,0.45,0.92,0.55,0,0,0.09,0,0.47,0,0.86,0.21,0,0.21,0,0.88,0,0.75,0,0.77,0.69,0,0.49,0.06,0.65
F0767,0.21,0,0,0.53,0.95,0,0.61,0.91,0.06,0.09,0,0.54,0.58,0.88,0.83,0.41,0,0,0.87,0.54,0.35,0.97,0.78,0.63,0,0,0,0.72,0,0.58,0.97,0.48,0.58,0,0,0,0,0,0,0.41,0,0.19,0.45,0.22,0.1,0.26,0,0.64,0.62,0,0,0.43,0.09,0.56,0,0.89,0.42,0,0,0.37
F0768,0.1,0.27,0,0.44,0.44,0,0,0.15,0.38,0.06,0.99,0.01,0.76,0.52,0.44,0,0,0,0.04,0.69,0.96,0,0.79,0,0.8,0.53,0,0,0,0.83,0.56,0.32,0.88,0,0.13,0,0.08,0,0.69,0,0,0.88,0.15,0,0.61,0.95,0.29,0.19,0.66,0.56,0.88,0.27,0.63,0,0.61,0.68,0,0,0,0.16
F0769,0.82,0.34,0,0,0,0.96,0.05,0,0.45,0.16,0.61,0.22,0,0.34,0.2,0,0,0.19,0,0.75,0.61,0,0.58,0.54,0,0,0,0.23,0.32,0.17,0.1,0.43,0,0.04,0.55,0,0.92,0,0.27,0.85,0.84,0.3,0.04,0.35,0.56,0.11,0.57,0,0,0.76,0.84,0,0.35,0,0.9,0,0.97,0,0,0.33
F0770,0.99,0,0.3,0,0.91,0,0.39,0,0.32,0,0.4,0,0,0,0,0.86,0.65,0,0.46,0,0.79,0,0.73,0.14,1,0.51,0,0,0.31,0,0,0.27,0.08,0.45,0.45,0.84,0.76,0.82,0.83,0,0.39,0,0.72,0,0.65,0.09,0,0,0.53,0.58,0.83,0,0.4,0.01,0.08,0.33,0,0.61,0,0
F0771,0.84,0,0.29,0.23,0.28,0.88,0.82,0.9,0.7,0.59,0,0.11,0.3,0.06,0,0,0,0.54,0,0.14,0,0,0.71,0,0,0,0,0.67,0,0.62,0.32,0,0.25,0.38,0.34,0.73,0,0.43,0.57,0.15,0.73,0,0,0.23,0.36,0,0.19,0.08,0.53,0,0.35,0,0,0.37,0,0.72,0,0,0.21,0.77
F0772,0.62,0,0,0,0,0.08,0,0.21,0,0.05,0,0,0,0,0,0.52,0,0,0,0.36,0.97,0.79,0,0.81,0.32,0.85,0.04,0,0,0,0.09,0.42,0.09,0.64,0.13,0,0,0,0,0,0,0.02,0,0,0.35,0.65,0.12,0.4,0,0,0,0.3,0,0,0,0.31,0.75,0.8,0.28,0.73
F0773,0.94,0.27,0,0,0.03,0,0.94,0.31,0.54,0.8,0,0.92,0.32,0.89,0.39,0.91,0.03,0.04,0.23,0,0.45,0.29,0.45,0.26,0.39,0,0.63,0.12,0,0,0.87,0.6,0.54,0,0.81,0,0.5,0.94,0.33,0,0,0,0,0,0.46,0,0,0.86,0.97,0.61,0.35,0.78,0.61,0,0.13,0,0.12,0.36,0.19,0
F0774,0.32,0.43,0.74,0.31,0,0.53,0,0,0.29,0,0,0,0,0.36,0.04,0,0.14,0.69,0,0.78,0.67,0.31,0,0.14,0,0,0.05,0,0.6,0,0,0.08,0.07,0.08,0.67,0.22,0.87,0,0.62,0,0,0.4,0.71,0.09,0,0,0.18,0.16,0.17,0,0.44,0.12,0.53,0,0.83,0,0,0,0.49,0.13
F0775,0.98,0,0,0.43,0.4,0.38,0,0.14,0,0.51,0.88,0,0.58,0.53,0.15,0,0.26,0,0.83,0.18,0,0,0,0.89,0.15,0.36,0.25,0.47,0,0,0,0,0.34,0.43,0.36,0.25,0.25,0,0,0,0,0,0,0.32,0,0,0.23,0.79,0.51,0.14,0.32,0.36,0.73,0.98,0.26,0.97,0,0.61,0.12,0
F0776,0.13,0,0.77,0.99,0,0,0,0.22,0,0.6,0,0.31,0.87,0.7,0.37,0.55,0.6,0,0.48,0.24,0.21,0.94,0.05,0.99,0,0.65,0,0,0,0.84,0.07,0.58,0.31,0.67,0,0,0.83,0.78,0.09,0.6,0.12,0.03,0.59,0.56,0,0.84,0,0.79,0.04,0.25,0.76,0.8,0,0,0.77,0.74,0,0.69,0.6,0.78
F0777,0,0,0.54,0.08,0,0.53,0.87,0.15,0.17,0.33,0,0.31,0.74,0,0.87,0.33,0.32,0.02,0.95,0.94,0,0.01,0,0,0,0.98,0.7,0.18,0,0.89,0.89,0.04,0.84,0,0.53,0,0,0.94,0.77,0.16,0.15,0.88,0.77,0.1,0.65,0.31,0.17,0,0,0.08,0.76,0.24,0,0,0.1,0,0.28,0.19,0.78,0.55
F0778,0.07,0.81,0.88,0.38,0.63,0.21,0.09,0.94,0,0.84,0.38,0.97,0,0,0.41,0.51,0.04,0.09,0.46,0.33,0.47,0.03,0.41,0,0.31,0,0.31,0.56,0,0,0,0.18,0.34,0,0.8,0.88,0.03,0.07,0.35,0.32,0,0.61,0,0.03,0.13,0.76,0,0.36,0,0,0,0.81,0,0.33,0.49,0.61,0,0.54,0,0.02
F0779,0,0,0.97,0,0,0.15,0,0.36,0.51,0.8,0.17,0.39,0.76,0,0,0.54,0,0.98,0.37,0.18,0.3,0.18,0,0,0.75,0.54,0.25,0,0,0.71,0,0.79,0.89,0.26,0.64,0,0.55,0.99,0.92,0.54,0.49,0,0.85,0,0.65,0.07,0,0.44,0.99,0,0.35,0.72,0,0.88,0.89,0.88,0.39,0,0.27,0.62
F0780,0.04,0.87,0.73,0.06,0.4,0,0,0.65,0,0.68,0.76,0,0.1,0.54,0.95,0,0.77,0,0.81,0,0.92,0,0,0.48,0.66,0,0.35,0,0,0,0.4,0.93,0,0.04,0.21,0.53,0.07,0,0.86,0.27,0,0,0.61,0.92,0.02,0,0.32,0,0.96,1,0,0,0,0.33,0.26,0.55,0,0.62,0.76,0.54
F0781,0,0,0.73,0.78,0.34,0.36,0.41,0.1,0,0.14,0.78,0.27,0.54,0.46,0.31,0.19,0.79,0.47,0.43,0.45,0.89,0,0.33,0.8,0,0.13,0.48,0.01,0,0,0.43,0.91,0.73,0.35,0,0.56,0,0,0.1,0.88,0,0,0.41,0.49,0.55,0.12,0,0.78,0.69,0.52,0.36,0.71,0.43,0,0.77,0.06,0,0.55,0.57,0.82
F0782,0,0.02,0.49,0,0.93,0,0.65,0,0,0,0.27,0.5,0.12,0,0.5,0.13,0.49,0,0.06,0.3,0,0,0.59,0.84,0,0.92,0,0.7,0.42,0.49,0,0.24,0.07,0.55,0.97,0.13,0.7,0,0.42,0.87,0.11,0,0.37,0,0.89,0.81,0,0.93,0.33,0.46,0,0,0,0.3,0.91,0.46,0.81,0,0.54,0
F0783,0.24,0,0.13,0.22,0.93,0.46,0.64,0,0.27,0.56,0.88,0,0.15,0.54,1,0.68,0,0,0.55,0,0.48,0,0.99,0.74,0.72,0.53,0,0,0,0,0,0.24,0.68,0.21,0,0.16,0,0.59,0.62,0.39,0,0.52,0.16,0,0,0.57,0,0.49,0.69,0.45,0,0,0.31,0,0.12,0.2,0,0.61,0,0
F0784,0.52,0,0.94,0.83,0.36,0.62,0.74,0,0,0.77,0.78,0.09,0.87,0,0.88,0.77,0,0.24,0.22,0,0.82,0.72,0.22,0,0.87,0.1,0.9,0.95,0.35,0.15,0.73,0,0.81,0.03,0,0,0.22,0.37,0,0.5,0,0.58,0.4,0.56,0.42,0.65,0.98,0,0,0,0.26,0,0.21,0.25,0,0.18,0.2,0.75,0,0
F0785,0.96,0,0.46,0.51,0.95,0.97,0.27,0.52,0,0.22,0.7,0.38,0.99,0.4,0.97,0,0.81,0,0.86,0,0,0.58,0.14,0.43,0.96,0,0,0.99,0.69,0.77,0.71,0.86,0.69,0.33,0.97,0.94,0.56,0.96,0,0.25,0.59,0.91,0.59,0.08,0.23,0.04,0,0.88,0.37,0.09,0.49,0,0,0.57,0,0,0.18,0.07,0.55,0.3
F0786,0.87,0.04,0.34,0.23,1,0.15,0,0.55,0.79,0.51,0,0.67,0,0,0.89,0,0.28,0.78,0.31,0.11,0.5,0.14,0,0.58,0.6,0.39,0,0,0.65,0,0.72,0,0.42,0.65,0.93,0.34,0.99,0.75,0,0.96,0.94,0,0.04,0.2,0,0.74,0,0,0.15,0.91,0.05,0.9,0.34,0.64,0,0.86,0.14,0.92,0,0.31
F0787,0.46,0.22,0.62,0,0.53,0.15,0.45,0.64,0.37,0.74,0.66,0.35,0.12,0.04,0,0,0.09,0.14,0.43,0.67,0,0.52,0,0,0.29,0,0.23,0.19,0.9,0.2,0.19,0.98,0,0.06,0,0.52,0,0.29,0.83,0.71,0,0,0.85,0.24,0.03,0,0,0,0.37,0,0.82,0,0.5,0.85,0.1,0.04,0.76,0.44,0.03,0.56
F0788,0.64,0,0.47,0,0.49,0.47,0.97,0,0.21,0,0.9,0.94,0.25,0.47,0.88,0.81,0.62,0,0,0.88,0.49,0.47,0.14,0.47,0.13,0.92,0.43,0.22,0.08,0.99,0.74,0.77,0,0.67,0.9,0,0,0.14,0,0.19,0,0.63,0.63,0.63,0.97,0.39,0,0,0.36,0,0.72,0.89,0.7,0,0,0.07,0,0.53,0.74,0
F0789,0.53,0.26,0.03,0.33,0.97,0.35,0,0,0.42,0,0.76,0.15,0.12,0,0.72,0.72,0.27,0.97,0.73,0,0,0.52,0.46,0,0,0,0.96,0.76,0.31,0.34,0.21,0,0.38,0.56,0,0.89,0,0.76,0,0.94,0.73,0.19,0.76,0.99,0,0.57,0,0,0.66,0,0,0,0.28,0,0.42,0.07,0.24,0,0.5,0.54
F0790,0,0.56,0,0,0.21,0.61,0.93,0,0.24,0,0,0.77,0.05,0,0.94,0,0.82,0,0.77,0.42,0,0.21,0.67,0,0,0.41,0.96,0,0.97,0,0.68,0,0.64,0.22,0,0.82,0.74,0.95,0.09,0,0.38,0.32,0.97,0.49,0.24,0.03,0.66,0,0.11,0,0.75,0,0,0.57,0,0,0.87,0.66,0,0
F0791,0,0,0,0,0.5,0.82,0.72,0,0.93,0.74,0.8,0,0.84,0.74,0,0,0.14,0.79,0.81,0.83,0.34,0.35,0.44,0.67,0.06,0.92,0,0,0.45,0.56,0,0.04,0.91,0,0.33,0,0.33,0.21,0,0,0.38,0,0,0.87,0,0.06,0.16,0,0.21,0.03,0.78,0.5,0.74,0.17,0,0.98,0.05,0.02,0.27,0.98
F0792,0,0.67,0.77,0.25,0.44,0.21,0.37,0,0.46,0.92,0.94,0.68,0.21,0.29,0.19,0,0,0,0.84,0,0.61,0,0,0,0.54,0.97,0,0.84,0,0,0,0.17,0.49,0,0.74,0.54,0,0,0,0.56,0,0,0,0,0.97,0,0.56,0,0.76,0.65,0,0,0.26,0.99,0.49,0.2,0.73,0.09,0.25,0.62
F0793,0.92,0,0,0.21,0.82,0.08,0.34,0.68,0.63,0.14,0.88,0.18,0,0.91,0,0.25,0,0.49,0.49,0.04,0.9,0,0.85,0.47,0.61,0,0,0.59,0.47,0.9,0.02,0.97,0.16,0,0,0.94,0,0,0,0.18,0.89,0.07,0.16,0.85,0.88,0.14,0.05,0,0.59,0,0,0.04,0.59,0,0,0,0.3,0.24,0.89,0.5
F0794,0.93,0,0.36,0.91,0.76,0.22,0.27,0.77,0.63,0.96,0.02,0,0.65,0,0,0.66,0,0.89,0.2,0.9,0,0.82,0,0.73,0,0.28,0,0.26,0.21,0.54,0,0.38,0.37,0.5,0.35,0.63,0.71,0.56,0,0.99,0.73,0,0,0.93,0,0.91,0.29,0.04,0.14,0,0.8,0,0.65,0,0,0,0.23,0.93,0,0.62
F0795,0.38,0.26,0.97,0.09,0,0.98,0.49,0,0.7,0.63,0.79,0,0,0.52,0.28,0.47,0.1,0.86,0.72,0,0,0.27,0.25,0.44,0.78,0,0,0.95,0.26,0.05,0.81,0,0.56,0.35,0.54,0,0.91,0.95,0.57,0,0,0.12,0.99,0.82,0.37,0.63,0.08,0.71,0,0.34,0.9,0.9,0.23,0,0.33,0.25,0.17,0.07,0.29,0.67
F0796,0,0.07,0.75,0,0,0,0.87,0.64,0.54,0.94,0,0,0,0.23,0.45,0.48,0.19,0.94,0.33,0,0.15,0,0.25,0,1,0.58,0,0.8,0.53,0,0,0,0.07,0.11,0,0.05,0,0.81,0,0.96,0,0.11,0,0.54,0.06,0.83,0.65,0,0,0.26,0.68,0,0.02,0,0.34,0,0.91,0,0,0.41
F0797,0,0.23,0,0,0,0.33,0.42,0,0,0.53,0,0.69,0,0.49,0.12,0,0,0.71,0.73,0,0.55,0,0.32,0.25,0.11,0,0.2,0.85,0,0.39,0.29,0,0,0,0.73,0,0.81,0.36,0.85,0.11,0.64,0.76,0,0,0,0.12,0.64,0.56,0.72,0.54,0.03,0.87,0,0,0.06,0.57,0.71,0.9,0,0
F0798,0.97,0.07,0,0.5,0.84,0.3,0.34,0,0.54,0,0.58,0,0,0.76,0.09,0.15,0.24,0.44,0,0,0,0,0,0.98,0,0,0,0.86,0.02,0.63,0.26,0,0.45,0,0,0.87,0.52,0,0.65,0,0.56,0.53,0,0.72,0.67,0,0.95,0.95,0.54,0,0.99,0.47,0.84,0.29,0.35,0,0,0,0,0.14
F0799,0.67,0.53,0.67,0.86,0,0,0.28,0.23,0.52,0,0.01,0.25,0.7,0,0.01,0.29,0.77,0.42,0.62,0.97,0.54,0.3,0.93,0,0.32,0.81,0.88,0.02,0,0,0.49,0.53,0.74,0,0,0.68,0.08,0.3,0,0.98,0,0.01,0,0.42,0.16,0.26,0.94,0.22,0,0.96,0.53,0,0,0.92,0.16,0.68,0.99,0.78,0.27,0.55
F0800,0,0,0.23,0.44,0,0.85,0,0.84,0.46,0.04,0,0,0,0,0,0.34,0.33,0.78,0.13,0.14,0.09,0.62,0,0.99,0.52,0.8,0.22,0,0.18,0,0.38,0.74,0.81,0.05,0,0,0,0.87,0.22,0.84,0.27,0.63,0.24,0.44,0.61,0.67,0.22,0,0.14,0.04,0,0.47,0.71,0.6,0.15,0.9,0.87,0.4,0.14,0.78
F0801,0.95,0.56,0,0.13,0.36,0.58,0.75,0.4,0.47,0.07,0,0,0.06,0.56,0.28,0.54,0.93,0.33,0.58,0.22,0.42,0,0,0,0,0.9,0,0.48,0,0,0.47,0.8,0.96,0.84,0,0.87,0,0.15,0,0.6,0.21,0.44,0.31,0.4,0.52,0,0.64,0.31,0,0.96,0,0.95,0.92,0,0.67,0,0.97,0.97,0.2,0.21
F0802,0.01,0.64,0,0.92,0.04,0.17,0.29,0.7,0.02,0.07,0.18,0.75,0,0,0.54,0.94,0.89,0.87,0.76,0,0,0,0,0.44,0,0.73,0.47,0.05,0.21,0.28,0.98,0,0.68,0.87,0.54,0.66,0.04,0,0.52,0,0.85,0.32,0.45,0,0.67,0,0,0,0,0.67,0.76,0.73,0,0.44,0,0,0,0,0.89,0.61
F0803,0,0.42,0.91,0,0,0.91,0.94,0,0,0,0,0,0,0.9,0.94,0,0.47,0.45,0,0.82,0.82,0,0.16,0,0,0.39,0.44,0.6,0,0,0.34,0,0,0,0.36,0.6,0,0.02,0.16,0,0.04,0.51,0.48,0,0.28,0.03,0,0,0.34,0,0.43,0,0,0.51,0.34,0.17,0,0.28,0.93,0
F0804,0,0.24,0.58,0.48,0.72,0.09,0.42,0,0,0,0,0.36,0.7,0.33,0.94,0,0,0,0,0.07,0,0.51,0.5,0,0,0.13,0.58,0.28,0.93,0.16,0.12,0,0.47,0,0.04,0.48,0.89,0,0.68,0.78,0,0.14,0.41,0,0.27,0.93,0.39,0,0.57,0.38,0.83,0,0.63,0.95,0,0.19,0.06,0.09,0.08,0
F0805,0,0.31,0.16,0.17,0.68,0,0.62,0.64,0.94,0.95,0.97,0.77,0,0,0,0,0.95,0,0.32,0.56,0.58,0.09,0,0,0.26,0.99,0.57,0.65,0.99,0.03,0.38,0.22,0,0.1,0,0.38,0,0,0,0,0.44,0.56,0.04,0,0.82,0,0.85,0,0,0.65,0.87,0,0.63,0,0.36,0.02,0.19,0,0.77,0.42
F0806,0.59,0.09,0.25,0,0.55,0.73,0,0.61,0.86,0.4,0,0.69,0.2,0.45,0.07,0.45,0.65,0.86,0.77,0.65,0,0.53,0.05,0.18,0.88,0.84,0.67,0.4,0.7,0.47,0.92,0.51,0.93,0,0,0.59,0.41,0.58,0,0.26,0.82,0.24,0,0.88,0.3,0.73,0,0.23,0.65,0.93,0,0,0.51,0.73,0.79,0.36,0.13,0,0,0.65
F0807,0,0.8,0,0.13,0.82,0.98,0,0,0,0.12,0,0,0,0.61,0.25,0,0,0.87,0.54,0.43,0.13,0.94,0.17,0,0,0,0.17,0.35,0,0,0.31,0.77,0.22,0.19,0.39,0.58,0,0.58,0,0.87,0.69,0.31,0.06,0.5,0.71,0.65,0.21,0,0,0.28,0,0.02,0.77,0.02,0,0.03,0,0,0,0.74
F0808,0.05,0.76,0.92,0.6,0,0.53,0.86,0.13,0,0.21,0.31,0.51,0,0.43,0,0.89,0,0,0.99,0.41,0.39,0.59,0.99,0.97,0.21,0.54,0.55,0.77,0,0,0.74,0.03,0.87,0.54,0.21,0.06,0.74,0,0,0,0.41,0.12,0,0,0.82,0,0.22,0.95,0,0.16,0,0.92,0,0.43,0.75,0,0.72,0.4,0.36,0.22
F0809,0.61,0.18,0,0.5,0.06,0.03,0,0.24,0.42,0,0,0.98,0.05,0.18,0.85,0,0.05,0.61,0.79,0,0.56,0,0,0.44,0,0.88,0.8,0,0.19,0.64,0,0.48,0,0.08,0.68,0.63,0.04,0.11,0.71,0.51,0.07,0.48,0.05,0.32,0.68,0.32,0.28,0,0.96,0.24,0.3,1,0.87,0.89,0,0.31,0.15,0.31,0,0
F0810,0,0,0,0.21,0,0,0.07,0,0.71,0.11,0,0,0.94,0,0.64,0,0.18,0,0.9,0.53,0.44,0.76,0,0.13,0.65,0.6,0,0,0.47,0.24,0.45,0,0,0.72,0,0.5,0.13,0,0.62,0.9,0.29,0,0,0.81,0.97,0,0,0,0.2,0.87,0.11,0,0.2,0.25,0,0,0.1,0.41,0,0.15
F0811,0,0,0,0.64,0.72,0.93,0.46,0.02,0.94,0.7,0.45,0.98,0.31,0.64,0,0,0.65,0,0.2,0,0.63,0.29,0,0,0.98,0,0.54,0.79,0.23,0.33,0.41,0,0.45,0,0,0,0.37,0,0.48,0.02,0,0.86,0,0,0,0.83,0.44,0.69,0.96,0.42,0.39,0.5,0,0,0,0.31,0.01,0.22,0,0.32
F0812,0.26,0.39,0,0.65,0.92,0,0.12,0,0.94,0.43,0.58,0.03,0,0.64,0,0.25,0.15,0.48,0.64,0.29,0.2,0,0.47,0.12,0.34,0,0.64,0.29,0.31,0.57,0,0,0,0.71,0.87,0.11,0,0.85,0.21,0,0.04,0.39,0.78,0,0.5,0.13,0.12,0.47,0.03,0,0.65,0,0.29,0.9,0.73,0.32,0,0.59,0.71,0.39
F0813,0,0.55,0.6,0.94,0.95,0.52,0.23,0,0,0,0,0.87,0.26,0.02,0.65,0.67,0,0,0,0,0,0,0.83,0.89,0.46,0.24,0.8,0,0,0.05,0.68,0,0.71,0.29,0,0.86,0,0.65,0,0.26,0.67,0.54,0,0.29,0.68,0.45,0,0,0,0,0,0.63,0,0.44,0.12,0.9,0.49,0.36,0,0
F0814,0,0.79,0,0.14,0.42,0.92,0.64,0,0.58,0,0,0.35,0.27,0.4,0,0.07,0.29,0,0,0,0.55,0,0,0.28,0.67,0,0.04,0,0,0.32,0.05,0.09,0.05,0.03,0,0.63,0.76,0.92,0.74,0,0,0.03,0.98,0.76,0.75,0,0,0.42,0.95,0.7,0.05,0,0,0,0.43,0.04,0.79,0.91,0,0.12
F0815,0.33,0.48,0.94,0.6,0,0.82,0,0,0,0.52,0.33,0.03,0.2,0.81,0.69,0,0,0.24,0.38,0,0,0.36,0.1,0.23,0.24,0.42,0.73,0.76,0.35,0.22,0.88,0,0,0.09,0,0.73,0,0.68,0,0.51,0.74,0,0,0.43,0.78,0.06,0.08,0.34,0.12,0,0.74,0,0,0.94,0,0,0.49,0.73,0.5,0
F0816,0,0,0.4,0.13,0.49,0.51,0,0,0.68,0,0,0.1,0,0.08,0,0.75,0.74,0.54,0.16,0.24,0,0.16,0.59,0,0.15,0.29,0.79,0.08,0.8,0.85,0.97,0,0.28,0,0,0,0.33,0.29,0.05,0.43,0,0,0.25,0.58,0,0.14,0.67,0.83,0.51,0,0.11,0.92,0.57,0,0.26,0.51,0,0,0,0
F0817,0.95,0,0.69,0.07,0.77,0.54,0.34,0.07,0.96,0.94,0,0.4,0.28,0,0,0,0,0,0.27,0,0,0,0,0,0,0,0,0.31,0,0.06,0.93,0,0,0,0.18,0.53,0.91,0,0.35,0.63,0.3,0.63,0,0,0,0.73,0,0,0.56,0,0.46,0.37,0.32,0,0,0.94,0,0.14,0.76,0.72
F0818,0,0,0,0,0,0.52,0,0.78,0.65,0.99,0.18,0,0,0,0.56,0.78,0.12,0.09,0,0.33,0,0,0.04,0.49,0,0,0,0.75,0.26,0.68,0,0,0.23,0.94,0.94,0,0.32,0.88,0.43,0.6,0.42,0,0.58,0.96,0.49,0.83,0.11,0.78,0.62,0.06,0,0.01,0,0,0,0.07,0.21,0,0.85,0.96
F0819,0,0.79,0.56,0.63,0.85,0,0.06,0.21,0.3,0,0.41,0,0,0,0,0,0,0.59,0,0.69,0.8,0.1,0,0.59,0.39,0.85,0.5,0.39,0.16,0,0.48,0,0,0.11,0.17,0.54,0,0.65,0.11,0,0.95,0.48,0.28,0,0.25,0.58,0,0,0,0.82,0.68,0,0.3,0.65,0.92,0.38,0,0,0.99,0
F0820,0,0,0.65,0,0,0.21,0,0,0,0.08,0,0.15,0.56,0.54,0,0,0.43,0.87,0.52,0.46,0.43,0,0.82,0.19,0,0.08,0,0.97,0,0.2,0.86,0.7,0.65,0,0.65,0.24,0.96,0.08,0,0.63,0.65,0,0.14,0.28,0.51,0,0,0.7,0.22,0.25,0.13,0.42,0.07,0.3,0.49,0,0.2,0.37,0.91,0.93
F0821,0,0.07,0.71,0.14,0.89,0.36,0,0,0,0,0.78,0,0.85,0,0.42,0.79,0.8,0.87,0,0.46,0,0.58,0.76,0.2,0,0,0,0.9,0.47,0.91,0.41,0,0.04,0,0.61,0.58,0,0.63,0.14,0.52,0.61,0,0.44,0.92,0,0,0.19,0,0,0,0,0.86,0,0,0,0,0.57,0.1,0,0.52
F0822,0.08,0.31,0.03,0,0.77,0.02,0,0,0.85,0.14,0.65,0.13,0.99,0.39,0.31,0.39,0.42,0.4,0.4,0,0.83,0,0,0.18,0.98,0,0.89,0,0.3,0.03,0.13,0,0.38,0.62,0.77,0,0.65,0,0,0,0.31,0,0.27,0.29,0,0,0.49,0.99,0.84,0,0,0,0.59,0.56,0,0,0.57,0.91,0.1,0.87
F0823,0.72,0.3,0.45,0.59,0.71,0.7,0.08,0.86,0,0.08,0.77,0,0.35,0.7,0,0.65,0.82,0.5,0.66,0,0.59,0.79,0,0.5,0.91,0.27,0.83,0,0,0,0,0,0.5,0,0.14,0.22,0.98,0.31,0.76,0.76,0,0.49,0,0,0.95,0,0.05,0.34,0.39,0.43,0.47,0,0,0.86,0.88,0,0.51,0.85,0.93,0.51
F0824,0.57,0.96,0.52,0,0.26,0,0.61,0.21,0,0,0.15,0.33,0.8,0,0,0,0,0.12,0,0.14,0,0.49,0.18,0.78,0.97,0.85,0,0.16,0,0,0,0,0.03,0.59,0.94,0.93,0.25,0.13,0.5,0,0,0.09,0.36,0.03,0.97,0,0.37,0,0,0.43,0,0.47,0.24,0.31,0.61,0.17,0,0.66,0.83,0.46
F0825,0,0.62,0.19,0.55,0.24,0,0.75,0.19,0.48,0.7,0,0.9,0,0.98,0,0.94,0.21,0.94,0.53,0.05,0,0,0.97,0.4,0.57,0.48,0.97,0.69,0.33,0.72,0.11,0.57,0,0.72,0.62,0.23,0.91,0.17,0,0.8,0.2,0.74,0.78,0.11,0.23,0.86,0.67,0.53,0.05,0.37,0.92,0.41,0,0.22,0,0.95,0.67,0.09,0.69,0.21
F0826,0.71,0.33,0.49,0.73,0.54,0.3,0.91,0,0.8,0.31,0,0.26,0.24,0,0.84,0.06,0,0.97,0,0,0,0.35,0.35,0.34,0.61,0.4,0.16,0,0,0.42,0.08,0,0,0.03,0.93,0,0.71,0.48,0.24,0.65,0.35,0.65,0.63,0.99,0,0.03,0.21,0.51,0.76,0,0.35,0.06,0,1,0.54,0,0.53,0,0,0
F0827,0.43,0,0.72,0.23,0.31,0.58,0.29,0.86,0.2,0,0,0.39,0,0.86,0.46,0.93,0.88,0.68,0.35,0,0,0.68,0.53,0,0.35,0.35,0.07,0.83,0.12,0.15,0.48,0.67,0.39,0,0.44,0.04,0.98,0.52,0,0,0.66,0,0,0,0,0.38,0,0.1,0.88,0.78,0.6,0.66,0.66,0.52,0.57,0,0.24,0,0.85,0
F0828,0.72,0,0.16,0,0,0,0,0.08,0.77,0,0.49,0,0.74,0.11,0,0.13,0.09,0,0.6,0,0,0,0.5,0,0,0,0.1,0.81,0.6,0.64,0,0.96,0.02,0.51,0,0.29,0.11,0.58,0,0.14,0.64,0.44,0,0,0.93,0,0,0,0,0,0,0,0,0.65,0.11,0.53,0.1,0,0,0.98
F0829,0.46,0.27,0.53,0.57,0,0.17,0.67,0,0.5,0,0.28,0,0.5,0.17,0,0.92,0.98,0.49,0,0.98,0.64,0.62,0,0.02,0,0.42,0,0,0.99,0,0.79,0.89,0.89,0,0,0.92,0.75,0.39,0.28,0.37,0,0.37,0.87,0,0.31,0,0,0,0.38,0.29,0.37,0.36,0,0.41,0.29,0,0.59,0,0.3,0
F0830,0.88,0.7,0.36,0.34,0,0.3,0.74,0,0.34,0,0,0.62,0.88,0.8,0.51,0.29,0,0,0.16,0,0.03,0.37,0.31,0,0.35,0.55,0,0.04,0.35,0.91,0,0,0,0,0,0,0.52,0.21,0.92,0.71,0,0,0,0.71,0,0.49,0,0.97,0.35,0,0.47,0.59,0,0,0.66,0,0.19,0.46,0,0
F0831,0.97,0.88,0.85,0,0.39,0.69,0,0,0.23,0.45,0.97,0,0.02,0.84,0.52,0.08,0,0,0.63,0.87,0,0,0.21,0,0.17,0,0.24,0.33,0.71,0,0.82,0,0.82,0.15,0.77,0.94,0.34,0.4,0.06,0.76,0.73,0.34,0.87,0,0,0.8,0,0.18,0.8,0,0,0.7,0,0.51,0.21,0,0.39,0.83,0,0
F0832,0,0,0,0.18,0,0.88,0.14,0,0.94,0,0.62,0,0.41,0,0.18,0.94,0.73,0.56,0.49,0.92,0.39,0.49,0,0.72,0.6,0.02,0.31,0,0.81,0.17,0,0.76,0.15,0,0.84,0.97,0.07,0.99,0.26,0,0.81,0.22,0.36,0,0,0.24,0,0.01,0,0.19,0,0.89,0.52,0,0.57,0,1,0.49,0.67,0.1
F0833,0.4,0.92,0.43,0,0.42,0,0.74,0.22,0.94,1,0.26,0,0.94,0.61,0,0.64,0,0.16,0.08,0.15,0.71,0,0.23,0.32,0,0,0.66,0.52,0,0.13,0,0.56,0,0.72,0.36,0.34,0.7,0.23,0,0.57,0.16,0.94,0.72,0.21,0.64,0.04,0,0.06,0,0.71,0,0,0,0,0.5,0.53,0.74,0.29,0.43,0.53
F0834,0.52,0,0.99,0,0.33,0.48,0.6,0,0.4,0.98,0.31,0.6,0.61,0.85,0.57,0,0.46,0.16,0,0.11,0,0,0,0.43,0.16,0,0.28,0.15,0.91,0.7,0,0.68,0,0,0,0.38,0.33,0.52,0.75,0.62,0.13,0,0.64,0,0.34,0,0,0.29,0,0.76,0,0,0,0,0.23,0.52,0,0,0,0.52
F0835,0.26,0.21,0,0.85,0,0.91,0.31,0,0.36,0.13,0.69,0,0.07,0.2,0.55,0.48,0,0.93,0,0.06,0.77,0.17,0,0.62,0.55,0.35,0,0.83,0.04,0.01,0.44,0.33,0,0.91,0,0.29,0.99,0.57,0,0.28,0,0.48,0,0,0,0.43,0.36,0,0.84,0,0,0,0.87,0,0.82,0,0.61,0.85,0.29,0
F0836,0,0,0,0,0.29,0.66,0.4,0.97,0.73,0.28,0.84,0.12,0,0,0.05,0.62,0,0.08,0.74,0.63,0.94,0,0,0.54,0.18,0.6,0.67,0,0.96,0.97,0,0.31,0.12,0,0.79,0.64,0.06,0.47,0.65,0,0,0,0.31,0.43,0.92,0.35,0.36,0,0,0,0,0.47,0.69,0.27,0,0.96,0,0,0.73,0
F0837,0.09,0,0.44,0.27,0.37,0.68,0.94,0.57,0,0,0,0,0.61,0,0,0.49,0,0.89,0.22,0.6,0,0.76,0.84,0.85,0.82,0.25,0,0.92,0.84,0.56,0.02,0,0.22,0,0,0,0,0.51,0.91,0,0.85,0,0.24,0.54,0,0.66,0.53,0.85,0.27,0,0.52,0.14,0,0,0.94,0,0.86,0,0.09,0.86
F0838,0.73,0.5,0,0.29,0.8,0.7,0.37,0,0.25,0,0.45,0,0.85,0.21,0.13,0,0.59,0.87,0.72,0.17,0.78,0.68,0.44,0.05,0.94,0.87,0.11,0.93,0.02,0.28,0,0,0,0.83,0,0.16,0.19,0,0,0,0.31,0,0.31,0,0,0,0.72,0.09,0,0.21,0,0.8,0,0,0.77,0.62,0.49,0.53,0.19,0.54
F0839,0.24,0,0.37,0,0.69,0,0.21,0.85,0.77,0,0.72,0,0,0.51,0.54,0.85,0.18,0.26,0,0.9,0.25,0,0.27,0.24,0,0.11,0.49,0,0.12,0.37,0.95,0,0.13,0.27,0.68,0.76,0.37,0.5,0.2,0.83,0,0.52,0.47,0,0.92,0,0.32,0,0.64,0.2,0,0.91,0.93,0.26,0,0,0,0.03,0,0.76
F0840,0.54,0.86,0.84,0.83,0,0,0.85,0.99,0.44,0.32,0.06,0.25,0,0.18,0,0.98,0.52,0.05,0,0,0.47,0,0.25,0,0.02,0,0.29,0,0.92,0.1,0.84,0.02,0,0.18,0.97,0.63,0,0,0,0.86,0.03,0,0.42,0,0.35,0,0,0,0.04,0.09,0.84,0.02,0,0,0.61,0.79,0.64,0.52,0.22,0.02
F0841,0.52,0,0,0.8,0.69,0,0.13,0.76,0,0.24,0.46,0.53,0,0.44,0,0.7,0,0.81,0,0.78,0.64,0,0.92,1,0.89,0.09,0.71,0.54,0,0.77,0.14,0.15,0.97,0.99,0.74,0,0,0,0,0,0.9,0.1,0,0.31,0.19,0.16,0.87,0.24,0.12,0.07,0,0.91,0,0,0.1,0,0.55,0.31,0.25,0.93
F0842,0,0.06,0,0.75,0.38,0,0.5,0.56,0.26,0,0,0.46,0,0.56,0,0.63,0.57,0,0.55,0.16,0.49,0.55,0.03,0,0,0,0.6,0,0.92,0.77,0.59,0.44,0,0.47,0,0.53,0.98,0.32,0,0.13,0,0,0.79,0.79,0,0.34,0.61,0,0.34,0,0.54,0.93,0,0,0,0,0,0,0.07,0
F0843,0.3,0.33,0.22,0,0.06,0.37,0,0,0.66,0.54,0.11,0,0,0.25,0.34,0,0.8,0,0.52,0,0,0.94,0.61,0.78,0.18,0,0.04,0.32,0.23,0.36,0.22,0.2,0,0,0.35,0,0,0.17,0.71,0,0.46,0.22,0,0.59,0,0.23,0,0.83,0,0,0.68,0.08,0.07,0,0.9,0,0,0.12,0,0
F0844,0.36,0,0.96,0,0.63,0,0.27,0.58,0,0.5,0.66,0.16,0,0.6,0,0.39,0.1,0.81,0.25,0.01,0,0.07,0.6,0.15,0,0,0,0,0.77,0.85,0,0.57,0.62,0.74,0.83,0,0,0.1,0,0,0.78,0.73,0.16,0.9,0.86,0.59,0.42,0,0,0.37,0,0.91,0.32,0.51,0.89,0.58,0.38,0.09,0.96,0.97
F0845,0.94,0.13,0.14,0,0,0,0.47,0.34,0.69,0,0.83,0,0.87,0.53,0.45,0.63,0.22,0,0.9,0.24,0.42,0,0.84,0.81,0.22,0,0,0,0,0.32,0,0.89,0,0,0.31,0.9,0.77,0.09,0.24,0,0.02,0.47,0.15,0,0,0.12,0.56,0.13,0,0.13,0.47,0.57,0,0,0,0.38,0,0.92,0,0.57
F0846,0,0,0,0,0,0.62,0.98,0,0.12,0,0.91,0,0.37,0,0,0.05,0.21,0,0.64,0.89,0.31,0.47,0,0.5,0.06,0,0.3,0,0,0.64,0.03,0,0.5,0,0.38,0.98,0.75,0,0.63,0,0,0,0.92,0.57,0.75,0.5,0,0.13,0.09,0,0.93,0.58,0,0.82,0.1,0.69,0.39,0.59,0.64,0.81
F0847,0,0,0.93,0.21,0.26,0,0.84,0,0,0,0.34,0,0,0,0.23,0,0.27,0.39,0.02,0.42,0.18,0.92,0.48,0,0.56,0.26,0.39,0,0.5,0,0.64,0,0.76,0.19,0.44,0.35,0,0.45,0.52,0.53,0.86,0.55,0,0.99,0,0,0.38,0,0.36,0.06,0.63,0.51,0.8,0,0,0.55,0,0.15,0,0.28
F0848,0.3,0.44,0.81,0.21,0.28,0,0.98,0.86,0,1,0.41,0,0,0.42,0.89,0.32,0.17,0,0,0.99,0,0.49,0.71,0.03,0.17,0.6,0,0.29,0,0.42,0.75,0,0,0.86,0.28,0.53,0.21,0.04,0.63,0,0,0.49,0.58,0.33,0.96,0.8,0,0.54,0.64,0.74,0.36,0.03,0.27,0.34,0.89,0.43,0.28,0.18,0,0.81
F0849,0.25,0.31,0.77,0,0.35,0,0,0,0.93,0,0,0.5,0.66,0.27,0.73,0,0,0.26,0.64,0.03,0,0.42,0.81,0,0.47,0,0.78,0.07,0,0.13,0.49,0.44,0,0,0.92,0,0.04,0,0.51,0.4,0,0,0,0.26,0.75,0.93,0.86,0.27,0.78,0.88,0.03,0,0.03,0.52,0.1,0,0.9,0,0,0.56
F0850,0.05,0.3,0,0,0,0.99,0.18,0.62,0.52,0.14,0.56,0,0,0,0,0,0,0,0.66,0.7,0.88,0,0.2,0.31,0.91,0.93,0.65,0.88,0,0.52,0,0.87,0.22,0.15,0.56,0.76,0.57,0.73,0.99,0.02,0.05,0.76,0.8,0,0.75,0.08,0,0.67,0.28,0.52,0,0.48,0.59,0.34,0.89,0,0.09,0.16,0.17,0.42
F0851,0.16,0.57,0.79,0,0.78,0,0,0,0,0.5,0.04,0,0.75,0.08,0.71,0.82,0.48,0,0.34,0.39,0.44,0.04,0.8,0.52,0,0.24,0.49,0.68,0.14,0.13,0.13,0.61,0.23,0,0.5,0.46,0.52,0.86,0,0.36,0.34,0.65,0,0,0,0,0.78,0,0,0.11,0.63,0,0,0,0.2,0,0.79,0,0.26,0.03
F0852,0.86,0.48,0.03,0.97,0,0.85,0,0,0.1,0,0.18,0.55,0.1,0.52,0.65,0.44,0.29,0,0,0.27,0.03,0,0.8,0,0.21,0,0,0.78,0.35,0,0,0,0,0.51,0.42,0.19,0,0.1,0.98,0.58,0,0,0,0.17,0.19,0.92,0,0.06,0.54,0.68,0.22,0,0.55,0.81,0.65,0.27,0.18,0,0,0
F0853,0.81,0.84,0.86,0.34,0.89,0.93,0.47,0,0.18,0.07,0.32,0,0.34,0.65,0,0.79,0,0.87,0.48,0.02,0.4,0,0.53,0,0.78,0,0.15,0.31,0,0.6,0,0,0,0.51,0.28,0.61,0.15,0,0.91,0,0.26,0,0.27,0.9,0,0,0.55,0,0,0,0.69,0.36,0,0,0.01,0,0.92,0.35,0.6,0.34
F0854,0.88,0.58,0,0.8,0,0,0,0,0.87,0,0.63,0.88,0.2,0.71,0.97,0,0,0.13,0,0.67,0.62,0.4,0.22,0.6,0.53,0.65,0.43,0,0.86,0.32,0,0,0,0.52,0.49,0.31,0,0.56,0,0.58,0,0.87,0.6,0.94,0.63,0,0.94,0,0.36,0.2,0.62,0.92,0.77,0.26,0.47,0,0.74,0.14,0,0
F0855,0.83,0.69,0.34,0,0,0.54,0.66,0.71,0.55,0.22,0.21,0.88,0,0,0.51,0.62,0.64,0,0.95,0,0,0.7,0,0.08,0,0.92,0.45,0,0.71,0.36,0,0.44,0.65,0.31,0.77,0.66,0.26,0.33,0.42,0.91,0,0,0.13,0.31,0,0.16,0.47,0.5,0,0,0.52,0.83,0.72,0,0.72,0.93,0,0.5,0.97,0.99
F0856,0,0.05,0.91,0,0.56,0.66,0.64,0,0.8,0.46,0,0,0,0.79,0.58,0,0.96,0,0.57,0,0,0.93,0.22,0.64,0.57,0.19,0.27,0.87,0,0.64,0,0,0,0.97,0,0.54,0,0.03,0,0,0.52,0.85,0,0,0.51,0.18,0,0,0.83,0.89,0,0,0.07,0.64,0,0.75,0,0,0,0.52
F0857,0,0.44,0.16,0.39,0,0.27,0.8,0.72,0,0.21,0.28,0.48,0.15,0.66,0.99,0,0,0,0.98,0,0,0,0.29,0.45,0.07,0.57,0.86,0.61,0,0,0.34,0.55,0.35,0.67,0,0,0.42,0.77,0,0.94,0,0.45,0.83,0.03,0.59,0.32,0.8,0.19,0.42,0.58,0,0,0.27,0.91,0.44,0,0,1,0.4,0.25
F0858,0.95,0,0.69,0,0.91,0.9,0.66,0.6,0.07,0.42,0,0.81,0,0.49,0.72,0.98,0.72,0.22,0.55,0.15,0.49,0.9,0.69,0.96,0.11,0.79,0.15,0.19,0.02,0.43,0,0.21,0.48,0,0.68,0.34,0,0,0.32,0,0.48,0,0.04,0.62,0,0.95,0.9,0,0.37,0,0,0,0.85,0.88,0.4,0,0.69,0,0.42,0.04
F0859,0,0.2,0.51,0.18,0.22,0.92,0.99,0,0.22,0,0.61,0,0.55,0.53,0,0.56,0,0,0.5,0.57,0.12,0.4,0,0.21,0,0,0.16,0.51,0.47,0.28,0.28,0.26,0.42,0.96,0.39,0.33,0.18,0.47,0.6,0.97,0,0.25,0,0.72,0.8,0,0,0,0,0.84,0,0,0.93,0,0.8,0.31,0.97,0.49,0,0
F0860,0,0.68,0.72,0,0.78,0,0.88,0,0.53,0.96,0,0,0,0.46,0.83,0.7,0.8,0.43,0.02,0,0.76,0.85,0.4,0.44,0.76,0,0.35,0.94,0.98,0,0.04,0,0,0,0,0.79,0.7,0,0.1,0.41,0,0.8,0.62,0,0,0.39,0,0.61,0.96,0.35,0,0,0,0,0,0.7,0.82,0.53,0,0.77
F0861,0,0,0.11,0.36,0.95,0,0.11,0.57,0.6,0.12,0.26,0.38,0.05,0.58,0,0.8,0.28,0.7,0.97,0.67,0,0,0.85,0,0.49,0.74,0.63,0,0,0.86,0,0,0.43,0.46,0.47,0.14,0,0,0.78,0,0,0,0.49,0.38,0,0,0.33,0.93,0.69,0,0.84,0.21,0,0,0.07,0.42,0,0.64,0.71,0.88
F0862,0,0.46,0.23,0.29,0.71,0,0.94,0.56,0.44,0.97,0,0.41,0.64,0.36,0.94,0.5,0.41,0.19,0,0.71,0.82,0.15,0.19,0.18,0,0,0.42,0,0.68,0.74,0,0.59,0.49,0.06,0.5,0,0.12,0.14,0,0,0.5,0,0.21,0.03,0.42,0,0.93,0.45,0,0,0.56,0.09,0,0.99,0,0,0.92,0.96,0.44,0
F0863,0,0,0.23,0.14,0.81,0.49,0,0.36,0.98,0,0,0.41,0,0.76,0,0,0.75,0.05,0,0.65,0,0.86,0,0,0.41,0.93,0.85,0.99,0,0.07,0,0,0,0.28,0,0.62,0.79,0.81,0.6,0.99,0,0.62,0.99,0,0.51,0.87,0,0,0.55,0.01,0.61,0,0.81,0.33,0,0,0,0.78,0.2,0.82
F0864,0.39,0.55,0,0.14,0,0.77,0,0,0,0.76,0.1,0.77,0.72,0.31,0.47,0.07,0,0.56,0.99,0.93,0.81,0,0,0.84,0.04,0.84,0.89,0.47,0,0.74,0,0,0.6,0.98,0.3,0,0,0.5,0,0,0.09,0.9,0.85,0.8,0,0.68,0,0.4,0.79,0.47,0.09,0,0,0.79,0.39,0.17,0.93,0.25,0,0.42
F0865,0.22,0.43,0.15,0.72,0.05,0.31,0,0.04,0,0.87,0.36,0.41,0.95,0,0.09,0.75,0.25,0.68,0.05,0.05,0,0.18,0,0,0.94,0.27,0.03,0,0.67,0,0.65,0.22,0,0,0.76,0.79,0.45,0.49,0.4,0.37,0,0,0,0.72,0.61,0,0.86,0,0.12,0,0.18,0.91,0.6,0.74,0,0.41,0.77,0.87,0,0
F0866,0.6,0.39,0.16,0.23,0,0.23,0,0,0.61,0.65,0,0.57,0,0.78,0.82,0,0,0,0.77,0,0.76,0,0.84,0.25,0.62,0.08,0,0.19,0.71,0.74,0,0,0,0.38,0.17,0.14,0.85,0.82,0,0.82,0.88,0.59,0,0.95,0.46,0.34,0,0.87,0.28,0.36,0,0.64,0.19,0.1,0,0.58,0.95,0.21,0,0.3
F0867,0,0.39,0.88,0.44,0.92,0.48,0,0.82,0,0,0,0.2,0.06,0,0,0.84,0.65,0.68,0,0.8,0.76,0.95,0.92,0.8,0.33,0.97,0,0,0,0,0,0.63,0,0.14,0.83,0,0,0.36,0.84,0,0.14,0.3,0.71,0,0.49,0.86,0,0.13,0.18,0.94,0,0.08,0.28,0.92,0,0.62,0.22,0.39,0,0.81
F0868,0.72,0,0,0.8,0.11,0.06,0.49,0.26,0.16,0.23,0.23,0.65,0,0,0.3,0.53,0.54,0,0.88,0,0.05,0.53,0,0.03,0.23,0.23,0,0.99,0.95,0.98,0.03,0,0,0.03,0.02,0.87,0.06,0.95,0.89,0.98,0,0,0.17,0.13,0,0.57,0,0.7,0,0.66,0.47,0.57,0.14,0,0.18,0.02,0.56,0,0,0.12
F0869,0.55,0,0.97,0,0.73,0,0.71,0.81,0.42,0,0.54,0,0.5,0,0.82,0.82,0.51,0,0.93,0.99,0,0.61,0,0.6,0,0.1,0.23,0,0.03,0.72,0.17,0.82,0.07,0,0.7,0.12,0,0,0,0.09,0,0.95,0,0.32,0.07,0.89,0.17,0,0.97,0,0.53,0.75,0.7,0,0.74,0.48,0,0,0,0.61
F0870,0.65,0.51,0,0.97,0,0.86,0,0.02,0.04,0,0,0.98,0.38,0.42,0.8,0.64,0.14,0.66,0.9,0,0.68,0,0.7,0,0.69,0.48,0.76,0.53,0,0.77,0.78,0,0,0,0.9,0.25,0.99,0.72,0.97,0.85,0.29,0.13,0.07,0,0.44,0.31,0.15,0.35,0.74,0.98,0,0,0.19,0.62,0.11,0.86,0.69,0,0,0.41
F0871,0.91,0.7,0.8,0,0.07,0,0.66,0,0.62,0,0,0,0.13,0,0.09,0,0.98,0.17,0.44,0,0.69,1,0.85,0,0.05,0.86,0.93,0.04,0,0.69,0,0.22,0.7,0.99,0.07,0.49,0.62,0.31,0.15,0,0.03,0.7,0.56,0.9,0.07,0.63,0,0.53,0,0.05,0.07,0.65,0,0,0.2,0.6,0,0.89,0.95,0.98
F0872,0.89,0.47,0,0.74,0.16,0,0.76,0.16,0.41,0,0.64,0,0.04,0.36,0,0.72,0,0.53,0,0,0.32,0.36,0.76,0.31,0.23,0,0.66,0.32,0,0.19,0,0,0,0.94,0.88,0.47,0.24,0.66,0,0.52,0.2,0.4,0.87,0,0.07,0,0.75,0.13,0,0.38,0,0.8,0,0,0.29,0.18,0.84,0,0.11,0
F0873,0.23,0.84,0.05,0,0.89,0.81,0,0.09,0.06,0.03,0.92,0.6,0,0,0.69,0.49,0,0.98,0,0,0.36,0.91,0.48,0.35,0.12,0.78,0.74,0.76,0,0.45,0.81,0,0.66,0.1,0.82,0.78,0.31,0.19,0.59,0.02,0.33,0.4,0.27,0.94,0.13,0.17,0,0.91,0,0.37,0.87,0,0,0.81,0.58,0,0.56,0.87,0.3,0
F0874,0.6,0,0.49,0.13,0.82,0,0.17,0.96,0.35,0,0.64,0.75,0.25,0.98,0.3,0.83,0,0.19,0.7,0.63,0,0.42,0.36,0,0,0.08,0,0.57,0.08,0,0.31,0.66,0.96,0.44,0,0.06,0,0.82,0.45,0,0.07,0.71,0.32,0.15,0.44,0.96,0,0.56,0.75,0.47,0.34,0.61,0,0.52,0.68,0.79,0.72,0.8,0.1,0
F0875,0.13,0,0,0,0.73,0.75,0,0.47,0.54,0.81,0.71,0.79,0.71,0,0,0.74,0.25,0.46,0.53,0,0.61,0,0.65,0.5,0.61,0,0.63,0.09,0.36,0.59,0,0.19,0,0.35,0.59,0.76,0.72,0,0,0,0.62,0.42,0.39,0,0,1,0.61,0.66,0.79,0,0,0.89,0.15,0,0.47,0.02,0.59,0,0,0.82
F0876,0.7,0.99,0.57,0.25,0.07,0,0.73,0.68,0.11,0.16,0.55,0.99,0.07,0.06,0.96,0.52,0.38,0.88,0,0.26,0.46,0.06,0.39,0.36,0,0,0,0.41,0.2,0,0,0,0.46,0.88,0.62,0,0,0.31,0.19,0,0,0.95,0.38,0.99,0.43,0.49,0.52,0,0.6,0.26,0.26,0.15,0.91,0.59,0,0.87,0,0.71,0,0
F0877,0.92,0.28,0.88,0.19,0,0.88,0.18,0.96,0.15,0,0,0,0.78,0.36,0.16,0.72,0,0.9,0.08,0,0.17,0,0.24,0,0.49,0.8,0.83,0,0.35,0.23,0.75,0.77,0.35,0,0,0.18,0.95,0,0,0.65,0.57,0,0,0,0.2,0,0.08,0,0,0.24,0,0.83,0.28,0,0.91,0,0.97,0,0.47,0
F0878,0,0.71,0.35,0.98,0.61,0.66,0.05,0,0.62,0.77,0.29,0.19,0,0,0.79,0,0.01,0.79,0.77,0,0,0,0.88,0.11,0.2,0.98,0.39,0,0.36,0.53,0,0,0,0.37,0,0.65,0.34,0.57,0.12,0,0.96,0,0,0.39,0.31,0.25,0.76,0,0.87,0.68,0,0.54,0,0.23,0.47,0.3,0.45,0.33,0.89,0.35
F0879,0.33,0.55,0.14,0,0,0,0.99,0.27,0,0.28,0,0.71,0.89,0,0.11,0.64,0.31,0.52,0.06,0,0.76,0,0.57,0,0.18,0.24,0,0.18,0.38,0.48,0.92,0,0,0.64,0.44,0.49,0,0,0.22,0.92,0.21,0.23,0.99,0,0.25,0.16,0.86,0,0,0.87,0.18,0.1,0.52,0,0.21,0.64,0.56,0.02,0.84,0
F0880,0,0,0.96,0,0,1,0.72,0.3,0,0.39,0.06,0,0.57,0,0,0.6,0,0.7,0.71,0.13,0.45,0,0.61,0.85,0.64,0.93,0,0,0,0.56,0.07,0.81,0.75,0.57,0.61,0.99,0,0.09,0.74,0,0.35,1,0.55,0.03,0.29,0.88,0,0.87,0.72,0,0.35,0,0,0,0.35,0.82,0.2,0.79,0.55,0.34
F0881,0.27,0.33,0.2,0.11,0.57,0,0,0.32,0,0,0.98,0,0.26,0,0.4,0.76,0.48,0.68,0.93,0.34,0.26,0.51,0.93,0,0.96,0.91,0,0,0.51,0.62,0.34,0.91,0.4,0,0.21,0,0.13,0,0.28,0,0.55,0.47,0.54,0,0.99,0.93,0.22,0.54,0.32,0,0.25,0.44,0,0,0.78,0.95,0.06,0.63,0,0.81
F0882,0,0.21,0,0.22,0.61,0.97,0.72,0,0,0.14,0.96,0,0,0.74,0.28,0,0.17,0,0,0.34,0,0.83,0.76,0,0.67,0.16,0,0.78,0,0.49,0.62,0,0.94,0.73,0.45,0,0.93,0,0,0,0.78,0.62,0,0.01,0.26,0,0,0.88,0,0,0.9,0,0.12,0.08,0.12,0.59,0.9,0,0,0.43
F0883,0,0.83,0.62,0,0,0.16,0.76,0.05,0,0,0,0.79,0.68,0.38,0,0.56,0.03,0.13,0.4,0.29,0.39,0.49,0.69,0.5,0,0.53,0.03,0,0.89,0.74,0.61,0.77,0.67,0.02,0.2,0,0.58,0.48,0.26,0,0.28,0,0.56,0.32,0,0,0.66,0,0.2,0.51,0.39,0.24,0,0.88,0.78,0.18,0,0,0.11,0.36
F0884,0.4,0,0.5,0.33,0.12,0,0,0.15,0.69,0.27,0.96,0,0,0,0.43,0,0.06,0,0.35,0,0,0.89,0,0.83,0.24,0.28,1,0,0.83,0.5,0.52,0,0,0.25,0.78,0.37,0.66,0,0.86,0.32,0,0,0.16,0.84,0.91,0,0,0.42,0.2,0.96,0.4,0.75,0.55,0.67,0.6,0.62,0.94,0,0.41,0
F0885,0.43,0.76,0.95,0,0.84,0,0.38,0.84,0.6,0.75,0,0,0.99,0.57,0,0,0.22,0,0.69,0,0,0,0.74,0,0,0.39,0,0,0.06,0.71,0.36,0,0.39,0.2,0.11,0,0.64,0.6,0.22,0,0.75,0.29,0.03,0,0.2,0,0.09,0.49,0.62,0.87,0,0,0.81,0.71,0.87,0.57,0.68,0,0,0
F0886,0,0,0.15,0.99,0.78,0.58,0,0.5,0,0.91,0,0.08,0,0,0.25,0.9,0.65,0,0.66,0,0.84,0.72,0.81,0.08,0,0.99,0.02,0.44,0.03,0.1,0.74,0.51,0.34,0.91,0,0.03,0,0.22,0.89,0.56,0.73,0,0,0.19,0.85,0.7,0,0.54,0,0.94,0.64,0.67,0.47,0,0,0.84,0.89,0.87,0,0
F0887,0.68,0,0.06,0.74,0.83,0.86,0.18,0.97,0.66,0.2,0,0.21,0.14,0.14,0.69,0,0.54,0,0,0.12,0.23,0.45,0,0.71,0.68,0.5,0.23,0,0,0.18,0.37,0.36,0,0.9,0.21,0.58,0.44,0.57,0.09,0.9,0,0,0.21,0.61,0.8,0.23,0.29,0.3,0.03,0.26,0.89,0,0,0.61,0.19,0,0.42,0.11,0,0.99
F0888,0.52,0.82,0.17,0.64,0.62,0.86,0,0.59,0.09,0,0,0.14,0,0.7,0,0.52,0.56,0.56,0,0.6,0.35,0.97,0.85,0,0.83,0.76,0.5,0.1,0,0.84,0,0,1,0.74,0.15,0,0,0.49,0.56,0.68,0.84,0.97,0.04,0,0.94,0.35,0.06,0,0.47,0.17,0.47,0.47,0.12,0.52,0,0.51,0.3,0,0,0
F0889,0,0,0.92,0.73,0.64,0.11,0.91,0.61,0,0.82,0,0.59,0,0.26,0,0.26,0.21,0.55,0.66,0,0,0.6,0,0.89,0.97,0,0.26,0.22,0.31,0,0,0.41,0.27,0.98,0.03,0,0,0.77,0.31,0.48,0.46,0,0.88,0,0.17,0,0.92,0,0.55,0.56,0,0.9,0,0.95,0.31,0.17,0.5,0.83,0,0.72
F0890,0,0.56,0,0.39,0,0.9,0,0.68,0.85,0.76,0,0.86,0.93,0.26,0,0,0,0.52,0,0.43,0.06,0.11,0.68,0.56,0.64,0.42,0,0,0,0.8,0,0,0.95,0.68,0.46,0.95,0.92,0,0.3,0.56,0,0,0.06,0.93,0.24,0,0.17,0,0.07,0,0.75,0.46,0,0,0.35,0,0.61,0,0.68,0
F0891,0.19,0.8,0.49,0.32,0.64,0.52,0,0.09,0,0,0,0,0.45,0,0.05,0.38,0,0.54,0.09,0.44,0,0.39,0.41,0.82,0.13,0.64,0,0.37,0.52,0.18,0,0.29,0.02,0.99,0.64,0.46,0.37,0.97,0.88,0.73,0,0.21,0.73,0,0,0.61,0,0.57,0,0.98,0,0.29,0.8,0.1,0,0.19,0.17,0.21,0.62,0.44
F0892,0.16,0,0.68,0.86,0.23,0,0.26,0,0.14,0.88,0,0,0.16,0,0.32,0.89,0,0.35,0.28,0.71,0.15,0,0.85,0.73,0.32,0,0.76,0.29,0,0,0,0,0.86,0,0.93,0.3,0.02,0,0.99,0.14,0.66,0.5,0.57,0.51,0,0.92,0.88,0,0.52,0,0,0,0.81,0,0.4,0.45,0.94,0.54,0.96,0
F0893,0.06,0.54,0.56,0,0,0,0.32,0,0,0.7,0.06,0.78,0.05,0,0.07,0.76,0.37,0,0.96,0.4,0.54,0.04,0.81,0.55,0.89,0.44,0.03,0.2,0.73,0,0,0,0.42,0,0.45,0.41,0,0.28,0.57,0.99,0,1,0,0,0.04,0,0.65,0,0,0.49,0,0,0,0.45,0,0.06,0,0.85,0.66,0.63
F0894,0,1,0.82,0.09,0.16,0.12,0,0.36,0.29,0.88,0.18,0,0,0,0.38,1,0.91,0.44,0,0,0.17,0.38,0,0.59,0.58,0,0,0,0.9,0.02,0.33,0,0.46,0,0.79,0,0,0.89,0,0,0,0.2,0.14,0.88,0.23,0.58,0,0.78,0.62,0.39,0,0,0.58,0.38,0,0.98,0.36,0.95,0.87,0
F0895,0,0,0.91,0.5,0.9,0,0.59,0,0.82,0,0.28,0,0,0.33,0,0.64,0.06,0.09,0,0.93,0.84,0,0.05,0,0.86,0,0.56,0,0.55,0.63,0,0.56,0,0.12,0.31,0.96,0,0,0,0.18,0,0.59,0.65,0.53,0,0.45,0.89,0.25,0.52,0,0.85,0.92,0.83,0.43,0.38,0.06,0,0.39,0.93,0.99
F0896,0.14,0.26,0,0.46,0.06,0,0,0,0.16,0.74,0,0,0.09,0,0,0.1,0.36,0.2,0.64,0.47,0,0.44,0,0,0,0.49,0.23,0,0.79,0,0.9,0.98,0.65,0.85,0.87,0.59,0.8,0.08,0.14,0.16,0,0.62,0.82,0,0.72,0,0.68,0.89,0.68,0.54,0.93,0.03,0,0,0,0.26,0.84,0.32,0.01,0.29
F0897,0,0.17,0,0.76,0,0.14,0.52,0,0,0.36,0.77,0.98,0.94,0.87,0.95,0.9,0.85,0,0.67,0,0.22,0,0,0,0.54,0.21,0.84,0,0.6,0.47,0.59,0,0.85,0.2,0,0.11,0.81,0.35,0.09,0.2,0.47,0.77,0.9,0,0.77,0,0.86,0,0,0.64,0.66,0.8,0.72,0,0,0,0.94,0,0,0.4
F0898,0.49,0.71,0.21,0.76,0.28,0.01,0,0.7,0,0.06,0.65,0.3,0.72,0.19,0,0.16,0.27,0,0.3,0.92,0.22,0,0.36,0,0,0,0.08,0,0,0.02,0.3,0.08,0.3,0.13,0.27,0,0.04,0,0.43,0.18,0.2,0,0,0.44,0.48,0.82,0,0.98,0.3,0.27,0,0.67,0.74,0,0.3,0,0.09,0.36,0,0.58
F0899,0.38,0.33,0,0.32,1,0.84,0,0,0.05,0.51,0,0,0,0.24,0.26,0.78,0.97,0,0,0,0,0.64,0.79,0.96,0.15,0.23,0,0,0,0.12,0,0.8,0.34,0.03,0.97,0.1,0.94,0.64,0,0,0,0,0.87,0,0.78,0,0,0,0,0.43,0.13,0,0.13,0,0.02,0.95,0.83,0,0.4,0
F0900,0.92,0.16,0.24,0,0.21,0.34,0.6,0.46,0.08,0.44,0.01,0.17,0.68,0.42,0.03,0.33,0,0.29,0.32,0.62,0.44,0,0.73,0.29,0,0.95,0.92,0.28,0.54,0.34,0.89,0.06,0,0.21,0,0.02,0,0.2,0,0.39,0.84,0.75,0,0,0.68,0.48,0,0,0,0.02,0.36,0.33,0,0.61,0.59,0,0.83,0,0.34,0.14
F0901,0.83,0.26,0.27,0.46,0,0.42,0.52,0,0,0.75,0.97,0,0,0.75,0,0.32,0.22,0.3,0,0.12,0.31,0.12,0.03,0,0.96,0,0,0.93,0.76,0,0,0,0.64,0.81,0,0,0,0.04,0.38,0.4,0.46,0,0,0.53,0.1,0,0,0,0.93,0,0.54,0.85,0.85,0.25,0,0.49,0,0.8,0.92,0.15
F0902,0.27,0.24,0.15,0,0.55,0,0,0.36,0.85,0,0,0.16,0,0.92,0.64,0,0.46,0,0,0.12,0,0.4,0,0,0,0,0.1,0.92,0.51,0,0.33,0.35,0.52,0.98,0.95,0.83,0.55,0.33,0,0,0.49,0,0,0.07,0,0.84,0.37,0.06,0.12,0.21,0.93,0.68,0,0,0,0,0.78,0.98,0,0
F0903,0,0.76,0,0.45,0,0,0,0,0.08,0,0,0.53,0.35,0.35,0,0.4,0,0.63,0,1,0.93,0.38,0,0.63,0,0,0,0.11,0.05,0,0.82,0.53,0.2,0,0,0.53,0.38,0.1,0,0,0,0.75,0,0.08,0.89,0.07,0.9,0,0,0.28,0.32,0,0.11,0.85,0.91,0.89,0.57,0.85,0.91,0
F0904,0,0,0.55,0.67,0.42,0.51,0.14,0.5,0.91,0,0,0.32,0,0.57,0.32,0.69,0.08,0,0,0.25,0,0.11,0,0.9,0.92,0.05,0,0,0.29,0.86,0.56,0.13,0,0,0.82,0.41,0.52,0.77,0,0,0.57,0.09,0.42,0.08,0,0.83,0.15,0,0.59,0,0.5,0,0,0,0,0,0,0.54,0,0
F0905,0,0.5,0,0,0,0,0,0.59,0.58,0,0.71,0.94,0.48,0,0,0.92,0,0.47,0,0.17,0.73,0.27,0,0.53,0,0,0.07,0.28,0,0.07,0,0,0,0.77,0.99,0,0,0.73,0.51,0.22,0.39,1,0,0.76,0,0.13,0.65,0.43,0,0,0,0.82,0.39,0,0.46,0.21,1,0.23,0,0.54
F0906,0,0.47,0.89,0.09,0.69,0,0.2,0,0.66,0.57,0.25,0.83,0.14,0,0.75,0.12,0.21,0.74,0,0.88,0.52,0,0,0.44,0,0.65,0,0.83,0,0.55,0.56,0,0.04,0.96,0.9,0.25,0.03,0,0.63,0.39,0.81,0.07,0,0.16,0.33,0.29,0,0.88,0.65,0,0,0,0.91,0.48,0.34,0.39,0.03,0,0,0.6
F0907,0.49,0.1,0.55,0.57,0.05,0.75,0.77,0,0,0.22,0.15,0.01,0.59,0.89,0.17,0.58,0,0,0.17,0.12,0.74,0,0.51,0.93,0.88,0.92,0.17,0.92,0,0,0.36,0.89,0.05,0,0.44,0.79,0.62,0,0.85,0.9,0.52,0.02,0,0.53,0,0.41,0.36,0.96,0.54,0.78,0,0,0.94,0.83,0.14,0.26,0,0,0.7,0.24
F0908,0,0.64,0.01,0.03,0,0.06,0,0,0,0.64,0,0.39,0.61,0.14,0,0.43,0.28,0.11,0.79,0.54,0,0,0.97,0.79,0.1,0.08,0,0.34,0.03,0.69,0,0,0,0,0.43,0,0,0.74,0,0.35,0.31,0.48,0,0.05,0,0.37,0.86,0.38,0.28,0.86,0.86,0.17,0.78,0,0.68,0.15,0.31,0,0,0.77
F0909,0,0.19,0.79,0,0.8,0,0.95,0.37,0.49,0.82,0,0,1,0.91,0.81,0.67,0.68,0,0,0,0.89,0,0.55,0.45,0.44,0,0,0,0.25,0,0.85,0.82,0.93,0,0,0.8,0,0.46,0,0.22,0,0.69,0.74,0,0,0,0.71,0.37,0.66,0.26,0,0,0.39,0.21,0.37,0.51,0,0.86,0.27,0
F0910,0,0.24,0,0,0,0.83,0,0,0.19,0.88,0.68,0,0.94,0.97,0,0.72,0.76,0.33,0,0,0,0.12,0.79,0.98,0.3,0.06,0,0.73,0.02,0.18,0.83,0,0,0.48,0,0.8,0.37,0,0.73,0,0,0,0,0.51,0.12,0,0.46,0.39,0.09,0,0,0.66,0,0.25,0.66,0.52,0,0.47,0.4,0.52
F0911,0,0.52,0.34,0,0,0,0.81,0,0.51,0.59,0.97,0.61,0.9,0.71,0,0.68,0,0.43,0.4,0,0.59,0.75,0,0,0.77,0.54,0.48,0,0,0.91,0.39,0.2,0,0.47,0,0.55,0.21,0.08,0.43,0.68,0.75,0.29,0.49,0.03,0.98,0,0.4,0.67,0.47,0,0.84,0,0.53,0.52,0,0.56,0.82,0,0.11,0.71
F0912,0.39,0.45,0.91,0,0,0.36,0,0.51,0.33,0.54,0,0.12,0.33,0.13,0.82,0,0.89,0.36,0.68,0.94,0.43,0.56,0,0,0.89,0,0.51,0.73,0.38,0.18,0,0,0.19,0,0,0,0.67,0.26,0.91,0.44,0.22,0,0.98,0,0,0.22,0.77,0.05,0.91,0,0.45,0.39,0,0.7,0.11,0,0.76,0,0.91,0.42
F0913,0.67,0.15,0.4,0.75,0.03,0.95,0.67,0,0.09,0.32,0.46,0.98,0.99,0.48,0.42,0.76,0,0.6,0.14,0.41,0,0,0,0.61,0,0,0.29,0,0.35,0.81,0,0.05,0,0.57,0.5,0.93,0.14,0.25,0.99,0.86,0.24,0.37,0,0,0,0,0,0.4,0,0.47,0.18,0,0.25,0,0.11,0,0,0.21,0,0.05
F0914,0.87,0.17,0.22,0,0,0,0,0.52,0,0,0.94,0.54,0,0.06,0.48,0,0,0.99,0,0,0.31,0,0,0,0,0.33,0.15,0.87,0.87,0,0.92,0.03,0.46,0.5,0.76,0.55,0.28,0.22,0,0.14,0.15,0.6,0.46,0,0.67,0.97,0.82,0.48,0.77,0.19,0,0.58,0.07,0.41,0.71,0.48,0.51,0.32,0.74,0.26
F0915,0,0.3,0,0.68,0.36,0.11,0,0.53,0.28,0,0.87,0,0.39,0.76,0.86,0,0.11,0.56,0,0.24,0.64,0,0.16,0,0.51,0.53,0,0.23,0.29,0.78,0,0.65,0,0.01,0.15,0.9,0,0.77,0.06,0.47,0.3,0.97,0.28,0.68,0.79,0.09,0.73,0,0.93,0.58,0.65,0,0.77,0.19,0,0,0,0,0.99,0.65
F0916,0,0.73,0.46,0,0.73,0,0.52,0.22,0,0.44,0.85,0,0,0,0.07,0.73,0.16,0.21,0.48,1,0.68,0.67,0.27,0.86,0.25,0.76,0,0.38,0.05,0.11,0,0,0.16,0.97,0.18,0.74,0.81,0,0,0,0,0.22,0.27,0.76,0,0.26,0,0.36,0.64,0.88,0.62,0.3,0.4,0.17,0.75,0,0.48,0.45,0.04,0
F0917,0,0.24,0.82,0,0.65,0.37,0.71,0.9,0.7,0.59,0.91,0,0,0.33,0.14,0.36,0.25,0,0.95,0.38,0.68,0.82,0.08,0.34,0,0.68,0,0.49,0.24,0.49,0.17,0.85,0.75,0.9,0.79,0,0.37,0,0,0.52,0,0.2,0.4,0.38,0.07,0,0,0,0,0,0.95,0.05,0,0,0.48,0.63,0.08,0.87,0.52,0.25
F0918,0.79,0,0,0.46,0.84,0,0.87,0.48,0.95,0.49,0.99,0.56,0.69,0,0,0.7,0,0,0.28,0,0,0.15,0,0,0.41,0.17,0.84,0.64,0.07,0.36,0.13,0.26,0.43,0,0.56,0.89,0.81,0,0,0.5,0.8,0.26,0.6,0,0.21,0.86,0.42,0.56,0,0.77,0,0.63,0.77,0.95,0.99,0,0.98,0,0,0.95
F0919,0,0.61,0.53,0.17,0.77,0.24,0,0.47,0,0,0.87,0.35,0,0,0,0,0.99,0.75,0.45,0.88,0.61,0.49,0,0,0.61,0.04,0.54,0.29,0.25,0.65,0.69,0.8,0.28,0.76,0.92,0.7,0.29,0,0,0.92,0.86,0,0,0.09,0.69,0.6,0.69,0,0,0,0.43,0,0,0.5,0.3,0.4,0,0,0.1,0
F0920,0.08,0.38,0.65,0.89,0.93,0.27,0.38,0.25,0.98,0.16,0.59,0,0,0.48,0,0,0.99,0,0.77,0,0.11,0.67,0.25,0.39,0.1,0.35,0,0.25,0.02,0.58,0.07,0.69,0.43,0.13,0,0,0,0.98,0.11,0,0.24,0,0.02,0,0.15,0,0.71,0,0.88,0,0.34,0.69,0.02,0.97,0.98,0,0,0.88,0,0
F0921,0.33,0.97,0,0,0.79,0.26,0,0.6,0.65,0.12,0.69,0.43,0,0.47,0,0,0.79,0.91,0,0.44,0.72,0.81,0,0.9,0,0,0.02,0.9,0,0.03,0.26,0.32,0,0,0.84,0.98,0.15,0.29,0,0,0,0.83,0,0,0,0.24,0.75,0,0.44,0,0,0.77,0.25,0,0,0.89,0.45,0.25,0.06,0
F0922,0,0,0,0.18,0.64,0,0.56,0,0.63,0,0,0.52,0,0.43,0,0.35,0.21,0,0.29,0.84,0.14,0,0,0.12,0.89,0.9,0.05,0.54,0.08,0,0,0.38,0,0.35,0,0,0,0.61,0.73,0.93,0.31,0,0.3,0,0.4,0,0.66,0.31,0,0.28,0.76,0.36,0.81,0,0,0.63,0.87,0.55,0.53,0.22
F0923,0,0.55,0,1,0.08,0.39,0.14,0.93,0.47,0.39,0.9,0.11,0.57,0.54,0,0,0.66,0.74,0,0.76,0.71,0,0.22,0.66,0,0.42,0,0.64,0.31,0.99,0,0.08,0.99,0.84,0,0,0,0.45,0.4,0,0.59,0.82,0.79,0,0.85,0.19,0,0,0.91,0,0.89,0.05,0.16,0.01,0.22,0,0.98,0.36,0.34,0
F0924,0.53,0,0.02,0.73,0.49,0,0.27,0.88,0.33,0.07,0.4,0,0,0,0,0,0,0,0.09,0,0.62,0.65,0.44,0,0.63,0.48,0.64,0.6,0.86,0.4,0,0,0,0,0.15,0.79,0,0.86,0,0.39,0.24,0,0.38,0.01,0,0.44,0.57,0.46,0,0.77,0.53,0,0.65,0.65,0.86,0.05,0.79,0.83,0,0.28
F0925,0.67,0.25,0.9,0.24,0.39,0,0.3,0,0,0,0,0.08,1,0.79,0,0,0.19,0.96,0.08,0,0.67,0.91,0.89,0.42,0,0.52,0.64,0,0.13,0.63,0.64,0.08,0.02,0.57,0.06,0,0.95,0.06,0,0.09,0.76,0.42,0.24,0.5,0.46,0.78,1,0.11,0.99,0.98,0.29,0.93,0.79,0.93,0.76,0.61,0.84,0,0.33,0.48
F0926,0.37,0.35,0.35,0,0,0.68,0.05,0.39,0,0.81,0,0.5,0.11,0.76,0,0.7,0,0.18,0,0.67,0,0,0.8,0.18,0.54,0.13,0,0.07,0.54,0.19,0.51,0,0,0.13,0,0,0,0.61,0,0.45,0,0.7,0,0.39,0.42,0.16,0.95,0.6,0.94,0,0.35,0.6,0.7,0.1,0.04,0.5,0.93,0.2,0,0.77
F0927,0.98,0,0,0.24,0.88,0,0,0.38,0,0,0,0.12,0.36,0,0.58,0,0,0.04,0,0,0.89,0.39,0.92,0,0,0,0.11,0.44,0.85,0,0.36,0.65,0.36,0,0.26,0.65,0.19,0.86,0,0.09,0.21,0.85,0,0,0.47,0,0,0,0.92,0.78,0,0.44,0.17,0.4,0.45,0.91,0,0.05,0.2,0
F0928,0.37,0,0.43,0.03,0.68,0.95,0.63,0,0.77,0,0.88,0,0,0.35,0,0.45,1,0.03,0,0,0,0.73,0,0.16,0.59,0.06,0.36,0.52,0.33,0.86,0,0.53,0.61,0.62,0.25,0,0.73,0.07,0,0,0,0.35,0.86,0,0,0,0.56,0.12,0.73,0,0.42,0.1,0,0.36,0.45,0,0,0,0.23,0.63
F0929,0,0.12,0.02,0,0.16,0,0.16,0,0.9,0,0.71,0.56,0.56,0,0.67,0,0,0,0.67,0,0.41,0.22,0,0.05,0.54,0,0.3,0.75,0.28,0,0.98,0,0.27,0.63,0.49,0.21,0.99,0.07,0.81,0.83,0.16,0.22,0,0,0,0,0.07,0.59,0,0.71,0.16,0.52,0.04,0,0,0.98,0,0.28,0.04,0
F0930,0.46,0.61,0.86,0.48,0.56,0.86,0,0.42,0,0,0,0.76,0,0,0.81,0.35,0,0,0,0.78,0.61,0.69,0,0,0,0,0.84,0.82,0.91,0.59,0.38,0.35,0,0.82,0.07,0.61,0.99,0.49,0,0,0,0.37,0.19,0.05,0,0,0.52,0.28,0.66,0.54,0.48,0,0.63,0,0,0.08,0.21,0,0,0.86
F0931,0.58,0,0.9,0,0,0.76,0.43,0.08,0.48,0.62,0.47,0,0.3,0,0.99,0.44,0.33,0.25,0.6,0.94,0.17,0.02,0.27,0.7,0.56,0,0.16,0.44,0.65,0.41,0.03,0.42,0.64,0.4,0.82,0.93,0.4,0.73,0.06,0,0,0.45,0,0.57,0,0,0.58,0.86,0.2,0.03,0.8,0,0.29,0.64,0.84,0.7,0.25,0.32,0,0
F0932,0.95,0.78,0,0.64,0.28,0.22,0.65,0,0,0.33,0,0,0.43,0.82,0.74,0.6,0.86,0.88,0.98,0.6,0.56,0,0,0.8,0,0,0.08,0.57,1,0.23,0,0,0,0.3,0.92,0,0.27,0.6,0,0.33,0.51,0,0.35,0.02,0.33,0.02,0.11,0.74,0,0.26,0,0.13,0.87,0,0.85,0.19,0.53,0.1,0,0
F0933,0.91,0,0,0,0,0,0,0.38,0,0,0.31,0,0.58,0.5,0,0.57,0,0.12,0,0,0.32,0.89,0.52,0,0,0.66,0,0.36,0.61,0,0.92,0.84,0.53,0,0.91,0.03,0.37,0.99,0,0,0,0,0,0,0.85,0.95,0.17,0.6,0,0.85,0.9,0.36,0,0,0,0,0,0,0.58,0.85
F0934,0,0,0.78,0.42,0,0,0.1,0,0.44,0,0,0.48,0.5,0.25,0,0.61,0.47,0,0.16,0,0,0.48,0,0.47,0,0,0.42,0.66,0.78,0.51,0.43,0,0,0.56,0.3,0,0,0.61,0.58,0.93,0,0.9,0.62,0.98,0.32,0.53,0.92,0,0.6,0,0.74,0,0.94,0.44,0.54,0.95,0,0.28,0.16,0.93
F0935,0,0.88,0,0,0,0,0.61,0,0.26,0.17,0,0,0.59,0.44,0,0.73,0.56,0.6,0.59,0.11,0.55,0.18,0.72,0.55,0,0,0.05,0,0,0,0.95,0,0,0,0.66,0,0,0,0.94,0,0.35,0.71,0,0.56,0,0,0.12,0.03,0.48,0.34,0.99,0.87,0,0.53,0.96,0,0.37,0.63,0.18,0.93
F0936,0.28,0,0,0.55,0.21,0,0.28,0.02,0.64,0.76,0,0.1,0,0,0,0.14,0,0.18,0,0.2,0.64,0.27,0.62,0,0,0,0,0,0.57,0.25,0.05,0.97,0.04,0.98,0,0.57,0.47,0.71,0.49,0,0.04,0.37,0.06,0.08,0,0,0.74,0,0.98,0.57,0.46,0.63,0,0.65,0,0.67,0,0,0.16,0.16
F0937,0.83,0.88,0,0.14,0.75,0,0.14,0,0.7,0.78,0,0.25,0.43,0,0.89,0.75,0.07,0,0,0.31,0.51,0.15,0.45,0.97,0,0.44,0.79,0.23,0.19,0.82,0,0,0.07,0.48,0.49,0.18,0,0,0.57,0.54,0.51,0.03,0.54,0.29,0.51,0.62,0,0,0.93,0.68,0,0.72,0.9,0.72,0.81,0.91,0.78,0,0,0.13
F0938,0,0.92,0,0.2,0.28,0.96,0.16,0.33,0.59,0,0.9,0.8,0.82,0.84,0.28,0,0,0.08,0.26,0.22,0.82,0,0,0.3,0,0.47,0.74,0,0.05,0.97,0.89,0,0.86,0.31,0.78,0.15,0.5,0,0.39,0,0,0,0.04,0.14,0.75,0.25,0.27,0.43,0,0.86,0.22,0.45,0.68,0.74,0.38,0.11,0,0.98,0,0.21
F0939,0.12,0,0.66,0,0.66,0.63,0,0,0,0,0.51,0,0.65,0.48,0.57,0.95,0.62,0.19,0.12,0,0.1,0,0.7,0.72,0,0,0,0,0,0,0,0,0,0.52,0.79,0,0.11,0.84,0,0.15,0,0.14,0,0.87,0.54,0.3,0,0,0,0.31,0,0,0,0.99,0.58,0.73,0,0,0.62,0
F0940,0.59,0,0.71,0.25,0.4,0,0.23,0.74,0,0.22,0,0,0.26,0.04,0.81,0.56,0,0,0.74,0.59,0.07,0,0.29,0.19,0,0,0.29,0.34,0,0.53,0.99,0.41,0,0,0,0,0.41,0,0,0.39,0.57,0.21,0,0,0,0.61,0,0.68,0.16,0.55,0,0,0.43,0.51,0,1,0.25,0.8,0.96,0.03
F0941,0,0.06,0,0.03,0.28,0.55,0.41,0.38,0.82,0.9,0,0.09,0,0.33,0.42,0.07,0.01,0,0,0.24,0,0.36,0,0.68,0,1,0.52,0.78,0,0.13,0.65,0,0.81,0,0,0.31,0.45,0.24,0,0.87,0.66,0.66,0.02,0,0.21,0.61,0,0.93,0,0.35,0.08,0.38,0,0.4,0,0.48,0.91,0.33,0,0.85
F0942,0,0.43,0,0.45,0.24,0.27,0.42,0.68,0.55,0,0.19,0,0.69,0,0,0.54,0,0,0.03,0.57,0.79,0.88,0.07,0.9,0.88,0.86,0.96,0.36,0.01,0.07,0.92,0,0.99,0,0,0.52,0.15,0.96,0,0.55,0.11,0.14,0.59,0.85,0.35,0.83,0,0,0.46,0,0.52,0,0.91,0.23,0,0.33,0.03,0,0,0.95
F0943,0,0,0.45,0.01,0,0.33,0.47,0.92,0.32,0.2,0.63,0,0,0.29,0.37,0,0,0.89,0,0.92,0.47,0.75,0,0,0.55,0,0.12,0.7,0,0,0,0,0.98,0.78,0.15,0.42,0.6,0,0.11,0,0.09,0.15,0.65,0.33,0,0,1,0.45,0.01,0.02,0.42,0,0.25,0.76,0.4,0.83,0.94,0.35,0.51,0
F0944,0.11,0,0.11,0.91,0.41,0,0.25,0.27,0,0.76,0.38,0.18,0.9,0.79,0,0.14,0.04,0.38,0,0,0,0,0,0.49,0.86,0.19,0.92,1,0.66,0.64,0,0,0,0,0,0.76,0,0.32,0,0,0.44,0.04,0.49,0.13,0.93,0.83,0,0.25,0,0.38,0.23,0.95,0.63,0.59,0.24,0.63,0.88,0.29,0.3,0
F0945,0,0.51,1,0,0.9,0,0.4,0.44,0.28,0,0.19,0,0.9,0.85,0.88,0.73,0,0.15,0.42,0.82,0,0.9,0.71,0.29,0.96,0.59,0.42,0.8,0,0.09,0.92,0.75,0.51,0.2,0.89,0.91,0.51,0,0.03,0,0.45,0.9,0.41,0,0.92,0.9,0.14,0.06,0.04,0.12,0,0.69,0,0.43,0.18,0.38,0.49,0.05,0.78,0
F0946,0,0,0.03,0.1,0.99,0.97,0,0.03,0,0.91,0,0,0.53,0,0.78,0,0,0.08,0,0.11,0,0.86,0.04,0.41,0,0.21,0.76,0,0.53,0.43,0,0.4,0.94,0.14,0.82,0.1,0.98,0.17,0.95,0,0,0.74,0,0,0.95,0.33,0,0,0.42,0.43,0,0.58,0,0.59,0,0.47,0,0.95,0.33,0.25
F0947,0.05,0.1,0.63,0,0,0.05,0.27,0,0.22,0.66,0.13,0.18,0.17,0.23,0,0,0.4,0,0.04,0,0.43,0,0.93,0.66,0,0,0,0.56,0.92,0,0.12,0.04,0.32,0.48,0,0,0,0.61,0.46,0.99,0.97,0.24,0.31,0,0.97,0,0.38,0.16,0.82,0,0.2,0.64,0,0.36,0,0.19,0,0,0,0.04
F0948,0,0.56,0.6,0,0,0.63,0.38,0.43,0,0.5,0,0.22,0.04,0,0,0,0.33,0.44,0.35,0,0.92,0.84,0,0.06,0.18,0.87,0,0,0.15,0.18,0.11,0.12,0.04,0,0.31,0.79,0.26,0.2,0,0.77,0.9,0.21,0.13,0,0,0,0,0.17,0.79,0,0.83,0.53,0,0,0.8,0.97,0.56,0.88,0,0.28
F0949,0.13,0,0.89,0.25,0,0.36,0,0.13,0.36,0.83,0.59,0,0.86,0.51,0,0.96,0,0.78,0.9,0.63,0.42,0.98,0,0.93,0.35,0,0.43,0,0,0,0,0.89,0,0,0.28,0,0.4,0.19,0.14,0,0.93,0,0.81,0.29,0,0.42,0,0,0.55,0.1,0.6,0,0.52,0,0,0.47,0,0,0.37,0.1
F0950,0.76,0.49,0,0,0,0.98,0,0.88,0.08,0,0.85,0.56,0,0,0.02,0.11,0.96,0.03,0,0.16,0.5,0.7,0.17,0,0.14,0.13,0.76,0.33,0.09,0.24,0.76,0.15,0.48,0,0.59,0,0.86,0.87,0,0.69,0.92,0.86,0.38,0.39,0.9,0.74,0,0.29,0.08,0.93,0.95,0.29,0,0.47,0,0,0,0.58,0,0.2
F0951,0,0.68,0,0,0.84,0.98,0.01,0.34,0,0,0,0,0.26,0,0.59,0.75,0,0,0,0.37,0,0.73,0.66,0.37,0.72,0.53,0.25,0,0,0.4,0.8,0.56,0.5,0.93,0.65,0.74,0.42,0.12,0.52,0.32,0,0.28,0.18,0.13,0.86,0.37,0,0.93,0.49,0.89,0.71,0,0.42,0.27,0,0,0.43,0.73,0,0.99
F0952,0.13,0.67,0.25,0,0,0.23,0,0,0.97,0,0.99,0.57,0.1,0,0,0.34,0,0.69,0.69,0.39,0,0,0,0.65,0.88,0.14,0.28,0,0,0.08,0.16,0,0.52,0.43,0,0.56,0.74,0.67,0,0.18,0.53,0.91,0.75,0,0,0.87,0.34,0.11,0.98,0,0,0,0,0.52,0.14,0.52,0.17,0,0.26,0.99
F0953,0.5,0,0.94,0.53,0.64,0.29,0,0,0.46,0.2,0.32,0.28,0,0,0.33,0.55,0,0.54,0,0.82,0.29,0.43,0,0,0.66,0.52,0,0,0,0.6,0.57,0.29,0.92,0.57,0,0,0.54,0.42,0.71,0,0,0.68,0.97,0.75,0,0,0,0.93,0.93,0,0.04,0.57,0.77,0,0.78,0,0.41,0,0.33,0
F0954,0.93,1,0.85,0,0.28,0,0.79,0,0.09,0.23,0.44,0.6,0.64,0.44,0.57,0.02,0,0.07,0.71,0.15,0.91,0.77,0.25,0,0.56,0.43,0,0.77,0.53,0,0.27,0.44,0,0.41,0.05,0,0,0.19,0.1,0.07,0.66,0.21,0.69,0.12,0,0,0,0.56,0.18,0,0.87,0.15,0.73,0.07,0.11,0.72,0,0.97,0.36,0.36
F0955,0.06,0,0.86,0,0.06,0.37,0,0.13,0,0.73,0,0,0,0,0.66,0,0,0.23,0.97,0.19,0,0.71,0.74,0.95,0,0.58,0.04,0.68,0.41,0.44,0.53,0,0.39,0.5,0.24,0,0,0,0.94,0.57,0,0.49,0,0.95,0.21,0.2,0.62,0,0.68,0,0.98,0.23,0,0.91,0.74,0.91,0.32,0,0.7,0
F0956,0.39,0,0.09,0,0.59,0.15,0.24,0.69,0,0,0,0,0,0.39,0.73,0,0.91,0,0.29,0,0.17,0.91,0.66,0.16,0.08,0.63,0,0.54,0.1,0,0.61,0.3,0.83,0.9,0.03,0.14,0,0,0.22,0.26,0,0.43,0.07,0.26,0.11,0.27,0.17,0,0.73,0,0.1,0.26,0,0.79,0.82,0.16,0,0.09,0,0.42
F0957,0,0.74,0.1,0.6,0.26,0.9,0.43,0,0.12,0.18,0,0.95,0.63,0.83,0,0.31,0.89,0.09,0,0.09,0,0,0,0,0,0.09,0.51,0,0.44,0.08,0,0,0.18,0,0.93,0.74,0,0,0.63,0.75,0,0,0.05,0.29,0.45,0.97,0.09,0.45,0.36,0.87,0,0,0.42,0,0.63,0.24,0.49,0.79,0,0.64
F0958,0.97,0.68,0.97,0.32,0.9,0,0,0,0.62,0.13,0.61,0.27,0,0.97,0.78,0,0.22,0,0.43,0.01,0,0.49,0,0.29,0.45,0.75,0,0.12,0.62,0.76,0.99,0.59,0.62,0.81,0.18,0.94,0.2,0.9,0,0.64,0,0,0,0.17,0.05,0,0.81,0.61,0,0.59,0.39,0,0.5,0,0.96,0,0,0.85,0.51,0.49
F0959,0,0,0.98,0.94,0.73,0.27,0.4,0.81,0.32,0,0,0,0.15,0.17,0,0.76,0,0.68,0.39,0,0.83,0.49,0,0.97,0.01,0.38,0.04,0.11,0.77,0.56,0.68,0,0.12,0.6,0.11,0.74,0.1,0.93,0,0,0,0,0.78,0.91,0.28,0.37,0.69,0.04,0.54,0.02,0.96,0,0.03,0,0.69,0,0.79,0.31,0.95,0.41
F0960,0.68,0,0.73,0.71,0.88,0.91,0.61,0.5,0.42,0.08,0,0.1,0.61,0.38,0.4,0.54,0.2,0,0,0.04,0.91,0,0.84,0.46,0.17,0,0.99,0,0,0.43,0.37,0,0.52,0,0,0,0,0.15,0.84,0,0.36,0.27,0.89,0.32,0.05,0.52,0,0.63,0,0,0,0.61,0.59,0.13,0.98,0,0.82,0.28,0.39,0.05
F0961,0.97,0.87,0.55,0.97,0,0,0.23,0.83,0.43,0.33,0.53,0.98,0.96,0.56,0.59,0.76,0.17,0.11,0.68,0.94,0,0.27,0,0,0.93,0.43,0.3,0.96,0.52,0.21,0,0.32,0.28,0.34,0.02,0.88,0.32,0.88,0.11,0.71,0.57,0.59,0.86,0.14,0.32,0,0,0.79,0,0.07,0.6,0.76,0,0.99,0,0.15,0.62,0,0,0
F0962,0.66,0.57,0,0.36,0.85,0.76,0,0.07,0.17,0.84,0.55,0.82,0,0.09,0,0.01,0.57,0,0.22,0.23,0.4,0.06,0,0.15,0.23,0,0.54,0.34,0.3,0.39,0.37,0,0.93,1,0.61,0.49,0.61,0.06,0.03,0.8,0,0.42,0.36,0.76,0,0,0,0,0,0.19,0,0.97,0.64,0.75,0.64,0,0,0.83,0.51,0.04
F0963,0,0.5,0,0.13,0.59,0,0.86,0.41,0.81,0.1,0.11,0,0.94,0,0.05,0,0,0.42,0.34,0.36,0.59,0.62,0,0.41,0.51,0,0.42,0,0,0.85,0,0,0.13,0.42,0.97,0.35,0,0,0.21,0.19,0,0.39,0.43,0.31,0.52,0.64,0.88,0,0,0.97,0,0.25,0.73,0.34,0.42,0,0.59,0.32,0,0.32
F0964,0.98,0,0,0.08,0.21,0.66,0.91,0.24,0.5,0.33,0.43,0,0.73,0.05,0.29,0,0,0.64,0.24,0.12,0.09,0,0,0.55,0.24,0,0.79,0,0,0,0.52,0.93,0,0,0.59,0,0,0.03,0.72,0.14,0,0.57,0,0,0.95,0,0,0.59,0.93,0.33,0.03,0.65,0.78,0,0.02,0,0.05,0.57,0.41,0
F0965,0.97,0,0.12,0,0,0.65,0.39,0.42,0.98,0,0.97,0.45,0.12,0,0.29,0.92,0,0.19,0.27,0.54,0,0,0,0.86,0.92,0,0,0.72,0.46,0.62,0.04,0.03,0.12,0.59,0.65,0.55,0.07,0.56,0.17,0.28,0.59,0.23,0.07,0,0.26,0.28,0.94,0.03,0,0.64,0,0.49,0,0,0,0.07,0.42,0.08,0.86,0.12
F0966,0,0.58,0.64,0,0.1,0,0.33,0.03,0.39,0.65,0.23,0.08,0.48,0.13,1,0.59,0,0,0,0.31,0,0,0.58,0,0.76,0.19,0.24,0.39,0.81,0,0.27,0.73,0,0,0.1,0,0.61,0.64,0.84,0,0,0.58,0.93,0.99,0,0,0,0.59,0.88,0.07,0,0.84,0.43,0.87,0,0.11,0.74,0.37,0,0
F0967,0,0.53,0,0.84,0.13,0.29,0.97,0.01,0,0,0,0.72,0.46,0,0.81,0,0.54,0.91,0.81,0.13,0.48,0,0.23,0.92,0.88,0.44,0.42,0.09,0,0.33,0.57,0.21,0,0,0.82,0.28,0.98,0,0,0,0,0.85,0.95,0.95,0.15,0,0.02,0.32,0.74,0,0,0.25,0,0.23,0,0,0.7,0.1,0,0.25
F0968,0.68,0,0,0.32,0.92,0.95,0,0.04,0,0.67,0.24,0.56,0.24,0.05,0,0.89,0.79,0,0,0,0,0.17,0,0.08,0,0.67,0.8,0.28,0,0,0,0,0.59,0.69,0.22,0.58,0.32,0.53,0.81,0.39,0.32,0.07,0.25,0,0,0,0,0.3,0.61,0.83,0.92,0,0,0,0.91,0.9,0.43,0,0,0.68
F0969,0.14,0.78,0.47,0.35,0.88,0.27,0,0,0.49,0.58,0,0,0.62,0.83,0,0.25,0.71,0.31,0.38,0,0,0.95,0,0,0.14,0.51,0.76,0.55,0,0.33,0,0,0.46,0,0.69,0,0.57,0,0.61,0.59,0.86,0.65,0,0.15,0.28,0.54,0,0.8,0.12,0.4,0,0,0.35,0.59,0.25,0.75,0.02,0,0.15,0.6
F0970,0.22,0.63,0.9,0,0,0,0.04,0,0.61,0.11,0.05,0.48,0.47,0,0.64,0.11,0.29,0.19,0,0,0,0,0,0.02,0,0,0.51,0.77,0,0.84,0,0,0.42,0,0.47,0.98,0.69,0.62,0.27,0,0.16,0,0,0.48,0.16,0,0.8,0,0.31,0,0.92,0.16,0.4,0,0.2,0,0.99,0.8,0.21,0.84
F0971,0.62,0,0,0,0,0,0,0,0.46,0.75,0.25,0,0.17,0.34,0.07,0.24,0,0.48,0.83,0.25,0,0.32,0.58,0,0.31,0,1,0.72,0.59,0,0,0.87,0.24,0.87,0,0.45,0,0.09,0.17,0,0,0.85,0.32,0.73,0.94,0.08,0.02,0.34,0.23,0,0,0.25,0.93,0,0.14,0,0,0.11,0.28,0.21
F0972,0.82,0.25,0.87,0,0.6,0,0,0.06,0.9,0.61,0.32,0.84,0.02,0.39,0,0.14,0.04,0.47,0.27,0.36,0.83,0,0.15,0,0.15,0,0.77,0.23,0.25,0,0.08,0.59,0.32,0,0.93,0.93,0.09,0.49,0.32,0,0.07,0.76,0.7,0.69,0.43,0.93,0.12,0,0,0.31,0.48,0.82,0.28,0.29,0,0.3,0.53,0.79,0.53,0.18
F0973,0,0.32,0,0.83,0.17,0,0.48,0,0.92,0.17,0.91,0.62,0.62,0.84,0,0,0.28,0.01,0.75,0.62,0.72,0.27,0,0,0,0.68,0.21,0.74,0.36,0,0.25,0.11,0,0.62,0.26,0.57,0.67,0,0,0.11,0.03,0,0.91,0.19,0,0.79,0.04,0,0.16,0,0,0,0,0,0.66,0,0.24,0.57,0,0
F0974,0.78,0,0,0,0,0.41,0.93,0.31,0,0.88,0.56,0,0.92,0.9,0.5,0.81,0,0.54,0.68,0.7,0,0,0.04,0.31,0.58,0.42,0.24,0.99,0,0,0.07,0,0.04,0.75,0,0.11,0.85,0,0.43,0,0.98,0.97,0.77,0.73,0.98,0.07,0.77,0.46,0.91,0.85,0.85,0.6,0.01,0.33,0,0,0.68,0.35,0.86,1
F0975,0.78,0.52,0,0.46,0.55,0,0,0,0.63,0.13,0.14,0,0,0.44,0.13,0.45,0,0.69,0.24,0.3,0,0.22,0,0,0.44,0.18,0.36,0,0.66,0.97,0.65,0,0,0,0.2,0.54,0.68,0.47,0,0,0.33,0.77,0.93,0.4,0.54,0.82,0.3,0.53,0,0,0.59,0,0.42,0.24,0,0,0.43,0.21,0.48,0.13
F0976,0,0.97,0,0,0,0.54,0.2,0.8,0.82,0.42,0.51,0,0.69,0.47,0,0.81,0,0.26,0,0,0.34,0,0.76,0.97,0.02,0.93,0,0.07,0.93,0,0,0,0,0.45,0.47,0,0.7,0,0.25,0,0.84,0.26,0,0.74,0.24,0.19,0.12,0,0,0.86,0,0.07,0,0,0.95,0.37,0,0.29,0,0
F0977,0,0.48,0.64,0,0.06,0.52,0.37,0.49,0.86,0.63,0,0,0.83,0,0,0.83,0.25,0.1,0.99,0,0.54,0.81,0.18,0,0.27,0.87,0.99,0,0,0.05,0,0.73,0,0,0,0,0.51,0.88,0,0,0,0.92,0.65,0.41,0.06,0.57,0.47,0.75,0.86,0,0,0.29,0.92,0,0,0.16,0,0,0.28,0
F0978,0,0.22,0,0.86,0,0,0,0.61,0.71,0.47,0,0.46,0.92,0,0,0.77,0.31,0.9,0.67,0.11,0.55,0,0.94,0.33,0.5,0,0.88,0.15,0.83,0.53,0.83,0.58,0.69,0,0,0.64,0.53,0,0.06,0,0.84,0,0.85,0,0,0.63,0,0.45,0.34,0,0.06,0.73,0,0.87,0.06,0.41,0.12,1,0,0.71
F0979,0.38,0.25,0.83,0.31,0.57,0,0.63,0,0.78,0.27,0,0,0.41,0.16,0,0.47,0.42,0.96,0.18,0,0,0.23,0.32,0.77,0,0.76,0.14,0.59,0.39,0,0.73,0.57,0.01,0.2,0,0,0,0.19,0.53,0.51,0.21,0.81,0.56,0.02,0,0.84,0.41,0,0.29,0.54,0.06,0.6,0.98,0.24,0,0.23,0.39,0.24,0,0
F0980,0.4,0.04,0,0.27,0,0,0.58,0.75,0.59,0,0.82,0.81,0,0,0.4,0.01,0.9,0.21,0.22,0,0.39,0.36,0.4,0.28,0.92,0.67,0.46,0,0.13,0,0.63,0.87,0,0,0.12,0,0.74,0.73,0.76,0.64,0.13,0.72,0,0.12,0.7,0.01,0.16,0.99,0.33,0,0,0,0.99,0.51,0.77,0,0.22,0.61,0,0.2
F0981,0.97,0.35,0,0,0,0,0,0.95,0,0.68,0.84,0,0,0.77,0,0,0.49,0.63,0.3,0.15,0,0.84,0,0.37,1,0.44,0.92,0,0.96,0.75,0,0.19,0.03,0.39,0,0.41,0.61,0.5,0.73,0.36,0,0,0.5,0.52,0.52,0.77,0.85,0.98,0,0,0,0,0.92,0.5,0.55,0.25,0,0.96,0.12,0.75
F0982,0.06,0,0,0.5,0,0.37,0.32,0,0.45,0,0,0,0,0,0,0.4,0.41,0.17,0.92,0.47,0,0.41,0.04,0.36,0.21,0,0.73,0.41,0.25,0.08,0.65,0.5,0.12,0.24,0,0.15,0.05,0.19,0,0.48,0,0,0,0.54,0.13,0,0.44,0.92,0.92,0.22,0,0.71,0.26,0,0,0.57,0,0,0,0.01
F0983,0.13,0,0,0,0.7,0.38,0,0,0.2,0,0.31,0,0,0.49,0.15,1,0,0.94,0.97,0.36,0.36,0.47,0.63,0.06,0.2,0,0.34,0.03,0,0.71,0.98,0,0,0,0,0,0,0.9,0.86,0.21,0.43,0,0.95,0,0,0.04,0.72,0,0.41,0,0,0.59,0,0,0,0,0,0.55,0.3,0.03
F0984,0.75,0,0.22,0.71,0,0.26,0.5,0.49,0.11,0.42,0,0.11,0,0.71,0.79,0.04,0.74,0,0.02,0.72,0.86,0.07,0,0.34,0.84,0,0,0,0.71,0.33,0,0,0.01,0.02,0.36,0.51,0,0,0.72,0.65,0.55,0,0.66,0,0.33,0.47,0.56,0,0,0,0.35,0.51,0,0.46,0,0,0,0,0,0.44
F0985,0.11,0,0,0.68,0.28,0,0,0.43,0.5,0,0.1,0.25,0.24,0.76,0.06,0.04,0,0,0.29,0,0,0,0.96,0.21,0,0.43,0,0.76,0.45,0,0.96,0.43,0,0,0,0.35,0,0.48,0,0.36,0.65,0.36,0.82,0.3,0.64,0,0.47,0,0.97,0.07,0,0.58,0,0,0.46,0.45,0.09,0,0.32,0.4
F0986,0,0,0.94,0.38,0.34,0.49,0.14,0.09,0.17,0.64,0.65,0.78,0.95,0,0,0.95,0,0.83,0.21,0.42,0,0.38,0.47,0.41,0.71,0.37,0,0.08,0.13,0.97,0,0.32,0,0,0.29,0,0.79,0.6,0.28,0.17,0,0.02,0.49,0,0,0.73,0,0,0,0,0,0,0,0.8,0.85,0.71,0.68,0,0.41,0.46
F0987,0,0.83,0.22,0,0.08,0.67,0.45,0.77,0,0.09,0,0.91,0.4,0,0,0.36,0,0.87,0.84,0,0.29,0.14,0.73,0.92,0,0,0.16,0.97,0,0.69,0,0.58,0.91,0.18,0.93,0.69,0.26,0,0,0,0,0,0.68,0.68,0,0,0.18,0,0.01,0.58,0.95,0,0.38,0.26,0.86,0,0.09,0.93,0.89,0.45
F0988,0,0,0.8,0.24,0.47,0.25,0,0.48,0.54,0,0.57,1,0.4,0,0,0,0.36,0.15,0,0.78,0,0,0,0.25,0.32,0,0.54,0.88,0.32,0.47,0,0.56,0,0.29,0,0.72,0.69,0.58,0.3,0.44,0.66,0,0.55,0.65,0.15,0,0.36,0,0,0.06,0,0,0,0,0,0,0,0.69,0.03,0.15
F0989,0.38,0.31,0.76,0.77,0.96,0.4,0.69,0,0,0.63,0.66,0.73,0.97,0.85,0,0,0,0.72,0.41,0.3,0.51,0.26,0.12,0.2,0.41,0.24,0.23,0,0.43,0.48,0.92,0,0.58,0.98,0.94,0.78,0,0,0,0,0.09,0.75,0.64,0.09,0.82,0,0.03,0,0.12,0,0.16,0.47,0.16,0.84,0,0.79,0,0,0.77,0.66
F0990,0.07,0.16,0.34,0.42,0.52,0.16,0.84,0,0.05,0.25,0.31,0.12,0.34,1,0.05,0.35,0,0.04,0.18,0.09,0.72,0,0.89,0.92,0,0.56,0,0.59,0.51,0,0.78,0,0.3,0,0.1,0,0.41,0.44,0,0.43,0,0,0,0.54,0.96,0.91,0.26,0.49,0,0.73,0,0.35,0.7,0,0.06,0.75,0,0,0.48,0
F0991,0.13,0.22,0.26,0,0,0.76,0.73,0.65,0.66,0,0.25,0,0,0.69,0,0.16,0,0,0.53,0.5,0.29,0,0,0.11,0,0.95,0.9,0,0.4,0,0,0.1,0,0,0.72,0,0.33,0,0.74,0.41,0,0,0.44,0.48,0.54,0.34,0.07,0,0,0,0.5,0.66,0.15,0.3,0.84,0,0,0.39,0.8,0.83
F0992,0.83,0.56,0.51,0.04,0,0.35,0.15,0.51,0,0.34,0.31,0,0,0.67,0.77,0.28,0,0.31,0.25,0.63,0,0.33,0,0.63,0.95,0,0.63,0,0,0.94,0.14,0,0.65,0.29,0,0,0.65,0.62,0,0.35,0,0.8,0.17,0.12,0.71,0.44,0.66,0.16,0.96,0.49,0.99,0.75,0.92,0.43,0.02,0,0.87,0,0.43,0.04
F0993,0.77,0.03,0,0,0,0.2,0.24,0.57,0,0.7,0.39,0.04,0.35,0,0,0.64,0.67,0.82,0,0.47,0.08,0.03,0.81,0.13,0.75,0.77,0,0.58,0.8,0,0.41,0.91,0.95,0,0.25,0,0,0.18,0,0,0,0,0,0.78,0.5,0.97,0.92,0.94,0,0,0.28,0,0.69,0.25,0.81,0,0.72,0,0.92,0.56
F0994,0.8,0.4,0.35,0.43,0.33,0,0.7,0,0,1,0.51,0,0,0.69,0.29,0.47,0.64,0.2,0,0.19,0.23,0.35,0,0,0,0,0.49,0.92,0.85,0.31,0.59,0.59,0.04,0.53,0.07,0.18,0,0.06,0.84,0,0.32,0.06,0,0.22,0,0,0.19,0,0,0.84,0.7,0.1,0.56,0.23,0.91,0,0.46,0,0.11,0.51
F0995,0.25,0.08,0.23,0,0.71,0,0.9,0.79,0.35,0,0.83,0.52,0.22,0,0.44,0.9,0.56,0.56,0,0,0,0,0.68,0,0.24,0.39,0.68,0.19,0.2,0,0.42,0.05,0.39,0.22,0.37,0.62,0.29,0.89,0.05,0.09,0.14,0.31,0.51,0.41,0,0.39,0.93,0.44,0,0.33,0,0,0,0,0.45,0,0,0,0,0.14
F0996,0,0,0,0,0.18,0,0,0.4,0.96,0,0.24,0,0,0,0,0,0.08,0,0,0,0.75,0.14,0,0,0.65,0.95,0.19,0.99,0.89,0.16,0.02,0.45,0,0.8,0.13,0.82,0.19,0.98,0.4,0.77,0.67,0.78,0.62,0,0.56,0.28,0,0,0.74,0.3,0.49,0.85,0.3,0,0.85,0,0.74,0.67,0,0.18
F0997,0,0.25,0.72,0.77,0.9,0,0.44,0,0.44,0,0.09,0.88,0.39,0.29,0.63,0.16,0.71,0.99,0,0.04,0.25,0.49,0.39,0.67,0.22,0,0.78,0.72,0.78,0.9,0.09,0,0.99,0.08,0.08,0.81,0,0,0,0.5,0.39,0.99,0,0,0.83,0.81,0.23,0.92,0.41,0.29,0,0.32,0.38,0,0,0,0.6,0,0,0.55
F0998,0.13,0.97,0,0.51,0,0,0.51,0.75,0.89,0.83,0.42,0.94,0.38,0,0.46,0,0,0.91,0,0.92,0.16,0.82,0,0.87,0.95,0.9,0.8,0,0,0.69,0.41,0.3,0.76,0,0.58,0.17,0.18,0.15,0,0.12,0.1,0,0,0,0,0.12,0.98,0.65,0,0,0,0,0,0.48,0,0,0.66,0,0.96,0.41
F0999,0,0.89,0.72,0,0,0.12,0,0,0.61,0,0.76,0.98,0.25,0.47,0.32,0,0.97,0.71,0,0,0.16,0.71,0,0.7,0.05,0.61,0.74,0.92,0,0,0.54,0,0.79,0,0.06,0,0.83,0.62,0,0,0.7,0,0.14,0,0.21,0.23,0.93,0,0,0.52,0.54,0.42,0.65,0,0,0.41,0,0.62,0.46,0.07
F1000,0.83,0.82,0,0.06,0.1,0,0.18,0,0,0,0,0.35,0,0.2,0.87,0.68,0.71,0,0.89,0.14,0.75,0.66,0,0,0.46,0,0,0.04,0,0.87,0,0.15,0,0.23,0.11,0.72,0.59,0,0.36,0.74,0,0,0.72,0.3,0.62,0.37,0,0,0.19,0,0,0,0.06,0.86,0.5,0.61,0.12,0.27,0.73,0.23
F1001,0,0.11,0.73,0.55,0.22,0.55,0,0.87,0,0.03,0,0,0.23,0.28,0.57,0.82,0,0.6,0.95,0.08,0.5,0,0.22,0,0.41,0,0.76,0.06,0.49,0,0.16,0.62,0.14,0.73,0,0.4,0.24,0,0.86,0,0,0.14,0,0.91,0.3,0.74,0.84,0.68,0.94,0.53,0.5,0.37,0,0,0,0.18,0.19,0,0,0.34
F1002,0.42,0,0.76,0.74,0.08,0,0.79,0,0.68,0.06,0.58,0,0.16,0.88,0.99,0,0,0,0.67,0.54,0.99,0.42,0,0,0.31,0.6,0.26,0.22,0.45,0,0.75,0.97,0.94,0.06,0.57,0.7,0,0.83,0.77,0.48,0,0.29,0,0.21,0,0.24,0.27,0.05,0.09,0.94,0.62,0,0,0.54,0.82,0,0.41,0.43,0.22,0
F1003,0,0.19,0.67,0,0.4,0.47,0.22,0,0,0.16,0,0,0.06,0.22,0,0.08,0,0.46,0,0.23,0,0.08,0.12,0.14,0,0,0,0.79,0.27,0,0.46,0.5,0.24,0.93,0.21,0.76,0.78,0.53,0.42,0.71,0,0,0.1,0,0,0,0.74,0.14,0,0.48,0.52,0.79,0,0.47,0.46,0.81,0,0,0.97,0.59
F1004,0.59,0.87,0,0,0.3,0.02,0.85,0.06,0.06,0.35,0.61,0,0.76,0.12,0.08,0.64,0.36,0.49,0.98,0.66,0,0.64,0.66,0.54,0,0.54,0.74,0.62,0,0,0,0,0,0,0.34,0,0.68,0,0,0.17,0.99,0,0.54,0.14,0,0,0.61,0.37,0.66,0,0,0.43,0.79,0,0.44,1,0,0.2,0,0.08
F1005,0,0.05,0,0.03,0,0,0.84,0,0,0.24,0,0.41,0,0.49,0,0.62,0.39,0,0,0.6,0.12,0,0.14,0.5,0.22,0.09,0.5,0,0,0,0.25,0.1,0,0.13,0.03,0,0.61,0.18,0.14,0.85,0.67,0.93,0,0.57,0.4,0,0.84,0,0,0,0,0,0.84,0.48,0.56,0,0.7,0.12,0,0.37
F1006,0.35,0.24,0.43,0,0.1,0,0.55,0.83,0,0.11,0.17,0.16,0.45,0,0.44,0,0.79,0.4,0,0.75,0.06,0,0,0.7,0,0.79,0,0.76,0.88,0.58,0.46,0,0.7,0.8,0.4,0.73,0,0.93,0.59,0.42,0.93,0,0.04,0,0,0,0.68,0,0,0,0.53,0.49,0.22,0.02,0.38,0.4,0.98,0,0,0
F1007,0,0.67,0,0.7,0,0,0.37,0.19,0.64,0.58,0,0.67,0,0.97,0,0,0,0.68,0.9,0,0.89,0.69,0.16,0,0,0.83,0.29,0.77,0.79,0,0,0,0.21,0.63,0.38,0.33,0,0.02,0.42,0.41,0.45,0.85,0.22,0.79,0.99,0.15,0.19,0.09,0.42,0.91,0.72,0.68,0,0,0.81,0.08,0,0.32,0.15,0
F1008,0,0.27,0.37,0.9,0.99,0,0.64,0,0,0,0,0.88,0.17,0.85,1,0,0,0.1,0.71,0.52,0.74,0.17,0.11,0.52,0.25,0.69,0.42,0.41,0,0.8,0.32,0,0.83,0.81,0.44,0.77,0,0.08,0,0.14,0,0.96,0.99,0,0,0.65,0,0.48,0.54,0,0,0.56,0.16,0,0,0.95,0.58,0,0,0.69
F1009,0.29,0,0.28,0,0,0.77,0.07,0.4,0.06,0.67,0,0,0.34,0,0,0,0.65,0.8,0.01,0.92,0.7,0,0.21,0,0.49,0.05,0.55,0,0.87,0,0.38,0.18,0.56,0,0,0,0,0.91,0.38,0.72,0.49,0,0.99,0.33,0.74,0.77,0.24,0.81,0.78,0.03,0.94,0.96,0.62,0.87,0,0,0,0,0.2,0
F1010,0.14,0.51,0.64,0.45,0.64,0,0.12,0.14,0.56,0,0,0,0.84,0.95,0.32,0.66,0,0.21,0.53,0.13,0.76,0.56,0.6,0,0.22,0.27,0.45,0.73,1,0.93,0,0,0.81,0.17,0.22,0,0.68,0.16,0.72,0,0.62,0,0.08,0.82,0.3,0,0.87,0.12,0,0.58,0,0,0,0.27,0.31,0.36,0,0.19,0.75,0.72
F1011,0,0.88,0,0,0.19,0.62,0.64,0.44,0,0.3,0.35,0.88,0,0,0,0.06,0,0.37,0.52,0,0.35,0.47,0.42,0.97,0.73,0.91,0.53,0.33,0.63,0,0,0.43,0.97,0.59,0.02,0.67,0,0,0,0.3,0.36,0.74,0,0.35,0,0.09,0,0.98,0,0.18,1,0,0.63,0.29,0.75,0.21,0,0,0,0.6
F1012,0.19,0.43,0,0,0,0,0.93,0.37,0.17,0,0.98,0,0.43,0,0.33,0.58,0.27,0.53,0.79,0,0.61,0.71,0.34,0.1,0.3,0.47,0.31,0.93,0.72,0.98,0,0,0.26,0,0.82,0.03,0,0,0.87,0,0.39,0.54,0.92,0.63,0.04,0.57,0.95,0.41,0.71,0.88,0.09,0,0,0,0.91,0,0.62,0,0,0
F1013,0.67,0,0.22,0,0.83,0.71,0,0.08,0,0,0.23,0.32,0,0.21,0.83,0.78,0.4,0.89,0.78,0,0.26,0.75,0.69,0.86,0.25,0,0.59,0.38,0,0,0.3,0.59,0,0,0,0,0.63,0,0,0.2,0,0.59,0.53,0.46,0,0,0,0.13,0.49,0,0.09,0.4,0,0.5,0.14,0,0.76,0.64,0.11,0.85
F1014,0,0.23,0,0,0.31,0,0.55,0.01,0.67,0,0.2,0.89,0,0,0.39,0.06,0.8,0,0,0,0,0.45,0.04,0.68,0.88,0,0,0.86,0.97,0.08,0.62,0.28,0,0.2,0.95,0,0,0.77,0.69,0.57,0.89,0.69,0,0,0.51,0.74,0,0.48,0.39,0,0.95,0,0,0,0.39,0.38,0.67,0,0.15,0.65
F1015,0.73,0,0,0,0.7,0.82,0.21,0.27,0,0.13,0.88,0.5,0.47,0.89,0.6,0,0.1,0.81,0,0.78,0,0.37,0,0,0.69,0.62,0.03,0.67,0.3,0,0,0.4,0,0.13,0.36,0,0.47,0,0.9,0.35,0.78,0.05,0.42,0.77,0.58,0.99,0.07,0,0.79,0.84,0,0,0,0.6,0.38,0,0,0.8,0,0.51
F1016,0.01,0.65,0,0,0.08,0.01,0.85,0.4,0,0.51,0.68,0.94,0.44,0.55,0.92,0.15,0.43,0.25,0,0,0,0.47,0,0,0.74,0,0.44,0.2,0.56,0,0,0.91,0,0,0.79,0.49,0.13,0.74,0.24,0.66,0.78,0.1,0,0,0,0.88,0,0.64,0,0,0,0.55,0,0,0.16,0.31,0.45,0.63,0,0.89
F1017,0,0.1,0,0,0.82,0.46,0.02,0.4,0.72,0.16,0,0.14,0,0,0,0.25,0.87,0.08,1,0,0.25,0,0.05,0,0,0.22,0.84,0.92,0.8,0.43,0,0.34,0.96,0,0,0,0.45,0,0.27,0,0,0.9,0.87,0.3,0.69,0,0.58,0.03,0.49,0.66,0,0.75,0,0,0.58,0.54,0.65,0.16,0.79,0
F1018,0.4,0,0,0.58,0,0.18,0,0.05,0,0.47,0.75,0.13,0.84,0.52,0.15,0.06,0.17,0.75,0.69,0,0.52,0.61,0.55,0.5,0.99,0.93,0.76,0.03,0.16,0.35,0.25,0.38,0.02,0,0.85,0.82,0.93,0.99,0,0,0,0.9,0.65,0,0.5,0.99,0.5,0.7,0,0.62,0,0.99,0.79,0.88,0.06,0.48,0.34,0.19,0,0.47
F1019,0.88,0,0.31,0.55,0.78,0,0.94,0,0.48,0,0.14,0.57,0,0.19,0.51,0.83,0.89,0,0.58,0.2,0,0,0,0,1,0,0.12,0.21,0,0,0,0.76,0.35,0.22,0,0,0.46,0.12,0,0.88,0.28,0,0.55,0.76,0.27,0.45,0.76,0.09,0,0.4,0.23,0.06,0.96,0.77,0.47,0.53,0.49,0.41,0.34,0.22
F1020,0.34,0.87,0,0.95,0,0,0.12,0,0.67,0.66,0.34,0.97,0.63,0,0.23,0.67,0.86,0.86,0,0.54,0.43,0.2,0.52,0.87,0.82,0.46,0.38,0.2,0.52,0,0.21,0,0.3,0.33,0.28,0.55,0,0.75,0,0.09,0,0.3,0,0.67,0.77,0.73,0,0,1,0.71,0.25,0.28,0,0.95,0,0.74,0.62,0.78,0.34,0
F1021,0.28,0.13,0.95,0,0,0.88,0.63,0.45,0.28,0,0.74,0.93,0.75,0.77,0.38,0,0.03,0.27,0.28,0,0.29,0.13,0.84,0,0.26,0.51,0.69,0.45,0.1,0.18,0.81,0.99,0.11,0,0,0.88,0,0.9,0,0,0.79,0,0.98,0.05,0,0,0,0,0.59,0.59,0.35,0,0.78,0.11,0.19,0,0.15,0,0.51,0.47
F1022,0.77,0.37,0.53,0,0.86,0.88,0.14,0,0.21,0.02,0.33,0,0.26,0.27,0.23,0.3,0,0,0,0.59,0,0.7,0,0,0,0.43,0.85,0,0.52,0,0.56,0,0,0.21,0,0.98,0.86,0,0.61,0.35,0,0.61,0.68,0,0.68,0.62,0.63,0.22,0.5,0.36,0.87,0.62,0.7,0.08,0.77,0,0,0.31,0,0.45
F1023,0.41,0.53,0.52,0,0,0.43,0.83,0,0.9,0.99,0,0.17,0,0.68,0.16,0.74,0.98,0.2,0,0.75,0,0.79,0.03,0.74,0.25,0.03,0.02,0.49,0.72,0,0.8,0,0.53,0.41,0,0,0.11,0,0,0.85,0.66,0,0,0.57,0.35,0,0.87,0.45,0.44,0.58,0.28,0.75,0,0.15,0.03,0.64,0,0.04,0.78,0.06
F1024,0.67,0.37,0.67,0.53,0,0,0,0,0.3,0,0.31,0.88,0.7,0,0.67,0.85,0.26,0,0.88,0,0.99,0,0.66,0.41,0,0.8,0,0.63,0.79,0,0,0.55,0.81,0.15,0.25,0,0,0.58,0,0,0.67,0.68,0.9,0.72,0.25,0.16,0.37,0,0.76,0.38,0,0.71,0.62,0,0.84,0.08,0.92,0.32,0.36,0
F1025,0.5,0.44,0.15,0.18,0.11,0,0.83,0.9,0.18,0.8,0,0,0.3,0.09,0.51,0.72,0.94,0.7,0,0.93,0.24,0.49,0,0.81,0,0.44,0.7,0.13,0.93,0.51,0,0.48,0,0.73,0,0,0.16,0.68,0,0.95,0.81,0,0,0.55,0,0,0,0.28,0.86,0.79,0.38,0,0.15,0,0.21,0.42,0.92,0.28,0.36,0.29
F1026,0,0.48,0.2,0.61,0,0,0.82,0.9,0,0.38,0,0.78,0.73,1,0.12,0,0.94,0.77,0.04,0,0.5,0.85,0,0.52,0,0,0.33,0,0.39,0.16,0.27,0.83,0.68,0,0.24,0.4,0.22,0.76,0.42,0.49,0,0.05,0.58,0.76,0.08,0,0.2,0,0.3,0,0.61,0.17,0.75,0,0.26,0,0.57,0,0,0.12
F1027,0,0,0.49,0.12,0.28,0.56,0,0.23,0.18,0.37,0,0.49,0.73,0,0.39,0.26,0.86,0.21,0.28,0.89,0,1,0.88,0.11,0,0,0.75,0.92,0.36,0,0.67,0.27,0.37,0.58,0,0,0.6,0.53,0,0,0,0.53,0,0.65,0,0.22,0.13,0.62,0,0.58,0,0.84,0.27,0.69,0,0,0.57,0,0.98,0.22
F1028,0.93,0.91,0.29,0.31,0.37,0,0.12,0.26,0.38,0,0.2,0.06,0.58,0.76,0.86,0.2,0.8,0,0.87,0.93,0,0,0.18,0,0.48,0,0.62,0,0,0.31,0.55,0,0.89,0.23,0.69,0.41,0.52,0.5,0.22,0.53,0.15,0.76,0,0.98,0.31,0.61,0.7,0,0,0.29,0,0.64,0.27,0.67,0,0,0.59,0.65,0.54,0
F1029,0.77,0.28,0.43,0.96,0,0.17,0.48,0.1,0.99,0,0.46,0.09,0.36,0.35,0.71,0.4,0,0,0.74,0.41,0.55,0.5,0.91,0.97,0.05,0.21,0.37,0.92,0.1,0,0.46,0,0.43,0,0.64,0,0,0,0.26,0.82,0.41,0.75,0.98,0,0,0.29,0.68,0.53,0.18,0,0.35,0.42,0.66,0,0.38,0,0.6,0,0.68,0.68
F1030,0.86,0.73,0.45,0.82,0,0,0.46,0,0.65,0.97,0,0.37,0,0,0,0.39,0.49,0,0,0,0.7,0.54,0.38,0.8,0.13,0,0.77,0.18,0.75,0.47,0,0.56,0.03,0,0,0.45,0,0.6,0.52,0.47,0.04,0.09,0.18,0.74,0.49,0,0.31,0.52,0.47,0,0,0.85,0,0,0.6,0.36,0.74,0.71,0.09,0.45
F1031,0,0.3,0.13,0.56,0.23,0,0.54,0.25,0.7,0.49,0.25,0,0.27,0,0,0.71,0.27,0.75,0,0.71,0.24,0.28,0.01,0,0.46,0,0.55,0.64,0.56,0,0,0.04,0,0,0.45,0.53,0,0.63,0.49,0,0,0,0.75,0.96,0,0.87,0,0.27,0.47,0.74,0.07,0.15,0.94,0.91,0,0,0,0.21,0.38,0.16
F1032,0.93,0.65,0.06,0,0.8,0.62,0.76,0.53,0,0.27,0.32,0.6,0.64,0,0.15,0,0.47,0.15,0.44,0.03,0.53,0,0.89,0,0.18,0,0.46,0,0.66,0,0.15,0.32,0,0.9,0.36,0.77,0,1,0.32,0,0.05,0,0.96,0.75,0.26,0.92,0.2,0,0.23,0.57,0,0.74,0.26,0,0,0.89,0.93,0.24,0.62,0
F1033,0.53,0.16,0,1,0.25,0.81,0.58,0.67,0,0,0.48,0.67,0,0.23,0.39,0.29,0.09,0.94,0.25,0,0.23,0,0.5,0.97,0,0.4,0,0.96,0,0.7,0,0.02,0.35,0,0,0.16,0,0,0,0.7,0,0,0.1,0.21,0.07,0.55,0.6,0.98,0.87,0.18,0.05,0.67,0,0.16,0.93,0.76,0,0,0.14,0.21
F1034,0,0.85,0,0,0,0.1,0.64,0,0,0.67,0.34,0.94,0.46,0.76,0,0.07,0.85,0,0.07,0.69,0.21,0.1,0.7,0.96,0,0,0.58,0.94,0.94,0,0.31,0,0,0,0,0.2,0.28,0.8,0,0,0,0.44,0,0.86,0.02,0,0.61,0.45,0,0.95,0,0,0.88,0.14,0,0.4,0.74,0.84,0.45,0.87
F1035,0.34,0.13,0,0.46,0.22,0.56,0.59,0.59,0,0,0.26,0.73,0.55,0.04,0.96,0.92,0.16,0,0,0.55,0.37,0.25,0.7,0,0.69,0,0.33,0.3,0.65,0.13,0.8,0,0.2,0.39,0.59,0.43,0,0.58,0.24,0.69,0.65,0,0,0.9,0.29,0.04,0,0.5,0.91,0.2,0,0,0,0.96,0,0.71,0,0,0.83,0.38
F1036,0,0.15,0.95,0,0,0.22,0,0.04,0.49,0.4,0,0,0.2,0,0.14,0.39,0,0,0.65,0.88,0.23,0.03,0.91,0.36,0.67,0.61,0.46,0.48,0.76,0.66,1,0,0.22,0.21,0.39,0.29,0.57,0,0.49,0.93,0.46,0,0.64,0.81,0,0.12,0.27,0,0.01,0,0,0.21,0,0,0,0.56,0.33,0,0,0
F1037,0.69,0.15,0.71,0.9,0.33,0.15,0,0.16,0,0.73,0.65,0.62,0.07,0.81,0.07,0,0,0.1,0.37,0,0,0.81,0,0.41,0.76,0.58,0.89,0,0.71,0.62,0.29,0.17,0,0.97,0.05,0.95,0,0,0,0,0.4,0.78,0.27,0,0.67,0,0,0.48,0.08,0.58,0.65,0.61,0.71,0.02,0.73,0.51,0,0,0.52,0.1
F1038,0.89,0,0.37,0,0,0.41,0.16,0.85,0,0.46,0.42,0.6,0.38,0,0.02,0.65,0,0,0.94,0,0.73,0.86,0.42,0,0.34,0.62,0.7,0.54,0.43,0.78,0.6,0.94,0,0.49,0,0.99,0.62,0,0,0.52,0.07,0.54,0.86,0,0,0,0.03,0.77,0.59,0.56,0.35,0.64,0,0.43,0.1,0.22,0.76,0.01,0.24,0.29
F1039,0.66,0.91,0.21,0.15,0.79,0,0.37,0,0.11,0.14,0,0.06,0,0,0.13,0.59,0.76,0,0.88,0.27,0.43,0.79,0,0.01,0.09,0.83,0,0.44,1,0,0.72,0.49,0.62,0,0.16,0.51,0.39,0.61,0,0,0,0.85,0.84,0.98,0.62,0,0.46,0,0.35,0,0,0.71,0.91,0.77,0,0,0.47,0,0.15,0
F1040,0.88,0.51,0.49,0.18,0.23,0.66,0,0.82,0.72,0,0.65,0.31,0.55,0.04,0,0.84,0.86,0,0.27,0.33,0,0.78,0.12,0.32,0.09,0.35,0.16,0.51,0.87,0.87,0.12,0.51,0.79,0.01,0.99,0,0.75,0.69,0.57,0.9,0.41,0.71,0.15,0.35,0,0.1,0.54,0.88,0.83,0.38,0.73,0.96,0.04,0.18,0,0,0,0.33,0.25,0.73
F1041,0,0,0,0.16,0,0.97,0,0.78,0.69,0.21,0.26,0,0,0.34,0.24,0.9,0,0.21,0,0,0,0.88,0.08,0.36,0.97,0,0.32,0.61,0.65,0,0,0.73,0,0.18,0.38,0,0,0.76,0.31,0,0.78,0.32,0,0,0.81,0,0.28,0,0.48,0.66,0,0,0.75,0,0,0.28,0.82,0,0.62,0.26
F1042,0.12,0,0.14,0,0,0,0,0,0.97,0.74,0.42,0.8,0.15,0.11,0.47,0.14,0.65,0.16,0.71,0.47,0.88,0,0.88,0.87,0.08,0.86,0,0,0,0.81,0,0.42,0.64,0.38,0,0.61,0.35,0.38,0,0.83,0.18,0.85,0,0.66,0.06,0.45,0.17,0.92,0.94,0,0.81,0.25,0,0,0,0,0.86,0,0.05,0.56
F1043,0,0.49,0.31,0.18,0,0.22,0,0.9,0.79,0.42,0.13,0.89,0.15,0.65,0.3,0,0,0,0,0.87,0.81,0.96,0,0,0.08,0.48,0.21,0,0.38,0,0.64,0.88,0,0.82,0.54,0.73,0,0,0.32,0.49,0,0,0.33,0,0.64,0.37,0.97,0.17,0,0.76,0,0.12,0,0,0,0.13,0.71,0,0.9,0
F1044,0.48,0.29,0,0.8,0,0.02,0.12,0,0.66,0.94,0,0.68,0.94,0,0.79,0,0,0,0,0.43,0.36,0.04,0.88,0,0.94,0.96,0.17,0.13,0.7,0.31,0,0,0,0.26,0.8,0,0,0.28,0,0.83,0.83,0,0.07,0.64,0.08,0.43,0.46,0,0.81,0,0,0,0.57,0.98,0.83,0,0.55,0.5,0.96,0.68
F1045,0.9,0.77,0.06,0.96,0,0.57,0.83,0,0,0.98,0,0.68,0.82,0.2,0,0.8,0.25,0.95,0.41,0.36,0.78,0.86,0.22,0.41,0.27,0.77,0,0.3,0,0.68,0,0.71,0.67,0.28,0.66,0.21,0.84,0.53,0,0,0.05,0.53,0.53,0,0,0,0.16,0.91,0,0.21,0.91,0.78,0,0.3,0,0.34,0.15,0.72,0.66,0
F1046,0.58,0,0.7,0.17,0.34,0,0.76,0.62,0,0.7,0.62,0.36,0.69,0.13,0.37,0.7,0,0.81,0,0,0,0.18,0.92,0,0.53,0.5,0.39,0.6,0.38,0.51,0,0.71,0.87,0.16,0.22,0.95,0.58,0.62,0,0,0,0.73,0.85,0,0.65,0.26,0,0.32,0.88,0,0.33,0.73,0.27,0.58,0,0.85,0.93,0.03,0.09,0
F1047,0,0.38,0.41,0.2,0.82,0,0.46,0,0,0,0.13,0,0,0.17,0,0.97,0,0.79,0.88,0.15,0,0.68,0.3,0.7,0,0,0,0.41,0.92,0.6,0.36,0,0.53,0.76,0.44,0.66,0,0.47,0.52,0,0.19,0.05,0,0.77,0.84,0.99,0.8,0.18,0,0.46,0.67,0.98,0.37,0.83,0,0.76,0.95,0.78,0,0
F1048,0.09,0.94,0,0.89,0.62,0.34,0,0,0,0.15,0,0,0,0.06,0,0.34,0,0.87,0,0,0.14,0,0.34,0.49,0.62,0.09,0.98,0,0,0.48,0.47,0.65,0.23,0,0.63,0.22,0,0,0.18,0.1,0.52,0,0.92,0.3,0,0.45,0.91,0.35,0.26,0,0.32,0.17,0.44,0.67,0,0,0,0.91,0.02,0
F1049,0.07,0.12,0.22,0.76,0,0.96,0,0.2,0.06,0.38,0,0,0.27,0.94,0.87,0.73,0.12,0.87,0.29,0,0.78,0,0.5,0,0.43,0.93,0.61,0.91,0.87,0.94,0.59,0.18,0.38,0.25,0.11,0.61,0.33,0.4,0.57,0.77,0.76,0.55,0.8,0.18,0.96,0.34,0.75,0,0.55,0,0,0.16,0.53,0.59,0,0.82,0,0.43,0,0.04
F1050,0,0.03,0,0.37,0,0,0,0.96,0.06,0.14,0.91,0,0.26,0,0.74,0,0.15,0,0,0.48,0.09,0.25,0.66,0.96,0.01,0,0,0.67,0.99,0.47,0.77,0.2,0.33,0.06,0,0.68,0.55,0,0,0.9,0,0.37,0.82,0,0.14,0,0.88,0.82,0.36,0.45,0.43,0,0.25,0.18,0,0.52,0.27,0.17,0.98,0
F1051,0,0.4,0,0,0.73,0,0.14,0.97,0.24,0,0.08,0,0.4,0.07,0,0,0,0.89,0.54,0.37,0,0.8,0.3,0,0.59,0,0.74,0.6,0.86,0,0.99,0,0.29,0.22,0,0,0.25,0,0.14,0,0.42,0.43,0.78,0.94,0,0,0.9,0.06,0.32,0.85,0.17,0.44,0.09,0.68,0,0,0,0.4,0.88,0.86
F1052,0,0.37,0.41,0.93,0,0,0.77,0.08,0.96,0.84,0.65,0.51,0.33,0,0,0,0,0,0.07,0,0.09,0,0.08,0,0,0.75,0.67,0,0.23,0,0,0.66,0,0.37,0,0,0.65,0,0.78,0.43,0.05,0,0.92,0.44,0,0,0.03,0.58,0.99,0.34,0.54,0.69,0.13,0.24,0.45,0.21,0,0,0.1,0.15
F1053,0.72,0,0,0.84,0,0,0,0.96,0,0,0.09,0,0.5,0,0.59,0.89,0,0,0.39,0.52,0.58,0.12,0.58,0.57,0.2,0,0,0.54,0.48,0.68,0.28,0.04,0.4,0,0.21,0.73,0,0,0,0.02,0.9,0.63,0,0.18,0.84,0.04,0.9,0.53,0.48,0.84,0,0.21,0.66,0.05,0,0.05,0.15,0,0.58,0
F1054,0.63,0.18,0,0,0.39,0.48,0,0.21,0.98,0.4,0.52,0.23,0.51,0,0.31,0.62,0,0.6,0,0.47,0.66,0.28,0.69,0.98,0.31,0.35,0.17,0.67,0.55,0.58,0,0.99,0.79,0,0.22,0,0,0.82,0.77,0.72,0.2,0,0.45,0,0.5,0.02,0,0.43,0,0.65,0,0,0.42,0.82,0.9,0.51,0.34,0,0,0
F1055,0.14,0.15,0.69,0,0,0.95,0,0,0.98,0.12,0.58,0.71,0.76,0.5,0.04,0.28,0.66,0.09,0.11,0.59,0.59,0,0,0.26,0.81,0,0,0,0.14,0.25,0,0.09,0.11,0,0.59,0.45,0.6,0,0.97,0.31,0.42,0.95,0.54,0.99,0.77,0.85,0,0,0,0.16,0,0,0.87,0,0.73,0.62,0.04,0.26,0.65,0.03
F1056,0,0,0,0,0.86,0.44,0.55,0.47,0.78,0,0,0.47,0.81,0.38,0,0,0,0.71,0,0.79,0,0.11,0,0,0.02,0.58,0,0,0.99,0.51,0.27,0,0,0.67,0.82,0.22,0.88,0,0.24,0.63,0.78,0.3,1,0,0.15,0.12,0.35,0,0,0.37,0,0,0,0.66,0.68,0,0.7,0.8,0.93,0.53
F1057,0.04,0.88,0.75,0.83,0.59,0.28,0.28,0.59,0.97,0.17,0.32,0.73,0.88,0,0,0.35,0.83,0.43,0,0.47,0.6,0.45,0.1,0,0.41,0.02,0.11,0.42,0.12,0,0.8,0.69,0,0,0.4,0.53,0.63,0.1,0.68,0.92,0.32,0.19,0.68,0.98,0.02,0,0.18,0.88,0.52,0.39,0.05,0,0,0,0.48,0.18,0,0,0.91,0.53
F1058,0,0.51,0,0.77,0,0,0,0.04,0,0.51,0.11,0.33,0.01,0.05,0.07,0,0.47,0.93,0.82,0.26,0.78,0,0.8,0.53,0.73,0,0.03,0,0,0.34,0.17,0,0,0.19,0.68,0.41,0.49,0,0,0.85,0,0.96,0.43,0.38,0,0.06,0,0.14,0.41,0.75,0,0.46,0.59,0.44,0,0,0,0.7,0.51,0
F1059,0.4,0.75,0,0.84,0,0.45,0,0,0.03,0.45,0.41,0,0.48,0.66,0.3,0.31,0,0.89,0,0,0.04,0,0.11,0,0,0.76,0.88,0.8,0.83,0.89,0.4,0.87,0.92,0.66,0,0,0.75,0.78,0.98,0.5,0.47,0.3,0.58,0,0,0,0.83,0.43,0.82,0.7,0.71,0.25,0,0,0.02,0,0.84,0.89,0,0.86
F1060,0.23,0,0,0.22,0,0.93,0,0.46,0.26,0,0.61,0.38,0,0.6,0.4,0.47,0.53,0.39,0.91,0.84,0,0,0.85,0.66,0.82,0.43,0,0.06,0.93,0,0,0,0.62,0.55,0,0.5,0.96,0,0.71,0,0.88,0,0.51,0.51,0.75,0,0,0.64,0.19,0.37,0.76,0,0.86,0.95,0.31,0.26,0,0.44,0,0.29
F1061,0.7,0,0.83,0.68,0,0,0,0,0,0,0,0.89,0.96,0.12,0.91,0.58,0.73,0.61,0.59,0.92,0.49,0.18,0,0.46,0,0.19,0.46,0.81,0.29,0,0.49,0,0.96,0,0.45,0.36,0.62,0.13,0.58,0.69,0.41,0.7,0,0.82,0,0,0,0,0,0.95,0.01,0.35,0.49,0,0.32,0.18,0,0,0.5,0.77
F1062,0.79,0.84,0.83,0.33,0.13,0,0.89,0.57,0.87,0.62,0.8,0.25,0.63,0,0.97,0,0,0.35,0.53,0.36,0.77,0,0.53,0,0,0,0,0.14,0.79,0,0.87,0.11,0.65,0.23,0,0,0.91,0.32,0,0,0,0.57,0.08,0.21,0.82,0.84,0.46,0.68,0.77,0.57,0,0,0.83,0.71,0.06,0,0.59,0,0,0.88
F1063,0.83,0,0,0,0.29,0.84,0,0.8,0,0,0,0.76,0.24,0.09,0,0.47,0.65,0,0,0,0.13,0.15,0.27,0,0.13,0,0.78,0,0.23,0.31,0.78,0.18,0,0.45,0.27,0.7,0,0.8,0.03,0.07,0.84,0.36,0.71,0.47,0.79,0,0.2,0.88,0,0,0.02,0.13,0,0.55,0.67,0,0.89,0.68,0,0.29
F1064,0,0.76,0.6,0,0.78,0.58,0.36,0,0.14,0.85,0,0.06,0.28,0,0.58,0.95,0.93,0.28,0.04,0,0.02,0.97,0.05,0.88,0.32,0.12,0.23,0.29,0,0.86,0,0.45,0,0,0,0.65,0,0,0.25,0.54,0,0.05,0.76,0.01,0.64,0.9,0.9,0.2,0.89,0.52,0,0.75,0,0.72,0,0.97,0.64,0.71,0.82,0.76
F1065,0,0.84,0.13,0.41,0.18,0.55,0,0.21,0,0,0.54,0.55,0.79,0,0,0.47,0,0,0,0.02,0.13,0,0,0.07,0,0.11,0,0.67,0.93,0,0,0.96,0.77,0,0.57,0,0,0,0.83,0,0.73,0,0,0,0.48,0.48,0.82,0,0.6,0.95,0.28,0.52,0,0,0.04,0,0.37,0.03,0.31,0.93
F1066,0.1,0.96,0.18,0.85,0.33,0.26,0,0.89,0.62,0.07,0,0.94,0.34,0.56,0,0.07,0.68,0.47,0.52,0.31,0.26,0.62,0.64,0.41,0.27,0.02,0.46,0.42,0,0.1,0,0.32,0,0,0.24,0,0.62,0.18,0,0.73,0.14,0.71,0.03,0.8,0.24,0.72,0,0,0.34,0.16,0,0,0.07,0.29,0.85,0.97,0.33,0.43,0.13,0
F1067,0.75,0.24,0,0.45,0.86,0,0,0.3,0.31,0,0.61,0,0,0,0,0,0,0,0.64,0.65,0.51,0,0.19,0,0,0.33,0,0.27,0.26,0,0,0.18,0.74,0.51,0,0.53,0,0.19,0.41,0,0.02,0,0.79,0.1,0.5,0.5,0,0.61,0.36,0,0.2,0,0,0.21,0.8,0,0.62,0.62,0,0.99
F1068,0.03,0.15,0.36,0,0,0,0.07,0.05,0.56,0,0.21,0.87,0.97,0,0.25,0,0.71,0.58,0.33,0,0.63,0.72,0,0.64,0.47,0.56,0,0.69,0.28,0.54,0.56,0,0.02,0.61,0.06,0.27,0.42,0.27,0.45,0.41,0.43,0.84,0,0.39,0,0.74,0.32,0.52,0.41,0,0.54,0,0.89,0,0,0,0.6,0.3,0.21,0.74
F1069,0.3,0,0.72,0.21,0.8,0.43,0,0,0,0,0.39,0.57,0.08,0.97,0.22,0.97,0,0.2,0.33,0.35,0.09,0.3,0.93,0.87,0.35,0,0.58,0,0,0,0.43,0.84,0,0,0.97,0,0.33,0.34,0,0.66,0.85,0.91,0,0.82,0.07,0.93,0.84,0.68,0,0.27,0,0.55,0.16,0,0.79,0.64,0.51,0.55,0,0.46
F1070,0.83,0.32,0,0.55,0.93,0,0.98,0.95,0,0.47,0,0.78,0.2,0,0,0,0,0.31,0.18,0.21,0.14,0,0,0.26,0.66,0,0,0.79,0.78,0.81,0,0.9,0.04,0,0,0,0.83,0,0.91,0.71,0,0.26,0,0,0.45,0,0,0.41,0.01,0,0.67,0.84,0.24,0.03,0.95,0.45,0.52,0,0.65,0
F1071,0.19,0,0.4,0,0,0,0,0.79,0.25,0.16,0,0.98,0.5,0.95,0.22,0.03,0.87,0,0.14,0,0.91,0.93,0.41,0.82,0,0,0,0.83,0.1,0,0.05,0.38,0.42,0,0.27,0,0,0,0,0.71,0.9,0.88,0.54,0.6,0.58,0.78,0.12,0.26,0,0.79,0.37,0,0.66,0,0.07,0,0,0,0.67,0.38
F1072,0.41,0.83,0.11,0,0.88,0.49,0.34,0.32,0.22,0.35,0,0.7,0.34,0.21,0.69,0.53,0.89,0.42,0.87,0.11,0,0,0,0.05,0,0.49,0,0.16,0.93,0.84,0,0,0,0,0,0.18,0.69,0,0.64,0.87,0,0.54,0.65,0.62,0.32,0,0,0.05,0,0,0.47,0,0.38,0.48,0,0.36,0,0,0.43,0.36
F1073,0.31,0,0.97,0,0.77,0.1,0.77,0.4,0.41,0.36,0.2,0.04,0.4,0.19,0.51,0.18,0.09,0.64,0,0.42,0.04,0.66,0.68,0.19,0.62,0.46,0,0.57,0,0.75,0.95,0,0.91,0.48,0.25,0.6,0.97,0,0.49,0,0.06,0.76,0.96,0,0,0,0.66,0,0,0,0.16,0.07,0.26,0.54,0.99,0,0,0.81,0.72,0.5
F1074,0.99,0.29,0,0,0.55,0,0.43,0.87,0,0.97,0.97,0.34,0.23,0.26,0.13,0.1,0,0.89,0,0.68,0.73,0.34,0,0.89,0,0,0,0.93,0,0.11,0.58,0.73,0.67,0,0.39,0.34,0,0.65,0,1,0.44,0,0,0.35,0.53,0.27,0,0.48,0.24,0.77,0.39,0,0.37,0.48,0.04,0.19,0.89,0.76,0.68,0
F1075,0.45,0,0.9,0.13,0.9,0,0.34,0.02,0.52,0,0.4,0.18,0.13,0,0.97,0,0.52,0,0,0.15,0.49,0.6,0.65,0.21,0,0.9,0.36,0.81,0,0.1,0.47,0.87,0.01,0.42,0.38,0,0.34,0.64,0.58,0.08,0.35,0.22,0.65,0,0,0.5,0,0,0.78,0.17,0.68,0.51,0.47,0,0.32,0.54,0.8,0,0.38,0
F1076,0,0,0.37,0,0,0.81,0.53,0,0.81,0.32,0.15,0.31,0,0.24,0.87,0.68,0,0.27,0,0.46,0.07,0.64,0.42,0.38,0.17,0.65,0.29,0,0,0,0.39,0.19,0,0.5,0.72,0,0.64,0.09,0.92,0.52,0.05,0.03,0,0.73,0,0.26,0,0,0,0.73,0,0.48,0,0.5,0.83,0.94,0,0.38,0,0.28
F1077,0.51,0,0.33,0,0.24,0.43,0.15,0.97,0.98,0,0.65,0.27,0,0.61,0.42,0,0.32,0.66,0,0.2,0.64,0.53,0.34,0,0.42,0.23,0.71,0.44,0,0.69,0.06,0.88,0.06,0.4,0.03,0.07,0.98,0.28,0,0.58,0,0,0,0.55,0,0.44,0,0.42,0,0,0.96,0.27,0,0.45,0,0,0.38,0,0,0
F1078,0,0,0,0.22,0.63,0,0.13,0.73,0.18,0,0.14,0.09,0,0.37,0.63,0,0.35,0.26,0.37,0,0,0.59,0,0,0.83,0,0.49,0.1,0.85,0.74,0.47,0.29,0.72,0.62,0,0.26,0.97,0,0.23,0,0.64,0.73,0,0.57,0,0,0.9,0.53,0.72,0,0.78,0.85,0,0.53,0.81,0,0,0.2,0.82,0.05
F1079,0,0.1,0.3,0,0,0.62,0.24,0,0.35,0.43,0.43,0,0.38,0.72,0,0,0.07,0,0,0.81,0.73,0.9,0.63,0.92,0,0.05,0.17,0.19,0,0.57,0,0,0.15,0.68,0,0.36,0.34,0.82,0.1,0,0.56,0.97,0.71,0.01,0.72,0.11,0.95,0.56,0,0.79,0.75,0.9,0,0,0.94,0,0.19,0.31,0.65,0
F1080,0.05,0.79,0,0.85,0,0,0.45,0.41,0.44,0.2,0.13,0.96,0.12,0.35,1,0,0,0.79,0.83,0,0.86,0,0.64,0.13,0.79,0.08,0.89,0.9,0,0,0.02,0.76,0.13,0.29,0.17,0.19,0,0.54,0.98,0,0,0.3,0.89,0,0,0.69,0.31,0,0.16,0,0.61,0.12,0.59,0.78,0.62,0.16,0,0.26,0.37,0.18
F1081,0,0,0.52,0,0.42,0,0,0,0.21,0.25,0.32,0.76,0.05,0.66,0.19,0.36,0.28,0.31,0.86,0.85,0.28,0.68,0,0.53,0.51,0.2,0.04,0,0.41,0.56,0.14,0,0.87,0.56,0.07,0.6,0.52,0.66,0.46,0,0.44,0.76,0,0.41,0,0,0.45,0,0.84,0.29,0.83,0.38,0.28,0.04,0.98,0.24,0.95,0.07,0,0
F1082,0,0.31,0.04,0.18,0.57,0.27,0,0,0,0,0,0.95,0.99,0.95,0.29,0,0.08,0.85,0,0.77,0.8,0.7,0,0.82,0.14,0,0,0,0.93,0,0.56,0.73,0,0,0,0.32,0.93,0.92,0.05,0.08,0.96,0.06,0,0,0.69,0.53,0,0.43,0.26,0,0,0,0,0,0.78,0.4,0,0.68,0.02,0.11
F1083,0,0.57,0.65,0.46,0.44,0.07,0.88,0.29,0.04,0.91,0,0.96,0.58,0.16,0,0,0.76,0.08,0,0.62,0.51,0,0.8,0.99,0.12,0.42,0.06,0,0.63,0.29,0,0,0.14,0.37,0.72,0,0.58,0.03,0.7,0,0.55,0.28,0.79,0.49,0.46,0.48,0.24,0.38,0.11,0,0.34,0,0.21,0.4,0.33,0.65,0.99,0.84,0.39,0.38
F1084,0,0,0.1,0,0.85,0.87,0.78,0,0.18,0,0.3,0.2,0,0.07,0.41,0,0.77,0.27,0,0.31,0.92,0.68,0,0,0.29,0.51,0,0.05,0,0.25,0,0,0.71,0.6,0.8,0.66,0.97,0.85,0.6,0,0.56,0.61,0.57,0.92,0,0,0.57,0,0.49,0,0.27,0,0,0.08,0.39,0,0.12,0.14,0,0
F1085,0.61,0,0.94,0,0.66,0.26,0.14,0,0,0.28,0,0.27,0.29,0.32,0,0.42,0.72,0.39,0.97,0.14,0,0.36,0.51,0,0.02,0.38,0.49,0.63,0,0,0.98,0,0.09,0,0.46,0.48,0.7,0,0.54,0.93,0.79,0,0,0.09,0.51,0.69,0,0,0.67,0,0,0.48,0.55,0.73,0,0.89,0.55,0.88,0.98,0.98
F1086,1,0,0,0.39,0.27,0.28,0.51,0,0.13,0.53,0.79,0.61,0.43,0,0.79,0.62,0.83,0,0.58,0.03,0,0.33,0.23,0.69,0.53,0.31,0.2,0,0.63,0.43,0,0.57,0.19,0.63,0.04,0.38,0.32,0.36,0,0,0.51,0.76,0.6,0.81,0.35,0.01,0,0.61,0.85,0.83,0.17,0.27,0.3,0,0,0.68,0.69,0.07,0,0
F1087,0.59,0.81,0,0.07,0.1,0.21,0.12,0.26,0,0.62,0.25,0.54,0.3,0.57,0.08,0.06,0.02,0,0.95,0.59,0,0,0.85,0.74,0,0.63,0.91,0.09,0,0.03,0.24,0,0.56,0,0.45,0,0.21,0.98,0.71,0.15,0.99,0.45,0.54,0.71,0.51,0,0,0.67,0.54,0.24,0.97,0.67,0.95,0.47,0,0.31,0,0,0,0.02
F1088,0.11,0.11,0,0,0.83,0,0.12,0.88,0.91,0,0.41,0.2,0.74,0,0.65,0.58,0,0.54,0,0.28,0.45,0.76,0,0,0.09,0,0,0.03,0.85,0.17,0.74,0.62,0,0,0,0,0,0.08,0.25,0,0.76,0.48,0.75,0,0.06,0,0.7,0.62,0,0.65,0,0.16,0,0,0,0.18,0,0.59,0,0.96
F1089,0.39,0,0.83,0,0,0.73,0.02,0.55,0.1,0.15,0.23,0.32,0.37,0.71,0.57,0.64,0,0,0,0.71,0.28,0.69,0.91,0.68,0.32,0.38,0.38,0,0.23,0.73,0.83,0,0.96,0.48,0.86,0,0.86,0,0.93,0.21,0.98,0.6,0,0.56,0.39,0,0.81,0,0.3,0,0.41,0.68,0.86,0.75,0.64,0.57,0.97,0.98,0,0.63
F1090,0,0.27,0,0.73,0.81,0.25,0.34,0.46,0.44,0,0.51,0.07,0.83,0,0.23,0,0.9,0.21,0.96,0.79,0,0,0.76,0,0.12,0,0.11,0,0,0.39,0.84,0.07,0.62,0.57,0.24,0,0.85,0,0.4,0.1,0.39,0,0.66,0.66,0.99,0,0,0.69,0,0.43,0.84,0.45,0.61,0.76,0.29,0.02,0.71,0.91,0,0.52
F1091,0,0.79,0,0.47,0.82,0.66,0,0.98,0.41,0,0.37,0.75,0.25,0.78,0.31,0.08,0,0,0.68,0.27,0.61,0.2,0.64,0,0.25,0.49,0,0.62,0,0.68,0,0.29,0.67,0.44,0.99,0.2,0,0.34,0.43,0.75,0.42,0,0.5,0,0,0,0.43,0.46,0.93,0.53,0,0,0,0.14,0.55,0,0.59,0.76,0,0.88
F1092,0,0.35,0.79,0.58,0.77,0,0.14,0.34,0.47,0.42,0.57,0.5,0,0.55,0.73,0.66,0,0.16,0,0,0,0.82,0,0.56,0.62,0,0.43,0,0.12,0.72,0,0.64,0,0.46,0.62,0.66,0.14,0.59,0,0,0,0.13,0.47,0.47,0.11,0,0.65,0.18,0.89,0.26,0,0.17,0,0,0.79,0.14,0.21,0.08,0,0
F1093,0.08,0.4,0.49,0.81,0.04,0.15,0.93,0.14,0.3,0.54,0,0,0.13,0.21,0,0.26,0,0,0,0.36,0.94,0,0.46,0,0.16,0,0.61,0.77,0.73,0.76,0.52,0,0,0.03,0,0.03,0,0.38,0.44,0.33,0,0.6,0,0.58,0.56,0.13,0,0.78,0,0.95,0.21,0,0.37,0.96,0.63,0,0,0.51,0.46,0.95
F1094,0.38,0.84,0,0,0,0,0,0.39,0.96,0.64,0.37,0.25,0,0,0,0,0,0.84,0,0.99,0.07,0,0.85,0.15,0,0.58,0.42,0.67,0,0,0.58,0,0.4,0.43,1,0.79,0.36,0.39,0,0,0.68,0,0.07,0,0,0.95,0.51,0,0.25,0,0,0,0,0.57,0.26,0,0,0.39,0,0.73
F1095,0,0.76,0.64,0.38,0,0.49,0.63,0,0,0.98,0,0.76,0.61,0.92,0,0,0.13,0.61,0,0.02,0.56,0.1,0,0.29,0.59,0,0,0.55,0,0.54,0.4,0.67,0.51,0,0.02,0.21,0.69,0,0.86,0.91,0,0.69,0.38,0.6,0,0.43,0.24,0.03,0,0,0.09,0.81,0,0,0.57,0,0,0.8,0.69,0.38
F1096,0,0.09,0.89,0,0.33,0,0.46,0.6,0.28,0.72,0,0.57,0.46,0,0.37,0.51,0,0.9,0.73,0,0,0,0.7,0.82,0.21,0,0,0.98,0.22,0,0.1,0.31,0.5,0,0.94,0.93,0.81,0,0,0,0.54,0,0.56,0,0.71,0.42,0.1,0,0.85,0.13,0.38,0.89,0,0,0.74,0,0.03,0.7,0,0.36
F1097,0.07,0,0.69,0,0,0.51,0.93,0,0.45,0.12,0.31,0.09,0,0,0,0,0.46,0.9,0.27,0,0.5,0,0.27,0.2,0.89,0.07,0,0.3,0.86,0.69,0.42,0.09,0.97,0.09,0.59,0,0.13,0.24,0.58,0.44,0.87,0.13,0.79,0.09,0.6,0.49,0,0.71,0,0,0.91,0,0.21,0,0.64,0,0,0.53,0.53,0.97
F1098,0.15,0.28,0.8,0.47,0.82,0,0,0.16,0,0,0.98,0,0.97,0,0,0.99,0.3,0,0.85,0,0.53,0.23,0,0.18,0,0,0.33,0.05,0,0.62,0.54,0,0.88,0.4,0,0,0,0,0.43,0.14,0.74,0,0.94,0.84,0.32,0.62,0.64,0.01,0,0.45,0.8,0.33,0.59,0.69,0,0.36,0.95,0.27,0.23,0
F1099,0.19,0.19,0.83,0.44,0.12,0,0,0.03,0.35,0.33,0.65,0.29,0.03,0.08,0.11,0.86,0,0.21,0.34,0.31,0.02,0,0,0.84,0,0.62,0,0.88,0.06,0.72,0.96,0.81,0.74,0.49,0.57,0,0.74,0.52,0,0.51,0.51,0,0.18,0.69,0,0,0.17,0,0,0.78,0.59,0,0.27,0.49,0,0,0.1,0.8,0.94,0
F1100,0.5,0.24,0,0,0.7,0.71,0.57,0.87,0.08,0.43,0,0.75,0,0,0.25,0.75,0,0,0.04,0,0.58,0.99,0.49,0,0.25,0,0.48,0.44,0,0.38,0.68,0.13,0.66,0.18,0,0.51,0.47,0,0,0.89,0,0.18,0,0.06,0.69,0,0,0.8,0.78,0.2,0.6,0.54,0.76,0.51,0,0.87,0,0.34,0,0
F1101,0.37,0,0.59,0.61,0.36,0.34,0,0.61,0.37,0.29,0.84,0,0.7,0.89,0.44,0.99,0.96,0,0,0.94,0.42,0.33,0.84,0,0,0.2,0,0.15,0.56,0.97,0,0,0.68,0.27,0.4,0.73,0.42,0,0.93,0,0.13,0.42,0.65,0.05,0,0.41,0,0.64,0.64,0.13,0,0,0.66,0,0,0,0,0.72,0,0.76
F1102,0.37,0.92,0.82,0,0,0,0,0.37,0.57,0.54,0.97,0,0,0.15,0.97,0.93,0.04,0.45,0.11,0,0.11,0,0,0.76,0,0.3,0.76,0,0.24,0,0.49,0,0,0.22,0.66,0.05,0.93,0.73,0,0,0,0.04,0,0,0,0,0.59,0.07,0,0,0.53,0.99,0.5,0.91,0,0,0.46,0.47,0.39,0.54
F1103,0,0.47,0.29,0.62,0.91,0,0.81,0.46,0,0.92,0.98,0,0.67,0,0.71,0,0.14,0.39,0,0,0.12,0.31,0.31,0.31,0.01,0.69,0,0,0.89,0.58,0,0.2,0.57,0,0,0,0.58,0.36,0,0,0.86,0.89,0.78,0,0,0.87,0.22,0,0.07,0.76,0.33,0.95,0.69,0.4,0.05,0,0.98,0,0.45,0
F1104,0.23,0,0.97,0,0.63,0.87,0.03,0,0.19,0.32,0.56,0,0.52,0.9,0,0,0,0.91,0.8,0,0.15,0,0.93,0.06,0.34,0.78,0,0.61,0,0.65,0.75,0.02,0.02,0,0.11,0.39,0,0.09,0,0,0,0.23,0.31,0,0.39,0.77,0.83,0.81,0.8,0.43,0.16,0,0,0.16,0,0.92,0.42,0,0.28,0.41
F1105,0.51,0.15,0,0.26,0.04,0.1,0.4,0.43,0.59,0.79,0.19,0.3,0.87,0.11,0.09,0,0.17,0.64,0.69,0,0,0,0.67,0.37,0.22,0,0.32,0,0.05,0.42,0.91,0.73,0,0.78,0,0.73,0.7,0,0.47,0.14,0,0.74,0.75,0,0.83,0.58,0.84,0.37,0.78,0.71,0,0,0.15,0.51,0.84,0.9,0,0,0.08,0.37
F1106,0,0,0.52,0.24,0,0.39,0.77,0,0.1,0,0,0,0,0,0.48,0.11,0,0,0,0.99,0.03,0.03,0,0.18,0,0.68,0.2,0.67,0.04,0,0.56,0.58,0,0.83,0.89,0.23,0.94,0,0.7,0.03,0.92,0,0.8,0,0.68,0.5,0.11,0.02,0,0,0.79,0,0.81,0,0,0,0.32,0,0.79,0.65
F1107,0.42,0.54,0.62,0,0.39,0.33,0.16,0.16,0.29,0,0.61,0.75,0.45,0.06,0.1,0.3,0.36,0.47,0.26,0.92,0,0.46,0.12,0,0.44,0,0,0.51,0,0.29,0.2,0,0.08,0,0.65,0.36,0,0,0.05,0.83,0.35,0.67,0.71,0,0,0.89,0,0.63,0.5,0,0.8,1,0.05,0.84,0.57,0.7,0.9,0.09,0.64,0.28
F1108,0,0,0,0.77,0,0.42,0.52,0.14,0.6,0.85,0,0,0,0.44,0,0.83,0,0.06,0.55,0,0.94,0.44,0,0.37,0.2,0,0,0.77,0.35,0,0.05,0.84,0,0,0,0.41,0,0,0,0.35,0.85,0.21,0,0,0,0,0.02,0.99,0,0.14,0.26,0.85,0,0.46,0.47,0.52,0.69,0.34,0.93,0
F1109,0.28,0.62,0.94,0.12,0.6,0,0.34,0.31,0,0,0,0.16,0.88,0.22,0.38,0,0.22,0.25,0,0,0.39,0.98,0.39,0.37,0.4,0.04,0.32,0,0,0.07,0.55,0.7,0.04,0,0.63,0,0,0.46,0.12,0,0.46,0.4,0,0.26,0,0,0.16,0,0,0.03,0.52,0.81,0,0.69,0.54,0.72,0.72,0,0,0.19
F1110,0.07,0.52,0,0.65,0.48,0,0.43,0,0.87,0.03,0.45,0,0.53,0.71,0.24,0,0.45,0,0,0.96,0.18,0,0.21,0,0.55,0.31,0.23,0,0.31,0.5,0.19,0.6,0.51,0,0,0.84,0.18,0,0.77,0.22,0.58,0.97,0.56,0.18,0.15,0,0,0.24,0.39,0,0,0,0.38,0,0.7,0,0,0.52,0,0.83
F1111,0.22,0,0,0.38,0.81,0.9,0.85,0.21,0.99,0.61,0.96,0,0,0,0.23,0,0,0.28,0,0,0.94,0,0.54,0,0,0.64,0.44,0,0.57,0.3,0.83,0.25,0.56,0,0.73,0,0,0,0.45,0,0.89,0,0.19,0.67,0.73,0,0.52,0.76,0.15,0,0,0.9,0,0.46,0,0,0.33,0.15,0,0
F1112,0.8,0,0.39,0.46,0.73,0.87,0.41,0.18,0.62,0.01,0.64,0.89,0,0.11,0.94,0,0.57,0.59,0.9,0.75,0.03,0.61,0.81,0,0.83,0,0,0.49,0.52,0,0.96,0,0,0,0.65,0,0,0.64,0.09,0.65,0.1,0.56,0.96,0,0,0,0,0,0.18,0.45,0.88,0,0.77,0,0.16,0.53,0.83,0.8,0.26,0.27
F1113,0.33,0.01,0.86,0.5,0.78,0.19,0.47,1,0.16,0.88,0.86,0,0.46,0.93,0.65,0.42,0,0.1,0.84,0.69,0,0.65,0,0.39,0.23,0.19,0.85,0.96,0,0,0,0,0,0,0.07,0.76,0,0,0,0.11,0.52,0,0.61,0.79,0,0,0,0,0,0,0,0,0,0.25,0.09,0.88,0,0.67,0,0.63
F1114,0,0.24,0,0.34,0.3,0.8,0.53,0.86,0,0.59,0.83,0,0,0,0.81,0.4,0.1,0.83,0,0.24,0.55,0.81,0.93,0.61,0.79,0.8,0.75,0,0.21,0.99,0.81,0.14,0.79,0.3,0.25,0,0.89,0.57,0.07,0,0,0.12,0,0.78,0,0.21,0,0.51,0.91,0,0.22,0.07,0.41,0.51,0.21,0,0,0.36,0.81,0.6
F1115,0.88,0.69,0.18,0,0.56,0,0.47,0.55,0,0.02,0,0.79,0.41,0.49,0.88,0.3,0.99,0.65,0.16,0.03,0.76,0.1,0,0,0,0.2,0.76,0.54,0,0.94,0,0.89,0.56,0.1,0.84,0.97,0.66,0.65,0,0.27,0.99,0,0.11,0.6,0.49,0.55,0.43,0,0,0.17,0.61,0.26,0.76,0.63,0.85,0.45,0.72,0,0,0.86
F1116,0.06,0.01,0.96,0.79,0.91,0.11,0.78,0.13,0.15,0.95,0.68,0,0.09,0.98,0,0.97,0.65,0,0,0.53,0,0,0.1,0.33,0.86,0,0,0.83,0.63,0.23,0,0.36,0,0,0,0,0.76,0,0.61,0.31,0.78,0.01,0.95,0,0,0.37,0,0,0.95,0.85,0.38,0.41,0,0,0.46,0.9,0.15,0.95,0.9,0.47
F1117,0.87,0.46,0,0,0.41,0.55,0.61,0.05,0.74,0.11,0,0.66,0,0,0.9,0,0.65,0,0.34,0.74,0.1,0.55,0,0.24,0.2,0.39,0.06,0,0.96,0,0,0.58,0.44,0.06,0.82,0.67,0,0.71,0.47,0.14,0,0.48,0,0,0,0.09,0,0.83,0.24,0.48,0.08,0.85,0.65,0,0.84,0,0.01,0,0.42,0.09
F1118,0.25,0,0,0.96,0,0,0.63,0.04,0.07,0.54,0.34,0.16,0,0.81,0,0,0.31,0.33,0.91,0.42,0.03,0.69,0.65,0,0,0.5,0.6,0.63,0.06,0.89,0.51,0,0,0.02,0.27,0,0.48,0.47,0,0.85,0.43,0.76,0.22,0.41,0.37,0.7,0.74,0.99,0.24,0,0.94,0.84,0,0.35,0,0.67,0.41,0.84,0.6,0
F1119,0.38,0.49,0,0,0.86,0,0.76,0.01,0,0.32,0.52,0,0.43,0.93,0.15,0.42,0.77,0.73,0,0.58,0.57,0.72,0,0.26,0.76,0,0.5,0.51,0.92,0.73,0.64,0.1,0.67,0,0.51,0,0,0.49,0.21,0,0,0,0,0,0,0.05,0.43,0.81,0.02,0.65,0.06,0.81,0.96,0,0.79,0,0.65,0.64,0.49,0.29
F1120,0,0,0.08,0.93,0.33,0.78,0.09,0,0.68,0.71,0.09,0,0,0,0.09,0,0.26,0.89,0.53,0.77,0.98,0,0.57,0.3,0.49,0.98,0.19,0.7,0.3,0,0.74,0,0,0.33,0,0.99,0.62,0.61,0,0.26,0,0.77,0.46,0,0.24,0.18,0.49,0.68,0.4,0,0.71,0.24,0,0.77,0,0,0.58,0,0,0
F1121,0,0.11,0.12,0.48,0.44,0.87,0,0.69,0.52,0.87,0.1,0.62,0.09,0.1,0,0,0.06,0.44,0,0.54,0.84,0.5,0.41,0,0.83,0,0.73,0,0,0.41,0,0,0.89,0.86,0,0.4,0.23,0.4,0.94,0,0.61,0,0.02,0,0,0.44,0,0.82,0.82,0,0.97,0.8,0,0,0.15,0,0.37,0.85,0.5,0.77
F1122,0,0,0.94,0,0,0.12,0.66,0.37,0.38,0.69,0.7,0.28,0.87,0.39,0.68,0,0,0,0,0,0,0,0,0.02,0.55,0.45,0,0,0,0.19,0.7,0,0,0.07,0.53,0,0.32,0.41,0,0,0,0.13,0.66,0.06,0.12,0,0.73,0.2,0.35,0,0,0,0,0.72,0.37,0.62,0,0,0,0.25
F1123,0,0,0.58,0.61,0.92,0.84,0,0.49,0,0.72,0.88,0.06,0.36,0.49,0,0,0.21,0.1,0.74,0.96,0.37,0,0,0.87,0.49,0.62,0.23,0.29,0,0,0.45,0.51,0,0,0.31,0.83,0,0,0,0.07,0.78,0.62,0.92,0,0,0,0.4,0.61,0,0,0,0,0.84,0,0.91,0.49,0,0,0.66,0
F1124,0,0.32,0.77,0.46,0.91,0,0.79,0,0,0.19,0,0,0,0.77,0.94,0.11,0.15,0.68,0.59,0,0.66,0.1,0.55,0.4,0.02,0.79,0,0.92,0,0,0.98,0,0,0,0.57,0,0.03,0.34,0.99,0,0.3,0.3,0.14,0,0.04,0.89,0.18,0.97,0.83,0.97,0,0.35,0.72,0.69,0.65,0.23,0.04,0.58,0,0
F1125,0.35,0.86,0,0,0,0.11,0.36,0.92,0.69,0,0,0,0.79,0.59,0.11,0,0.89,0.19,0.47,0.59,0.88,0.96,0.39,0.67,0.92,0.44,0,0,0.64,0.75,0,0,0.18,0.76,0.97,0.93,0.4,0.72,0,0.75,0,0.78,0.65,0.67,0.16,0,0.67,0,0,0.71,0.59,0,0.65,0,0.97,0,0.03,0.46,0.03,0.24
F1126,0.38,0,0,0,0.22,0.93,0.68,0,0,0.62,0.03,0.98,0.2,0.3,0.55,0.11,0,0,0,0,0.5,0.51,0.86,0,0.1,0,0,0.43,0.87,0,0.15,0,0.99,0,0,0,0,0.63,0,0.1,0,0.44,0.96,0,0.81,0.26,0,0.84,0.8,0.59,0.74,0.71,0.73,0,0.84,0,0,0.83,0.51,0
F1127,0,0,0.31,0,0.33,0.13,0,0,0.77,0,0,0.84,0.28,0.6,0.7,0,0.41,0.6,0.29,0,0,0.67,0.78,0,0,0.36,0.81,0.69,0.18,0.94,0.9,0.53,0.74,0.6,0.69,0.27,0,0.32,0.78,0.02,0,0,0,0.05,0.27,0,0.31,0.45,0,0.18,0.7,0.92,0,0.8,0.5,0.59,0.11,0,0,0.85
F1128,0,0,0,0.57,0,0.92,0.83,0.06,0,0,0.26,0,0,0,0.36,0,0.77,0,0,0.21,0,0.25,0,0.24,0.3,0.94,0,0,0.85,0.62,0.59,0,0.24,0.71,0.07,0,0,0.85,0.44,0.22,0,0.64,0.85,0,0,0.92,0,0.22,0,0.91,0.48,0.62,0,0.77,0,0,0,0,0,1
F1129,0.51,0.18,0,0.37,0.33,0.69,0,0.33,0,0,0.73,0.07,0.8,0.75,0.11,0,0.93,0.89,0,0.62,0.55,0.43,0,0.18,0,0.11,0,0.6,0.66,0.16,0.65,0.73,0.12,0.09,0.58,0.55,0.21,0,0.47,0.5,0.12,0.72,0.88,0.69,0.65,0.08,0.26,0.03,0,0.82,0,0,0.36,0.82,0,0.75,0,0.36,0.73,0.71
F1130,0.68,0.77,0,0.38,0.22,0.65,0,0.97,0,0.2,0.27,0,0,0.46,0.2,0.94,0.4,0.31,0.23,0,0.7,0.93,0.91,0.14,0.1,0.59,0,0,0.91,0.18,0.75,0,0,0.38,0,0,0.62,0,0,0.98,0,0.75,0.45,0,0,0,0.93,0.51,0.38,0.19,0,0.28,0.49,0,0.57,0.23,0.46,0.5,0,0
F1131,0,0,0,0.81,0.5,0,0.31,0,0.4,0.24,0.03,0.74,0.75,0.57,0,0,0,0.27,0.93,0,0.06,0.55,0.19,0.01,0.14,0,0,0,0,0,0,0,0,0,0,0.87,0,0,0.76,0,0,0.9,0.28,0.01,0,0.49,0.16,0,0,0,0,0.15,0,0.03,0.03,0.02,0.09,0,0,0
F1132,0.02,0,0.11,0,0,0,0.46,0.29,0,0,0.6,0.75,0.95,0.73,0.62,0,0.32,0,0,0.21,0,0,0.22,0.6,0.78,0,0.6,0.69,0.29,0,0,0.6,0.15,0.3,0.21,0.45,0.21,0.27,0.88,0,0.96,0,0.09,0.1,0.82,0,0,0,0,0,0.27,0,0.99,0.47,0,1,0.5,0.72,0.07,0.48
F1133,0,0.62,0.85,0,0.01,0.68,0,0.51,0,0,0.71,0.04,0,0.13,0.25,0.89,0,0,0,0.86,0.88,0,0,0.3,0,0.86,0,0.17,0.81,0.68,0,0.62,0.67,0.1,0.12,0,0.42,0,0.35,0,0.37,0.45,0.98,0,0,0.88,0,0.75,0.76,0,0,0.26,0.74,0.79,0.37,0,0.03,0,0.93,0.24
F1134,0.27,0.84,0.02,0.37,0,0.95,0.75,0,0.63,0,0.51,0.45,0.19,0.97,0,0.09,0.52,0,0,0.95,0.34,0,0,0,0.77,0,0,0,0.84,0.92,0.48,0,0.18,0.5,0.15,0.4,0.44,0.43,0,0,0.74,0.41,0.78,0.53,0,0,0.7,0.09,0.69,0.18,0,0.02,0.63,0.71,0,0,0.83,0.23,0.94,0.36
F1135,0.79,0.46,0.01,0.43,0,0,0.62,0.8,0.82,0.08,0.1,0.37,0,0.69,0.71,0.22,0.54,0.87,0,0,0.69,0,0.74,0.05,0.8,0,0.35,0.24,0,0,0.27,0.52,0,0.74,0,0.65,0,0,0.21,0.61,0.65,0.1,0.34,0,0.36,0,0.48,0,0,0,0.73,0.96,0.17,0.17,0.79,0.67,0,0,0.68,0.43
F1136,0.47,0,0.23,0.34,0.06,0,0,0,0.52,0.21,0.64,0,0.84,0,0.16,0.18,0.18,0.05,0.32,0,0.19,0.02,0.25,0.19,0.25,0,0.4,0.34,0,0,0.91,0.8,0.32,0.14,0,0.44,0.73,0.43,0.14,0,0,0.88,0.82,0.17,0,0.75,0.75,0,0.05,0.61,0.76,0.67,0.15,0,0,0.48,0.2,0.52,0.03,0
F1137,0.96,0,0.77,0.1,0,0,0,0,0.31,0,0,0.41,0,0.59,0,0.18,0.17,0.91,0,0.07,0.81,0,0.02,0.58,0.36,0.95,0,0.57,0,0,0.88,0.22,0,0,0.32,0.23,0.53,0.64,0.72,0,0.52,0.76,0.31,0.5,0,0.68,0.41,0,0,0.09,0,0.82,0,0,0,0,0.46,0.21,0.92,0.75
F1138,0.6,0.91,0,0.46,0.89,0,0.57,0.17,0.43,0,0.95,0.15,0.78,0.98,0,0.36,0,0.12,0.27,0.53,0,0,0.99,0.5,0.59,0.77,0,0.92,0.14,0.67,0.27,0.56,0,0,0,0,0,0.24,0,0.99,0.73,0,0.47,0.14,0,0.95,0.56,0.69,0.4,0.84,0,0,0.83,0.5,0,0.38,0,0,0,0
F1139,0.31,0,0,0.16,0,0,0.21,0,0.66,0.87,0.57,0,0,0.63,0.68,0.53,0,0.87,0.56,0,0.16,0.99,0,0,0,0.02,0,0.05,0,0,0.83,0.15,0.99,0.13,0,0,0.73,0,0.03,0,0.08,0.31,0.65,0,0.07,0.95,0.88,0.54,0.37,0.84,0,0.29,0.28,0,0.9,0,0.04,0,0.27,0
F1140,0.61,0,0,0.43,0,0.44,0,0.45,0.08,0,0.62,0.03,0,0,0.23,0.13,0,0.83,0,0.22,0,0,0.45,0,0,0.69,0.08,0.92,0,0.7,0,0,0.56,0.8,0.67,0.21,0.95,0.61,0.44,0,0.97,0,0.1,0,0.89,0.66,0.02,0.44,0.68,0.14,0,0.02,0.43,0.06,0.42,0,0.91,0.46,0.69,0.59
F1141,0.77,0,0.63,0,0.73,0,0.71,0.22,0.82,0,1,0.37,0.83,0,0.38,0.7,0.25,0.03,0,0.15,0.41,0.12,0.39,0.84,0.54,0.53,0,0.6,0.18,0.9,0.17,0,0.81,0.01,0.36,0,0.92,0.07,0.19,0,0.56,0,0.87,0,0.33,0,0.35,0,0.5,0.95,0.44,0,0.42,0.96,0.29,0.08,0.67,0,0,0.79
F1142,0.55,0.15,0.02,0,0,0,0.83,0,0.9,0.49,0.97,0.08,0.77,0.52,0,0.84,0,0.45,0,0.53,0,0.9,0,0.94,0,0.77,0,0,0,0.44,0.08,0,0,0,0.75,0.13,0,0.7,0,0.63,0.38,0.51,0.25,0,0.31,0.01,0.37,0.57,0.81,0.54,0,0.84,0,0.39,0,0,0.88,0.95,0,0.94
F1143,0.29,0,0,0.54,0,0,0,0.57,0.35,0,0.72,0.93,0,0,0.13,0.89,0.12,0,0.45,0.96,0.68,0.94,0.07,0.67,0,0.55,0,0.35,0,0.08,0.21,0.88,0,0.23,0.19,0,0.41,0.15,0.87,0,0,0,0,0,0,0,0.91,0,0.34,0.22,0.39,0.57,0.23,0,0.05,0.08,0,0,0.73,0
F1144,0.92,0.45,0.72,0.71,0.17,0.33,0.19,0.61,0,0,0,0.77,0.6,0.26,0,0.18,0.69,0,0.52,0.99,0,0.61,0.31,0.68,0,0.75,0.98,0.11,0,0,0.32,0.24,0,0,0.7,0.71,0,0.4,0.87,0.49,0,0,0.67,0.04,0,0.38,0.44,0.51,0,0.83,0.58,0,0,0,0.19,0,0.57,0.65,0.79,0
F1145,0.04,0.34,0,0.24,0.27,0.03,0.53,0.95,0,0.22,0.59,0.87,0.47,0.75,0,0.87,0,0.54,0.71,0.09,0.69,0,0,0.6,0.12,0.04,0.48,0.53,0,0,0,0,0,0,0,0.01,0.96,0.74,0.85,0,0,0.49,0.92,0.88,0.03,0,0.06,0,0.05,0.97,0.17,0.22,0,0,0.17,0.64,0,0.99,0.66,0.12
F1146,0,0,0,0.07,0.75,0,0.25,0.15,0.47,0,0.77,0,0,0.01,0.23,0,0.34,0.6,0.79,0,0,0.12,0.27,0.86,0.39,0.43,0,0.65,0.23,0.4,0.04,0.16,0.59,0,0,0.96,0.24,0,0,0.63,0.13,0,0.93,0.44,0,0.48,0.65,0.57,0,0,0.09,0.12,0.45,0.92,0,0,0.21,0.42,0.1,0.54
F1147,0.09,0.37,0,0.96,0.88,0.62,0,0,0.08,0,0.92,0.52,0.95,0.67,0.67,0.97,0.87,0,0.86,0,0.34,0.66,0.77,0.06,0.5,0,0.2,0.19,0,0.56,0.09,0,0.76,0.23,0.7,0.65,0.47,0,0,0,0.22,0,0.51,0,0.76,0.55,0.55,0,0.56,0,0.27,0.41,0.49,0.69,0.12,0.33,0.54,0.58,0.9,0.79
F1148,0.97,0,0,0.26,0.69,0,0,0.11,0.89,0.63,0,0.33,0.73,0,0.6,0.86,0,0.95,0,0,0,0,0.06,0.99,0,0,0.21,0,0.67,0.46,0.43,0.86,0.43,0,0,0.56,0.64,0.67,0,0,0,0,0,0.98,0.69,0.73,0,0.64,0.16,0.71,0.84,0,0.13,0.91,0,0.63,0.72,0.31,0.41,0
F1149,0.5,0.53,0.61,0,0.84,0.72,0.18,0.71,0.43,0.99,0,1,0.19,0.3,0.56,0.57,0,0,0,0,0,0.38,0.7,0.22,0,0,0.29,0.24,0.91,0.57,0.69,0.73,0.62,0.23,0.6,0.36,0.15,0.16,0.46,0,0.08,0,0.2,0.1,0,0,0,0.69,0.04,0,0.33,0.59,0,0,0,0,0.62,0.61,0,0
F1150,0.1,0.91,0.02,0.34,0.4,0.34,0.77,0,0,0.22,0.96,0.11,0,0.69,0,0.02,0.72,0.32,0,0,0.5,0,0.8,0.58,0.22,0,0,0,0.03,0.99,0,0.81,0.11,0.83,0.4,0.04,0.95,0.16,0.46,0.65,0.79,0.15,0.64,0,0.14,0,0,0,0,0.81,0,0,0.05,0.28,0.97,0,0.05,0.39,0.37,0.17
F1151,0.8,0,0.65,0.55,0,0,0.06,0,0.29,0,0,0.54,0.82,0,0.76,0.21,0.09,0,0,0,0.61,0.55,0,0,0.23,0.59,0,0.6,0,0.08,0.64,0,0.56,0,0,0.83,0.31,0,0.61,0,0.5,0.49,0,0.47,0,0,0,0,0,0.72,0.83,0.95,0.1,0.39,0.77,0,0.67,0.82,0,0.23
F1152,0.22,0.48,0.79,0.83,0.94,0.96,0.48,0.52,0.27,0.44,0,0,0.12,0.63,0.05,0.16,0,0.49,0.27,0,0.8,0.14,0.87,0,0,0.03,0,0.45,0,0.3,0.03,0.44,0,0.41,0.56,0,0,0.43,0.6,0,0.3,0,0,0.52,0,0.82,0.76,0.48,0.15,0,0,0.58,0.86,0,0.64,0.49,0.15,0,0.58,0.45
F1153,0,0.15,0,0,0,0,0,0.66,0,0.58,0.38,0.63,0,0,0.86,0,0.76,0.37,0,0.87,0.77,0,0,0.64,0.89,0.1,0.13,0.2,0.46,0,0,0,0.38,0.18,0.98,0.55,0,0,0.81,0.36,0.91,0.2,0.96,0,0.97,0,0.11,0.12,0.33,0.16,0.33,0.03,0.78,0,0.93,0,0,0.62,0,0
F1154,0.11,0.94,0,0,0.05,0,0.76,0.78,0,0.24,0.66,0,0.3,0.82,0.91,0,0,0.88,0.11,0.99,0.54,0.07,0.88,0.14,0.71,0.82,0.02,0.87,0.83,0.83,0.25,0,0,0.28,0.84,0.43,0,0.64,0.07,0,0,0.62,0,0.94,0,0.34,0.65,0.41,0.47,0,0.31,0.57,0,0.47,0.89,0.19,0.79,0.28,0.74,0
F1155,0.72,0,0.6,0,0.46,0.6,0,0.66,0.85,0.75,0.91,0,0,0.15,0.32,0,0,0.3,0.77,0.75,0,0,0.08,0,0.36,0,0.88,0,0,0,0.13,0.77,0.05,0,0,0.14,0.42,0.71,0.01,0.37,0,0.4,0.07,0.91,0.7,0.24,0,0.75,0,0,0.67,0.69,0,0.41,0.43,0.62,0,0.55,0,0.38
F1156,0.34,0.22,0.89,0,0.5,0,0.44,0.82,0.12,0,0,0.38,0.16,0,0.54,0,0,0.69,0.95,0,0,0.97,0,0.63,0,0.72,0.21,0,0.4,0.11,0,0.72,0.56,0.31,0,0.2,0.76,0,0,0.14,0.65,0.67,0.31,0,0.14,0,0.29,0,0.41,0.28,0,0.5,0,0,0,0.45,0.13,0.38,0.2,0
F1157,0,0.41,0.68,0,0,0.99,0.68,0,0.2,0.2,0,0.39,0.86,0,0.26,0,0.14,0,0.93,0,0.3,0.66,0,0.27,0.59,0.39,0.22,0.47,0.92,0.6,0.99,0.83,0.62,0.85,0,0.47,0,0,0.73,0.66,0.09,0.92,0.75,0,0.3,0.52,0.48,0.91,0.96,0,0.13,0.4,0.88,0,0.51,0,0.89,0.8,0.85,0.03
F1158,0,0,0.53,0.47,0.59,0,0.21,0.38,0.09,0.12,0.63,0,0,0,0.3,0.62,0.94,0.2,0,0,0.61,0.63,0,0.32,0.63,0.77,0,0.21,0,0,0.75,0,0,0.54,0,0.22,0.84,0.02,0.85,0,0.59,0.42,0.59,0.45,0.03,0.57,0.4,0.38,0,0.51,0,0.49,0,0,0.6,0.43,0.36,0.28,0.45,0.25
F1159,0,0.55,0.59,0.8,0.75,0.39,0,0,0.51,0.12,0,0.74,0.65,0.29,0.15,0.36,0.21,0,0.93,0.33,0.99,0.36,0.25,0,0.58,0.62,0.78,0.86,0.85,0.31,0,0.2,0,0,0,0.57,0.74,0.09,0,0,0.86,0.64,0.51,0,0,0,0.45,0,0,0.19,0,0.54,0.5,0.37,0.37,0,0.3,0,0.87,0.92
F1160,0,0,0,0.34,0.73,0,0,0,0,0.47,0.98,0.94,0.47,0.69,0.44,0,0.99,0.07,0.36,0.87,0.27,0.16,0,0.22,0.7,0.62,0,0.94,0.06,0,0.6,0.13,0.18,0,0.49,0.71,0,0.57,0.63,0.39,0,0,0.67,0.07,0.11,0,0,0.49,0,0,0,0,0.87,0.62,0,0.66,0.24,0.43,0.61,0.15
F1161,0.96,0,0,0.79,0.38,0.02,0.67,0,0.09,0.56,0,0.85,0,0,0.05,0.88,0.32,0,0.75,0,0.27,0.05,0,0,0,0,0.93,0.83,0.81,0,0.31,0,0,0,0.05,0,0.84,0.84,0.1,0,0,0.74,0.74,0.81,0.33,0.31,0,0,0,0,0.65,0.99,1,0.55,0.39,0.8,0.79,0.79,0,0.27
F1162,0.41,0,0.62,0.75,0,0.88,0,0,0.29,0.85,0,0.57,0,0.12,0,0.18,0.99,0.76,0,0,0.27,0.92,0.57,0.79,0.86,0,0.41,0.57,0,0,0,0,0.6,0.49,0.87,0.72,0.9,0.82,0.48,0.61,0.68,0.79,0.28,0.03,0.82,0.26,0.6,0,0.33,0.91,0.28,0,0.2,0,0.68,0.07,0.11,0,0,0.11
F1163,0,0.77,0,0.37,0,0,0,0.43,0.7,0.63,0.05,0.43,0.71,0.12,0,0,0,0.04,0.38,0,0.94,0,0,0.17,0,0.59,0.69,0.54,0.76,0,0.1,0.89,0.86,0.14,0.17,0.65,0.44,0,0.25,0.49,0.75,0,0.92,0,0.68,0.9,0.92,0.8,0.37,0.66,0.02,0.05,0.52,0,0.25,0.73,0,0.81,0.37,0
F1164,0.44,0.11,0.46,0,0,0.94,0,0.1,0.48,0.67,0.07,0.96,0.27,0,0,0,0.83,0,0.69,0.44,0.9,0.94,0.72,0.49,0.24,0,0.88,0.92,0.45,0,0.1,0.8,0,0.26,0.81,0,0,0.13,0,0.95,0.93,0.11,0.28,0,0.61,0.54,0.34,0.68,0.04,0,0.18,0.22,0,0,0,0.79,0.03,0,0.26,0.34
F1165,0,0,0.51,0.13,0.49,0,0.15,0.52,0,0.12,0.69,0.91,0,0,0.69,0.07,0.16,0,0.79,0.34,0,0.26,0.72,0,0.89,0.15,0,0.77,0.1,0.95,0,0.79,0.79,0,0.13,0.78,0.18,0.69,0,0.22,0.53,0,0.45,0,0,0.18,0,0.67,0.1,0,0.6,0,0.99,0.24,0.95,0.59,0.05,0.71,0.92,0.1
F1166,0.34,0,0.74,0.51,0.33,0.12,0,0.86,0.37,0.45,0.83,0.7,0.62,0,0.63,0.03,0,0.75,0.41,0,0.71,0.66,0,0.03,0,0.62,0.89,0,0.04,0,0.57,0.85,0.04,0.19,0.09,0.1,0,0,0.5,0,0.27,0.84,0.87,0.55,0.23,0,0.68,0.09,0,0.36,0.93,0.62,0.27,0.72,0.54,0,0,0.33,0,0
F1167,0.45,0.61,0.87,0.42,0.69,0.7,0.77,0,0.82,0.25,0,0.17,0,0.33,0.12,0.88,0,0,0.02,0.15,0.27,0.57,0,0,0,0.34,0,0,0.39,0.82,0.09,0.17,0.92,0,0,0.23,0,0,0,0.05,0.38,0,0.94,0.17,0,0.68,0.86,0.92,0.65,0,0.37,0,0.68,0.4,0,0,0,0.41,0,0
F1168,0,0,0.97,0,0.78,0.72,0,0,0,1,0.37,0.24,0,0,0.66,0.1,0,0,0.27,0,0.04,0,0,0.45,0.55,0,0,0.62,0.98,0.6,0.61,0,0.96,0.07,0.17,0,0,0.35,0.98,0,0.38,0.04,0.07,0.04,0,0,0.65,0.02,0.19,0.37,0.35,0.32,0.66,0.52,0,0.27,0.48,0,0.77,0.48
F1169,0.68,0.16,0.37,0.33,0.36,0.12,0,0,0.52,0.47,0,0.47,0.01,0,0,0.31,0,0,0.39,0.19,0,0,0,0,0,0.52,0.13,0.86,0,0,0.34,0.26,0.71,0.07,0,0.09,0.8,0.32,0,0,0.84,0.76,0,0,0.19,0,0.91,0.48,0.98,0.41,0.93,0,0,0,0,0,0,0.35,0,0.78
F1170,0,0.21,0.63,0.18,0.32,0.03,0,0.88,0.93,0.62,0.03,0.26,0.72,0,0.73,0.28,0.65,0.93,0.71,0.39,0.73,0,0,0,0,0.66,0,0.6,0.18,0.19,0.79,0,0.4,0,0.5,0.76,0.57,0.04,0.74,0.37,0.14,0.16,1,0,0,0,0.87,0.56,0.12,0.69,0.94,0,0.53,0,0.04,0,0.42,0.16,0,0.78
F1171,0,0.16,0,0,0,0,0.7,0.01,0.05,0,0,0,0,0.17,0.56,0.34,0.05,0.47,0.34,0.41,0.38,0.21,0.03,0,0,0,1,0.04,0.53,0.58,0.65,0.18,0.49,0,0.82,0.34,0.41,0.04,0.25,0.57,0,0.03,0,0.23,0,0.19,0.16,0,0.46,0,0,0.44,0,0,0,0.1,0,0.58,0.08,0.3
F1172,0.21,0.92,0.45,0.42,0.14,0.01,0,0,0.96,0,0.23,0,0,0.02,0,0,0.09,0.6,0.76,0.13,0.4,0.41,0.29,0.05,0.03,0.81,0.56,0,0,0.62,0.5,0,0.74,0,0.12,0.09,0.31,0.89,0,0.76,0.3,0.57,0,0.94,0.3,0.75,0,0,0.4,0.73,0.53,0.35,0,0.86,0,0.02,0,0.96,0.19,0.59
F1173,0.6,0.9,0.47,0.75,0.94,0.67,0,0.4,0.65,0,0,0.72,0.12,0,0.29,0.19,0,0.88,0,0.69,0.87,0.31,0.74,0,0.76,0.35,0.64,0,0.59,0.68,0,0,0.62,0.16,0.15,0,0.14,0.71,0.47,0.39,0,0,0.99,0,0.44,0,0,0.17,0.6,0.25,0.12,0,0.01,0,0.02,1,0.58,0.32,0.91,0.57
F1174,0.31,0,0,0.07,0.11,0,0.08,0.58,0.2,0.71,0,0.7,0.21,0.28,0,0,0.41,0.83,0,0,0.4,0.84,0,0,0,0.11,0,0.63,0.62,0,0.21,0,0.38,0,0,0.55,0,0.42,0.76,0.48,0.45,0,0,0.78,0,0,0.03,0.36,0,0.23,0.91,0.95,0,0.82,0.03,0.78,0,0,0.98,0.69
F1175,0.94,0.45,0.2,0.58,0.14,0,0.83,0.3,0,0,0.74,0,0,0.69,0.6,0,0.54,0.61,0.53,0.28,0,0.43,0.93,0.98,0,0.3,0,0.48,0.88,0,0,0,0,0.28,0.23,0.95,0.58,0,0.16,0,0.95,0.25,0,0.69,0.71,0,0,0.29,0.13,0.86,0.51,0,0.53,0,0.61,0.27,0.03,0,0.65,0.08
F1176,0.09,0.63,0.13,0.63,0.88,0,0,0,0,0,0.32,0.85,0.81,0.28,0.88,0.4,0.27,0.28,0,0.26,0.38,0,0.7,0.45,0,0,0.33,0.96,0,0,0.21,0.42,0.79,0.26,0.73,0.55,0.36,0.22,0,0.36,0.25,0.1,0.28,0.95,0.13,0,0.57,0.92,0,0.47,0.38,0,0.34,0.14,0.93,0.52,0,0.27,0.05,0.31
F1177,0.68,0.24,0,0,0,0,0,0.96,0,0,0.64,0.1,0.56,0.25,0.13,0.7,0,0.53,0.72,0.64,0.28,0.49,0.06,0.78,0.54,0,0.14,0.62,0.06,0.9,0.83,0.17,0.79,0,0.38,0.34,0.51,0,0.8,0.77,0.77,0.06,0.19,0,0.47,0.12,0.71,0,0.59,0.94,0.62,0,0,0.66,0.77,0,0,0.62,0,0.56
F1178,0.89,0,0,0,0.52,0.14,0.95,0.2,0.48,0,0,0,0.22,0.02,0.68,0,0.14,0.06,0,0.23,0,0.53,0.35,0,0.79,0.67,0.99,0.72,0.41,0,0,0.78,0,0.85,0.63,0.84,0,0,0.08,0.76,0.3,0,0.66,0.11,0.5,0,0,0.9,0,0.96,0,0,0.83,0.13,0,0.3,0.85,0.68,0.83,0
F1179,0.43,0.75,0,0,0,0,0.36,0,0.48,0.13,0,0.3,0,0.69,0,0.95,0,0.34,0.18,0.12,0,0.11,0.13,0,0.1,0.52,0.89,0.46,0.47,0,0.19,0,0.5,0,0,0,0,0.12,0,0.64,0.79,0.3,0,0,0.45,0.2,0.08,0.43,0.74,0,0.19,0,0.72,0,0.82,0,0,0,0,0.93
F1180,0.97,0.27,0.09,0.76,0.11,0.43,0,0,0.94,0,0.41,0,0,0,0.55,0.22,0.86,0,0.76,0.81,0.01,0.16,0.36,0.48,0,0.24,0.54,0.06,0,0.33,0.8,0.37,0.39,0,0.46,0.67,0.13,0,0.17,0,0.25,0.18,0.21,0.32,0.86,0.85,0.73,0,0,0.31,0.58,0,0.18,0.91,0.9,0.26,0.53,0.78,0,0.56
F1181,0.5,0,0.55,0.42,0.19,0.31,0.86,0,0.75,0.84,0.55,0,0.13,0.35,0.17,0.45,0.37,1,0.04,0.61,0.29,0.66,0.24,0.54,0.86,0,0.32,0.16,0,0.45,0,0.83,0,0,0,0.24,0.72,0,0,0.68,0,0,0.53,0,0,0.55,0,0.2,0.67,0.28,0.71,0.41,0.16,0.84,0.86,0,0.56,0,0.8,0
F1182,0.1,0.56,0,0,0.45,0,0.28,0.3,0.74,0.83,0,0,0,0,0,0.55,0,0,0,0,0.9,0.18,0.62,0,0.61,0,0,0.36,0.56,0,0.95,0.79,0.85,0,0.68,0.43,0.07,0,0,0.39,0,0,0.05,0,0.67,0,0.46,0.81,0.39,0.29,0.62,0,0.52,0.92,0,0,0.42,0.38,0.14,0
F1183,0.86,0.78,0.62,0.89,0.23,0.2,0.69,0.09,0.97,0.16,0,0.5,0.24,0,0.7,0,0,0.73,0,0.77,0.99,0,0,0.43,0.75,0.51,0.1,0.39,0.72,0.59,0,0,0.56,0,0,0.77,0.73,0.06,0.91,0.01,0,0.8,0.04,0.06,0,0.2,0.89,0.75,0.3,0,0,0,0,0.32,0,1,0.23,0.98,0.63,0
F1184,0,0.32,0,0.04,0.23,0.93,0,0.96,0.5,0.79,0.76,0.07,0.87,0.73,0,0.64,0.17,0.33,0.21,0.05,0,0.96,0.77,0.16,0,0,0.2,0,0.28,0.98,0,0.69,0.06,0,0.56,0,0.51,0.63,0.41,0.97,0,0.82,0.45,0.19,0.17,0.76,0.27,0.84,0.75,0,0.29,0,0.21,0.47,0.27,0.9,0.99,0.27,0,0
F1185,0.11,0.75,0.96,0.08,0.39,0.22,0,0.4,0,0.25,0.29,0.18,0.37,0,0,0,0,0.39,0.42,0.79,0.66,0.37,0,0,0.51,0,0.2,0.92,0.25,0.86,0.18,0,0.46,0,0.16,0.91,0,0,0.6,0.98,0,0,0,0.98,0.37,0.1,0,0.05,0,0.86,0.38,0.16,0.81,0.78,0.31,0,0,0.88,0,0.3
F1186,0.55,0.3,0,0,0.1,0.04,0.36,0,0.21,0.9,0.95,0.81,0.58,0,0,0.84,0.28,0.97,0.57,0.88,0.3,0.36,0.94,0.44,0.73,0,1,0.16,0,0,0.45,0.2,0.33,0,0.99,0,0.61,0,0,0.4,0.51,0.83,0.22,0.81,0.57,0.28,0.33,0.48,0.53,0.82,0,0,0,0.2,0.44,0.55,0.06,0.66,0.42,0
F1187,0.58,0.63,0.62,0.23,0.22,0.34,0.78,0.33,0.83,0.19,0,0.45,0,0.95,0.1,0.04,0,0.57,0.07,0.2,0.49,0.89,0,0,0.96,0.99,0,0.44,0,0.6,0.16,0.72,0.49,0.32,0.85,0,0,0.58,0.05,0.35,0.05,0,0,0.17,0,0,0.74,0.32,0.41,0,0.6,0,0,0.04,0.03,0.56,0.09,0,0.24,0.28
F1188,0.52,0.09,0.98,0,0,0.25,0.77,0.66,0.95,0.04,0.96,0,0.87,0.57,0.65,0,0.38,0,0.41,0,0,0.77,0,0.46,0,0,0.3,0,0.53,0.95,0.94,0,0.32,0,0,0.27,0.68,0.99,0,0.08,0.76,0,0,0.42,0,0.36,0,0.31,0.23,0.72,0.45,0.65,0.19,0,0.46,0,0,0.76,0,0.41
F1189,0.65,0.07,0.42,0.23,0,0,0,0,0.77,0.88,0.89,0,0,0.78,0,0.04,0.68,0.37,0,0.15,0.62,0.02,0,0.62,0,0.61,0,0,0,0.2,0.44,0.93,0,0.02,0,0.92,0,0,0,0,0.78,0,0.45,0.37,0.56,0.56,0,0.09,0,0.28,0,0.53,0.42,0,0.17,0.7,0.28,0.69,0.64,0.82
F1190,0.53,0,0,0,0,0.33,0,0.08,0.19,0,0,0.5,0,0.34,0.78,0.09,0.67,0.52,0,0.17,0.34,0,0,0,0,0,0,0,0.56,0.01,0.14,0.36,0.35,0.54,0,0.61,0.41,0.35,0,0,0.72,0.49,0.75,0,0,0,0.04,0.02,0.69,0.86,0,0.61,0.25,0,0.41,0,0.18,0.7,0.28,0.06
F1191,0.83,0,0.32,0.09,0.81,0.58,0.98,0.63,0.72,0.48,0.85,0.94,0.61,0.06,0,0.17,0,0,0,0,0.19,0.63,0.71,0.08,0,0,0.53,0.41,0.96,0,0,0.97,0.59,0.87,0.65,0.7,0.25,0.38,0.29,0.05,0.38,0.49,0.67,0,0.27,0.45,0.45,0.59,0,0,0.59,0,0.33,0,0,0.79,0.91,0.25,0.77,0
F1192,0.68,0,0,0.19,0,0.18,0.28,0,0,0.23,0.74,0,0.58,0.96,0.3,0.9,0,0.92,0.25,0.49,0.59,0,0.36,0.36,0.62,0,0.66,0,0.89,0,0,0.46,0,0.17,0,0.22,0.61,0,0.64,0,0.57,0.02,0,0,0.77,0.15,0.19,0,0.5,0.82,0.22,0,0,0,0.92,0.16,0.28,0.73,0.8,0.51
F1193,0.08,0.52,0,0.44,0.48,0,0.31,0.4,0,0.58,0.28,0,0,0.64,0.53,0.73,0.23,0.03,0,0.41,0,0.11,0.02,0.6,0.57,0.04,0.56,0.1,0.32,0,0.06,0,0.16,0.08,0.9,0.6,0,0.47,0.18,0,0,0.95,0,0.94,0.39,0,0.39,0.68,0.76,0.71,0.2,0.07,0.62,0.08,0,0,0.3,0,0,0.72
F1194,0.55,0.11,0.68,0.04,0.89,0.33,0.95,0,0,0.39,0.75,0,0,0,0,0.23,0.55,0,0,0,0.21,0.42,0.37,0.52,0,0,0.25,0,0.86,0,0.79,0.28,0.47,0.49,0,0,0.68,0,0,0,0.51,0.54,0.42,0.28,0.45,0,0,0.77,0.98,0.6,0,0,0,0.73,0.5,0.74,0,0.91,0,0.51
F1195,0.36,0.52,0.01,0.46,0.78,0,0.13,0,0,0.95,0.12,0.79,0.75,0,0,0,0,0.3,0.71,0.04,0,0.8,0.02,0.83,0.99,0,0.91,0.3,0.66,0.09,0,0.55,0,0.87,0,0.61,0.78,0,0.23,0.75,0.05,0,0.81,0,0,0.72,0.14,0.91,0.54,0.83,0,0,0.33,0.17,0,0,0,0.3,0,0
F1196,0,0,0.43,0,0.58,0.28,0.71,0,0.53,0.42,0.51,0,0,0,0.04,0.32,0,0,0.6,0,0.45,0.47,0.73,0.36,0.15,0,0.87,0.67,0,0.75,0.87,0.47,0,0.48,0.88,0,0.74,0,0,0.16,0,0.55,0,0.49,0,0,0,0.7,0.02,0.03,0,0,0.54,0.73,0.96,1,0.56,0.74,0,0.85
F1197,0,0,0,0,0.41,0.98,1,0.21,0.55,0.6,0.87,0.66,0.58,0.94,0.7,0.11,0.3,0.6,0.83,0,0,0,0.24,0.78,0,0,0.37,0.06,0.58,0,0.17,0.99,0.67,0.5,0,0.61,0,0,0,0,0,0,0,0.2,0.56,0.44,0,0.35,0,0.07,0.07,0.72,0.13,0.21,0,0.51,0,0.83,0,0
F1198,0.56,0,0.95,0,0,0.39,0.52,0.23,0.98,0.35,0.21,0.57,0,0.89,0,0,0.35,0,0.83,0.53,0.57,0.83,0.88,0,0.77,0.74,0.21,0,0.87,0.43,0.75,0.6,0.94,0,0.81,0.2,0.59,0.48,0,0.16,0,0.63,0.58,0,0,0,0.64,0,0,0.34,0.58,0.32,0.54,0,0.89,0.21,0.73,0.07,0.29,0.37
F1199,0,0.83,0.28,0,0,0,0.61,0.26,0.51,0.87,0.27,0.58,0.7,0.62,0,0.18,0.74,0.43,0.04,0,0.99,0.13,0.27,0.05,0.37,0.02,0,0,0,0.64,0,0,0.54,0.46,0,0.01,0,0,0.92,0,0,0.68,0.21,0,0,0.6,0.44,0.25,0,0,0,0,0.27,0,0.07,0.33,0.89,0,0.23,0.84
F1200,0.81,0.29,0.51,0,0.94,0,0.43,0,0.89,0.51,0.85,0.88,0.97,0.85,0.71,0,0,0,0,0,0.66,0.87,0.31,0,0.12,0.84,0.67,0.35,0.9,0.16,0,0,0,0.4,0,0,0,0,0.49,0.22,0.8,0,0.18,0.64,0,0.08,0.28,0,0,0.47,0,0,0.81,0,0.28,0,0.71,0.93,0.94,0.29
