"sampling_area","season","sex","unique_id","species","prey_1","prey_2","prey_3","prey_4","prey_5","prey_6","prey_7","prey_8","prey_9","prey_10","prey_11","prey_12","prey_13","prey_14","prey_15","prey_16","prey_17","prey_18","prey_19","prey_20","prey_21","prey_22","prey_23","prey_24","prey_25","prey_26","prey_27","prey_28","prey_29","prey_30","prey_31","prey_32","prey_33","prey_34","prey_35","prey_36","prey_37","prey_38","prey_39","prey_40","prey_41","prey_42","prey_43","prey_44","prey_45","prey_46","prey_47","prey_48","prey_49","prey_50","prey_51","prey_52","prey_53","prey_54","prey_55","prey_56","prey_57","prey_58","prey_59","prey_60"
"Area_03","Autumn","F","F0001","Hoplias_malabaricus",0.31,0,0,0.49,0,0,0,0.81,0.7,0.42,0,0.27,0.79,0.25,0.07,0.19,0,0.48,0,0.04,0.61,0.93,0.74,0,0,0.01,0.07,0,0,0.17,0.71,0.04,0.93,0.03,0.51,0,0,0,0.49,0.87,0,0.42,0.36,0.19,0.48,0,0.79,0.65,0.87,0.11,0,0,0.58,0,0.74,0.51,0,0.81,0.1,0.19
"Area_03","Spring","M","F0002","Geophagus_brasiliensis",0.83,0.17,0,0.52,0.42,0.49,0,0.05,0.13,0.14,0,0,0,0.49,0.04,0,0.33,0,0.6,0.55,0,0.67,0.28,0.25,0.33,0,0.1,0.61,0,0.73,0.6,0.19,0.73,0.13,0.59,0.79,0,0.05,0.95,0.21,0.32,0.25,0.83,0.34,0,0.89,0,0.69,0.83,0.11,0.96,0.33,0.14,0,0,0,0.95,0.47,0.98,0
"Area_03","Winter","F","F0003","Astyanax_fasciatus",0.6,0,0.89,0.23,0.4,0,0.18,0.69,0.24,0.03,0.44,0,0.63,0.95,0.4,0.61,0,0,0,0.38,0.06,0.32,0,0.29,0.11,0.56,0,0.6,0.99,0,0,0,0.96,0,0,0.61,0.18,0.8,0.35,0,0.94,0.07,0.7,0.71,0,0.23,0.61,0,0.48,0.97,0.3,0,0,0.67,0.93,0.23,0.75,0,0.29,0
"Area_02","Winter","F","F0004","Leporinus_friderici",0,0,0.99,0,0,0.99,0.37,0.42,0.37,0,0.17,0.67,0.21,0.54,0,0.58,0,0,0.35,0.22,0.46,0.2,0.29,0.86,0.19,0,0.03,0.93,0,0.05,0.42,0.82,0.98,0.54,0.08,0.09,0.41,0.67,0.4,0.13,0.88,0.45,0,0.57,0,0,0.12,0.68,0.41,0.78,0.43,0.9,0,0.62,0.2,0.38,0.31,0,0,0.75
"Area_03","Autumn","M","F0005","Hoplias_malabaricus",0,0,0,0.64,0,0,0,0.96,0,0.44,0,0.83,0.43,0,0.47,0.16,0.96,0,0.98,0.07,0.38,0,0.61,0,0.93,0.09,0.51,0.09,0.92,0.34,0,0.61,0,0.89,0.09,0,0.66,0,0.19,0,0.74,0.79,0.51,0.43,0,0.99,0.06,0,0,0,0.84,0.3,0.47,0.48,0,0,0.01,0.3,0.38,0.7
"Area_02","Spring","F","F0006","Leporinus_friderici",0.15,0,0,0.67,0,0,0.65,0.32,0.52,0.35,0,0,0,0.08,0.2,0,0.5,0,0.05,0.72,0,0,0.54,0.87,0,0.07,0,0.46,0,0.59,0,0.64,0.22,0.78,0,0.35,0.78,0.69,0.34,0.63,0,0,0.43,0.29,0.04,0,0,0.2,0.86,0.59,0.48,0,0.47,0.75,0.76,0.79,0.33,0,0.97,0.22
"Area_02","Autumn","M","F0007","Cichla_ocellaris",0,0,0.31,0,0.02,0.46,0.13,0,0.11,0,0.29,0.84,0.18,0.06,0,0.61,0.03,0.15,0.75,0.26,0.12,0.13,0.37,0,0.29,0.24,0.93,0.07,0,0.96,0.09,0.28,0.7,0,0.06,0,0,0.41,0,0.46,0,0.49,0,0.14,0.84,0,0,0.29,0.9,0,0.39,0.2,0.6,0,0,0,0.34,0.39,0,0.62
"Area_02","Autumn","F","F0008","Astyanax_fasciatus",0.02,0,0,0,0.89,0.85,0,0,0.72,0,0.55,0.17,0.35,0.83,0.77,0.8,0,0.84,0.94,0,0,0,0.66,0.56,0.75,0.12,0,0,0,0.49,0,0.71,0.81,0.15,0,0,0,0.32,0.81,0.1,0.13,0,0.77,0.42,0,0.29,0.01,0.64,0.41,0.24,0.21,0.15,0,0.2,0,0.52,0.77,0.23,0,0.84
"Area_03","Spring","M","F0009","Astyanax_fasciatus",0,0.66,0,0,0.16,0,0.15,0,0.98,0,0,0.78,0.77,0.27,0,0.71,0.77,0,0,0.95,0,1,0,0,0.16,0.48,0.79,0.68,0,0.38,0,0,0.28,0.15,0.49,0.82,0.58,0,0.56,0.73,0.28,0,0.89,0.1,0.84,0.63,0.08,0.94,0.44,0,0.56,0,0,0.84,0.56,0.68,0,0.52,0.53,0
"Area_01","Autumn","F","F0010","Astyanax_fasciatus",0.97,0.69,0,0.26,0,0.2,0,0,0.15,0,0,0.45,0,0.44,0.53,0,0.02,0.7,0,0,0,0,0.46,0.1,0.9,0.32,0.44,0.27,0.72,0.76,0.08,0.43,0,0.53,0,0.07,0,0.32,0,0.73,0,0.06,0.97,0,0.36,0.04,0,0,0,0.4,0.39,0,0.65,0,0,0.64,0.35,0.49,0.92,0.62
"Area_04","Autumn","M","F0011","Cichla_ocellaris",0.28,0.35,0.83,0.22,0.56,0.28,0,0.25,0.43,0.75,0.87,0.82,0.81,0.73,0,0.69,0,0.68,0.08,0.46,0,0.85,0,0,0.82,0.7,0,0,0.42,0.19,0.54,0.33,0,0.62,0.87,0.5,0,0,0.6,0.28,0,0.53,0,0.22,0.83,0,0.11,0,0.82,0,0,0.12,0.94,0.46,0.8,0.22,0.22,0.02,0.15,0
"Area_02","Autumn","F","F0012","Pimelodus_maculatus",0,0,0.61,0.67,0.76,0,0.26,0,0.8,0,0.12,0.33,0.54,0.55,0.67,0,0,0,0,0.03,0,0.74,0,0,0.41,0,0,0,0.12,0.75,0,1,0.54,0.17,0,0,0.97,0,0,0.46,0.79,0.57,0.07,0.37,0.04,0.4,0.37,0.15,0,0,0,0.37,0.62,0.21,0.42,0,0.09,0,0.62,0
"Area_02","Autumn","M","F0013","Cichla_ocellaris",0.05,0,0,0.4,0,0,0.78,0,0,0.36,0.92,0,0,0,0,0,0.11,0.49,0.85,0,0,0,0.44,0.02,0.58,0,0,0,0.74,0,0.73,0,0,0.4,0.62,0.58,0.65,0.88,0.6,0.8,0.7,0.96,0.94,0,0,0.35,0,0,0.88,0.16,0,0,0.1,0.47,0.37,0,0.33,0.54,0,0.55
"Area_01","Autumn","F","F0014","Astyanax_fasciatus",0.27,0,0,0,0,0.34,0.82,0.33,0.47,0,0.11,0.55,0,0.95,0,0,0.62,0,0.26,0.34,0,0.03,0.24,0.87,0.17,0.47,0.53,0.59,0.42,0,0,0.99,0.48,0,0.55,0,0.43,0.97,0.53,0,0,0.6,0,0.53,0,0,0.67,0.75,0.64,0,0,0.77,0.75,0.16,0.59,0.48,0.42,0.37,0.55,0.85
"Area_02","Summer","F","F0015","Geophagus_brasiliensis",0.27,0,0.01,0.12,0.01,0.94,0.07,0.84,0.16,0.93,0.41,1,0.1,0.81,0.34,0.3,0,0.91,0.97,0,0,0,0.14,0.25,0.1,0.56,0.43,0.78,0,0,0,0.26,0.73,0,0,0.73,0.29,0.32,0.33,0.56,0.29,0.87,0,0,0.44,0,0,0,0.28,0.69,0,0.17,1,0.05,0,0,0.99,0.38,0,0.74
"Area_03","Autumn","M","F0016","Astyanax_fasciatus",0.95,0.87,0.93,0,0.86,0.96,0.88,0,0.14,0.22,0.8,0,0.23,0.27,0.78,0,0.8,0,0,0.24,0.74,0.72,0.86,0.59,0,0.29,0.97,0.92,0,0.02,0.22,0.88,0.89,0,0.76,0.94,0.65,0.17,0.69,0,0.73,0.54,0.51,0.66,0.93,0.72,0.86,0.37,0,0,0,0.24,0.87,0.11,0.18,0,0.54,0.9,0,0
"Area_04","Summer","F","F0017","Geophagus_brasiliensis",0.98,0.42,0.95,0,0,0,0,0.82,0.03,0.76,0.06,0.33,0.81,0.44,0,0,0.43,0.44,0,0.13,0.99,0.21,0.16,0,0.07,0,0.67,0,0.37,0.46,0,0.15,0,0.01,0,0.61,0.61,0,0,0,0.22,0.07,0.31,0,0,0,0.52,0.04,0.65,0.19,0.54,0.16,0.13,0.17,0,0.82,0.98,0,0.59,0
"Area_01","Autumn","F","F0018","Prochilodus_lineatus",0.74,0.65,0,0.84,0,0,0,0.34,0.53,0,0,0.11,0,0.36,0.93,0.35,0.99,0.9,0,0,0.46,0,0.71,0,0,0,0,0.47,0.8,0.15,0,0,0,0.4,0.25,0.23,0,0.05,0.95,0.22,0.28,0.62,0.32,0,0.46,0.29,0.36,0.57,0.45,0.3,0,0.74,0.35,0,0.47,0.37,0.59,0.59,0.19,0
"Area_03","Winter","M","F0019","Leporinus_friderici",0.29,0.58,0.23,0.98,0,0.13,0,0.63,0,0.47,0.39,0.05,0.11,0,0,0.27,0.24,0.16,0,0,0,0.23,0.14,0.14,0.04,0.35,0,0.42,0.76,0.37,0.44,0.92,0.42,0.67,0,0,0.89,0,0,0,0.22,0,0.55,0.61,0.68,0.12,0.84,0.35,0,0,0.48,0,0,0.63,0,0.13,0.95,0,0.98,0.27
"Area_03","Summer","M","F0020","Rhamdia_quelen",0,0,0.86,0,0.58,0,0,0,0,0,0.41,0,0.4,0.71,0.43,0,0.93,0,0,0.56,0.24,0,0.67,0.34,0,0.97,0.63,0.78,0.77,0.27,0.05,0.26,0.45,0,0.15,0.86,0.23,0.87,0,0.22,0,0.03,0.97,0.59,0.57,0.14,0.68,0.5,0.83,0.02,0.7,0.13,0,0.51,0.4,0.92,0,0.48,0.19,0.51
"Area_01","Spring","F","F0021","Hoplias_malabaricus",0.21,0,0.37,0.36,0,0.77,0.39,0.68,0.58,0.37,0,0.71,0,0.06,0,0.67,0,0,0.83,0.98,0.16,0,0,0.97,0.79,0.46,0,0,0.85,0.11,0.34,0,0.12,0,0.24,0.27,0.02,0.23,0.86,0.35,0.89,0,0,0.09,0.16,0.32,0.45,0,0.95,0.01,0.14,0.55,0.05,0.03,0.39,0.99,0.88,0,0.93,0.86
"Area_04","Winter","M","F0022","Cichla_ocellaris",0,0.4,0.5,0.96,0.53,0.34,0,0,0,0.51,0.03,0.58,0.68,0,0,0.25,0,0.5,0,0,0,0,0.74,0,0.48,0.81,0.16,0,0,0.91,0,0.26,0,0.3,0.81,0,0,0,0.9,0,0.04,0.96,0.7,0.16,0,0,0.35,0,0.91,0,0,0.9,0,0.99,0.82,0,0.56,0.44,0.19,0.27
"Area_01","Winter","M","F0023","Hoplias_malabaricus",0.75,0,0.95,0.73,0.57,0.22,0.86,0.63,0.27,0.33,0.49,0.24,0.88,0.97,0.38,0.52,0.63,0.37,0.45,0,0.85,0.8,0.34,0.72,0.42,0.28,0.12,0.64,0.4,0,0.55,0.85,0.51,0.43,0.13,0.66,0.15,0.9,0.85,0.95,0,0,0.7,0.26,0.55,0,0,0.51,0,0,0.96,0.45,0.68,0,0,0.71,0,0,0,0
"Area_01","Spring","F","F0024","Prochilodus_lineatus",0.5,0.11,0,0.57,0.68,0.45,0.54,0.67,0.41,0.73,0.21,0,0,0.9,0.65,0.3,0,0,0,0.63,0.88,0,0.62,0,0,0,0,0,0.34,0.18,0.93,0.21,0,0.66,0.09,0.89,0.53,0,0.43,0.04,0.63,0.14,0.29,0.26,0,0.87,0.83,0.7,0.05,0.46,0,0,0,0.41,0,0.99,0,0.11,0.15,0
"Area_01","Autumn","F","F0025","Geophagus_brasiliensis",0.67,0.73,0.04,0,0.32,0.4,0,0.66,0.44,0.22,0.86,0.65,0.26,0.85,0,0.38,0.78,0.07,0.06,0.42,0,0.93,0,0,0,0.59,0.8,0.08,0.59,0.46,0,0.3,0,0.92,0.22,0,0,0.78,0,0.35,0,0,0.05,0.16,0.55,0,0.71,0.12,0,0,0.35,0.48,0,0.69,0.4,0,0.83,0,0.53,0.27
"Area_03","Winter","M","F0026","Astyanax_fasciatus",0.75,0.89,0,0.65,0,0,0.83,0.44,0,0.96,0.58,0,0.23,0.32,0,0,0.74,0.52,0.28,0,0,0,0,0.51,0,0,0,0.67,0.47,0,0.43,0,0,0.38,0,0.05,0,0,0,0,0,0,0.28,0,0,0.94,0,0.59,0.3,0,0.45,0,0.9,0.04,0.16,0,0,0,0,0.39
"Area_04","Winter","F","F0027","Astyanax_fasciatus",0,0.56,0.14,0,0.51,0,0.29,0.58,0.11,0,0.17,0.14,0.82,0.61,0.59,0,0.56,0.25,0.14,0,0,0.79,0.24,0,0.54,0,0.84,0.84,0.33,0.56,0,0.57,0,0.89,0.68,0,0.53,0.78,0,0.38,0.22,0.97,0,0.56,0,0.25,0.5,0.76,0.95,0.45,0.75,0.81,0.6,0,0.16,0.92,0.42,0.5,0,0.07
"Area_02","Spring","F","F0028","Geophagus_brasiliensis",0.61,0,0.3,0.67,0,0,0.65,0.78,0,0.24,0.84,0,0.26,0.42,0,0.99,0,0.07,0.17,0.51,0.82,0.73,0.69,0.6,0,0,0,0.5,0.37,0,0.83,0.15,0,0,0.38,0.3,0.79,0,0,0.38,0,0,0.31,0.3,0.06,0,0,0,0.38,0.67,0,0.07,0.91,0,0,0.18,0.72,0.3,0,0
"Area_03","Summer","F","F0029","Prochilodus_lineatus",0,0,0.23,0.68,0.44,0,0.8,0,0.85,0.6,0.06,0.7,0.35,0.2,0.5,0,0.62,0.64,0,0.98,0.68,0.61,0,0.15,0.05,0.9,0.03,0.56,0,0.49,0.68,0.88,0,0.51,0.64,0.89,0.11,0.94,0,0,0,0,0,0,0,0,0.33,0,0.63,0.63,0.88,0.14,0.33,0.51,0.46,0.31,0.09,0,0.5,0.24
"Area_02","Spring","M","F0030","Astyanax_fasciatus",0.67,0.4,0,0.14,0,0.82,0.77,0,0.8,0.58,0,0.23,0,0.27,0.07,0,0,0,0,0,0.53,0,0.41,0.3,0.39,0.39,0.87,0,0.82,0,0,0.92,0.81,0.73,0,0.82,0.25,0.09,0.79,0.73,1,0.04,0.54,0.84,0.75,0.38,0,0,0.21,0.62,0.82,0.56,0.6,0.05,0,0,0.52,0,0.29,0.24
"Area_01","Summer","M","F0031","Astyanax_fasciatus",0,0,0.1,0.24,0.45,0,0,0.03,0.44,0,0,0,0.63,0.73,0,0,0.68,0,0.94,0,0,0,0.17,0.68,0.54,0,0,0,0.76,0.45,0,0.3,0.56,0.73,0,0,0.26,0.12,0.12,0.58,0,0.34,0.4,0.25,0,0,0.85,0.76,0.38,0.57,0,0.09,0.84,0,0.08,0.36,0.95,0.13,0,0
"Area_02","Winter","M","F0032","Pimelodus_maculatus",0,0,0,0.56,0,0,0.75,0.24,0.97,0.33,0.7,0.85,0,0,0.96,0.81,0.11,0.15,0.38,0.21,0,0.13,0,0.86,0,0.32,0.88,0.5,0,0.71,0.17,0.51,0,0.18,0,0.08,0,0,0.25,0.6,0.06,0.87,0.14,0.08,0,0,0.3,0.42,0,0.97,0.85,0.58,0.08,0.11,0.04,0,0,0.98,0.85,0
"Area_03","Summer","F","F0033","Cichla_ocellaris",0.13,0,0.87,0,0.46,0,0.66,0.1,0,0.29,0.49,0,0.99,0,0,0.16,0,0.72,0,0.81,0.36,0.31,0.94,0.12,0.64,0.05,0,0,0.46,0.87,0.62,0,0,0.11,0,0,0.94,0,0.38,0.57,0.7,0.28,0.65,0.96,0,0.46,0,0.33,0,0.42,0.17,0.33,0.18,0,0,0.52,0,0.55,0,0.09
"Area_04","Spring","F","F0034","Astyanax_fasciatus",0.62,0,0.04,0.38,0.77,0,0,0.34,0.71,0,0,0,0,0.28,0.28,0.19,0.69,0.37,0,0,0.55,0.85,0,0.14,0.98,0.92,0,0,0.1,0,0.93,0.28,0.71,0.24,0.13,0.4,0,0.17,0,0.29,0.06,0.12,0,0.5,0.99,0.14,0.66,0,0.48,0,0.35,0.59,0.06,0,0.61,0,0,0.56,0.99,0.78
"Area_02","Spring","M","F0035","Hoplias_malabaricus",0.49,0.42,0.9,0,0.02,0.38,0.68,0.89,0.98,0.07,0.64,0,0,0.85,0,0.98,0,0.48,0,0,0,0,0,0.92,0.47,0.99,0.9,0.17,0,0.65,0.7,0,0.39,0.61,0,0.42,0.64,0.14,0,0,0.28,0.02,0,0,0.19,0.48,0,0.29,0.97,0.91,0,0.02,0.83,0.47,0,0.82,0,0.3,0.21,0.71
"Area_01","Winter","F","F0036","Leporinus_friderici",0.92,0,0.85,0.58,0,0.58,0,0,0.32,0.85,0.75,0.49,0.49,0.32,0.27,0.21,0,0.73,0,0.48,0.21,0.36,0,0.27,0.94,0,0.78,0.99,0,0,0.95,0,0.78,0.94,0,0,0.04,0.41,0,0.53,0,0,0.11,0.5,0.11,0.29,0,0.38,0.36,0.98,0,0.44,0,0,0.65,0.58,0.96,0.93,0.11,0.95
"Area_03","Summer","F","F0037","Pimelodus_maculatus",0.25,0.15,0.69,0.7,0.51,0.26,0.89,0.14,0.84,0.03,0,0,0,0,0,0.62,0.23,0,0.07,0.87,0.57,0.8,0,0,0,0.11,0.75,0,0.67,0,0,0.71,0,0.18,0.42,0.16,0,0,0,0.11,1,0,0.69,0.54,0.91,0.61,0.64,0.43,0,0.12,0.35,0.72,0,0.13,0.54,0.63,0.26,0.38,0.92,0.11
"Area_03","Winter","F","F0038","Rhamdia_quelen",0.78,0.79,0,0.5,0,0,0,0.06,0,0.49,0.9,0.37,0.91,0.93,0,0,0.13,0.32,0,0.43,0.91,0,0,0.44,0,0.33,0.81,0.22,0,0.78,0,0.01,0,0,0,0.6,0,0.4,0.26,0.06,0,0.35,0,0,0,0.72,0,1,0.43,0,0,0,0.02,0,0.62,0.71,0.22,0.76,0,0
"Area_01","Autumn","M","F0039","Rhamdia_quelen",0.75,0.84,0.34,0,0,0,0.55,0.73,0.13,0,0.25,0.18,0.35,0.29,0.02,0.79,0,0,0,0.73,0.16,0.11,0.37,0,0,0,0.29,0.94,0,0.83,0.65,0.66,0.12,0,0,0.65,0.49,0,0.41,0,0.74,0.92,0.44,0.18,0,0.47,0.41,0.72,0.62,0,0,0.11,0.7,0.78,0,0.98,0.75,0.42,0.22,0.32
"Area_04","Spring","M","F0040","Leporinus_friderici",0.68,0.2,0,0.35,0.55,0,0,0.7,0.58,0.28,0.49,0.59,0.51,0,0.6,0.67,0.03,0.53,0.63,0.62,0.76,0.32,0.36,0,0.98,0.75,0.78,0.79,0.09,0.57,0,0,0.79,0.45,0,0.86,0.52,0,0.4,0.86,0,0,0,0.59,0,0,0.89,0.11,0.6,0,0.48,0,0.89,0.69,0.92,0.22,0.71,0,0.54,0.94
"Area_03","Summer","M","F0041","Astyanax_fasciatus",0,0,0.34,0.68,0.66,0.98,0.03,0.79,0,0.78,0,0.66,0.35,0,0.95,0.82,0,0.4,0.36,0.75,0.78,0,0.14,0.71,0.17,0.29,0,0,0,0,0.29,0.52,0.99,0.04,0,0,0.82,0.55,0,0.04,0.95,0.64,0,0,0.6,0,0.68,0.87,0.71,0.14,0.03,0.96,0.78,0.66,0.32,0,0.83,0.74,0.72,0.25
"Area_04","Spring","M","F0042","Geophagus_brasiliensis",0.6,0.26,0,0.13,0,0,0,0.47,0.98,0,0.04,0.02,0.47,0.63,0,0.63,0.36,0,0,0.58,0.46,0.54,0.59,0,0.21,0.59,0,0.34,0,0.51,0.7,0.22,0.15,0.63,0,0.87,0.47,0.59,0,0.29,0,0.08,0,0,0.11,0.5,0,0.17,0.58,0.29,0.61,0,0.95,0.86,0.65,0.33,0.12,0.74,0,0.71
"Area_02","Winter","F","F0043","Geophagus_brasiliensis",0.87,0,0.29,0,0.92,0.48,0,0,0.06,0,0.98,0.33,0.78,0.18,0.22,0,0.81,0.4,0,0,0.77,0,0.98,0,0.42,0,0,0.22,1,0.46,0.29,0.56,0.8,0.16,0.73,0.88,0.43,0.12,0.42,0.7,0,0.18,0.56,0.24,0,0,0.02,0.23,0.61,0.7,0.28,0.48,0.34,0.57,0,0,0,0,0.38,0
"Area_01","Winter","F","F0044","Hoplias_malabaricus",0.5,0,0.44,0,0,0.76,0.54,0.05,0,0.06,0.29,0.39,0,0,0,0,0.39,0.43,0.97,0.34,0.72,0,0,0,0.97,0.28,0,0.26,0,0.95,0.87,0.1,0,0.67,0.04,0.02,0.57,0.73,0,0.83,0,0,0,0.53,0.69,0.51,0.04,0,0,0.64,0.09,0.41,0.56,0,0,0.97,0.81,0,0,0.21
"Area_03","Summer","M","F0045","Pimelodus_maculatus",0.98,0,0.31,0.9,0.52,0,0,0.63,0,0.76,0.96,0.75,0.13,0.67,0.02,0.33,0.08,0.87,0.3,0.24,0,0.79,0,0,0.57,0.89,0,0.96,0.97,0.15,0,0.92,0.8,0.83,0.21,0.49,0.29,0.3,0,0,0.53,0.22,0,0,0.69,0.53,0.36,0.11,0.31,0.23,0,0.99,0.74,0,0,0.78,0,0.08,0.99,0
"Area_01","Winter","M","F0046","Geophagus_brasiliensis",0.08,0.51,0.43,0,0.15,0,0,0.2,0,0.96,0.55,0.6,0,0,0.81,0.57,0.21,0.09,0.36,0.91,0.58,0.76,0.66,0.54,0.38,0.81,0,0,0.63,0.92,0,0.88,0,0,0.12,0.61,0,0.52,0.19,0.37,0,0,0.4,0.04,0,0.55,0.14,0.72,0,0,0,0.51,0.36,0.69,0,0,0,0.29,0.6,0
"Area_01","Autumn","F","F0047","Leporinus_friderici",0.56,0.14,0.69,0,0.61,0.7,0.28,0,0.93,0.81,0.52,0.91,0.27,0,0.9,0,0.68,0.39,0.37,0.02,0.7,0.25,0.77,0,0,0.2,0,0.28,0.61,0,0.19,0,0.45,0.35,0.61,0.68,0.82,1,0.48,0,0,0.08,0.97,0,0.04,0.77,0.41,0.82,0.43,0.4,0,0,0,0,0,0.56,0.89,0.39,0.58,0
"Area_02","Summer","M","F0048","Rhamdia_quelen",0.2,0.48,0.02,0,0,0.94,0.61,0.02,0.39,0,0,0.1,0.29,0.29,0.26,0.18,0,0,0,0.04,0,0.55,0.23,0.3,0,0.83,0,0,0,0.09,0,0,0.72,0.3,0.24,0.95,0,0,0.73,0.77,0.68,0,0.56,0.75,0.45,0,0,0.54,0.56,0.54,0.14,0,0.28,0.97,0,0,0.46,0.3,0,0.48
"Area_03","Summer","F","F0049","Astyanax_fasciatus",0.3,0.85,0.82,0,0.09,0.12,0.41,0.94,0.07,0.28,0.86,0,0.79,0.1,0.46,0.9,0.83,0,0,0.21,0,0.87,0.39,0.88,0.52,0,0,0,0.6,0,0,0,0,0,0,0,0.26,0.12,0.72,0.6,0,0.17,0.71,0,0,0.55,0.28,0.29,0,0.37,0.66,0.12,0.25,0,0.37,0,0,0,0,0
"Area_03","Autumn","F","F0050","Hoplias_malabaricus",0.84,0.02,0.12,0.44,0.83,0.78,0.27,0,0,0.98,0.99,0.63,0.17,0.82,0,0,0.41,0,0,0.38,0,0.4,0,0.81,0.34,0.62,0.17,0.32,0.87,0,0.58,0,0,0,0,0.52,0.63,0.18,0.18,0.1,0,0,0,0.6,0.73,0.69,0.61,0.89,0.04,0.82,0.76,0,0,0.5,0.18,0.91,0.54,0.47,0,0.81
"Area_04","Spring","M","F0051","Hoplias_malabaricus",0.21,0,0,0.67,0,0.83,0.03,0.5,0.21,0.95,0.29,0.6,0.56,0.74,0.92,0,0.36,0.98,0,0.11,0.74,0.26,0,0,0.89,0.1,0,0.53,0.44,0.04,0,0,0,0.32,0,0,0.61,0.24,0,0,0,0.11,0,0.21,0.6,0,0.5,0.66,0.68,0.79,0,0.54,0.76,0.89,0.43,0.04,0.45,0,0.36,0.59
"Area_01","Summer","F","F0052","Prochilodus_lineatus",0,0.79,0,0,0.18,0,0.5,0.82,0.62,0.07,0,0.83,0.15,0.15,0.98,0.17,0.54,0.65,0,0,0.6,0.67,0,0.28,0.26,0.89,0.29,0.29,0.55,0,0.06,0,0.39,0,0,0.81,0,0.59,0,0,0.67,0.3,0,0,0.54,0.64,0.84,0.91,0,0.83,0.48,0,0,0.4,0.67,0,0.61,0,0,0.66
"Area_03","Winter","M","F0053","Cichla_ocellaris",0.4,0.26,0.63,0.82,0.07,0.48,0.43,0.38,0.94,0,0,0.14,0.99,0.47,0,0,0.04,0,0.16,0.44,0,0,0.49,0,0,0.86,0.17,0.54,0.03,0,0.3,0,0,0.88,0,0.36,0.42,0,0,0.26,0,0,0.23,0,0.31,0.36,0,0.65,0,0.31,0.18,0.57,0.07,0,0,0.65,0.64,0,0,0.54
"Area_01","Autumn","F","F0054","Prochilodus_lineatus",0.31,0,0.83,0.61,0.72,0.13,0.31,0.19,0.48,0,0.14,0,0,0.81,0.59,0.92,0.57,0.65,0.71,0.89,0.05,0,0.54,0.92,0.17,0.65,0.68,0,0.28,0.49,0,0,0.45,0.9,0.82,0.76,0.6,0,0.8,0.68,0,0.46,0.33,0.68,0.06,0.91,0.7,0.08,0.86,0.48,0.78,0.72,0,0.6,0.87,0.37,0.58,0,0,0.59
"Area_03","Autumn","F","F0055","Leporinus_friderici",0.48,0,0,0,0.98,0.25,0.81,0.27,0,0.57,0.47,0.24,0.6,0.64,0.85,0,0.87,0,0,0.43,0,0,0.29,0.04,0,0.05,0.35,0.41,0,0.98,0.82,0.11,0.83,0.92,0.51,0.62,0,0.02,0,0.99,0.52,0,0.15,0,0.86,0.56,0,0.9,0.9,0,0,0.1,0,0,0,0.68,0.77,0.24,0.62,0.98
"Area_04","Spring","F","F0056","Prochilodus_lineatus",0,0,0.9,0,0.12,0.81,0.05,0,0,0,0.2,0,0.1,0,0,0,0,0,0.28,0,0.24,0.11,0.85,0.45,0,0,0,0.6,0.39,0,0,0,0,0.16,0,0.74,0,0,0.68,0,0,0,0.76,0.12,0,0,0.44,0.92,0.3,0,0.25,0.45,0.42,0.78,0.29,0.78,0.2,0.75,0.83,0.04
"Area_02","Autumn","M","F0057","Leporinus_friderici",0.98,0,0.53,0,0,0,0.27,0,0.99,0,0.09,0,0,0.09,0.05,0.3,0,0.78,0.17,0,0,0,0.39,0.94,0.36,0.88,0,0.61,0.26,0.44,0,0.56,0.88,0.04,0.62,0,0.48,0,0,0,0.18,0,0.16,0.47,0.96,0.43,0.28,0.3,0,0,0.79,0,0.61,0,0.82,0.75,0.57,0.32,0,0
"Area_01","Spring","F","F0058","Rhamdia_quelen",0.16,0.41,0.33,0.29,0,0,0,0.22,0,0,0.04,0,0.12,0.16,0.26,0,0.31,0.93,0,0.18,0,0,0.17,0.87,0.43,0.28,0,0,0,0.96,0.68,0,0.63,0,0.37,0.84,0.84,0,0.08,0.38,0.43,0,0,0.2,0.75,0.07,0.93,0,0.02,0.31,0.65,0,0.79,0,0.27,0,0.44,0,0.94,0
"Area_02","Spring","M","F0059","Geophagus_brasiliensis",0.14,1,0.2,0.74,0.64,0.43,0.08,0.55,0,0.73,0,0.56,0.17,0,0.71,0,0,0.9,0,0.27,0,0,0.56,0,0,0,0,0.75,0,0,0.71,0,0,0.94,0.61,0.99,0,0.21,0.57,0.33,0.19,0,0.02,0.47,0,0.14,0.58,0.62,0.49,0.59,0.95,0.84,0.81,0.4,0.73,0.83,0,0.88,0,0.92
"Area_01","Autumn","F","F0060","Prochilodus_lineatus",0.58,0.45,0.63,0.11,0.76,0.86,0.83,0.66,0,0.6,0.63,0.78,0.15,0.11,0.4,0.34,0.54,0.07,0.39,0,0,0.72,0.86,0.67,0,0.93,0.74,0.66,0,0.54,0.3,0.57,0,0.75,0.93,0.78,0,0.43,0.83,0,0,0,0.41,0,0.46,0.53,0,0.11,0,0.97,0,0,0.06,0.49,0.92,0.96,0.59,0,0,0
"Area_01","Spring","M","F0061","Pimelodus_maculatus",0,0,0.87,0,0.67,0,0.39,0.86,0,0.82,0,0.34,0.9,0,0.13,0.76,0.64,0.57,0.08,0,0.17,0.44,0.43,0.71,0.64,0,0.91,0,0.26,0,0,0.7,0.78,0,0.75,0.68,0.22,0,0,0.59,0.9,0,0.92,0.9,0.1,0.05,0,0.45,0.75,0.49,0.7,0.13,0.32,0.52,0.86,0.13,0.47,0.49,0.02,0.4
"Area_04","Spring","M","F0062","Rhamdia_quelen",0,0.04,0.66,0,0,0.38,0,0.25,0.07,0.15,0.59,0.68,0,0.51,0,0.06,0,0,0,0.15,0.6,0,0.16,0.86,0,0.04,0.4,0,0.88,0.53,0.94,0,0.73,0.3,0,0.91,0.35,0,0.51,0,0.25,0,0.02,0.39,0,0,0,0,0,0.61,0,0.16,0.7,0,0.97,0,0.83,0,0,0.95
"Area_04","Autumn","F","F0063","Hoplias_malabaricus",0,0.31,0.88,0.77,0.1,0.46,0.29,0.1,0.33,0,0.14,0.7,0.23,0.59,0.83,0.9,0.23,0,0.41,0.77,0,0.27,0,0.22,0.71,0.56,0.32,0,0.24,0,0.34,0.9,0.84,0.43,0,0.91,0.3,0.37,0.8,0.51,0.64,0,0,0.89,0.39,0.73,0.83,0,0,0.82,0.6,0.67,0,0,0,0,0,0.13,0.49,0.65
"Area_03","Winter","M","F0064","Cichla_ocellaris",0.27,0,0.09,0,0.54,0,0.81,0.99,0,0.74,0,0.32,0,0,0.65,0,0.6,0.55,0,0,0,0.96,0.95,0,0.59,0.12,1,0.99,0.13,0.24,0.05,0.49,0,0,0,0,0,0,0,0.51,0.74,0,0.65,0.2,0.91,0.71,0.93,0,0.97,0.81,0.15,0.33,0.96,0.62,0,0,0,0,0,0.4
"Area_01","Spring","M","F0065","Pimelodus_maculatus",0,0.12,0,0,0.68,0,0,0.33,0,0.77,0,0.09,0,0,0.44,0,0.85,0.35,0.03,0.61,0.41,0.15,0.9,0.5,0,0.05,0,0,0.1,0,0.08,0,0.59,0.64,0,0.11,0,0,0.69,0,0.53,0.96,0,0,0.02,0.76,0.25,0.23,0.59,0.75,0.94,0.28,0.04,0.74,0.11,0,0,0.45,0.53,0.21
"Area_02","Spring","M","F0066","Pimelodus_maculatus",0.7,0.46,0.21,0.75,0.2,0,0,0.23,0.83,0,0.39,0,0.94,0.43,0.04,0.91,0,0.4,0.82,0,0.21,0,0.86,0,0.67,0.75,0.73,0,0.82,0,0.5,0,0,0.98,0.19,0.03,0,0,0,0.02,0.86,0.85,0.34,0.14,0.27,0,0,0,0.12,0.39,0,0.21,0.24,0.66,0.65,0,0.19,0.66,0.2,0.7
"Area_01","Spring","F","F0067","Pimelodus_maculatus",0.8,0.42,0.82,0,0,0.3,0,0.41,0.58,0.46,1,0.34,0.27,0.87,0.72,0.9,0,0,0,0.73,0.87,0.36,0.12,0.06,0.56,0,0,0.6,0,0.6,0,0.04,0,0.07,0.45,0,0.34,0.76,0,0.36,0.52,0.04,0.72,0.53,0.28,0.76,0.65,0.63,0,0.8,0,0,0.39,0,0.29,0.41,0,0.52,0.61,0
"Area_01","Winter","M","F0068","Cichla_ocellaris",0,0,0.33,0,0.64,0,0.87,0,0.54,0.28,0.06,0.85,0.31,0.38,0.82,0,0.32,0.82,0,0.61,0.47,0.27,0.75,0.72,0.83,0,0.43,0,0,0,0.54,0.03,0.31,0.65,0.77,0,0.75,0.93,0.62,0,0,1,0.98,0,0.85,0.76,0.02,0,0.55,0.31,0.9,0,0,0.79,0.51,0,0.86,0,0,0.56
"Area_03","Winter","M","F0069","Leporinus_friderici",0.19,0.4,0.29,0,0.68,0,0.25,0.7,0.86,0.64,0.32,0.21,0.88,0.36,0,0.61,0,0,0.6,0.84,0,0.02,0,0.01,0.07,0,0.18,0.33,0,0,0,0,0,0.42,0.3,0,0,0,0.6,0,0.58,0,0,0,0.31,0.16,0,0.8,0.77,0.3,0,0,0.65,0.34,0,0,0.65,0.92,0.75,0.82
"Area_01","Winter","M","F0070","Geophagus_brasiliensis",0,0,0,0,0.87,0.15,0.39,0.78,0.2,0.14,0,0,0,0,0.87,0,0.95,0.1,0,0,0.29,0,0,0.71,0.73,0.21,0,0.3,0.69,0.65,0.17,0.83,0.17,0.32,0.77,0.11,0.26,0.08,0.98,0.68,0.78,0,0,0,0,0.89,0.93,0.05,0.02,0.12,0.38,0,0,0.56,0.94,0,0,0.25,0.8,0
"Area_02","Summer","F","F0071","Leporinus_friderici",0,0.24,0,0,0.28,0,0.64,0.75,0.29,0.35,0.68,0,0,0,0.11,0,0.68,0,0.74,0,0,0.75,0,0.83,0.31,0,0,0.24,0,0.75,0,0.94,0.31,0.05,0,0.63,0.59,0.97,0,0.99,0.25,0.84,0,0.42,0,0.11,0.47,0.9,0,0,0.87,0.76,0.71,0.22,0,0.5,0.65,0.75,0,0.62
"Area_01","Summer","M","F0072","Prochilodus_lineatus",0,0.06,0,0,0.44,0.42,0.26,0,0.26,0.81,0,0,0,0.26,0,0,0.16,0.44,0.68,0,0.35,0.13,0.83,0.38,0.44,0.61,0,0.94,0.92,0,0.62,0.2,0.79,0,0.08,0.46,0,0.83,0,0,0,0.8,0.3,0.52,0.62,0.33,0,0,0.13,0.38,0,0.73,0,0,0.12,0,0.43,0.11,0,0.91
"Area_03","Summer","F","F0073","Leporinus_friderici",0.49,0.97,0.82,0.52,0.26,0.4,0.69,0.42,0,0,0.31,0,0,0.94,0,0,0.04,0.36,0,0.97,0.75,0,0,0,0.27,0.63,0.3,0.95,0.71,0.47,0.45,0,0,0.98,0.05,0.74,0.63,0.73,0.84,0,0.25,0.89,0.71,0,0.14,0.62,0.05,0.04,0.63,0.92,0.57,0.65,0.62,0.21,0.15,0,0.11,0.17,0.85,0.62
"Area_01","Winter","M","F0074","Pimelodus_maculatus",0,0,0.55,0.69,0.78,0,0.85,0,0,0.15,0.08,0.75,0.63,0.86,0.94,0,0.61,0,0,0,0,0.31,0.53,0.11,0,0,0.55,0.99,0.51,0,0,0.65,0,0.59,0.19,0,0.82,0.77,0.59,0,0.43,0.58,0,0.51,0.13,0.24,0.38,0,0.62,0.44,0.13,0.48,0,0.58,0.87,0.72,0.27,0.82,0,0.5
"Area_03","Summer","M","F0075","Astyanax_fasciatus",0.89,0.61,0,0.15,0,0.27,0,0.59,0.17,0,0.94,0,0.93,0,0,0.19,0.02,1,0,0.19,0.51,0.68,0,0.88,0.15,0.86,0,0.67,0.71,0,0,0,0.92,0.84,0,0,0.21,0,0,0,0,0.75,0.46,0.32,0.33,0,0.51,0,0.89,0.66,0.3,0.19,0.25,0.78,0.64,0.97,0,0,0,0.45
"Area_02","Autumn","M","F0076","Leporinus_friderici",0.99,0.94,0.8,0,0.8,0.94,0,0,0.23,0.6,1,0.69,0.75,0.02,0,0.09,0.45,0.19,0,0,0.81,0.52,0.2,0,0.1,0,0.97,0,0,0,0,0.97,0,0,0.32,0.09,0.65,0.05,0,0,0,0.06,0,0,0,0,0,0,0,0.54,0.68,0.95,0,0.81,0,0,0,0.28,0,0.57
"Area_04","Autumn","M","F0077","Astyanax_fasciatus",0,0,0.21,0.89,0.65,0.36,0,0.13,0.3,0.09,0,0.59,0,0,0.16,0,0.65,0.56,0,0.54,0.42,0.46,0,0.84,0.72,0,0.35,0.42,0.92,0,0,0.5,0.91,0.49,0,0.11,0.74,0.9,0.61,0.02,0,0.44,0,0.64,0,0.59,0,0.33,0.27,0.23,0.1,0.47,0.2,0,0.37,0.33,0.53,0.02,0,0
"Area_03","Summer","M","F0078","Rhamdia_quelen",0,0,0.28,0,0,0.11,0.14,0.37,0.6,0.36,0.68,0.57,0.84,0.55,0,0,0.92,0,0.74,0.68,0,0.02,0,0,0,0.55,0.04,0.2,0.61,0,0,0.78,0.6,0.65,0.27,0,0.7,0.38,0.79,0.36,0.16,0,0.98,0.45,0.85,0,0.13,0.72,0,0.65,0.77,0,0.39,0.3,0.64,0.58,0.42,0,0.71,0
"Area_04","Winter","M","F0079","Astyanax_fasciatus",0.38,0,0.63,0.13,0,0.4,0.26,0.98,0.43,0.35,0,0.81,0.45,0,0.35,0.57,0.54,0,0.08,0,0,0,0.56,0,0.89,0.39,0.24,0,0.34,0.61,0.09,0.39,0.57,0.2,0,0.53,0,0.04,0.1,0.83,0,0.11,0.75,0,0,0.87,0.14,0.32,0.27,0.07,0.72,0.99,0.81,0.33,0,0,0.61,0.59,0.35,0
"Area_04","Spring","M","F0080","Rhamdia_quelen",0.62,0.1,0.24,0,0,0,0.42,0.57,0.26,0,0.94,0.67,0,0.24,0.91,0,0.06,1,0.49,0.54,0,0,0.24,0.03,0.64,0,0,0.87,0.06,0.87,0.72,0.92,0,0.43,0.16,0,0.21,0.85,0,0.28,0.89,0,0,0,0.75,0.27,0,0.8,0,0,0,0.06,0,0.4,0,0.25,0.25,0.74,0.07,0
"Area_02","Winter","F","F0081","Astyanax_fasciatus",0,0,0.33,0.91,0.24,0.86,0.82,0.4,0.89,0.71,0,0.49,0.1,0.21,0,0.13,0.36,0.48,0,0,0.54,1,0.45,0,0.4,0.78,0.37,0,0.91,0.19,0.27,0.73,0.07,0.59,0,0,0,0.92,0,0.6,0,0.71,0.43,0,0,0.39,0.08,0.98,0,0,0.76,0,0,0.61,0.73,0.36,0.86,0,0.83,0.34
"Area_02","Autumn","F","F0082","Prochilodus_lineatus",0,0.14,0,0.61,0.34,0,0.18,0.76,0.98,0.67,0.16,0.61,0.65,0,0.39,0,0.1,0.74,0.04,0.34,0,0.02,0.47,0.59,0,0,0,0.58,0,0,0.43,0.25,0.35,0.29,0.34,0.24,0,0,0,0.69,0.12,0.74,0.6,0.91,0.65,0,0,0.19,0,0.15,0.2,0.11,0,0.83,0.95,0.17,0.14,0.75,0.02,0.86
"Area_03","Spring","M","F0083","Rhamdia_quelen",0,0.23,0,0.15,0.58,0.23,0.1,0.47,0.58,0.84,0,0.85,0,0.79,1,0,0.64,0.24,0.83,0,0,0,0.07,0.81,0.86,0.56,0.95,0.85,0,0.37,0.34,0.14,0,0.87,0,0.95,0,0.69,0.31,0,0.72,0.69,0,0.13,0.68,0.2,0.14,0,0,0.98,0.46,0.2,0,0.97,0.14,0.77,0,0.23,0.8,0
"Area_04","Autumn","F","F0084","Rhamdia_quelen",0.84,0.34,0,0,0,0.39,0.8,0.47,0.71,0,0,0,0.32,0,0.94,0.59,0.67,0.16,0.91,0.15,0.05,0,0.68,0.49,0,0.62,0.93,0.37,0.98,0.46,0.76,0,0.99,0.9,0,0,0.89,0.78,0,0.18,0,0.14,0.79,0.38,0.45,0.68,0.88,0.37,0.57,0.01,0,0.78,0,0.33,0,0.68,0.06,0.63,0,0.95
"Area_02","Autumn","M","F0085","Geophagus_brasiliensis",0.06,0.61,0.07,0.17,0,0.95,0,0,0,0.56,0.27,0.19,0,0.65,0,0.71,0.65,0.85,0,0.2,0.04,0.5,0.71,0,0,0.72,0,0,0.58,0.25,0.25,0,0.46,0.82,0.26,0.61,0.83,0.27,0,0.39,0.9,0.41,0,0.24,0.54,0,0.9,0.81,0.43,0.6,0.61,0.18,0.27,0.61,0.93,0,0.24,0,0.03,0.58
"Area_02","Autumn","M","F0086","Leporinus_friderici",0.89,0,0.63,1,0.39,0,0,0,0,0.63,0,0.68,0.23,0.51,0.2,0.68,0,0.4,0,0,0.62,0.15,0.49,0.68,0.3,0.59,0.7,0.13,0.32,0,0,0,0.36,0.81,0.62,0.02,0.73,0.88,0,0,0,0.2,0.11,0.41,0.48,0.27,0.29,0,0.99,0,0,0.17,0.79,0.23,0.54,0.63,0.46,0.42,0.94,0
"Area_03","Spring","M","F0087","Prochilodus_lineatus",0.38,0,0,0.81,0.83,0.44,0,0.17,0,0.41,0.86,0.52,0.64,0.39,0.06,0.61,0.53,0.59,0.86,0,0.38,0,0.72,0.69,0.43,0.63,0.82,0,0,0,0,0,0.9,0.72,0.62,0.77,0.2,0,0,0.37,0,0.7,0.28,0.55,0.14,0,0,0,0.08,0,0.85,0.49,0,0,0.08,0,0.46,0,0.22,0
"Area_03","Winter","M","F0088","Rhamdia_quelen",0,0,0.47,0.43,0.03,0.55,0,0.76,0.72,0,0.6,0,0.5,0.19,0.99,0.71,0.83,0.83,0.22,0,0.35,0,0,0.35,0.2,0.04,0.97,0.97,0,0,0.54,0.21,0.83,0,0,0,0,0,0,0,0.05,0.04,0.02,0,0,0,0.98,0.07,0.66,0,0.72,0.94,0.22,0.5,0.96,0.74,0.78,0,0,0.99
"Area_04","Summer","F","F0089","Rhamdia_quelen",0.72,0.64,0,0.47,0.27,0,0.66,0,0.24,0,0,0.17,0.2,0,0.53,0.73,0.67,0.12,0,0,0.02,0.36,0,0.54,0.63,0.28,0.31,0.58,0.8,0,0.02,0,0,0.43,0.71,0,0.15,0.41,0.62,0.1,0.26,0.71,0.72,0.68,0.81,0,0.27,0.71,0.07,0.14,0.02,0,0.49,0,0.34,0.12,0.88,0,0,0.69
"Area_01","Autumn","F","F0090","Hoplias_malabaricus",0,0.86,0.45,0.4,0.59,0,0,0,0,0.43,0.91,0.85,0.97,0,0.23,0.39,0.42,0,0.06,0,0,0,0.97,0.49,0.06,0,0.53,0.3,0.98,0.62,0.99,0.83,0.62,0.54,0,0.28,0.22,0.46,0.45,0.58,0.34,0.76,0.8,0,0.19,0,0.46,0,0,0,0.86,0,0.64,0,0,0,0.62,0.55,0,0.42
"Area_02","Autumn","F","F0091","Geophagus_brasiliensis",0,0.77,0.01,0,0.46,0.25,0.15,0.04,0,0,0.59,0.9,0,0.85,0,0,0.98,0,0.54,0.3,0.46,0.58,0.67,0.29,0.71,0.85,0,0,0,0.58,0,0.35,0,0.22,0.78,0,0.63,0.57,0,0,0.79,0,0.85,0.63,0.21,0.48,0.4,0,0.1,0.05,0,0.16,0.39,0.85,0.45,0.76,0.05,0.78,0.49,0.33
"Area_02","Winter","M","F0092","Hoplias_malabaricus",0,0,0.77,0.66,0,0.56,0,0,0.78,0.41,0,0.71,0.69,0,0,0.26,0.79,0.55,0.78,0.78,0,0.16,0.06,0.45,0.55,0.18,0,0,0,0.72,0.86,0.25,0.48,0.34,0.37,0,0.41,0,0,0.18,0.45,0.61,0.36,0.87,0.02,0,0.84,0,0.44,0.49,0,0.15,0.83,0.69,0.23,0,0.15,0.1,0.33,0.71
"Area_01","Winter","M","F0093","Rhamdia_quelen",0,0,0.74,0.93,0.99,0.58,0.48,0,0.64,0,0,0,0.3,0,0.32,0,0.18,0.41,0,0,0.52,0,0,0.82,0.19,0,0.11,0,0,0.39,0.49,0,0,0,0.89,0,0.34,0,0,0.57,0.26,0,0.06,0,0.27,0.87,0,0,0.41,0.71,0,0,0.44,0.43,0.18,0.09,0.02,0,0.16,0.84
"Area_02","Spring","F","F0094","Rhamdia_quelen",0,0,0.45,0.27,0,0.82,0.25,0.97,0,0.07,0.45,0,0.02,0.24,0,0,0.24,0.27,0.59,0,0.49,0,0.14,0.18,0.89,0.47,0.13,0.53,0.41,0,0.58,0,0.85,0.63,0.52,0,0.6,0.54,0.36,0,0.57,0.25,0,0.94,0.79,0,0.81,0.96,0,0,0,0,0,0.09,0.49,0,0,0,0.42,0
"Area_04","Spring","M","F0095","Prochilodus_lineatus",0,0,0.36,0,0.11,0.96,0,0.55,0.39,0.1,0.8,0.12,0,0,0,0.51,0.2,0.34,0.62,0,0.48,0.6,0.71,0.79,0,0.27,0,0.45,0.93,0.81,0.36,0.53,0.36,0,0.37,0.18,0,0.07,0.12,0,0.67,0.63,0.02,0.81,0.09,0.59,0.65,0.72,0.19,0,0.93,0.66,0,0.56,0.28,0,0.62,0.58,0.32,0.48
"Area_01","Spring","M","F0096","Rhamdia_quelen",0,0.22,0.31,0.82,0,0,0,0,0,0.88,0,0.6,0,0,0.31,0,0,0.21,0.51,0,0.4,0,0.93,0.56,0.38,0,0,0.3,0.79,0.75,0,0.01,0.54,0,0,0.39,0.64,0.86,0,0.16,0,0,0.82,0.78,0.37,0,0.93,0.07,0.29,0,0.63,0.72,0.67,0,0.87,0.37,0.51,0.37,0.57,0.67
"Area_01","Winter","M","F0097","Hoplias_malabaricus",0.24,0.27,0,0.25,0.63,0.42,0,0.08,0,0.15,0.24,0,0.42,0,0.64,0.77,0.08,0,0.71,0,0.64,0.03,0,0.7,0.84,0.59,0.12,0.66,0.98,0,0.88,0.76,0.87,0.88,0,0,0.2,0,0.76,0,0.79,0.16,0.6,0.06,0.08,0.66,0.07,0,0.11,0,0.76,0,0.42,0.95,0,0,0,0.98,0.77,0.43
"Area_02","Autumn","M","F0098","Cichla_ocellaris",0,0,0.28,0,0.5,0.74,0.83,0.78,0,0.53,0,0.16,0.08,0.4,0,0.15,0.55,0.55,0.85,0,0.33,0.13,0,0,0.7,0.62,0.63,0,0.84,0,0.58,0.22,0.86,0.82,0.82,0,0.94,0.12,0,0,0,0.46,0.81,0.99,0.89,0,0.93,0.18,0,0,0.39,0.11,0,0,0.21,0.89,0.56,0,0.91,0.27
"Area_03","Autumn","F","F0099","Hoplias_malabaricus",0.17,0.11,0.4,0,0,0,0.82,0,0,0.34,0,0,0.77,0,0.6,0,0,0.68,0.81,0.93,0.27,0.34,0.35,1,0.93,0.89,0,0.91,0,0,0,0.97,0,0.28,0.1,0.53,0,0.56,0.03,0,0.93,0.96,0,0,0,0.52,0.37,0.18,0,0,0,0.17,0.84,0,0.75,0,0.74,0.26,0.52,0.9
"Area_03","Winter","M","F0100","Leporinus_friderici",0.58,0,0,0.56,0.03,0,0.82,0,0.88,0.14,0.7,0.18,0.82,0.73,0.72,0.89,0.04,0.44,0.86,0,0,0,0.89,0.75,0,0.41,0,0.83,0,0.6,1,0.43,0.93,0,0.73,0.72,0.63,0.68,0.87,0.34,0,0.88,0.9,0.83,0.39,0,0.71,0,0.76,0.75,0,0,0.43,0,0,0,0,0,0.87,0.28
"Area_01","Winter","F","F0101","Hoplias_malabaricus",0,0.64,0.76,0,0.33,0,0.86,0.32,0,0.37,0,0,0.16,0,0,0.76,0.62,0.76,0,0.86,0,0,0.75,0.11,0.07,0.51,0,0.37,0.41,0.11,0.93,0.7,0.65,0.69,1,0.16,0.08,0.73,0.09,0.88,0.92,0.27,0.35,0,0.49,0.68,0.25,0.05,0,0.32,0.18,0.81,0.99,0.42,0.17,0.06,0,0.42,0,0.46
"Area_04","Winter","F","F0102","Rhamdia_quelen",0,0.54,0.06,0.04,0.31,0.46,0,0.05,0.58,0.61,0,1,0.31,0.74,0.27,0.09,0.74,0.96,0.91,0.67,0,0.05,0,0.56,0.73,0.44,0,0.74,0,0.48,0,0.98,0.07,0,0.07,0,0.41,0,0.76,0.92,0.38,0,0,0.9,0.06,0.48,0,0.58,0.02,0.86,0.62,0.84,0,0.62,0,0.95,0,0.13,0.61,0
"Area_02","Spring","F","F0103","Prochilodus_lineatus",0.37,0.82,0.83,0,0,0.53,0.61,0.75,0,0.88,0.06,0,0,0,0.31,0.65,0.66,0.36,0.3,0.07,0.46,0,0,0,0.25,0,0.4,0.8,0.4,0.71,0,0.35,0.36,0.16,0.2,0.98,0.93,0.71,0.21,0.87,0,0.43,0.6,0.32,0.51,0,0,0.21,0,0,0.14,0,0.81,0,0.04,0,0.47,0.35,0.35,0.33
"Area_01","Spring","F","F0104","Leporinus_friderici",1,0.66,0,0,0,0.27,0,0.14,0,0,0.47,0,0.25,0.58,0,0.67,0.51,0,0,0,0.26,0,0,0,0,0.58,0,0.04,0,0.2,0.74,0,0.7,0,0.08,0,0.89,0.43,0,0.49,0.88,0.35,0.99,0.35,0.44,0.18,0.21,0.98,0,0,0,0.69,0.44,0.61,0,1,0,0.76,0.11,0.62
"Area_04","Winter","F","F0105","Rhamdia_quelen",0.8,0.47,0.73,0,0.08,0.24,0.12,0.04,0,0.99,0.77,0,0.92,0,0.6,0.07,0,0.69,0.1,0.93,0,0,0,0,0.13,0.08,0,0,0,0.22,0,0.58,0.53,0.99,0.36,0,0.75,0.91,0.47,0,0.32,0.14,0.08,0.54,0.27,0,0,0.45,0.93,0,0.28,0,0.38,0.85,0,0.54,0,0.74,0.9,0.7
"Area_02","Summer","M","F0106","Hoplias_malabaricus",0.36,0.86,0.15,0,0,0.63,0.25,0.47,0,0.22,0,0.7,0,0.85,0,0,0.51,0.54,0,0.18,0.18,0.12,0.95,0,0,0.6,0.97,0,0.46,0,0,0,0.36,0,0,0.41,0.76,0.82,0.71,0.69,0,0.72,0.05,0.38,0.28,0.76,0.39,0,0.47,0.15,0.8,0,0,0,0,0,0,0.03,0.56,0
"Area_01","Winter","F","F0107","Astyanax_fasciatus",0.94,0.78,0.46,0.29,0.09,0.84,0.08,0.4,0.45,0,0.62,0,0.79,0.49,0.96,0.64,0.01,0.55,0.5,0.8,0,0,0.64,0,0,0.69,0.56,0.47,0.07,0.33,0.15,0,0.53,0.91,0.44,0.01,0.97,0.67,0,0,0,0.46,0.15,0,0,0.28,0,0.68,0.7,0,0,0.3,0.52,0.57,0.38,0,0.89,0,0.86,0
"Area_03","Autumn","M","F0108","Astyanax_fasciatus",0.72,0.39,0.28,0.94,0.74,0.2,0.12,0.81,0,0.55,0.75,0.44,0,0,0,0,0,0.59,0,0.74,0.52,0,0.72,0.39,0,0.64,0.78,0,0.65,0,0.1,0,0.7,0,0,0,0.02,0.41,0.37,0,0.3,0,1,0.38,0,0.61,0.58,0.88,0.14,0,0.48,0.74,0.47,0,0.31,0.19,0,0.55,0.02,0
"Area_03","Autumn","M","F0109","Geophagus_brasiliensis",0,0.99,0.34,0,0,0,0,0,0.03,0.46,0.61,0.79,0,0.2,0.68,0.77,0,0.02,0.74,0,0.18,0.37,0,0.27,0.1,0.65,0,0,0,0,0.78,0,0.04,0.76,0.91,0,0,0,0.62,0.61,0.92,0.52,0.71,0.93,0,0,0.1,0.74,0,0.84,0,0.66,0,0,0.16,0,0.56,0.29,0.83,0.03
"Area_04","Summer","F","F0110","Pimelodus_maculatus",0.81,0.22,0.18,0.15,0.95,0,0,0.31,0.31,0,0.58,0.18,0,0.75,0.9,0,0,0,0.78,0.16,0,0.77,0.35,0.53,0.19,0.74,0,0.9,0.16,0,0.62,0.27,0.15,0,0.2,0.23,0.89,0,0.96,0,0.71,0,0,0,0.19,0,0.42,0,0.75,0.74,0,0.46,0.93,0.96,0,0,0.36,0,0.22,0.95
"Area_04","Winter","M","F0111","Hoplias_malabaricus",0,0.97,0.45,0,0,0,0.33,0.1,0.47,0.96,0.61,0.45,0,0.64,0,0.9,0.15,0.48,0,0,0.07,0,0,0.1,0.28,0.25,0,0,0.08,0.33,0.77,0,0,0.94,0.59,0,0.35,0.94,0,0,0.53,0.67,0.03,0.13,0.23,0.75,0,0.85,0,0,0,0,0,0,0,0.67,0,0.77,0.7,0.25
"Area_02","Spring","F","F0112","Cichla_ocellaris",0.37,0.46,0.75,0.12,0,0.88,0.91,0.74,0.56,0.51,0,0.1,0.61,0,0.71,0.13,0.82,0,0,0,0.4,0.4,0.28,0.24,0.42,0.36,0,0.09,0,0,0.97,0,0.5,0.67,0.07,0.27,0,0,0.55,0.77,0.27,0.2,0.91,0,0.62,0.34,0,0.76,0,0,0.17,0.13,0,0.46,0,0.03,0.94,0,0.57,0
"Area_04","Autumn","M","F0113","Hoplias_malabaricus",0,0.32,0.42,0,0,0.35,0.46,0,0.96,0.72,0.39,0.36,0.61,0.33,0.78,0.23,0.06,0.33,0,0,0.57,0.6,0.15,0.96,0.58,0.04,0.8,0.47,0.93,0,0,0.44,0.88,0.74,0,0.53,0.07,0.03,0.29,0,0,0,0.98,0,0,0,0,0.21,0.2,0.38,0.81,0.16,0.04,0.48,0.2,0.1,0.76,0.25,0.51,0.45
"Area_03","Spring","M","F0114","Astyanax_fasciatus",0.6,0.86,0.64,0,0,0.49,0.44,0.17,0.93,0.31,0.09,0,0.52,0,0.05,0.47,0.62,0.33,0,0,0.05,0,0,0,0.85,0,0,0,0.98,0,0.22,0.76,0.23,0.53,0.2,0.51,0.23,0,0,0.47,0.02,0,0.65,0.24,0.18,0.09,0,0.91,0.31,0.61,0,0.98,0.21,0,0.25,0,0.9,0.27,0.39,0.09
"Area_01","Winter","M","F0115","Leporinus_friderici",0.73,0.71,0.59,0,0,0.4,0.64,0.61,0.97,0,0.56,0,0.83,0,0.04,0.49,0,0,0,0,0.52,0.31,0,0,0,0.25,0.26,0.5,0.09,0,0.43,0,0.92,0,0.05,0,0,0,0,0,0.22,0.79,0.24,0,0.89,0,0.93,0,0.92,0.82,0.2,0,0,0.64,0.63,0.38,0,0.33,0.75,0.79
"Area_02","Winter","M","F0116","Prochilodus_lineatus",0,0.56,0,0,0.37,0.29,0.9,0.71,0,0.32,0.9,0,0.93,0.74,0.65,0.99,0,0,0,0.73,0.46,0.64,0.72,0.27,0.13,0.11,0,0,0.45,0.73,0.66,0.16,0,0,0.62,0.77,0,0,0.6,0.39,0.12,0.98,0.43,0,0,0.48,0.99,0.83,0.35,0.94,0.56,0.4,0.72,0.38,0,0.45,0.55,0.23,0,0
"Area_02","Spring","F","F0117","Geophagus_brasiliensis",0.59,0.25,0.21,0.19,0.28,0.86,0.79,0.47,0.08,0.89,0.37,0.8,0.3,0.98,0.04,0,0.82,0,0.66,0,0.72,0.09,0.45,0,0,0.02,0.81,0.5,0.26,0.54,0,0.43,0,0.43,0.89,0.59,0.65,0.21,0,0,0.15,0,0,0.68,0.67,0.72,0.12,0.35,0.74,0,0.54,0,0.62,0.12,0.48,0.84,0.32,0.63,0,0
"Area_04","Autumn","F","F0118","Hoplias_malabaricus",0,0.53,0.83,0.05,0.29,0.28,0,0.77,0.03,0,0.69,0.62,0.21,0.23,0.2,0.97,0,0.15,0.1,0.05,0.53,0,0.2,0.39,0.05,0,0.68,0.96,0.85,0.32,0,0,0,0.02,0,0,0,0.77,0.66,0,0.46,0.34,0.45,0.59,0.16,0.92,0,0.49,0.31,0.31,0.13,0.63,0,0.18,0.47,0.18,0.84,0.39,0,0.37
"Area_03","Summer","F","F0119","Cichla_ocellaris",0,0,0.72,0.04,0.72,0,0.31,0.58,0,0,0.6,0.13,0,0.42,0,0.68,0,0.15,0,0.72,0.53,0.3,0,0,0.08,0.89,0,0,0.49,0.41,0,0.8,0,0,0.4,0.66,0.93,0,0,0.32,0.66,0.04,0.75,0,0.04,0.95,0.92,0.33,0.7,0.47,0.16,0.57,0,0,0,0.14,0.37,0,0,0.97
"Area_02","Autumn","F","F0120","Hoplias_malabaricus",0.89,0.5,0,0.76,0,0,0.94,0,0.65,0,0.97,0.86,0.15,0.85,0.31,0,0.29,0.58,0.16,0,0.39,0,0,0.73,0,0,0.25,0.75,0,0.46,0.66,0,0,0.89,0.97,0.17,0,0.45,0.67,0.68,0.44,0.13,0.15,0.14,0.9,0,0.48,0.48,0,0.79,0.88,0.29,0.19,0.71,0,0.24,0.27,0,0.92,0
"Area_01","Autumn","F","F0121","Rhamdia_quelen",0.87,0.48,0,0.74,0.55,0.43,0.87,0.48,0,0.66,0.28,0,0.18,0,0.88,0,0.58,0.17,0,0,0.04,0.93,0.96,0.7,0,0.05,0.17,0.21,0,0,0,0.99,0,0.45,0,0.2,0.54,0.26,0,0.56,0.07,0.35,0.64,0,0.18,0.21,0.86,0,0,0,0.52,0.76,0.54,0.19,0,0,0.98,0,0.32,0.98
"Area_04","Winter","F","F0122","Geophagus_brasiliensis",0.83,0,0.55,0.21,0.21,0,0.49,0.88,0.96,0.21,0.62,0,0.74,0.35,0,0.18,0.58,0.84,0.24,0.25,0.88,0.81,0.13,0.7,0.94,0.74,0.15,0,0.32,0.55,0,0,0,0,0.94,0.01,0.66,0.18,0,0.87,0.91,0.94,0,0.99,0.91,0.41,0,0,0,0,0.28,0.27,0.48,0.03,0.22,0.28,0.42,0,0,0.74
"Area_03","Autumn","M","F0123","Pimelodus_maculatus",0.17,0,0.08,0,0.65,0.38,0.36,0.75,0,0.5,0.63,0.4,0.22,0,0.44,0.31,0.25,0,0.34,0.43,0,0.9,0,0,0,0.33,0.72,0.91,0.2,0.78,0,0.59,0.73,0,0.78,0.81,0,0.16,0,0.05,0.54,0.03,0.2,0,0,0,0,0,0,0.55,0,0.64,0.15,0,0.66,0.06,0.5,0,0.69,0.65
"Area_03","Summer","F","F0124","Hoplias_malabaricus",0,0,0.36,0,0.86,0,0,0.31,0.71,0,0,0.97,0,0,0,0.44,0.7,0,0,0.8,0,0.33,0,0.12,0,0,0.56,0.73,0.49,0,0.89,0.49,0.42,0.85,0.69,0.32,0.14,0,0.43,0,0.54,0.42,0.22,0.98,0.57,0.99,0.84,0.84,0.07,0.12,0.34,0.47,0.44,0.62,0,0,0,0.45,0.77,0.11
"Area_03","Spring","M","F0125","Leporinus_friderici",0.93,0,0.61,0.13,0,0.95,0,0.58,0.96,0.82,0.93,0.53,0.07,0,0.54,0.17,0.87,0.33,0.5,0,0.93,0.35,0.74,0.76,0,0.92,0.11,0,0.18,0,0,0.21,0.79,0,0.86,0.91,0.38,0,0,0,0,0.04,0,0,0.4,0.52,0,0.75,0.35,0.38,0.74,0.4,0,0.14,0.73,0.07,0.85,0,0.32,0
"Area_02","Autumn","F","F0126","Pimelodus_maculatus",0.93,0.52,0.17,0.85,0.64,0,0.57,0.48,0.71,0.26,0,0.42,0.75,0,0.5,0.15,0.09,0,0.79,0.2,0,0.19,0,0.2,0,0.41,0,0.49,0.15,0,0,0.79,0,0.81,0.92,0,0,0.42,0.82,0.86,0,0,0,0.56,0,0,0.18,0.13,0,0.29,0.09,0.45,0,0.06,0,0.26,0.67,0,0,0.08
"Area_02","Winter","F","F0127","Rhamdia_quelen",0,0,0.66,0.2,0.78,0.93,0.76,0,0,0.21,0.18,0.94,0.85,0,0.27,0.37,1,0.23,0.68,0.76,0.49,0.23,0.31,0.52,0,0.85,0.48,0.41,0.4,0.36,0.47,0,0.77,0,0.56,0,0,0,0.43,0.52,0.12,0,0.81,0,0.87,0,0.64,0,0.23,0.03,0,0.03,0.56,0,0.11,0,0.85,0.13,0,0.53
"Area_03","Winter","M","F0128","Leporinus_friderici",0.79,0,0.48,0.49,0.45,0,0.6,0.54,0,0.98,0,0,0.12,0.13,0.4,0.09,0,0,0.79,0.03,0,0.5,0.79,0,0.43,0.79,0,0.62,0.31,0.42,0,0,0,0.96,0.91,0.6,0.29,0,0.81,0.43,0,0.8,0.6,0,0.99,0,0,0,0.32,0.04,0.14,0.72,0.13,0,0,0.64,0.28,0.09,0,0.86
"Area_01","Autumn","F","F0129","Leporinus_friderici",0,0.47,0,0.2,0,0.15,0.71,0,0.37,0,0.32,0.21,0,0.62,0.23,0.65,0.72,0,0.38,0,0.51,0,0,0.32,0,0.38,0.69,0,0,0.33,0,0.89,0,0.54,0.87,0.79,0.32,0.58,0,0.37,0.69,0,0,0.99,0,0.7,0.59,0.09,0.81,0.58,0.75,0.32,0,0.79,0,0,0.84,0.79,0.94,0
"Area_01","Summer","M","F0130","Hoplias_malabaricus",0.05,0.87,0.3,0.73,0.24,0,0,0.36,0,0,0.25,0,0.3,0.04,0.9,0.69,0.86,0.09,0.79,0,0,0.43,0.27,0,0.88,0.68,0,0,0.76,0,0.81,0.81,0.4,0.25,0.56,0.58,0,0.05,0.82,0,0,0,0.77,0.42,0.98,0,0.48,0.88,0,0,0,0.09,0.06,0.39,0,0.39,0.65,0.63,0.19,0
"Area_04","Summer","M","F0131","Leporinus_friderici",0,0.33,0.77,0,0.84,0,0.55,0,0.35,0.85,0,0.45,0,0.16,0.91,0.02,0,0,0.05,0.44,0,0,0,0.04,0,0.35,0.19,0.02,0.16,0,0,0.29,0.38,0,0,0.92,0.66,0.66,0.6,0,0,0.39,0.67,0.53,0.95,0,0.36,0,0.85,0,0.35,0.13,0.09,0.29,0.91,0.07,0.49,0.58,0,0
"Area_03","Winter","F","F0132","Rhamdia_quelen",0,0.6,0.94,0.95,0.16,0.47,0,0.8,0.43,0,0.5,0,0,0,0.06,0.41,0,0.41,0.66,0.54,0,0,0.26,0.95,0.27,0.05,0,0,0.8,0.38,0,0.84,0.34,0.77,0,0.76,0.18,0.71,0.28,0.15,0,0.23,0.64,0,0.27,0.11,0.58,0.35,0.3,0,0.8,0.51,0,0.58,0.22,0,0,0.34,0.91,0
"Area_02","Winter","F","F0133","Leporinus_friderici",0.44,0.47,0.59,0.52,0.69,0.11,0.69,0.56,0.47,0.64,0.88,0.07,0.15,0.7,0.26,0.83,0.71,0.37,0,0,0,0,0.6,0.98,0.72,0.72,0.04,0.71,0.53,0,0,0.38,0.86,0.86,0.1,0.16,0,0,0.14,0.2,0.44,0.18,0,0.52,0.35,0.93,0.75,0.87,0.79,0.48,0,0.2,0,0.97,0.94,0,0.68,0,0.59,0.91
"Area_02","Winter","M","F0134","Cichla_ocellaris",0.93,0.76,0.98,0.29,0,0,0,0.45,0,0,0,0.32,0,0,0.61,0,0.01,0,0.76,0.8,0.21,0,0.98,0,0.06,0,0,0.69,0.22,0,0.45,0.86,0.75,0.24,0.94,0.04,0,0.16,0.77,0.91,0.01,0.43,0.72,0,0.39,0,0.78,0.17,0.28,0,0,0.88,0,0.26,0.81,0,0.88,0,0,0
"Area_02","Summer","M","F0135","Rhamdia_quelen",0.65,0.54,0,0,0.5,0.21,0,0.98,0,0.23,0.38,0,0,0.46,0.42,0.62,0.31,0.28,0,0,0.9,0,0.48,0.26,0,0.97,0.33,0,0.22,0.48,0.94,0,0.27,0,0,0.76,0.62,0.86,0.78,0.76,0.64,0.05,0.67,0,0.39,0.71,0.86,0.63,0.89,0.2,0,0,0.08,0.95,0.17,0.77,0.8,0.93,0.9,0
"Area_04","Winter","F","F0136","Astyanax_fasciatus",0,0.97,0.98,0.2,0.72,0.94,0.11,0.32,0.88,0,0.66,0.53,0.52,0,0,0,0.67,0,0.11,0,0.08,0,0,0,0.71,0.95,0.58,0.93,0.12,0.3,0,0,0.94,0,0.44,0.99,0.7,0,0.5,0.43,0.41,0.64,0.23,0.54,0.48,0,0.3,0,0.11,0.19,0.85,0,0,0,0,0.51,0,0,0.98,0.95
"Area_02","Autumn","M","F0137","Astyanax_fasciatus",0.03,0.95,0,0.78,0.46,0,0,0.52,0,0,0,0.44,0.04,0,0.11,0.44,0.28,0.6,0.24,0.28,0.62,0,0.46,0,0,0.79,0.05,0,0.48,0.53,0.35,0.44,0,0.19,0,0,0.83,0,0.74,0,0.66,0.07,0.36,0.23,0,0.87,0,0.18,0,0.49,0.23,0,0,0,0,0.42,0.65,0.32,0.15,0
"Area_02","Autumn","F","F0138","Rhamdia_quelen",0.3,0,0.79,0,0.37,0.15,0,0,0,0.14,0,0.09,0,0.25,0.14,0.75,0,0,0,0.27,0.55,0.55,0.82,0.06,0,0,0.08,0.1,0,0.89,0.58,0.9,0,0,0,0,0.99,0.54,0,0.25,0.6,0.3,0.98,0.53,0.99,0.95,0.77,0.65,0.03,0.2,0,0.37,1,0,0,0.31,0.31,0.1,0,0.67
"Area_02","Summer","F","F0139","Geophagus_brasiliensis",0.28,0.14,0,0,0.11,0.21,0.85,0.56,0,0,0.48,0.35,0.67,0.26,0.54,0,0.39,0,0.61,0.39,0.28,0.58,0.13,0.44,0.53,0,0.06,0,0,0.35,0,0.55,0,0.03,0,0,0,0.03,0,0.24,0.94,0.37,0.09,0.82,0.43,0,0.87,0.99,0,0.99,0,0.65,0,0,0,0.92,0.74,0.72,0,0.91
"Area_03","Spring","M","F0140","Pimelodus_maculatus",0.83,0.26,0,0,0,0,0,0.21,0,0.02,0.18,0.04,0,0.69,0.46,0.78,0,0.32,0.99,0,0,0,0,0,0.02,0.75,0,0.87,0.79,0.98,0.53,0.2,0.78,0.08,0.4,0.14,0,0.58,0.88,0.28,0.72,0,0,0,0.24,0.76,0.37,0.71,0.67,0.28,0,0.85,0,0.82,0.3,0,0,0.17,0,0.35
"Area_04","Winter","F","F0141","Geophagus_brasiliensis",0,0,0,0.68,0.27,0.59,0.3,0.37,0,0.63,0,0,0.6,0.71,0,1,0,0,0,0.13,0.3,0.6,0.18,0.28,0.98,0,0.43,0.82,0,0.83,0,0,0.8,0.24,0.43,0.35,0,0.12,0.4,0.91,0,0.35,0.93,0.99,0.22,0.42,0.63,0.2,0.91,0.35,0.65,0.65,0,0.37,0,0.86,0.08,0.46,0.8,0.94
"Area_04","Winter","M","F0142","Leporinus_friderici",0.68,0,0.75,0,0.84,0.65,0.18,0,0.08,0,0.5,0.93,0.06,0.94,0.58,0,0.73,0.45,0,0.52,0.35,0.46,0.62,0,0.45,0,0.74,0,0.76,0.22,0.32,0,0.73,0,0.28,0,0,0.07,0,0.14,0.04,0.84,0,0,0.8,0,0.13,0,0.18,0,0,0.4,0,0.4,0.73,0,0,0,0.36,0.37
"Area_02","Spring","M","F0143","Hoplias_malabaricus",0.39,0.23,0.52,0,0,0.38,0.92,0.03,0,0.78,0.8,0,0,0,0.85,0.32,0,0.27,0.94,0.32,0.59,0.59,0.17,0.88,0,0.81,0.16,0.82,0.88,0.09,0,0,0,0,0,0.1,0,0.78,0.37,0.88,0.84,0.89,0.55,0.2,0.13,0,0,0.95,0.13,0,0.79,0.06,0.37,0.14,0,0.42,0.67,0.76,0,0
"Area_01","Spring","F","F0144","Geophagus_brasiliensis",0.19,0,0.79,0.67,0.99,0.37,0.84,0,0.69,0.22,0,0,0,0.52,0.92,0.62,0,0.09,0,0,0.45,0,0,0.63,0.92,0,0.11,0,0,0.72,0,0.65,0.14,0.28,0,0.28,0,0.1,0.81,0,0,0.25,0.94,0.9,0.74,0.88,0.81,0.44,0.71,0,0.18,0.99,0.34,0.07,0.17,0.68,0,0.44,0,0
"Area_02","Summer","F","F0145","Prochilodus_lineatus",0.22,0.57,0,0.48,0.83,0.62,0.44,0,0.85,0.11,0.27,0.48,0.95,0.15,0.11,0,0,0.05,0.41,0,0.37,0.16,0,0.61,0,0.9,0.29,0,0.67,0,0.12,0,0,0,0.37,0,0.94,0,0,0.23,0,0,0.68,0.29,0.02,0.02,0,0.39,0.3,0.05,0.86,0,0,0,0.5,0.85,0,0,0.9,0.19
"Area_02","Spring","F","F0146","Pimelodus_maculatus",0.71,0.04,0.87,0.59,0.49,0.76,0.62,0.2,0.46,0.31,0.86,0,0,0,0.95,0,0.11,0.72,0.75,0.56,0,0,0,0,0,0.66,0.54,0,0,0.71,0.37,0.46,0,0.62,0,0,0,0.88,0.83,0.61,0.22,0.83,0.95,0.42,0.03,0.81,0.28,0.93,0.32,0,0.37,0,0,0.32,0,0.83,0,0.22,0.43,0.82
"Area_02","Summer","M","F0147","Astyanax_fasciatus",0,0.03,0,0.28,0.79,0.89,0.41,0.45,0.15,0.74,0,0,0.26,0.71,0,0.09,0.63,0.21,0.29,0.34,0.37,0,0.66,0.11,0,0,0.64,0.39,0,0.36,0,0,0.19,0.2,0.45,0.16,0.35,0,0.97,0.58,0,0,0.56,0,0,0,0.28,0.77,0,0,0,0,0.69,0.63,0,0.12,0.67,0.19,0.69,0
"Area_03","Summer","F","F0148","Pimelodus_maculatus",0.23,0.34,0.81,0.71,0.58,0.41,0.38,0.1,0.67,0.57,0,0.56,0.13,0.21,0.58,0.5,0,0.5,0.51,0,0,0.25,0,0.05,0.65,0.97,0.51,0.52,0.47,0.15,0,0.18,0,0,0.5,0.51,0.59,0,0,0,0,0,0.58,0,0.7,0.56,0,0.73,0,0.06,0,0.63,0,0,0,0.13,0,0.04,0.41,0.7
"Area_04","Autumn","M","F0149","Leporinus_friderici",0.6,0,0,0.11,0.22,0,0.74,0,0.18,0,0,0,0.32,0,0.84,0,0.74,0,0.51,0,0,0,0.79,0.56,0,0.15,0.77,0.12,0,0.94,0.84,0.63,0.15,0.05,0.19,0.19,0.66,0.9,0,0,0.89,0,0.03,0,0.74,0,0.73,0.68,0.72,0.91,0.43,0.82,0.46,0.36,0.16,0.2,0.47,0,0,0.82
"Area_02","Autumn","M","F0150","Pimelodus_maculatus",0.16,0.03,0.53,0.12,0.81,0,0,0.59,0.43,0.49,0.39,0.1,0.67,0,0,0.36,0.16,0.78,0.69,0,0,0,0,0.95,0.31,0.82,0.3,0.38,0.33,0.32,0,0.01,0.98,0,0,0,0,0.32,0.5,0,0.79,0,0,0.04,0.42,0.49,0,0.29,0,0.89,0.84,0.46,0,0.9,0.37,0.39,0,0.13,0,0.34
"Area_03","Autumn","F","F0151","Hoplias_malabaricus",0.06,0.77,0.63,0.13,0,0.03,0.73,0.25,0.02,0,0.83,0.76,0,0.04,0.17,0,0.51,0.71,0.22,0.08,0.81,0.97,0,1,0,0,0.77,0,0.1,0.27,0.14,0.45,0.48,0.38,0.96,0,0.11,0.34,0.61,0,0.17,0.6,0.21,0.88,0.12,0.15,0,0,0.58,0,0.34,0.22,0.6,0.77,0.98,0,0.14,0,0,0.04
"Area_02","Winter","M","F0152","Astyanax_fasciatus",0,0,0.19,0.67,0,0.56,0.58,0,0.6,0.74,0,0,0.74,0.87,0.52,0.81,0.54,0.2,0.33,0,0.14,0.55,0.9,0.84,0.87,0,0.79,0,0,0,0.29,0.68,0.6,0.59,0,0.96,0,0,0.22,0,0.79,0.76,0,0,0.02,0,0,0.18,0.02,0.86,0.62,0,0.22,0.61,0,0,0.9,0.15,0,0
"Area_03","Autumn","M","F0153","Cichla_ocellaris",0.81,0.7,0.45,0,0.96,0.41,0,0.73,0.71,0.58,0.98,0,0.01,0.82,0.66,0,0,0.77,0.73,0.88,0,0,0.17,0,0.24,0.04,0,0,0.72,0.77,0.13,0.12,0,0.28,0.77,0.99,0.45,0.47,0.79,0.67,0,0.74,0,0,0.73,0.61,0,0.22,0,0,0,0.39,0.76,0.87,0,0.5,0,0,0.13,0
"Area_04","Summer","F","F0154","Rhamdia_quelen",0.8,0.06,0.86,0.98,0,0,0,0.42,0.71,0,0.79,0.33,0.15,0,0.1,0,0,0.96,0,0.3,0.95,0,0.72,0.43,0.27,0.26,0,0.37,0,0.79,0,0.25,0,0.53,0.43,0.56,0,0.1,0.16,0,0.88,0.11,0,0.99,0.82,0,0.19,0.92,0.32,0.44,0,0.83,0.36,0,0,0,0.61,0.62,0.86,0
"Area_01","Summer","M","F0155","Pimelodus_maculatus",0,0,0.26,0.11,0,0.69,0.68,0.91,0.54,0,0,0.8,0.63,0.34,0.85,0.72,0,0,0,0,0.42,0.73,0.24,0.74,0.04,0,0.94,0.23,0,0.95,0.93,0.48,0.74,0.68,0.92,0.53,0.29,0,0.36,0.12,0,0.13,0,0,0.18,0.15,0.16,0.02,0.08,0,0.13,0,0.98,0,0,0.76,0.99,0,0.74,0
"Area_03","Summer","M","F0156","Rhamdia_quelen",0.6,0.77,0.83,0.5,0.48,0.64,0,0.14,0,0.86,0.72,0.91,0.96,0,0.26,0.7,0.63,0,0.31,0,0.18,0.88,0.28,0,0.39,0.94,0.57,0.89,0.5,0.57,0,0.86,0.56,0,0.99,0.69,0.14,0.37,0.97,0.74,0,0,0,0.93,0,0.55,0.32,0,0,0.48,0,0,0.82,0.87,0.2,0.9,0,0,0.57,0
"Area_03","Autumn","F","F0157","Prochilodus_lineatus",0,0.33,0,0.35,0.58,0,0.84,0,0,0.03,0.2,0,0,0,0.79,0,0.13,0,0,0,0.07,0,0,0.86,0,0,0,0,0.84,0.38,0.25,0.72,0.43,0,0.62,0.92,0,0,0.42,0,0.57,0,0.33,0.14,0.23,0.39,0,0.67,0.23,0,0.92,0.3,0.07,0,0.05,0,0,0.81,0,0.49
"Area_03","Autumn","M","F0158","Cichla_ocellaris",0.61,0,0,0.34,0.54,0.81,0,0.59,0,0.6,0.55,0.1,0,0.1,0.98,0,0,0,0.17,0.93,0.76,0,0.31,0.97,0.61,0.84,0.56,0,0,0.96,0.11,0,0,0.87,0.42,0.67,0.37,0,1,0.09,0.88,0.74,0,0,0.9,0.63,0.73,0.92,0.78,0,0.86,0.31,0.16,0.55,0.97,0.16,0.88,0.52,0,0
"Area_01","Autumn","M","F0159","Hoplias_malabaricus",0.22,0.04,0,0.84,0.61,0,0,0.02,0.82,0,0,0,0.37,0.94,0,0,0.91,0.04,0.85,0,0,0,0,0.29,0,0.33,0.37,0.65,0,0,0.22,0,0.42,0,0.83,0.78,0.66,0,0.84,0,0,0.76,0.73,0.7,0.89,0,0.69,0.19,0,0.28,0.85,0.17,0.08,0.44,0,0.47,0.14,0.53,0.22,0.94
"Area_03","Spring","F","F0160","Cichla_ocellaris",0.95,0,0,0.71,0.58,0.54,0.89,0.81,0.81,0.5,0,0.79,0.65,0,0,0,0,0,0.62,0.42,0.78,0,0.47,0.63,0.78,0.12,0.84,0.19,0.66,0,0.84,0,0.27,0.26,0,0,0.42,0.13,0,0,0,0.33,0,0,0.38,0,0.45,0.48,0.69,0.7,0.75,0.55,0.16,0,0.47,0,0.48,0,0.7,0
"Area_03","Autumn","M","F0161","Rhamdia_quelen",0.11,0.15,0,0.63,0,0.56,0.32,0.79,0.51,0,0,0,0.76,0,0.91,0.74,0,0,0,0.16,0.57,0.9,0.23,0.86,0,0.2,0.58,0.5,0.4,0,0.15,0,0.1,0.16,0,0.09,0,0,0.02,0.23,0.31,0.75,0.67,0.32,0.54,0.63,0,0.33,0.75,0.88,0.46,0,0,0,0,0.49,0,0.38,0,0.22
"Area_02","Spring","M","F0162","Leporinus_friderici",0.13,0.8,0,0.9,0.64,0.21,0,0.92,0.86,0,0,0.87,0.04,0.54,0.29,0,0,0.01,0,0.93,0,0.81,0.08,0,0.13,0,0.39,0,0.91,0.33,0,0.77,0.5,0.38,0,0.3,0.49,0.6,0,0,0.05,0.45,0.43,0.42,0,0,0.04,0.85,0.26,0.26,0.96,0.68,0.74,0.38,0.31,0.33,0.51,0.44,0.46,0.61
"Area_02","Autumn","F","F0163","Leporinus_friderici",0.15,0,0,0.75,0.09,0.95,0.9,0,0.72,0,0.58,0.49,0,0.18,0,0.6,0.3,0.16,0.35,0,0.84,0,0.7,0.98,0.51,0,0,0.97,0,0.86,0,0,0.77,0.55,0,0,0.62,0.78,0.07,0.82,0.69,0.09,0.44,0.97,0.39,0,0,0.03,0.83,0.28,0.8,0,0,0.43,0.52,0,0.95,0.06,0.76,0.15
"Area_02","Summer","F","F0164","Cichla_ocellaris",0.3,0.94,0,0,0.25,0,0,0.58,0,0.45,0,0,0.76,0,0,0.39,0,0.78,0,0,0.99,0.2,0.47,0,0,0,0.76,0,0,0,0,0.6,0,0.3,0.22,0,0,0.18,0.06,0.49,0.66,0.74,0.21,0,0.08,0.87,0.37,0.41,0.12,0,0,0.63,0,0,0.46,0,0.73,0,0.22,0
"Area_03","Winter","F","F0165","Prochilodus_lineatus",0.6,0.74,0,0.63,0,0.58,0.17,0,0.34,0.05,0.56,0,0.27,0,0,0.27,0,0.51,0.88,0.49,0.79,0,0,0.6,0.44,0,0.78,0.66,0,0.91,0,0.36,0.95,0.94,0.14,0.93,0,0.03,0.13,0,0.18,0.05,0.55,0,0,0.05,0.73,0,0.93,0.25,0,0,0,0.12,0,0.82,0,0,0.15,0.43
"Area_04","Winter","F","F0166","Hoplias_malabaricus",0.22,0.44,0,0,0.41,0,0,0,0.24,0,0.56,0,0.91,0.92,0,0.95,0.99,0.47,0.83,0.22,0.69,0,0,0.83,0.4,0.17,0.57,0.17,0,0,0.15,0,0,0.7,0.29,0.33,0,0,0,0.25,0,0.2,0.39,0.9,0.69,0,1,0.74,0,0,0.81,0.61,0.47,0,0.5,0,0.41,0.96,0,0
"Area_03","Spring","M","F0167","Cichla_ocellaris",0.46,0,0,0.45,0,0.97,0.85,0.87,0,0.6,0.36,0,0.38,0,0.84,0.27,0.29,0.31,0.6,0.99,0,0.94,0,0.89,0.14,0.87,0.81,0.2,0.93,0,0,0,0,0,0,0.65,0,0.9,0.85,0.09,0.09,0.72,0,0,0.54,0.54,0.74,0.67,0,0.04,0,0,0.82,0,0.97,0.87,0.15,0.06,0.68,0
"Area_03","Spring","F","F0168","Prochilodus_lineatus",0.46,0,0.96,0.33,0.05,0.76,0.42,0.31,0.76,0.36,0.24,0,0.65,0.3,0.44,0.25,0.32,0,0.82,0.89,0,0,0,0.02,0.63,0.68,0,0,0.46,0.95,0.45,0.8,0.75,0.63,0.96,0.12,0.45,0.44,0.65,0.71,0.46,0.87,0.85,0.68,0,0.37,0.39,0,0.83,0.52,0,0,0.19,0.92,0.53,0.98,0.36,0.49,0.06,0.44
"Area_02","Spring","M","F0169","Geophagus_brasiliensis",0,0,0,0,0.46,0.02,0.19,0,0.87,0,0,0.85,0.06,0.84,0.06,0.95,0,0,0.95,0.72,0.19,0.74,0.78,0.41,0,0,0.55,0,0.94,0,0.58,0,0,0.33,0.19,0,0,0,0.75,0.08,0,0.19,0.44,0.79,0.78,0.68,0.74,0.14,0.87,0,0,0.99,0,0.03,0,0.29,0.25,0,0,0.78
"Area_01","Autumn","M","F0170","Astyanax_fasciatus",0.99,0,0.46,0,0.42,0,0.9,0,0.4,0,0.75,0.91,0.1,0,0.19,0.14,0,0,0,0.85,0.4,0,0,0,0.97,0.18,0,0.69,0,0,0.74,0,0.23,0,0.42,0,0.88,0.15,0.43,0,0.79,0,0,0.54,0,0.48,0.61,0.89,0.63,0,0.41,0.24,0.71,0.6,0.55,0,0.08,0.99,0,0
"Area_02","Winter","F","F0171","Leporinus_friderici",0.02,0.45,0.6,0.28,0.42,0.98,0.84,0.39,0,0.88,0.74,0.35,1,0.45,0,0,0,0,0.95,0.9,0,0,0.78,0,0,0.1,0,0.36,0.81,0,0.98,0.9,0,0.1,0,0.99,0,0,0.79,0.44,0,0.42,0,0,0.81,0.19,0.53,0,0.58,0.97,0.55,0.91,0.53,0.92,0.29,0.56,0.43,0.98,0.46,0
"Area_04","Spring","M","F0172","Rhamdia_quelen",0.87,0,0.44,0.32,0.31,0.17,0,0,0.99,0.64,0.66,0,0.36,0,0,0,0,0.62,0.91,0,0,0.32,0.4,0.57,0.89,0.68,0.52,0.5,0.87,0.94,0.49,0.95,0.14,0.08,0.35,0.32,0.05,0.99,0.05,0.04,0.77,0.24,0.38,0.49,0.89,0.54,0.02,0.27,0.64,0.48,0.45,0.73,0,0.64,0.83,0.91,0.18,0.46,0.07,0.72
"Area_04","Summer","M","F0173","Astyanax_fasciatus",0,0.44,0.34,0,0.58,0,0,0,0,0.84,0,0,0.15,0,0,0,0,0.94,0.81,0.9,0.99,0,0,0.07,0,0,0.56,0.14,0.79,0.31,0,0,0,0.62,0,0.08,0.74,0,0.15,0.76,0.92,0.75,0,0,0,0,0.43,0.59,0.56,0,0.79,0.76,0,0.16,0.71,0,0,0.54,0.68,0.01
"Area_04","Winter","F","F0174","Cichla_ocellaris",0.19,0.67,0.67,0.91,0,0,0.61,0,0,0.26,0.73,0.48,0.15,0,0.94,0,0,0.37,0,0,0.13,0,0.51,0.54,0.42,0.66,0,0.18,0.32,0,0.56,0.28,0.95,0,0.73,0,0,0,0.55,0,0,0.54,0,0,0.17,0.57,0.38,0.24,0,0,0.22,0.31,0.25,0.3,0.91,0.72,0,0,0.51,0.59
"Area_01","Spring","F","F0175","Leporinus_friderici",0,0.53,0.07,0.36,0.13,0,0.52,0.26,0.66,0.42,0.91,0,0,0,0.07,0.53,0.93,0.04,0.95,0.55,0.32,0.57,0,0.19,0.3,0,0,0.18,0.38,0,0.35,0.46,0.59,0.05,0.58,0.89,0.28,0,0.32,0,0,0,0,0.43,0.58,0.13,0,0.56,0.04,0.03,0,0.91,0.23,0,0,0,0,0,0.84,0.55
"Area_03","Autumn","F","F0176","Cichla_ocellaris",0.73,0.9,0,0.94,0.49,0.47,0,0.57,0,0.69,0.72,0,0,0.49,0,0,0,0,0.22,0.52,0.71,0.12,0,0.14,0.27,0.56,0.62,0,0.35,0,0.11,0,0.95,0,0,0.44,0.74,0,0.47,0,0,0.56,0.28,0,0,0.94,0.47,0.29,0.55,0.13,0.49,0,0,0.94,0.12,0,0.15,0,0.64,0
"Area_03","Winter","F","F0177","Hoplias_malabaricus",0,0,0.58,0,0,0.86,0.97,0,0,0.26,0.55,0.66,0.95,0.1,0,0.65,0.29,0.1,0,0,0.35,0.96,0,0.67,0.27,0,0.03,0.55,0,0,0.67,0,0,0.96,0,0.4,0.38,0.97,0.69,0.71,0.72,0.24,0.83,0.53,0.23,0.5,0.01,0.88,0,0.02,0,0.68,0.75,0.06,0.21,0.9,0.06,0,0.68,0
"Area_04","Autumn","M","F0178","Astyanax_fasciatus",0.15,0.96,0.12,0,0.18,0.9,0.77,0,0.09,0.15,0.28,0,0.95,0.86,0,0.27,0.4,0.09,0.71,0.4,0.57,0.96,0.58,0.26,0,0.73,0.72,0.67,0.67,0.53,0.43,0,0.53,0,0,0.35,0.1,0.53,0,0.99,0.73,1,0,0,0,0,0,0.59,0,0.24,0,0.57,0.35,0.02,0.21,0.74,0.1,0.97,0.29,0.73
"Area_04","Winter","M","F0179","Cichla_ocellaris",0.22,0,0.32,0.56,0,0,0,0.22,0,0,0.81,0.63,0.64,0,0.15,0.8,0.05,0.11,0,0.06,0,0,0.61,0.72,0,0,0,0.08,0.72,0,0.72,0.41,0,0.72,0.3,0,0,0.2,0,0,0,0.59,0,0,0,0.12,0,0.27,0,0.59,0.61,0.34,0,0,0,0.91,0.44,0.79,0.83,0.49
"Area_02","Autumn","M","F0180","Prochilodus_lineatus",0.18,0,0.05,0.58,0.3,0.97,0.38,0,0.17,0,0,0.75,0.64,0.5,1,0,0,0.66,0.76,0.67,0.34,0.98,0.17,0.77,0,0,0,0.67,0,1,0,0,0,0,0,0.89,0,0.71,0.5,0.36,0,0.66,0.69,0.5,0.57,0.6,0.21,0.48,0,0,0.26,0.68,0.37,0,0.11,0.76,0.94,0,0,0.75
"Area_04","Winter","M","F0181","Rhamdia_quelen",0.85,0.42,0,0.24,0.37,0,0.85,0.29,0,0.73,0.47,0,0.1,0,0,0.53,0,0,0.44,0.74,0.72,0.6,0,0.93,0.38,0,0.18,0,0.43,0.26,0,0.52,0.79,0,0,0.9,0.07,0,0.97,0.99,0,0.48,0.23,0,0.58,0,0,0,0,0.49,0.08,0.22,0.72,0,0.53,0.89,0.2,0,0,0.51
"Area_01","Summer","F","F0182","Leporinus_friderici",0,0,0,0.67,0,0.94,0.78,0,0,0,0.37,0,0.63,0.68,0,0,0.4,0.73,0.76,0.34,0.4,0.32,0.78,0.6,0,0.56,0.27,0.96,0.13,0,0,0.59,0,0.15,0.99,0.28,0.11,0.47,0.69,0.12,0.44,0,0.54,0.23,0.53,0.94,0.12,0.16,0.62,0.39,0.41,0,0.74,0.73,0.85,0.86,0,0.16,0.31,0.53
"Area_03","Winter","M","F0183","Rhamdia_quelen",0,0.54,0,0.81,0.53,0.64,0.26,0,0,0.78,0.52,0,0,0,0,0.38,0,0.61,0.08,0.85,0.25,0.61,0.63,0,0,0.38,0.94,0,0.27,0.52,0,0,0.62,0,0.92,0,0,0.52,0.46,0.8,0.15,0.52,0.54,0,0,0.71,0,0.48,0.16,1,0,0.13,0.16,0.84,0.66,0,0,0.57,0,0.83
"Area_01","Autumn","M","F0184","Hoplias_malabaricus",0,0.93,0.73,0.09,0.15,0.65,0.09,0,0.98,0.92,0.36,0,0,0.59,0,0,0.86,0,0,0.5,0,0,0.04,0.75,0.98,0.15,0.14,0,0.12,0.91,0,0,0.1,0.73,0.66,0.78,0,0.67,0,0.75,0.43,0,0,0.45,0.49,0.45,0,0.74,0,0.43,0.6,0.04,0,0.44,0.12,0.09,0.18,0,0,0.27
"Area_03","Summer","M","F0185","Leporinus_friderici",0,0,0,0.69,0.31,0.57,0,0.81,0.37,0.8,0,0.48,0.27,0.31,0.93,0,0.31,0.7,0.6,0.2,0.12,0.76,0.49,0.93,0,0.42,0.94,0.3,0,0,0,0.49,0.89,0,0.72,0.63,0,0.03,0.58,0.07,0.39,0,0,0.52,0,0,0.86,0.66,0.03,0.66,0.52,0.77,0.09,0.36,0,0.66,0,0,0.62,0.3
"Area_02","Spring","F","F0186","Geophagus_brasiliensis",0,0.66,0,0.6,0.84,0.92,0.27,0.81,0,0.15,0,0.37,0.37,0.99,0,0.82,0.69,0,0.06,0,0,0.46,0,0.25,0.82,0.18,0,0,0.11,0.47,0.34,0,0,0.35,0.48,0.47,0,0.26,0.57,0.31,0.88,0.83,0.3,0.31,0.75,0,0.49,0.95,0.92,0.34,0.85,0,0.75,0,0,0.48,0.44,0.61,0,0
"Area_02","Autumn","F","F0187","Prochilodus_lineatus",0.33,0.19,0.48,0.47,0.76,0,0.46,0,0.96,0,0.29,0.34,0.41,0.45,0.25,0.11,0,0.46,0,0,0,0,0.03,0.96,0.23,0.82,0.81,0.99,0.24,0.65,0.84,0.27,0.44,0.19,0,0.68,0.39,0.51,0.88,0.6,0.88,0.88,0,0.11,0.28,0.38,0,0,0.69,0.71,0,0,0,0,0,0,0,0.76,0.82,0
"Area_01","Winter","M","F0188","Cichla_ocellaris",0,0.26,0.77,0.34,0,0,0.37,0,0.99,0,0,0.27,0.46,0.92,0,0,0.39,0,0,0.3,0.65,0.63,0,0.49,0.08,0.51,0,0,0.73,0,0.27,0.73,0,0,0,0.64,0.34,0.96,0,0.55,0,0,0,0.53,0,0.45,0,0.38,0,0,0,0.37,0.83,0.49,0.03,0.66,0.82,0.04,0.92,0
"Area_03","Summer","F","F0189","Astyanax_fasciatus",0,0,0.44,0.42,0.06,0.91,0.97,0.71,0.95,0.36,0,0.1,0.82,0.47,0,0,0.92,0.72,0,0,0,0.83,0.67,0.93,0.72,0.94,0,0.74,0,0.49,0.75,0.84,0.88,0,0.34,0.12,0.87,0.5,0.91,0,0.54,0.72,0.55,0.89,0.88,0.54,0,0,0,0,0,0,0.82,0,0.25,0.64,0.66,0,0.9,0.98
"Area_02","Summer","M","F0190","Pimelodus_maculatus",0.71,0,0.71,0.05,0.68,0.95,0,0,0,0,0.4,0.63,0.12,0.61,0,0.83,0.12,0.94,0,0.21,0.16,0.07,0.35,0,0,0.4,0,0,0,0,0.21,0.76,0.38,0.75,0.33,0.95,0,0,0.68,0,0.21,0,0.53,0.59,0,0.65,0.14,0.61,0.24,0.5,0,0,0.08,0.15,0.98,0,0,0.51,0.07,0
"Area_04","Spring","M","F0191","Cichla_ocellaris",0.26,0.67,0.99,0.45,0.42,0.59,0,0.99,0.26,0.08,0.54,0,0,0.2,0.23,0,0,0.1,0,0,0.1,0.75,0.11,0.88,0.13,0.5,0.25,0,0.05,0.78,0.43,0.36,0.31,0,0.99,0.98,0,0.26,0,0.91,0.33,0.46,0,0,0,0,0,0.42,0,0,0.61,0.11,0,0.45,0,0.02,0.96,0.77,0.93,0.46
"Area_01","Summer","F","F0192","Geophagus_brasiliensis",0,0,0.59,0.77,0.07,0.45,0,0,0.86,0.65,0.44,0.79,0.74,0.67,0,0.03,0.76,0,0,0.96,0.46,0,0,0.31,0.94,0.55,0.63,0,0.45,0,0.98,0,0.53,0,0,0.46,0.95,0.56,0.25,0,0.25,0.92,0,0,0.24,0.31,0.29,0,0.08,0,0.87,0.48,0,0,0.27,0.2,0.09,0.09,0.4,0.13
"Area_03","Spring","F","F0193","Hoplias_malabaricus",0,0.87,0.86,0,0,0.03,0.53,0,0,0,0,0.5,0,0,0.81,0,0.66,0,0.59,0.29,0,0.38,0.44,0.78,0.12,0,0,0.2,0,0,0,0.13,0.17,0.38,0.1,0.58,0.32,0,0,0,0.07,0.48,0,0.82,0,0,0,0.19,0.79,0,0,0.71,0.23,0.21,0.26,0,0,0.24,0.29,0.75
"Area_04","Summer","M","F0194","Pimelodus_maculatus",0.77,0.21,0.89,0.31,0.12,0.17,0.03,0.74,0.47,0.01,0,0,0.16,0.98,0,0,0.37,0.22,0.71,0.35,0,0.63,0,0.69,0.78,0.89,0.14,0,0,0.49,0.31,0,0.45,0.01,0,0.92,0.6,0.04,0.56,0,0.65,0,0.14,0,0,0.4,0,0.49,0.19,0.08,0.62,0.65,0.06,0.4,0.25,0,0.22,0,0,0
"Area_04","Autumn","M","F0195","Geophagus_brasiliensis",0.48,0.33,0,0,0.95,0.66,0.56,0,0.39,0.19,0,0.28,0.53,0,0.3,0.87,0.34,0.21,0,0.25,0,0,0.27,0.04,0.46,0.74,0.29,0.67,0.37,0.96,0,0.49,0.96,0.66,0.66,0,0.02,0.17,0,0.66,0.61,0,0,0,0,0.43,0.06,0.87,0.74,0,0,0.18,0,0,0,0,0,0.84,0,0.35
"Area_03","Autumn","M","F0196","Pimelodus_maculatus",0.07,0,0.59,0,0.3,0.02,0.23,0.42,0.16,0.08,0.7,0.88,0,0.5,0.12,0.96,0,0.15,0,0.61,0.92,0,0,0.62,0.71,0,0.73,0,0,0.35,0.61,0.46,0,0,0.81,0.88,0.82,0.59,0.23,0.56,0.85,0.03,0.8,0.34,0,0.48,0.79,0,0.55,0,0.41,0.3,0,0.11,0,0,0.04,0.82,0.53,0.76
"Area_03","Summer","F","F0197","Astyanax_fasciatus",0.77,0.93,0.24,0,0.19,0.38,0,0.74,0,0,0.19,0.82,0.11,0.99,0.06,0,0.93,0,0,0,0.76,0,0,0.44,0.41,0.9,0.35,0.48,0.29,0,0,0.42,0,0.77,0.85,0.41,0.88,0,0,0,0,0,0,0.06,0,0.97,0,0,0.96,0,0.56,0.63,0,0.77,0.2,0.28,0.35,0.68,0.7,0
"Area_04","Summer","F","F0198","Leporinus_friderici",0.88,0,0,0.98,0.9,0.78,0,0,0.02,0,0.35,0.12,0.19,0.99,0.48,0.71,0,0.72,0.04,0.74,0.98,0.59,0.78,0.87,0.04,0,0.15,0.24,0.77,0.81,0,0,0,0.9,0,0.66,0.98,0.24,0.36,0.87,0,0,0.68,0.74,0.78,0.97,0.48,0,0.89,0.61,1,0,0.83,0.91,0.68,0.51,0.81,0.27,0.43,0.33
"Area_01","Winter","M","F0199","Pimelodus_maculatus",0.59,0.2,0.88,0,0,0,0.09,0.51,0.38,0,0,0,0.49,0.68,0.92,0,0.53,0.68,0.49,0,0.51,0,0.77,0,0.37,0.9,0.67,0,0,0,0.37,0.74,0,0.4,0.27,0.03,0.45,0,0.29,0,0,0.55,0,0,0.62,0.33,0,0,0.05,0.87,0.63,0.51,0.34,0,0,0.56,0.24,0,0.19,0.16
"Area_04","Winter","F","F0200","Prochilodus_lineatus",0.61,0,0,0.79,0,0.11,0,0.11,0.99,0,0.24,0.61,0.88,0.18,0.58,0.48,0.39,0.62,0,0,0.15,0,0.4,0,0,0,0.76,0,0,0.3,0.4,0.21,0,0,0,0.13,0,0,0.49,0,0,0.55,0.74,0,0.37,0.65,0.57,0,0.79,0.47,0.47,0.81,0.89,0.65,0,0,0.24,0,0,0.47
"Area_02","Spring","F","F0201","Hoplias_malabaricus",0.43,0,0.18,0.8,0.46,0,0.06,0.13,0,0,0.46,0.61,0.07,0.51,0.38,0.95,0.56,0.04,0,0.52,0.04,0,0,0,0,0.48,0.95,0.35,0,0.35,0.86,0,0.35,0.31,0.21,0,0,0.31,0,0,0,0.99,0.35,0.08,0.31,0.55,0.74,0.46,0.92,0,0.44,0.54,0.13,0.44,0,0,0,0,0.1,0.27
"Area_02","Winter","F","F0202","Rhamdia_quelen",0,0.98,0.2,0.88,0.88,0,0,0,0.12,0.28,0.48,0,0.42,0.89,0.5,0,0.79,0.76,0.46,0,0.43,0.19,0,0.31,0.99,0,0,0,0.64,0.86,0.21,0,0,0,0.19,0.71,0.56,0.99,0.06,0,0.93,0,0.38,0.9,0.04,0.78,0.44,0,0.91,0.88,0,0.31,0,0.76,0.46,0.81,0,0.69,0.35,0.47
"Area_04","Summer","F","F0203","Geophagus_brasiliensis",0,0.04,0.49,0.25,0,0.41,0.43,1,0,0.59,0,0,0,0.94,0.23,0.57,0.09,0.38,0.44,0,0.89,0.71,0.33,0.64,0.55,0.08,0.36,0.01,0.11,0,0,0.25,0.34,0,0.84,0.83,0.28,0.97,0.35,0,0.31,0.98,0.45,0,0.79,0.85,0,0,0.04,0.58,0.16,0,0.55,0.03,0.62,0,0.87,0.68,0,0
"Area_01","Autumn","M","F0204","Rhamdia_quelen",0,0.51,0.34,0.56,0.69,0,0.34,0.87,0.68,0.22,0,0.29,0.18,0.81,0,0.28,0.47,0.17,0.62,0,0.7,0.52,0.1,0.94,0,0,0.26,0.54,0,0.97,0,0.15,0.55,0,0.5,0.77,0.57,0.78,0,0,0.85,0.33,0.9,0.11,0.08,0.35,0,0.57,0,0.03,0.06,0.05,0.43,0.25,0,0.56,0.04,0.56,0.22,0.93
"Area_04","Summer","F","F0205","Leporinus_friderici",0,0,0.81,0,0.78,0,0.42,0.06,0.5,0,0.68,0.69,0.98,0.66,0,0.2,0.24,0,0.21,0.59,0,0.98,0.13,0.39,0.97,1,0.06,0,0,0.62,0.43,0,0,0.68,0,0.32,0,0.13,0,0.44,0.42,0.73,0.33,0.55,0,0.25,0,0.99,0,0.93,0.42,0.83,0,0,0.18,0,0,0.56,0.72,0.87
"Area_04","Autumn","M","F0206","Leporinus_friderici",0,0,0.08,0,0,0,0.37,0.61,0.64,0,0.16,0.05,0.46,0,0.86,0.77,0.83,0.54,0,0,0,0.92,0,0.07,0.7,0.69,0,0.15,0,0.52,0,0,0,0.96,0.7,0.4,0,0,0.75,0.73,0.22,0.46,0.87,0,0.57,0,0.1,0.83,0,0.57,0,0.22,0.7,0.28,0.64,0.94,0.22,0.28,0.04,0.37
"Area_02","Spring","F","F0207","Leporinus_friderici",0.45,0,0.35,0.17,0.46,0,0.24,0.23,0.17,0,0.92,1,0.72,0,0.27,0.29,0.96,0.56,0,0,0.31,0,0.04,0,0.6,0.73,0.4,0,0.69,0.28,0.87,0.27,0,0,0.15,0.75,0,0.98,0,0.09,0.72,0.9,0.82,0,0,0.7,0,0,0.64,0.37,0,0.25,0,0.74,0,0,0.19,0,0.95,0.93
"Area_03","Winter","M","F0208","Geophagus_brasiliensis",0.84,0.57,0.4,0,0.25,0.77,0,0.45,0.49,0.24,0,0.43,0,0,0.11,0.19,0,0,0,0.27,0,0.82,0.42,0.45,0.88,0,0,0.66,0.66,0.69,0.54,0.53,0.76,0,0,0,0.68,0.31,0.77,0.32,0.26,0.34,0,0,0.08,0,0.58,0,0.32,0,0.83,0.21,0.1,0.59,0,0.96,0.51,0.38,0,0.62
"Area_04","Summer","F","F0209","Cichla_ocellaris",0.68,0.45,0,0,0.29,0.05,0,0.87,0,0.94,0,0.08,0.44,0.76,0.71,0.06,0.83,0.54,0.56,0.06,0.9,0,0.12,0.33,0,0.6,0.43,0.51,0.89,0.26,0.17,0.67,0.17,0,0,0,0.8,0.84,0.81,0.76,0.94,0.41,0.98,0,0.9,0,0.94,0.03,0.71,0,0,0.52,0.83,0.93,0.41,0.82,0.84,0.96,0.43,0.29
"Area_04","Autumn","M","F0210","Pimelodus_maculatus",0,0,0.69,0.08,0,0.35,0,0.85,0,0.73,0.52,0.36,0,0.04,0.82,0.81,0.61,0,0,0,0.28,0,0,0.94,0.84,0,0.24,0.51,0,0.97,0.27,0,0.11,0.47,0.96,0,0,0.72,0.28,0,0.02,0,0.81,0.06,0.93,0.65,0,0,0.73,0.53,0.88,0.16,0,0.14,0.28,0.13,0.81,0,0.17,0.3
"Area_04","Spring","M","F0211","Leporinus_friderici",0,0,0.67,0,0,0.51,0.48,0,0,0,0.23,0.29,0,0.72,0.95,0,0.92,0.17,0.14,0.66,0.66,0,0.31,0.83,0,0.79,0.24,0.91,0,0,0,0.35,0,0,0.71,0.86,0,0,0,0.35,0.25,0.26,0,0,0,0.51,0.32,0.97,0,0.71,0.72,0.75,0.93,0,0.09,0.83,0,0,0.75,0
"Area_03","Winter","F","F0212","Cichla_ocellaris",0.83,0.35,0,0.32,0.73,0.44,0,0.48,0.03,0,0.31,0,0,0.43,0.35,0.59,0.22,0.15,0.47,0.68,0.11,0.68,0.03,0.98,0,0.17,0.97,0.54,0.49,0,0,0,0,0.76,0,0.37,0,0.88,0.53,0,0,0.04,0,0,0.48,0,0.24,0.89,0.91,0.83,0.53,0.26,0.01,0.4,0,0.32,0.71,0.24,0,0.76
"Area_01","Summer","M","F0213","Pimelodus_maculatus",0.41,0.94,0.56,0.89,0.38,0,0.96,0.67,0,0,0.72,0.87,0.79,0.11,0.12,0,0.52,0.6,0.11,0.58,0.59,0,0.35,0.24,0,0,0.89,0.33,0.63,0.93,0.61,0,0.81,0.4,0.43,0,0,0,0.83,0,0.24,0.47,0,0.74,0.74,0,0.63,0,0,0,0.16,0,0,0.5,0,0,0.6,0.25,0.18,0.47
"Area_04","Autumn","F","F0214","Pimelodus_maculatus",0.51,0.1,0.43,0.61,0.5,0,0.69,0,0,0.45,0,0.79,0.36,0.94,0,0.38,0,0.83,0,0.53,0.62,0,0,0.65,0.45,0,0.1,0,0,0,0.07,0.59,0.71,0.47,0.76,0.14,0.96,0.71,0.08,0.09,0.3,0.26,0.89,0.55,0,0.55,0.46,0,0.55,0.17,0,0,0,0.88,0.42,0.83,0.68,0.41,0.34,0
"Area_04","Summer","M","F0215","Geophagus_brasiliensis",0.34,0.89,0.41,0.46,0,0,0,0.07,0.36,0.84,0.54,0.57,0.15,0.04,0.06,0.87,0.28,0.42,0.61,0.83,0.48,0,0.79,0,0.88,0,0.71,0.44,0,0,0.59,0.77,0,0,0.79,0,0.49,0,0,0.76,0,0.3,0.03,0,0.37,0.34,0.27,0.21,0.8,0,0,0.43,0.85,0,0,1,0.35,0.94,0,0.97
"Area_04","Spring","F","F0216","Hoplias_malabaricus",0.63,0.31,0.58,0,0.56,0.62,0.85,0.36,0.79,0.44,0,0.97,0.52,0.82,0.26,0,0.25,0.44,0.4,0.69,0,0.24,0,0.08,0.69,0.36,0,0,0.67,0,0.17,0.71,0,0.52,0.2,0.34,0,0,0.79,0.16,0,0.87,0,0,0.92,0,0,0.99,0.8,0.38,0.59,0.3,0.98,0,0.93,0,0,0.94,0.8,0
"Area_02","Autumn","M","F0217","Cichla_ocellaris",0.58,0,0.42,0,0,0.27,0.87,0.68,0,0.2,0,0,0,0.51,0,0,0.39,0.84,0,0,0.87,0.4,0,0,0.31,0,0,0.19,0.19,0,0.87,0,0,0.97,0.95,0.89,0.15,0.66,0.07,0.46,0.14,0,0,0.46,0.62,0,0.12,0,0,0.45,0.31,0.12,0,0.1,0.89,0.76,0.85,0.9,0,0.62
"Area_01","Autumn","F","F0218","Prochilodus_lineatus",0,0,0.06,0,0.27,0,0.83,0.44,0.08,0,0,0,0.81,0.63,0.9,0.23,0,0,0.45,0.23,0,0.7,0.28,0.73,0.84,0.82,0,0,0.33,0.09,0.39,0,0,0.48,0.65,0.99,0,0.4,0,0.54,0,0.51,0.02,0,0,0,0,0,0.59,0.76,0.19,0.74,0.74,0.65,0,0.53,0.21,0,0.33,0.04
"Area_02","Winter","F","F0219","Cichla_ocellaris",0.64,0.09,0.6,0,0,0,0.41,0,0.55,0.18,0.35,0.63,0.15,0,0.68,0.46,0.88,0.7,0,0.12,0,0.95,0.18,0.53,0.19,0.35,0.89,0,0,0,0.81,0.71,0.62,0.35,0.21,0,0,0.72,0.19,0.38,0.37,0.72,0,0.15,0,0.95,0,0.19,0,0,0.02,0.98,0.28,0.77,0.09,0.51,0.99,0.43,0.03,0.33
"Area_03","Winter","M","F0220","Cichla_ocellaris",0,0.24,0.29,0.09,0,0.78,0.28,0.95,0.3,0.09,0,0,0.44,0,0.28,0.14,0,0.37,0,0.54,0.76,0.64,0.48,0,0,0,0,0.2,0.63,0.48,0.69,0.86,0.28,0.23,0.8,0.06,0.32,0.24,0.8,0.41,0.12,0.89,0.44,0.88,0,0.42,0.64,0.04,0.78,0.28,0.94,0,0,0.52,0.72,0,0.21,0.32,0,0.7
"Area_04","Autumn","F","F0221","Hoplias_malabaricus",0,0.86,0.68,0.67,0,0.89,0.63,0.58,0.8,0,0.26,0.36,0,0.65,0,0.8,0.77,0,0.13,0.15,0.68,0.26,0.36,0.02,0.23,0.16,0,0.52,0,0.57,0.22,0.04,0.56,0.04,0,0.97,0,0,0,0.66,0,0,0.03,0,0.6,0.52,0.25,0,0.76,0.54,0.06,0,0.22,0.88,0.54,0.14,0,0,0.47,0
"Area_03","Spring","F","F0222","Pimelodus_maculatus",0.41,0.42,0.37,0,0.72,0.21,0.86,0.07,0.13,0.56,0.24,0.9,0.1,0,0,0.71,0.04,0.95,0,0,0.88,0.82,0,0.12,0.79,0.91,0.65,0.89,0.81,0,0,0.87,0.84,0.66,0,0.15,0,0,0,0.56,0.63,0,0.99,0,0,0,0.43,0.05,0,0,0.8,0,0,0.91,0,0,0.08,0.17,0,0.63
"Area_01","Winter","M","F0223","Prochilodus_lineatus",0.23,0.72,0.9,0.46,0,0.62,0.99,0.69,0,0,0,0.73,0.8,0.53,0.21,0.51,0.23,0.6,0.95,0,0,0.54,0.45,0,0,0.02,0.28,0.56,0,0,0.1,0.78,0.97,0.19,0.14,0.32,0,0.89,0.46,0.33,0,0.03,0,0.74,0.49,0.82,0.91,0,0.75,0.3,0.91,0.4,0.9,0.21,0.93,0,0,0,0,0.74
"Area_03","Autumn","M","F0224","Prochilodus_lineatus",0.26,0.93,0,0.23,0.82,0.08,0.03,0,0.92,0.65,0.86,0.37,0.89,0.96,0,0,0,0.35,0,0.7,0.02,0,0.35,0.41,0,0.48,0.92,0,0,0.75,0.17,0.36,0,0,0.18,0.8,0,0.31,0.94,0.11,0.09,0,0.85,0.27,0,0,0.19,0.34,0.54,0.42,0,0.16,0.67,0.98,0,0.67,0.73,0,0.14,0.77
"Area_04","Summer","M","F0225","Leporinus_friderici",0,0.31,0.34,0.73,0.18,0.67,0,0.77,0.97,0.35,0,0,0,0,0,0.37,0.68,0.42,0.43,0,0.75,0.1,0,0,0.65,0.39,0.93,0.37,0,0.4,0,0.45,0.61,0.28,0.81,0.71,0.06,0.81,0,0.78,0.15,0,0,0,0.94,0.27,0.59,0.94,0,0,0.42,0,0,0,0.41,0.26,0.36,0,0.03,0.08
"Area_02","Summer","M","F0226","Geophagus_brasiliensis",0,0,0.94,0,0,0,0.59,0,0.86,0.54,0.71,0.23,0.27,0.37,0.02,0.52,0.75,0,0.92,0,0.66,0.06,0.39,0.43,0.05,0.06,0.8,0.14,0.45,0.97,0.63,0,0,0.3,0,0.16,0,0.62,0.31,0.76,0.51,0.35,0,0,0,0.04,0.33,0.03,0.79,0,0,0.81,0,0.6,0.12,1,0,0.19,0.54,0.27
"Area_01","Summer","M","F0227","Leporinus_friderici",0.61,0,0.91,0,0.88,0.27,0.27,0.22,0.16,0.18,0.75,0.15,0.93,0.95,0.78,0.32,0,0.32,0.8,0,0.5,0.32,0.81,0.25,1,0.33,0,0.21,0.87,0,0.46,0.03,0.35,0.35,0.98,0.62,0,0,0.58,0,0.22,0.85,0,0.76,0,0.77,0.51,0,0,0.91,0.89,0,0.54,0.15,0.01,0,0.22,0.52,0.3,0
"Area_01","Autumn","F","F0228","Cichla_ocellaris",0.41,0.31,0,0,0.07,0.09,0.97,0,0,0,0.16,0.88,0,0.03,0.03,0.38,0.98,0.97,0,0.18,0.89,0.6,0,0.89,0,0,0.48,0.33,0,0.97,0,0,0.4,0,0.02,0,0,0.74,0.58,0.95,0.34,0.66,0.03,0,0.78,0,0.69,0.9,0,0.27,0.3,0.9,0,0,0.6,0,0,0.93,0.82,0.61
"Area_02","Spring","F","F0229","Geophagus_brasiliensis",0.91,0.03,0.08,0.9,0.07,0,0,0.18,0.32,0.61,0.27,0,0,0,0.25,0,0.49,0.01,0.07,0.84,0,0,0.84,0,0,0,0.22,0.98,0.12,0,0.04,0,0,0.71,0.36,0.95,0,0.55,0,0.63,0.96,0,0.59,0.31,0.13,0,0.92,0.03,0.07,0.96,0.38,0,0.66,0,0.47,0,0.29,0.64,0.62,0.47
"Area_03","Spring","M","F0230","Hoplias_malabaricus",0.29,0.39,0.71,0.79,0.98,0.48,0.75,0.78,0.7,0,0,0.62,0.69,0.42,0.46,0,0,0.48,0.01,0,0.26,0,0.57,0.42,0.55,0.71,0.34,0,0.18,0.6,0,0.29,0.08,0,0.35,0,0.74,0.07,0.12,0.2,0,0.18,0.07,0,0,0.68,0.48,0,0.5,0.35,0.15,0.21,0,0.53,0.3,0.36,0.79,0.83,0.44,0
"Area_01","Summer","M","F0231","Astyanax_fasciatus",0,0,0.27,0,0.74,0,0.31,0.3,0,0.76,0.01,0,0.5,0,0.16,0,0.45,0.92,0.76,0.37,0,0.26,0.76,0,0.88,0.91,0,0.79,0.69,0,0.55,0.22,0.41,0,0,0.95,0,0.36,0,0.66,0.48,0.77,0.17,0.99,0,0.45,0,0.22,0.02,0,0.95,0,0.63,0,0,0.02,0,0,0,0
"Area_02","Summer","M","F0232","Pimelodus_maculatus",0.56,0.54,0.19,0,0,0.08,0.56,0.78,0.31,0.57,0.98,0.06,0.13,0.59,0.34,0,0.88,0,0.08,0,0,0.36,0,0.11,0.74,0,0.28,0,0.08,0.59,0.54,0.99,0,0.18,0.92,0.86,0.92,0.92,0.33,0.55,0.58,0.39,0,0,0.76,0.25,0.37,0,0.76,0.64,0.2,0.87,0.32,0.08,0.21,0.38,0.16,0,0,0
"Area_02","Winter","F","F0233","Rhamdia_quelen",0.36,0.67,0,0,0.58,0.43,0.84,0,0,0,0,0.02,0.1,0,0.73,0.16,0.57,0.4,0,0.19,0.07,0.33,0,0.37,0.37,0.5,0.49,0.25,0,0.17,0.29,0.24,0,0,0,0.36,0,0,0.41,0.12,0.11,0.16,0.71,0,0.87,0,0.21,0.83,0.37,0.95,0.14,0.43,0.89,0.06,0.34,0.14,0,0,0.2,0.9
"Area_01","Autumn","M","F0234","Leporinus_friderici",0.94,0,0.76,0.22,0.3,0.6,0.31,0,0,0.36,0.86,0.74,0,0,0.97,0.53,0,0.39,0,0.41,0.32,0.03,0.92,0,0.06,0,0.38,0.17,0,0,0.84,0.42,0,0,0.79,0.64,0.06,0,0.35,0,0.48,0,0.9,0.41,0.24,0,0.68,0.14,0.4,0.96,0.33,0.81,0.88,0.38,0.3,0.06,0.06,0,0.15,0
"Area_04","Summer","M","F0235","Geophagus_brasiliensis",0,0,0,0.46,0.77,0.5,0.33,0.15,0.08,0.38,0,0.3,0.64,0.3,0.26,0.69,0.87,0.92,0,0,0.39,0,0.1,0,0.64,0.42,0.16,0.21,0,0.59,0,0.35,0.24,0,0.64,0.07,0,0.01,0.54,0.35,0.86,0.44,0,0.83,0,0.82,0.02,0.89,0.09,0.14,0.15,0.03,0.98,0,0.18,0,0.56,0.08,0.38,0
"Area_04","Summer","F","F0236","Rhamdia_quelen",0,0.39,0.37,0,0,0.37,0,0,0.13,0.52,0,0.57,0,0.04,0.03,0,0.54,0.59,0.36,0.2,0.99,0.24,0.8,0.14,0.77,0.69,0.85,0,0.61,0,0,0.44,0.35,0.4,0,0,0.74,0.73,0,0.99,0.38,0.3,0.95,0,0.57,0,0.32,0,0,0,0,0.32,0,0,0,0.17,0.89,0.79,0.67,0
"Area_04","Spring","F","F0237","Rhamdia_quelen",0.3,0.11,0.67,0,0,0,0.79,0.48,0,0,0.98,0.47,0,0.12,0.57,0,0,0,0.96,0,0.15,0,0.48,0,0.2,0.96,0.65,0.93,0.78,0.78,0,0.12,0,0.52,0.43,0.53,0,0.45,0.62,0,0,0.99,0.81,0,0.2,0.34,0.7,0.81,0.46,0,0.17,0.52,0.39,0.54,0,0,0.14,0,0,0.57
"Area_02","Autumn","F","F0238","Leporinus_friderici",0.05,0,0.73,0.73,0.32,0.11,0.99,0.31,0.53,0.18,0.78,0.16,0,0.6,0.95,0.42,0,0,0.36,0.51,0,0,0.61,0.53,0,0.02,0.89,0.84,0.73,0.8,0,0.88,0.32,0.67,0,0.45,0.41,0.09,0,0.1,0,0,0.51,0,0.07,0,0,0,0.39,0,0,0.52,0.46,0.72,0,0.03,0.04,0,0.85,0.38
"Area_04","Spring","M","F0239","Cichla_ocellaris",0.55,0.85,0.1,0,0.26,0.3,0,0.79,0.77,0.47,0.49,0.99,0,0.8,0.66,0,0.48,0.11,0,0,0.8,0.29,0,0.13,0,0,0,0.8,0,0.68,0.15,0,0,0.7,0,0,0.22,0,0.55,0,0.37,0.74,0.08,0.35,0,0,0.73,0.46,0,0,0,0.89,0,0,0.16,0.03,0,0.15,0,0.6
"Area_01","Autumn","M","F0240","Pimelodus_maculatus",0,0.48,0.12,0.72,0.85,0.11,0,0,0,0.15,0,0.65,0,0.81,0.48,0,0.4,0.2,0.84,0,0,0.44,0.94,0,0.34,0.87,0.26,0.33,0.67,0.61,0,0.64,0.09,0.52,0.04,0.57,0.77,0.61,0,0.65,0.2,0.71,0.95,0.2,0.38,0.1,0.57,0.86,0.15,0.59,0,0.87,0.03,0.11,0.73,0,0.67,0.76,0.83,0
"Area_01","Autumn","M","F0241","Pimelodus_maculatus",0.49,0.88,0,0.73,0.25,0.02,0,0.3,0,0.49,0.02,0,0.17,0.26,0.69,0.67,0.82,0.74,0,0,0.63,0.76,0.14,0,0,0,0,0,0.16,0.81,0,0,0.96,0.61,0.51,0.6,0,0.9,0.72,0,0.71,0,0,0.69,0.76,0,0.62,0.33,0.46,0.02,0.87,0.15,0.27,0,0,0.18,0.62,0.31,0.21,0.07
"Area_02","Autumn","F","F0242","Astyanax_fasciatus",0.81,0,0.94,0.43,0.76,0.27,0.81,0,0,0.24,0.9,0.13,0,0.77,0.05,0,0.14,0,0,0,0.82,0,0.73,0.82,0,0.64,0.97,0.69,0.92,0.13,0.7,0.12,0,0,0.36,0.49,0.56,0.46,0,0.77,0,0.5,0.28,0.43,0.43,0.41,0.12,0.85,0.94,0,0.64,0.44,0.76,0.38,0.09,0.29,0.42,0,0.51,0
"Area_01","Autumn","M","F0243","Astyanax_fasciatus",0.23,0.18,0,0.35,0.79,0,0.04,0.48,0.96,0,0,0.84,0,0,0.33,0.15,0.25,0.38,0.54,0.26,0.27,0.05,0,0,0,0.53,0.51,0,0.44,0.2,0,0.28,0.91,0.73,0,0.22,0.2,0.29,0.83,0.53,0,0.81,0.87,0,0.52,0.74,0.18,0.94,0.09,0,0.53,0.3,0.17,0,0.75,0.2,0,0.88,0.23,0.63
"Area_04","Summer","F","F0244","Pimelodus_maculatus",0.1,0.73,0,0,0.99,0,0.93,0,0.83,0,0.3,0.05,0.92,0.4,0,0.98,0.42,0.43,1,0.64,0.73,0.87,0.77,0.95,0.49,0.85,0,0.21,0.64,0.79,0.46,0.6,0,0,0,1,0,0,0.13,0,0.12,0.84,0,0,0.7,0.24,0,0,0.45,0,0,0.25,0.88,0.99,0.6,0.43,0,0.77,0.41,0.46
"Area_03","Summer","M","F0245","Rhamdia_quelen",0.8,0,0,0.66,0.81,0,0.16,0.57,0.97,0,0,0,0,0.73,0.46,0.53,0.07,0.92,0,0.65,0.34,0.78,0,0.4,0,0.42,0.09,0.23,0.5,0,0.22,0.91,0,0.15,0.98,0,0,0,0,0.88,0.11,0.9,0,0.71,0,0.12,0.27,0,0.98,0.13,0.92,0,0,0,0.73,0,0.05,0.09,0,0.16
"Area_01","Winter","M","F0246","Prochilodus_lineatus",0,0.59,0.01,0.09,0,0,0.07,0.51,0.64,0,0.85,0.08,0.47,0.97,0,0,0,0,0.41,0.61,0.05,0,0,0.89,0.83,0.44,0,0.23,0.92,0.97,0.95,0.57,0.81,0,0,0.77,0,0.6,0,0.8,0.46,0.78,0.66,0.2,0.43,0.47,0,0,0.09,0.15,0.41,0,0.76,0,0,0.79,0.93,0,0,0
"Area_01","Winter","F","F0247","Hoplias_malabaricus",0,0.77,0.07,0.2,0.14,0,0.51,0,0.87,0.58,0,0.03,0.18,0.86,0.28,0,0,0,0.65,0.71,0,0.32,0.69,0,0.56,0.43,0.6,0.62,0.15,0.07,0,0,0.84,0,0.99,0.69,0.59,0.22,0.92,0.58,0,0.85,0.63,0.92,0,0.89,0,0,0.14,0,0.49,0.33,0,0,0.08,0.61,0.79,0,0.7,0.37
"Area_04","Winter","F","F0248","Astyanax_fasciatus",0.05,0.93,0.64,0,0.37,0.18,0.41,0,0,0.21,0.23,0,0.66,0,0.03,0.93,0.51,0.57,0,0.09,0,0.29,0.13,0.94,0.71,0.55,0.87,0.02,0.94,0.84,0,0,0.66,0.98,0.16,0.08,0.72,0.69,0.91,0.46,0,0.58,0.97,0,0,0,0.72,0.28,0.75,0.03,0,0.3,0.64,0.39,0,0,0.87,0.87,0.56,0.14
"Area_04","Spring","F","F0249","Hoplias_malabaricus",0.85,0,0,0,0,0.15,0,0,0,0.28,0.41,0.11,0.53,0,0.09,0.1,0,0,0,1,0.35,0.81,0,0.15,0,0.78,0.54,0.53,0.81,0,0.1,0.96,0,0.21,0.02,0.95,0.91,0.13,0.5,0,0.23,0.69,0.28,0.03,0,0,0.54,0.97,0.08,0.54,0.11,0.17,0.16,0.22,0,0.26,0,0,0,0
"Area_02","Spring","M","F0250","Hoplias_malabaricus",0,0.94,0.99,0.36,0.69,0,0.14,0.51,0.63,0.06,0.82,0.68,0.82,0,0,0,0.14,0.63,0.16,0,0,0.73,0.31,0.81,0,0,0.51,0.19,0.42,0.99,0,0.7,0.03,0,0.11,0,0,0.42,0.39,0,0,0,0.97,0.39,0.13,0,0.63,0.99,0.51,0.48,0.2,0.38,0.35,0.35,0.7,0.15,0.78,0.52,0.58,0
"Area_01","Winter","F","F0251","Leporinus_friderici",0,0,0.49,0,0.15,0,0.22,0,0,0,0.74,0,0.54,0.46,0.29,0.81,0,0,0,0,0.69,0.13,0.5,0,0.05,0.96,0.22,0.26,0,0.98,0,0,0,0.74,0.95,0,0.97,0,0,0,0,0.25,0.97,0.24,0,0.27,0,0.1,0.58,0.01,0.89,0,0,0.53,0,0.73,0.86,0.21,0.33,0
"Area_04","Winter","F","F0252","Pimelodus_maculatus",0,0,0.95,0.18,0,0.18,0.39,0.12,0,0,0.51,0.15,0.64,0.84,0,0.42,0.63,0,0,0.87,0.86,0.42,0.09,0.89,0.7,0.1,0.88,0,0,0.38,0.74,0.3,0,0.5,0.73,0.94,0,0.7,0,0.6,0.18,0,0.99,0,0,0,0.2,0.37,0.69,0,0.84,0,0.04,0.09,0.91,0,0.59,0,0.36,0.5
"Area_02","Winter","F","F0253","Geophagus_brasiliensis",0,0.2,0.16,0,0,0.52,0.54,0,0,0.47,0.82,0.43,0.63,0.56,0,0,0,0,0.63,0.7,0.52,0,0,0,0,0,0.48,0,0.82,0.39,0.63,0.09,0.11,0.01,0.39,0.62,0.61,0.8,0.66,0.44,0.06,0.96,0,0,0,0.11,0.43,0.85,0.48,0.44,0.21,0.12,0,0,0.84,0.47,0,0,0.85,0.91
"Area_01","Autumn","F","F0254","Geophagus_brasiliensis",0,0.75,0.96,0,0.16,0,0,0.36,0,0.58,0.53,0.14,0.04,0.37,0.89,0.29,0.1,0.71,0,0.12,0.5,0.51,0.48,0.74,0,0.22,0,0,0.64,0,0,0.63,0.66,0.03,0,0.94,0.63,0,0.7,0.9,0.55,0.87,0,0.93,0,0,0.62,0,0,0.78,0,0.04,0,0,0.08,0,0,0,0.62,0
"Area_01","Summer","M","F0255","Pimelodus_maculatus",0,0,0,0,0,0.32,0.15,0.7,0.28,0.11,0.19,0,0.09,0,0.6,0.36,0.41,0,0,0.12,0.67,0,0.94,0.04,0,0.13,0.62,0.12,0,0.98,0.08,0.99,0,0,0.63,0,0.07,0.63,0.12,0.75,0.87,0.14,0,0.02,0.37,0.65,0,0.62,0,0.65,0,0.68,0.83,0.81,0.71,0.43,0.21,0,0.1,0.03
"Area_01","Spring","F","F0256","Cichla_ocellaris",0.93,0,0.17,0.86,0.51,0,0.85,0.55,0.09,0.03,0.75,0.49,0.71,0.58,0,0.46,0.68,0,0.03,0.87,0.74,0,0.44,0,0,0.62,0.89,0.64,0,0,0,0.99,0,0,0,0.51,0,0,0,0.66,0.17,0,0.92,0,0,0,0,0.84,0,0.23,0,0,0.92,0.13,0,0,0.13,0,0,0.09
"Area_03","Summer","F","F0257","Prochilodus_lineatus",0,0.04,0.4,0.28,0.99,0.06,0,0,0.03,0.88,0.86,0,0,0.55,0.4,0,0,0.52,0.1,0,0.48,0.4,0.23,0.39,0.83,0.94,0,0.67,0.05,0.58,0.28,0.35,0,0,0,0.64,0.16,0.43,0,0,0.82,0.06,0.22,0.54,0,0.01,0.54,0.61,0,0.58,0.5,0,0.22,0.79,0.81,0,0.46,0.99,0.05,0.61
"Area_03","Summer","M","F0258","Geophagus_brasiliensis",0.59,0.07,0.82,0.31,0.35,0.32,0.52,0.82,0.97,0.59,0.61,0,0,0.92,0.26,0,0.11,0.56,0.83,0.31,0.38,0,0,0,0,0,0.32,0,0.91,0.02,0.69,0,0,0.29,0.75,0.43,0.1,0,0.35,0,0,0.35,0.17,0,0.5,0.37,0,0,0,0.51,0.13,0.69,0,0,0,0,0,0,0.1,0
"Area_02","Winter","F","F0259","Cichla_ocellaris",0.74,0,0.36,0.63,0,0.26,0.28,0.2,0.89,0,0.24,0.45,0.18,0,0,0,0.66,0.54,0,0,0.89,0.19,0.56,0.95,0,0,0.06,0.73,0.58,0.11,0.42,0.31,0.95,0,0.85,0.72,0,0.35,0.45,0.39,0.15,0.48,0.07,0.99,0.1,0.59,0,0,0.01,0.92,0.04,0.57,1,0.08,0.56,0.13,0,0.59,0.96,0.53
"Area_01","Summer","F","F0260","Pimelodus_maculatus",0,0.99,0.98,0,0.07,0.15,0.13,0.12,0.97,0,0,0,0,0,0,0,0.34,0.04,0.26,0,0,0.4,0.21,0,0,0.02,0,0.59,0,0.92,0,0.3,0,0,0.4,0.27,0,0.29,0.72,0.77,0.11,0.48,0,0,0,0,0,0,0.05,0,0.07,0,0.69,0,0,0.18,0.91,0.63,0,0.65
"Area_04","Winter","F","F0261","Geophagus_brasiliensis",0.37,0.78,0.08,0.44,0.45,0.82,0,0,0,0.37,0,0.08,0,0.08,0.9,0.62,0.76,0.95,0.08,0.92,0.93,0.66,0.5,0.37,0,0,0,0.81,0.23,0,0.81,0.44,0.16,0.91,0,0,0,0,0.56,0.62,0.96,0.76,0.78,0,0,0,0.98,0.36,0,0,0.65,0.45,0.42,0,0.04,0,0,0.2,0.51,0
"Area_02","Spring","F","F0262","Hoplias_malabaricus",0.44,0.53,0.68,0,0.15,0.71,0,0,0,0.57,0.29,0,0.21,0.32,0.04,0,0,0.11,0.78,0,0.74,0,0,0,0.42,0.24,0.28,0.58,0,0,0.56,0.22,0.32,0.07,0,0.95,0.54,0.02,0,0.11,0.9,0,0,0.19,0,0,0.81,0,0.08,0.69,0.45,0,0,0.51,0.96,0.82,0,0,0,0.41
"Area_04","Autumn","M","F0263","Astyanax_fasciatus",0,0.05,0,0.03,0.31,0.69,0,0.96,0,0.7,0.37,0,0.7,0.69,0,0.96,0.81,0.58,0,0,0.55,0,0.64,0,0.08,0.07,0.23,0.73,0.82,0,0.97,0.14,0,0,0.72,0,0.31,0.79,0.4,0,0,0,0.69,0.35,0.29,0.52,0.33,0,0.74,0.67,0,0,0,0.3,0.63,0,0.47,0,0.72,0.64
"Area_03","Autumn","M","F0264","Leporinus_friderici",0,0,0.29,0.67,0.13,0.98,0,0.11,0.42,0,0,0.39,0.32,0.29,0.81,0,0.12,0.15,0.25,0.88,0.16,0,0,0.08,0,0.51,0.7,0,0,0.57,0.52,0.52,0,0.89,0,0.57,0.82,0.33,0.16,0.99,0.03,0.8,0,0.99,0,0.79,0.14,0.14,0,0.9,0.13,0,0.99,0.39,0.58,0.81,0.77,0,0.69,0.73
"Area_02","Summer","M","F0265","Astyanax_fasciatus",0.28,0,0.44,0.41,0.3,0.38,0,0,0.05,0,0.03,0,0.34,0,0.58,0.17,0.32,0.42,0,0,0.33,0.92,0.14,0.49,0.59,0.71,0,0,0,0,0.51,0.39,0,0.55,0.57,0,0,0.85,0,0.53,0.82,0,0,0.5,0,0,0.74,0,0.56,0,0.82,0.15,0,0,0.08,0,0.43,0,0.26,0
"Area_03","Summer","F","F0266","Hoplias_malabaricus",0.85,0.73,0,0,0.05,0.82,0.29,0.27,0,0.79,0.66,0,0.24,0.41,0,0,0.79,0.3,0.22,0,0.03,0.49,0.16,0,0.32,0,0.07,0.64,0.64,0.05,0,0,0.39,0,0.41,0.85,0.54,0.7,0.37,0,0,0,0,0,0,0,0.87,0,0.52,0.33,0.86,0.74,0.46,0,0.69,0.02,0.22,0,0.53,0.64
"Area_02","Summer","M","F0267","Hoplias_malabaricus",0.93,0,0.08,0.38,0.27,0.02,0,0.14,0.01,0.97,0.37,0.76,0,0.58,0.4,0.98,0.78,0,0.15,0.37,0,0.87,0.08,0.43,0.43,0.11,0,0,0.65,0.53,0.06,0,0.7,0,0.68,0,0.44,0.35,0.79,0.6,0.47,0,0.42,0,0.58,0,0,0,0.02,0,0.23,0.68,0.56,0,0.12,0,0.99,0.43,0.11,0
"Area_03","Spring","M","F0268","Prochilodus_lineatus",0.47,0.89,0,0.72,0.6,0.34,0.86,0.44,0,0.5,0.72,0.48,0.43,0.34,0.5,0,0.99,0,0.47,0.13,0.49,0,0,0.12,0,0.38,0,0,0,0,0.4,0.46,0.01,0,0,0.43,0.02,0.46,0,0.54,0,0.6,0,0.59,0.79,0.9,0,0,0,0,0,0,0.08,0,0.1,0.95,0,0,0,0.73
"Area_01","Autumn","F","F0269","Rhamdia_quelen",0,0.39,0.62,0.47,0,0,0.33,0.38,0,0,0,0.12,0,0.13,0.93,0,0.57,0.42,0.1,0,0.07,0.25,0.72,0,0.95,0.66,0.21,0.13,0.07,0.03,0.49,0.89,0.08,0,0.44,0,0,0.76,0.71,0.76,0,0.29,0.51,0,0,0,0.85,0.73,0.58,0.42,0.36,0.63,0,0.83,0.06,0,0,0.37,0.5,0.6
"Area_01","Spring","F","F0270","Rhamdia_quelen",0,0.43,0,0.56,0,0.78,0.36,0.7,0,0.62,0.37,0.93,0.93,0.69,0,0,0.24,0.96,0.02,0,0.78,0,0,0.24,0.84,0.18,0.58,0,0.36,0.52,0,0.88,0.87,0.31,0.14,0.89,0,0.75,0.68,0.37,0.36,0.6,0,0,0.87,0.98,0.31,0,0.86,0.15,0.47,0.27,0.41,0.62,0.99,0.83,0.69,0,0,0.44
"Area_01","Summer","M","F0271","Prochilodus_lineatus",0.44,0.05,0,0.3,0.57,0.01,0,0,0,0,0.08,0.38,0.21,0.62,0,0.39,0.3,0.5,0,0,0,0.47,0.34,0.9,0.21,0.32,0.65,0,0,0,0,0,0,0,0.82,0,0.31,0.2,0.33,0,0.71,0,0.12,0,0.19,0.29,0.85,0.9,0,0.78,0.72,0.87,0,0.17,0,0,0,0.79,0,0.63
"Area_01","Autumn","M","F0272","Astyanax_fasciatus",0.83,0.46,0.78,0.89,0.77,0.78,0.57,0.55,0.13,0.07,0,0.64,0.97,0.28,0.92,0,0.43,0.29,0.67,0,0,0.53,0,0.16,0,0.5,0.16,0.78,0.49,0,0.14,0.08,0,0,0.71,0,0,0.78,0.24,0.4,0.87,0,0.34,0,0.18,0.36,0.48,0.71,0.66,0,0.47,0.41,0.04,0.62,0.91,0.87,0.32,0,0.23,0.33
"Area_03","Winter","M","F0273","Prochilodus_lineatus",0.52,0.7,0.79,0.75,0.01,0.96,0.57,0.27,0.36,0.87,0,0.73,0.73,0.99,0.56,0.06,0,0,0,0.54,0.36,0,0.04,0,1,0.38,0,0.97,0,0.48,0,0.92,0,0.03,0.31,0.74,0.13,0,0.97,0,0,0.32,0,0,0,0,0,0.29,0.73,0,0,0.92,0.12,0.96,0.94,0.9,0.91,0.65,0.02,0.38
"Area_02","Spring","F","F0274","Prochilodus_lineatus",0.49,0.81,0.25,0,0.9,0.84,0.17,0,0.23,0.39,0.99,0,0.07,0.21,0.12,0.14,0,0.21,0.24,0.54,0,0,0,0.85,0,0.15,0.82,0.63,0,0.79,0.11,0.09,0,0.02,0.91,0.1,0.68,0,0,0.26,0.48,0.22,0.6,0,0,0.61,0,0,0.44,0.23,0.84,0,0.81,0.29,0.22,0.35,0,0.9,0.06,0.22
"Area_01","Spring","F","F0275","Geophagus_brasiliensis",0.15,0,0,0.97,0.13,0.52,0.67,0.1,0.64,0,0.63,0.7,0.84,0,0.25,0,0.99,0.23,0,0.58,0,0.12,0.11,0.83,0.77,0.27,0.91,0.66,0.85,0,0.85,0,0.62,0,0.08,0.28,0,0,0.17,0.24,0,0,0.91,0,0,0,0.45,0,0.38,0.51,0.06,0.48,0.55,0,0,0.08,0.88,0.29,0.74,0
"Area_02","Summer","F","F0276","Astyanax_fasciatus",0.07,0,0.9,0.25,0,0,0,0.72,0,0,0.65,0,0.35,0,0,0.58,0,0,0,0.89,0.42,0,0.53,0,0.31,0.94,0.3,0,0,0.28,0.69,0.91,0,0,0.35,0.25,0,0.38,0,0.86,0,0.43,0,0,0.17,0.9,0.75,0.9,0.25,0.62,0,0,0.62,1,0,0.2,0.52,0,0.14,0
"Area_01","Winter","M","F0277","Leporinus_friderici",0.65,0.44,0.26,0.88,0.84,0.9,0,0,0,0,0,0.02,0.13,0.3,0.16,0.89,0.93,0,0.9,0.92,0.75,0.07,0.7,0.28,0,0.56,0.33,0,0.39,0,0.9,0,0.8,0,0.4,0.87,0.98,0.46,0.66,0.61,0.15,0.01,0.56,0.07,0.44,0,0,0.83,0.49,0.56,0.43,0,0.27,0,0.71,0.85,0.98,0,0.28,0
"Area_03","Autumn","F","F0278","Hoplias_malabaricus",0.38,0.73,0.69,0,0.35,0.34,0.08,0,0.07,0.11,0.12,0.54,0.37,0,0,0.96,0.29,0.9,0.48,0,0.02,0.33,0.15,0,0,0.46,0.32,0.13,0.92,0,0,0.02,0.06,0.61,0.68,0,0.03,0.7,0.73,0.06,0.82,0.14,0,0,0.8,0,0.69,0,0,0.43,0.02,0.83,0.76,0.86,0,0.82,0,0.94,0,0.57
"Area_03","Spring","F","F0279","Leporinus_friderici",0.03,0.43,0.33,0.75,0,0.44,0.85,0.11,0.52,0.09,0.26,0.07,0.25,0,0.14,0.78,0.17,0.19,0.23,0,0,0.66,0.49,0.58,0.27,0,0.81,0.36,0.47,0,0,0.48,0.51,0.22,0,0,0.92,0.09,0,0,0,0,0.59,0.43,0.93,0.07,0.11,0.76,0,0.56,0,0,1,0.81,0.66,0,0,0,0.77,0.31
"Area_01","Summer","F","F0280","Geophagus_brasiliensis",0.08,0,0,0.4,0.14,0,0.51,0.39,0.73,0.2,0.09,0,0.4,0.54,0.33,0.19,0,0.97,0.73,0.55,0,0,0,0.4,0.03,0.13,0.24,0.23,0,0.42,0,0.59,0.37,0.16,0,0.72,0,0.24,0,0.47,0,0.91,0,0.82,0.6,0.66,0.64,0.02,0.74,0.33,0.44,0,0.58,0.37,0.53,0.08,0,0,0.43,0
"Area_04","Winter","F","F0281","Leporinus_friderici",0.83,0,0.73,0.53,0,0,0.21,0.32,0.24,0,0.69,0.23,0,0.93,0.76,0,0.44,0.21,0.7,0.29,0.55,0.22,0.19,0,0.32,0,0.16,0.92,0.16,0.22,0.51,0,0,0.15,0,0.97,0.65,0.69,0,0,0.02,0.86,0.85,0.5,0,0.55,0.71,0,0,0.58,0.87,0.12,0.36,0,0,0.33,0,0.91,0,0.95
"Area_02","Spring","F","F0282","Pimelodus_maculatus",0.74,0.25,0,0.58,0,0,0.9,0.61,0.24,0,0.08,0.07,0.64,0,0,0.02,0.15,0.47,0.44,0.48,0,0,0.79,0.45,0.83,0,0.78,0.84,0,0.94,0.29,0.67,0.47,0,0.1,0.72,0,0.01,0.71,0.13,0.67,0.54,0.82,0.64,0.86,0.91,0.14,0.23,0.55,0,0,0.69,0,0,0.1,0.92,0,0.43,0.4,0.2
"Area_03","Spring","F","F0283","Rhamdia_quelen",0,0.48,0.49,0.53,0.28,0,0,0,0,0.74,0,0.04,0.05,0.59,0,0.2,0,0,0,0.49,0.48,0.69,0,0.6,0.38,0.9,0.04,0.33,0.07,0.93,0,0.82,0.86,0.36,0,0.73,0.75,0.03,0,0.74,0.77,0.7,0,0,0,0.54,0.86,0.45,0.02,0.13,0.74,0.44,0.56,0.78,0.07,0.79,0.47,0.62,0.27,0
"Area_01","Autumn","F","F0284","Astyanax_fasciatus",0.73,0.24,0.07,0,0.84,0.09,0.19,0,0,0.4,0.35,0.81,0.74,0.49,0.61,0.07,0.81,0.5,0,0.72,0,0.51,0.94,0,0,0,0.19,0.51,0.32,0.03,0.05,0.72,0.85,0.14,0.35,0.85,0,0,0,0.02,0.85,0,0.25,0,0.03,0,0.76,0.3,0.09,0.44,0.77,0.33,0,0,0.28,0.38,0.32,0,0.32,0.43
"Area_03","Winter","M","F0285","Rhamdia_quelen",0.02,0,0.18,0,0,0.8,0.11,0,0.41,0.63,0.33,0,0,0,0,0.17,0,0.66,0,0,0,0,0,0,0.97,0.03,0,0.89,0.17,0.24,0,0.09,0,0,0.01,0.2,0.81,0.56,0.06,0.74,0,0.73,0.33,0.72,0.71,0.91,0.71,0,0.13,0.84,0,0.3,0.64,0.92,0.67,0,0.31,0,0.5,0.57
"Area_02","Autumn","M","F0286","Pimelodus_maculatus",0,0.9,0.84,0.63,0.65,0,0.59,0.79,0,0.52,0.51,0,0,0.66,0,0.47,0.27,0.06,0.45,0.93,0.61,0.69,0,0.92,0.83,0,0,0.18,0,0,0.45,0,0.77,0.25,0.5,0.81,0.27,0,0,0.83,0,0,0,0,0.3,0.56,0,0.14,0.2,0.27,0.75,0.99,0,0.4,0.65,0.28,0.28,0.65,0.1,0.14
"Area_04","Autumn","M","F0287","Rhamdia_quelen",0.23,0.95,0.07,0.9,0.39,0.5,0.81,0.87,0.85,0,0.72,0,0.6,0,0,0,0.11,0.6,0.69,0,0.92,0.84,0,0.12,0.31,0.51,0,0.35,0,0.95,0.23,0.64,0.02,0,0,0.51,0,0.31,0.64,0,0.98,0.71,0.03,0.04,0.97,0.36,0,0.88,0,0,0.5,0.55,0.83,0,0.94,0.73,0.21,0,0.65,0
"Area_04","Autumn","M","F0288","Pimelodus_maculatus",0.62,0.59,0.96,0.76,0.47,0,0,0,0.5,0,0,0.29,0,0.12,0.68,0.59,0,0,0.72,0,0.52,0.64,0.46,0,0,0.92,0.29,0.84,0.19,0.92,0.16,0,0.23,0.69,0.38,0,0,0.1,0.46,0,0.33,0.55,0.6,0,0,0.98,0,0.74,0.37,0.84,0,0,0,0.15,0.23,0.71,0.08,0.53,0.22,0.58
"Area_01","Autumn","M","F0289","Cichla_ocellaris",0.57,0,0.71,0.28,0,0.77,0.33,0.82,0.14,0,0,0.83,0.49,0.33,0,0.59,0,0.5,0.78,0.94,0.72,0.75,0,0.42,0.02,0.81,0.23,0.7,0,0,0.56,0,0.61,0,0.52,0.99,0.51,0.58,0,0.66,0.67,0,0.99,0,0.71,0.15,0,0.69,0.26,0,0.83,0.93,0.49,0.22,0.76,0.67,0.42,0.5,0.51,0
"Area_04","Summer","F","F0290","Hoplias_malabaricus",0.51,0.94,0,0,0.37,0.21,0.71,0.44,0.95,0.48,0.6,0.95,0.59,0.34,0.61,0.3,0.87,0.06,0,0,0,1,0.45,0,0,0.84,0.83,0,0.65,0,0.2,0,0.87,0,0.08,0.35,0,0.07,0,0.32,0.62,0,0,0.72,0,0,0.67,0.42,0,0.15,0.97,0,0.38,0.58,0.16,0.21,0,0.42,0,0
"Area_01","Autumn","M","F0291","Astyanax_fasciatus",0,0,0.16,0.83,0.51,0,0,0,0.81,0.3,0.36,0.44,0,0,0,0,0,0,0,0,0.99,0.4,0,0,0.32,0.22,0.44,0.55,0.57,0,0,0,0.04,0.17,0.63,0.96,0,0,0,0,0.85,0.8,0.12,0.46,0,0.62,0,0.43,0.41,0.25,0.56,0.07,0,0.88,0.96,0.76,0.13,0,0,0
"Area_01","Summer","M","F0292","Prochilodus_lineatus",0,0.95,0,0.12,0,0.82,0,0,0.23,0.57,0,0.38,0.81,0.56,0,0.04,0.96,0.45,0.93,0,0,0.58,0,0.16,0.34,0,0,0,0.18,0,0.34,0,0.87,0.79,0.51,0,0,0,0,0.28,0.55,0,0,0,0.96,0.49,0,0,0,0,0.1,0,1,0.62,0.75,0,0,0.44,0.96,0.92
"Area_01","Autumn","M","F0293","Pimelodus_maculatus",0,0.69,0.69,0.13,0.69,0,0.49,0.05,0.3,0.51,0.5,0.91,0,0.06,0,0,0.88,0.32,0.74,0,0.4,0.95,0.57,0.9,0.17,0.24,0.5,0.36,0.75,0.65,0.61,0.14,0.46,0.41,0,0.79,0.15,0.54,0,0.13,0,0,0.54,0.2,0,0,0,0.31,0.43,0.81,0.65,0.06,0,0.08,0,0.67,0.45,0,0.55,0.76
"Area_01","Summer","M","F0294","Rhamdia_quelen",0.2,0.27,0.49,0.17,0.81,0,0.85,0,0,0.34,0,0,0,0.74,0.82,0.76,0.93,0.7,0.23,0.18,0,0.15,0,0,0.99,0,0.22,0.63,0.04,0.14,0,0.72,0.28,0.91,0,0.49,0.8,0.46,0.71,0,0.69,0,0.06,0.45,0.57,0.44,0.02,0.26,0.58,0.71,0.32,0.55,0.64,0.25,0.09,0.03,0.34,0.41,0.85,1
"Area_03","Autumn","M","F0295","Hoplias_malabaricus",0.63,0.72,0.53,0,0,0.62,0,0,0.1,0.89,0.7,0.01,0,0,0,0.07,0,0.8,0.17,0,0.81,0,0.94,0,0.95,0.19,0,0.23,0.04,0.02,0,0,0.26,0.52,0,0.97,0.73,0.91,0.85,0,0.02,0.32,0.86,0.04,0.04,0.02,0,0,0.8,0.55,0.09,0.09,0.31,0.09,0,0.72,0.13,0.83,0.44,0.08
"Area_02","Summer","M","F0296","Pimelodus_maculatus",0.02,0,0.42,0.61,0.82,0.94,0,0,0.77,0.53,0,0.03,0.77,0.17,0,0.92,0,0.54,0.35,0.4,0,0.54,0.83,0.32,0,0.58,0.39,0,0.72,0,0.41,0,0,0.36,0.36,0.45,0,0,0.45,0.2,0,0.39,0.75,0,0.63,0,0,0.47,0,0,0,0.32,0.27,0.54,0,0.95,0.81,0.1,0.28,0.5
"Area_02","Summer","M","F0297","Geophagus_brasiliensis",0.15,0.91,0.77,0,0.89,0.32,0.27,0.76,0,0.63,0,0.24,0.02,0.77,0.53,0,0.48,0.29,0,0.46,0,0,0,0.92,0.85,0.57,0,0.27,0.1,0.14,0.55,0.41,0,0.18,0.6,0.67,0.38,0,0,0,0,0,0,0,0,0.43,0.66,0.6,0,0,0.67,0,0,0.07,0.12,0,0,0,0,0
"Area_02","Autumn","M","F0298","Cichla_ocellaris",0.51,0.94,0.27,0.74,0,0.98,0.98,0.29,0.64,0.62,0.25,0.4,0,0.18,0.94,0.57,0,0,0.01,0.78,0.88,0.35,0.58,0,0.99,0.62,0.15,0.24,0.83,0.26,0.83,1,0.83,0.74,0,0,0.61,0.81,0.05,0.5,0.17,0,0,0.85,0,0,0.7,0.43,0.31,0.73,0,0.31,0.67,0,0,0.31,0.36,0.8,0,0.25
"Area_03","Winter","F","F0299","Pimelodus_maculatus",0.47,0,0.86,0.52,0,0.13,0.98,0,0.77,0.7,0.4,0.82,0,0,0,0.05,0,0,0,0.06,0.23,0.88,0,0.87,0,0.15,0.37,0.36,0.14,0.6,0,0.76,0,0.84,0,0.21,0.1,0.87,0.05,0.5,0.72,0,0.25,0.7,0.22,0,0.56,0,0.04,0.43,0.07,0.79,0.31,0.31,0,0.99,0.84,0.37,0.28,0.83
"Area_01","Summer","M","F0300","Astyanax_fasciatus",0,0,0.89,0,0.87,0.41,0.6,0,0,0.34,0,0,0.18,0.24,0,0,0,0,0.19,0,0.57,0,0,0.74,0,0.02,0.87,0,0,0,0.67,0,0.95,0,0.12,0.69,0.89,0,0.69,0.73,0,0.59,0.2,0.79,0.7,0.75,0,0.28,0.95,0.21,0.89,0,0,0.84,0.23,0,0.53,0.52,0.89,0.71
"Area_02","Spring","M","F0301","Hoplias_malabaricus",0,0.6,0.09,0,1,0.07,0.24,0.77,0,0.21,0.55,0.63,0.61,0,0.09,0.43,0.34,0.3,0.04,0.6,0,0.08,0.58,0.33,0,0,0.41,0.22,0.14,0.04,0.98,0,0,0.85,0,0,0,0,0.41,0,0.17,0.31,0.72,0.6,0.31,0,0.58,0.81,0.32,0.92,0,0,0,0,0,0.41,0.8,0.71,0.8,0
"Area_02","Autumn","M","F0302","Pimelodus_maculatus",1,0.71,0.7,0.79,0,0.5,0,0,0,0.26,0,0,0.14,0,0.53,0.34,0.31,0.51,0.43,0.45,0,0.6,0.14,0,0.65,0.96,0,0,0.3,0,0,0.62,0.37,0,0,0,0.71,0,0.45,0.31,0.02,0.75,0.69,0.76,0.25,0.81,0,0.8,0.2,0.81,0.5,0.34,0.18,0.89,0.25,0,0,0.16,0.91,0
"Area_01","Spring","M","F0303","Leporinus_friderici",0.95,0.98,0.85,0.84,0,0.04,0.87,0.51,0.73,0,0,0.4,0,0.2,0,0.08,0.4,0.31,0.23,0.2,0.76,0.18,0,0,0.02,0.79,0.95,0.78,0.89,0.77,0.11,0,0.81,0.88,0.15,0.92,0,0.33,0.77,0,0.22,0,0.36,0.24,0.35,0,0.88,0,0.49,0,0.4,0.53,0.12,0.32,0.21,0,0.21,0,0.19,0.07
"Area_02","Autumn","M","F0304","Geophagus_brasiliensis",0.95,0,0,1,0,0.75,0,0,0.73,0,0.43,0.34,0,0.31,0.41,0.16,0,0.65,0.97,0,0.78,0.29,0,0.54,0.37,0.65,0.31,0,0,0.79,0.82,0.71,0.43,0.79,0.92,0.89,0.57,0.49,0.33,0.62,0.03,0.13,0,0,0.48,0.46,0,0,0,0.14,0,0,0.37,0,0,0,0,0.98,0.92,0.8
"Area_01","Summer","M","F0305","Rhamdia_quelen",0.69,0.31,0.76,0,0.55,0.05,0,0,0,0,0,0.93,0,0,0.65,0,0,0.34,0.53,0.23,0,0,0.94,0,0.3,0.23,0,0,0,0,0.01,0,0,0.29,0,0.18,0,0,0.59,0.17,0.46,0.14,0,0.47,0,0.36,0.32,0.42,0.07,0.92,0.49,0.57,0,0.07,0.14,0.75,0.97,0.87,0,0.7
"Area_01","Winter","M","F0306","Prochilodus_lineatus",0.74,0.83,0.78,0,0.17,0.24,0,0,0.13,0,0,0.93,0,0.86,0.64,0.72,0.6,0.27,0.97,0.38,0,0.39,0,0.15,0.27,0.12,1,0,0.88,0,0.59,0.55,0,0,0.06,0.48,0,0.07,0,0,0.01,0.72,0.41,0.75,0.78,0,0.25,0.43,0,0.12,0,0,0,0.68,0.22,0,0,0.51,0,0.48
"Area_02","Spring","F","F0307","Pimelodus_maculatus",0,0,0.39,0.21,0,0,0.97,0,0,0.81,0.44,0.36,0.46,0.78,0,0,0.07,0.7,0.58,0.57,0.78,0.69,0,0.87,0,0,0,0.9,0.9,0.89,0,0,0.22,0.46,0.28,0,0.81,0.92,0.22,0,0.04,0,0.08,0,0.9,0.02,0.58,0.35,0,0,0,0.6,0.91,0.81,0.31,0,0.16,0.13,0,0.22
"Area_03","Spring","F","F0308","Leporinus_friderici",0,0.62,0.36,0,0.61,0.96,0.7,0,0.46,0.5,0.32,0.95,0.54,0.13,0,0,0.88,0,0.69,0,0.7,0.68,0.12,0.99,0.18,0.23,0,0,0,0,1,0.43,0.86,0.74,0.46,0.23,0.53,0.91,0,0.05,0.21,0.96,0.16,0.88,0.62,0,0.76,0.69,0.39,0.12,0.71,0,0.59,0.69,0,0,0.97,0.74,0.75,0
"Area_01","Autumn","M","F0309","Rhamdia_quelen",0.68,0.28,0,0.56,0.77,0.87,0.55,0,0,0.23,0,1,0.89,0,0.39,0,0.27,0.79,0,0.08,0.7,0.82,0.15,0.74,0.32,0.51,0,0.57,0,0.28,0,0.06,0.31,0.87,0,0.5,0,0,0.44,0.38,0.7,0.6,0,0.05,0.74,0.59,0.82,0,0.04,0.89,0.72,0.8,0.74,0.42,0.17,0.27,0.93,0,0,0.99
"Area_03","Spring","M","F0310","Rhamdia_quelen",0.11,0.44,0.07,0,0.04,0.46,0,0,0.62,0.37,0.37,0.53,0.86,0,0.45,0,0.24,0.37,0.44,0.93,0,0,0,0,0.51,0,0.73,0.68,0.31,0,0.7,0,0.43,0.48,0.09,0.76,0.59,0.41,0,0,0.97,0.29,0.61,0,0,0.4,0,0,0.87,0,0.19,0,0.42,0.63,0.89,0,0.99,0.11,0.53,0
"Area_04","Summer","F","F0311","Astyanax_fasciatus",0.5,0,0,0,0,0.64,0.51,0.8,0.47,0,0.62,0,0.81,0.98,0.97,0.71,0,0.21,0,0.64,0.9,0.24,0.06,0.25,0,0.1,0.88,0,0.05,0.62,0,0.82,0.25,0.2,0.73,0,0,0.47,0,0.88,0.56,0,0.22,0.55,0.43,0.07,0,0.08,0.56,0.74,0.74,0,0.41,0.33,0.25,0.71,0,0.6,0,0.73
"Area_01","Autumn","M","F0312","Geophagus_brasiliensis",0,0,0.96,0.27,0,0.53,0.41,0,0.03,0.36,0,0,0.19,0,0,0.13,0,0.42,0.56,0.63,0.76,0.17,0,0,0.84,0,0,0.46,0.24,0.27,0.46,0.15,0,0,0,0.66,0,0.36,0,0.76,0.62,0,0.57,0.05,0,0.09,0.88,0,0.81,0,0.21,0,0.53,0,0,0.02,0,0.45,0.02,0
"Area_02","Winter","M","F0313","Leporinus_friderici",0.02,0.26,0,0.33,0.74,0.04,0.28,0.86,0,0,0,0,0,0.25,0,0.97,0.16,0.24,0.29,0.21,0,0,0.32,0,0,0.59,0.94,0.59,0.67,0.82,0,0.47,0,0.93,0.25,0.45,0.25,0,0,0.02,0,0,0,0.83,0,0.12,0.61,0.97,0.99,0.07,0.68,0,0.53,0.64,0.96,0,0,0.86,0.79,0.74
"Area_01","Winter","F","F0314","Cichla_ocellaris",0.17,0,0.17,0,0.02,0.24,0,0,0.08,0.48,0,0.5,0.94,0.78,0.72,0.72,0,0.93,0,0.46,0.8,0.41,0.79,0.84,0,0.64,0,0,0.86,0,0,0.84,0,0,0.11,0.34,0,0,0.44,0.61,0.42,0,0,0.08,0.22,0.47,0.75,0.45,0.06,0.41,0,0,0,0.91,0,0.32,0.33,0.66,0.35,0.33
"Area_04","Winter","M","F0315","Cichla_ocellaris",0.12,0,0.05,0.44,0,0.54,0.12,0.35,0,0,0,0,0.52,0,0.37,0.05,0.63,0,0,0.66,0.94,0,0.22,0.21,0,0,0.19,0.4,0.78,0,0.47,0,0.84,0.4,0.23,0.61,0.31,0.57,0.11,0.78,0,0.54,0.21,0.99,0.69,0,0.31,0.94,0.06,0,0,0,0,0,0.68,0.33,0,0.49,0.78,0.83
"Area_02","Autumn","F","F0316","Hoplias_malabaricus",0,0.51,0.51,0.46,0.39,0.92,0,0.32,0,0.48,0,0.82,0,0,0.34,0.58,0.55,0,0.49,0,0.88,0,0,0,0.6,0.65,0.73,0,0,0.48,0.76,0.83,0,0.89,0,0,0.47,0.42,0.85,0.58,0.9,0.61,0.55,0.34,0.46,0.96,0.42,0.47,0.04,0.09,0.02,0,0.5,0.16,0.54,0,0.81,0,0.23,0
"Area_02","Winter","M","F0317","Prochilodus_lineatus",0,0.85,0,0.08,0.23,0.93,0.39,0.39,0.36,0.58,0.59,0.76,0.73,0,0.27,0,0.1,0,0,0.93,0.02,0.06,0,0,0.06,0,0,0.73,0.07,0.54,0.23,0.95,0,0.33,0.69,0.14,0,0.98,0.3,0.75,0.2,0,0,0,0.21,0.23,0,0.21,0,0.33,0.47,0.71,0.2,0.37,0,0.38,0,0.13,0.08,0.71
"Area_02","Summer","F","F0318","Prochilodus_lineatus",0,0.03,0.92,0,0,0.38,0,0,0.97,0.75,0,0.93,0.14,0.12,0.49,0.05,0.63,0,0.65,0.46,0.79,0,0.04,0.65,0.24,0.66,0,0,0.26,0,0.63,0.81,0.72,0.67,0,0,0.71,0,0.25,0,0.23,0.78,0,0,0.67,0,0.85,0.26,0.89,0,0,0,0.86,0,0,0,0,0.91,0.37,0.91
"Area_03","Summer","M","F0319","Geophagus_brasiliensis",0.76,0.83,0.09,0.58,0.8,0,0.28,0,0.75,0,0,0.9,0.42,1,0.87,0,0.16,0.54,0.89,0.31,0.68,0,0.88,0,0.19,0,0.45,0,0.21,0,0.11,0.15,0.33,0.3,0.48,0.15,0.4,0.95,0.25,0.64,0.35,1,0.13,0.64,0.89,0.9,0.33,0,0.69,0.81,0.1,0.85,0.92,0,0,0,0.49,0.26,0,0.98
"Area_01","Summer","M","F0320","Geophagus_brasiliensis",0,0.26,0.41,0,0.7,0,0.07,0,0,0.14,0.11,0.05,0,0,0.42,0.71,0,0.38,0,0.92,0.58,0.63,0.63,0.63,0,0.78,0.12,0.82,0.53,0.49,0.43,0.67,0.73,0.35,0.89,0,0,0.87,0.32,0.49,0,0,0.05,0.17,0.2,0,0.75,0.27,0,0.95,0.29,0,0.28,0.45,0,0.84,0,0.43,0.31,0
"Area_01","Autumn","F","F0321","Geophagus_brasiliensis",0,0,0,0.24,0,0.97,0.31,0,0.08,0.02,0.1,0,0.95,0,0.34,0.83,0.3,0.54,0.51,0.86,0.58,0,0.86,0,0,0.95,0,0.2,0,0.24,0.27,0.09,0.07,0,0.45,0.08,0,0,1,0.18,0.95,0.88,0.82,0.6,0.38,0.05,0.2,0.02,0.81,0.62,0.26,0.9,0.99,0.45,0.3,0.52,0.62,0.45,0.54,0.52
"Area_04","Winter","F","F0322","Pimelodus_maculatus",0.35,0.67,0.97,0.96,0.28,0,0,0.93,0.67,0,0.49,0,0.08,0.59,0.28,0,0,0.52,0,0,0.01,0.36,0,0.7,0,0,0,0.59,0,0.77,0,0.52,0.62,0.26,0.87,0.54,0.63,0,0.93,0.8,0.35,0.32,0.5,0.63,0,0,0,0,0,0.84,0,0.3,0.61,0.74,0.93,0.18,0,0,0.59,0
"Area_01","Autumn","M","F0323","Geophagus_brasiliensis",0,0.61,0,0,0.57,0.67,0.65,0.5,0.23,0.35,0.41,0.2,0.3,0.11,0.62,0,0.96,0.46,0.68,0,0.62,0.55,0.64,0.68,0,0.93,0.55,0.28,0,0,0,0.85,0,0.22,0,0.09,0,0.94,0.98,0,0.83,0.52,0.52,0.29,0.22,0.59,0.39,0.18,0.76,0.1,0,0.2,0.19,0,0,0,0,0.31,0.65,0
"Area_01","Autumn","F","F0324","Cichla_ocellaris",0.58,0,0.02,0.23,0.29,0,0.13,0.69,0,0.81,0,0.36,0.37,0.57,0.75,0.63,0.33,0.47,0.62,0,0.14,0,0,0.06,0.26,0.49,0.28,0.07,0.73,0.93,0.83,0,0.58,0,0,0.42,0,0.21,0,0,0.55,0.66,0,0.54,0.57,0.64,0.98,0.47,0.05,0.86,0.47,0,0.63,0,0.3,0.3,0.9,0.41,0.22,0.97
"Area_04","Summer","M","F0325","Astyanax_fasciatus",0.15,0.6,0.07,0,0.82,0,0.33,0.53,0.62,0.2,0.43,0,0.26,0,0.29,0,0.52,0.02,0.33,0,0.18,0.52,0.63,0,0,0,0.54,0.19,0.6,0.89,0.73,0.8,0,0.82,0.82,0,0.53,0.14,0.2,0,0.7,0,0.64,0.74,0.47,0.91,0,0,0,0,0.98,0.25,0,0.68,0.65,0.1,0.54,0.48,0.79,0
"Area_03","Winter","F","F0326","Rhamdia_quelen",0.3,0.68,0.5,0.62,0.52,0,0.44,0.39,0,0.2,0,0.24,0.8,0.97,0.94,0.43,0.34,0.1,0.99,0.22,0,0.61,0.99,0,0.8,0.29,0.94,0,0,0.47,0.31,0.26,0.31,0,0.13,0,0.5,0,0.16,0.22,0.42,0.2,0,0.6,0,0.31,0.74,0,0.72,0.92,0.34,0,0.87,0,0.32,0.13,0,0.32,0.29,0.21
"Area_01","Spring","F","F0327","Geophagus_brasiliensis",0.4,0.98,0.42,0.15,0.07,0,0.01,0,0,0.52,0.79,0.72,0.83,0,0.42,0.3,0.85,0.88,0.56,0,0,0.69,0.09,0.7,0.38,0,0.94,0,0.38,0,0.32,0,0.78,0.6,0,0.48,0.18,0.17,0.5,0,0.53,0,0.58,0,0.58,0,0,0,0.14,0,0,0.08,0,0,0,0,0.04,0.86,0.19,0
"Area_02","Autumn","M","F0328","Prochilodus_lineatus",0.53,0.84,0.85,0.28,0.29,0.82,0.24,0,0.16,0,0,0,0.4,0,0,0,0.85,0,0,0.57,0.97,0.61,0.81,0,0,0,0.55,0,0.34,0.95,0.84,0.64,0.32,0.15,0.87,0,0.33,0,0.98,0,0.87,0.26,0,0.19,0.57,0.07,0.93,0,0.52,0,0.38,0,0,0.04,0.85,0,0.43,0.56,0.95,0.81
"Area_01","Autumn","F","F0329","Prochilodus_lineatus",0.59,0.09,0,0,0,0.59,0.42,0,0.25,0.3,0.69,0.55,0.66,0.16,0,0,0.17,0.86,0.24,0.36,0.58,0.25,0.94,0.2,0.78,0.25,0.07,0.72,0.02,0.65,0,0.67,0.77,0.91,0.27,0.9,0.05,0.17,0.05,0.4,0,0.88,0.1,0.69,0.67,0.08,0.66,0.7,0.89,0.84,0.92,0.34,0.57,0.93,0,0.68,0,0.62,0.32,0.41
"Area_02","Autumn","M","F0330","Astyanax_fasciatus",0.32,0.53,0.7,0,0.69,0.36,0.52,0.1,0.15,0,0,0,0,0.6,0,0,0.98,0.06,0.54,0,0.49,0.06,1,0.91,0.75,0.78,0.25,0.36,0.14,0.75,0.84,0.26,0.54,0.92,0.19,0,0.76,0.85,0,0,0,0.22,0,0,0.17,0,0,0,0,0.78,0,0,0.65,0,0.04,0,0.39,0.44,0.55,0.52
"Area_04","Autumn","M","F0331","Prochilodus_lineatus",0,0.17,0.05,0.48,0.35,0.05,0.58,0.98,0.92,0.34,0.42,0,0.9,0.3,0,0,0,0.26,0,0,0.31,0.86,0.55,0.44,0,0.32,0.94,0,0.45,0,0,0.42,0,0,0.27,0.39,0.17,0.38,0.99,0.04,0.63,0.21,0.54,0.77,0.55,0,0.15,0.03,0.66,0,0.74,0,0,0.87,0,0.36,0.21,0.07,0,0
"Area_02","Autumn","F","F0332","Leporinus_friderici",0.93,0,0.57,0,0,0.61,0.72,0,0,0.04,0.42,0.06,0.99,0,0,0.19,0,0,0.62,0.09,0.95,0,0.74,0.05,0.23,0,0,0.83,0.82,0,0,0.78,0.79,0.29,0.38,0,0.89,0.48,0.6,0.4,0.67,0.45,0.71,0.09,0.8,1,0.89,0,0,0.85,0.16,0,0.41,0.87,0.35,0,0.68,0.07,0.25,0.04
"Area_01","Autumn","M","F0333","Leporinus_friderici",0.55,0.11,0,0,0,0.45,0.48,0,0.8,0,0,0.64,0.03,0.6,0.07,0.19,0,0.71,0.87,0,0,0.28,0.13,0,0,0,0.64,0.85,0.05,0.18,0,0.38,0.9,0,0.64,0.44,0.19,0.73,0,0.82,0,0.65,0.68,0.96,0,0.22,0,0.47,0.29,0,0.45,0,0.86,0.44,0.2,0.03,0.02,0,0.12,0.13
"Area_01","Winter","M","F0334","Pimelodus_maculatus",0.59,0,0,0,0,0.92,0,0.68,0.67,0,0.23,0.72,0.86,0.92,0.46,0.04,0,0.94,0.28,0.13,0.45,0.99,0.63,0.31,0.59,0.05,0.67,0.13,0.43,0.65,0,0.07,0.2,0,0,0.63,0.71,0,0.89,0.92,0,0.98,0.78,0,0,0,0.13,0,0,0,0,0.91,0.96,0,0.74,0.23,0.43,0,0.16,0.37
"Area_01","Winter","F","F0335","Pimelodus_maculatus",0.26,0.83,0.74,0,0.43,0.26,0.58,0.35,0.54,0.75,0.65,0.92,0.45,0,0,0.24,0.97,0,0.75,0.96,0.58,0.32,0,0,0.55,0.52,0.86,0.75,0,0,0,0.49,0.64,0.63,0,0.2,0.17,0.63,0,0.63,0,0.34,0.61,0,0.64,0.03,0,0.31,0,0.65,0,0,0.95,0.55,0.75,0.52,0.87,0,0,0.81
"Area_01","Spring","M","F0336","Rhamdia_quelen",0.39,0.95,0.69,0.73,0.38,0,0.84,0.32,0,0.21,0.09,0,0.13,0.04,0.23,0.03,0,0,0.6,0,0.65,0.27,0.87,0,0.85,0,0.65,0,0.5,0,0,0.82,0.07,0,0.02,0.47,0.09,0.64,0.83,0,0.22,0.46,0,0,0.8,0.08,0.91,0.85,0.32,0,0.68,0.08,0,0.71,0.07,0,0.87,0.57,0.51,0
"Area_04","Spring","M","F0337","Astyanax_fasciatus",0.65,0.41,0.63,0.35,0.92,0.34,0,0.38,0,0.35,0,0.42,0.35,0.53,0.64,0.37,0,0.58,0.39,0,0.46,0,0,0.27,0,0.74,0.94,0.57,0,0.29,0.11,0.38,0.14,0,0,0,0,0,0,0.75,0,0.67,0,0,0.04,0.79,0.04,0.95,0.34,0,0,0,0,0.05,0.78,0,0.88,0.69,0.03,0.76
"Area_03","Winter","F","F0338","Prochilodus_lineatus",0,0.37,0.57,0.17,0,0,0.8,0.63,0.94,0,0.34,0.96,0.13,0.3,0,0.97,0.59,0.13,0,0.83,0.33,0,0,0.2,0.21,0.49,0.69,0,0.59,0.98,0,0,0,0,0,0.55,0.45,0,0.1,0.04,0,0,0,0.87,0.73,0.6,0.64,0,0.29,0,0.88,0,0.35,0.79,0,0,0,0.01,0.75,0.98
"Area_01","Spring","F","F0339","Astyanax_fasciatus",0.47,0.45,0,0.38,0,0.68,0.83,0,0,0,0,0.49,0.36,0.18,0.82,0.22,0.04,0,0.15,0,0.9,0.31,0,0,0,0,0,0.95,0.35,0.74,0.62,0.76,0.16,0.31,0,0.74,0,0,0.59,0.31,0,0,0.51,0,0,0,0,0.8,0,0.75,0,0,0,0.28,0.78,0,0,0.78,0.15,0
"Area_01","Spring","F","F0340","Leporinus_friderici",0,0,0,0.6,0.31,0.95,0.91,0,0.69,0,0,0.77,0,0.34,0.34,0.87,0,0.96,0.57,0.69,0,0,0.42,0,0.54,0,0,0,0.02,0.59,0.8,0,0,0,0.65,0.29,0,0,0.31,0,0,0,0.06,0,0.59,0,0,0.59,0.12,0,0.93,0,0,0.57,0.22,0.17,0.18,0,0.03,0.91
"Area_01","Spring","M","F0341","Prochilodus_lineatus",0,0.96,0.5,0.74,0,0.28,0,0,0.89,0,0.7,0.43,0.85,0.3,0,0.12,0.94,0,0.08,0.65,0.18,0.87,0.68,0,0.22,0.68,0.56,0.92,0.75,0.12,0,0,0.57,0.79,0,0.2,0,0.88,0.04,0,0.22,0,1,0.75,0,0.35,0.63,0.26,0.74,0.68,0.68,0.17,0.85,0,0.78,0.4,0.94,0.21,0.7,0.32
"Area_02","Summer","M","F0342","Hoplias_malabaricus",0.93,0,0,0,0.27,0.78,0,0.9,0.56,0,0.31,0.85,0.44,0.88,0,0,0,0.3,0,0,0,0.11,0.59,0.77,0.4,0.82,0.99,0.34,0.92,0.27,0,0.82,0.09,0,0.79,0,0.64,0,0.85,0,0.97,0.39,0,0.29,0.5,0.16,0.3,0,0.07,0,0.48,0,0,0,0.89,0,0,0.84,0.13,0
"Area_02","Spring","M","F0343","Astyanax_fasciatus",0.04,0.29,0,0,0,0.26,0.33,0.67,0.65,0.24,0.13,0.94,0.09,0,0,0,0.93,0.23,0,0,0.82,0.81,0,0.56,0.45,0.47,0,0.48,0,0.43,0.37,0.65,0,0,0.77,0.43,0,0.52,0,0.6,0,0.59,0.74,0,0.27,0.22,0.55,0,0.78,0,0.86,0.34,0.23,0,0.36,0.92,0.65,0.37,0,0.96
"Area_03","Summer","M","F0344","Hoplias_malabaricus",0.39,0,0.71,0,0.84,0.85,0,0,0.71,0,0,0.89,0,0.51,0,0.96,0.73,0.52,0.37,0.65,0.78,0,0,0.85,0,0.88,0.42,0,0.57,0.8,0,0.22,0.37,0.79,0.44,0.54,0,0.68,0.76,0,0,0.46,0,0.39,0,0.07,0.1,0,0,0.13,0.41,0,0,0.04,0,0.01,0.61,0.23,0.42,0
"Area_02","Summer","F","F0345","Pimelodus_maculatus",0.26,0,0.5,0,0.48,0,0.82,0,0.03,0,0,0.77,0,0,0,0,0.52,0.85,0.69,0,0.65,0,0,0.99,0.6,0.24,0,0.02,0.26,0.42,0.06,0.29,0,0.14,0.11,0.83,0,0,0.66,0.31,0,0,0,0,0.89,0.19,0,0.3,0.05,0,0,0.25,0.51,0,0.15,0.52,0.77,0.71,0.63,0
"Area_03","Winter","F","F0346","Leporinus_friderici",0.58,0,0,0.85,0.12,0.72,0,0,0.45,0.18,0.67,0,0.79,0.11,0.08,0.49,0.25,0.26,0,0,0.77,0.42,0,0.35,0.75,0.71,0.45,0.24,0.83,0,0.03,0.14,0,0.9,0.02,0.59,0,0.14,0,0,0.45,0.91,0.15,0,0.83,0.85,0.67,0.88,0.56,0,0.52,0.94,0.33,0,0,0,0,0,0,0
"Area_01","Winter","F","F0347","Astyanax_fasciatus",0.08,0.09,0.33,0.45,0.55,0,0,0.62,0.52,0,0,0,0,0,0,0.69,0,0.18,0,0.49,0.15,0.25,0,0,0.09,0.86,0.49,0,0.89,0.63,0.52,0,0.99,0,0,0.08,0.89,0.71,0,0.52,0.25,0.97,0,0.11,0.51,0.62,0,0,0,0.8,0.24,0.09,0.61,0.03,0.26,0.04,0.94,0.03,0.96,0
"Area_01","Winter","F","F0348","Prochilodus_lineatus",0.65,0,0,0.26,0.35,0,0,1,0.19,0.66,0.09,0,0.92,0.6,0,0.46,0,0.48,0.67,0.97,0.74,0.32,0.2,0.39,0,0.68,0,0.27,0.19,0.21,0.03,0.05,0,0.73,0,0.22,0.74,0.09,0.97,0,0.92,0,0.26,0.51,0,0,0.49,0.33,0.12,0.46,0.11,0.88,0.49,0,0.32,0.07,0.62,0.65,0,0
"Area_04","Winter","F","F0349","Pimelodus_maculatus",0,0,0,0.84,0,0.71,0,0,0,0,0.94,0.54,0,0,0,0.32,0,0,0.49,0,0.52,0.47,0,0,0.29,0.61,0.84,0.15,0,0.1,0.44,0.52,0,0.4,0.88,0,0.06,0,0.35,0.61,0,0.61,0.16,0.54,0,0.63,0.8,0,0,0.68,0.08,0,0.18,0,0,0,0.93,0.66,0.03,0.71
"Area_01","Winter","F","F0350","Rhamdia_quelen",0.3,0,0,0,0.26,0.43,0,0,0.72,0.18,0,0,0.51,0.63,0.29,0.07,0.29,0.2,0.4,0,0.67,0,0.7,0.39,0,0.5,0,0.33,0.49,0.88,0.73,0.61,0,0.04,0.16,0.27,0.14,0.59,0.53,0,0,0.35,0.69,0,0.07,0.53,0.22,0.12,0.09,0,0.48,0.83,0.97,0.39,0,0,0,0.56,0,0
"Area_01","Autumn","M","F0351","Cichla_ocellaris",0.32,0.63,0,0.13,0,0,0.46,0.43,0.16,0.13,0.42,0.2,0.04,0.76,0.2,0,0,0.77,0.31,0,0.49,0.18,0,0,0,0,0.61,0.43,0,0.09,0.59,0,0.6,0.79,0.38,0,0.16,0.22,0.5,0.83,0.6,0.24,0,0.18,0.1,0.49,0.58,0,0.14,0.73,0,0.55,0.02,0.02,0,0.32,0.28,0.37,0,0.11
"Area_01","Winter","F","F0352","Prochilodus_lineatus",0.45,0,0,0.13,0,0.46,0.26,0,0.53,0,0.27,0.57,0.44,0,0.67,0.39,0.75,0,0,0.98,0.28,0,0.15,0.5,0,0,0.57,0.18,0.57,0.98,0.9,0.77,0,0.32,0.95,0,0.39,0.52,0,0.05,0,0.3,0.47,0.7,0.09,0.65,0.37,0,0.29,0,0.79,0,0.3,0,0.43,0.73,0.17,0,0.95,0.75
"Area_04","Autumn","F","F0353","Prochilodus_lineatus",0.44,0,0.65,0.88,0.99,0,0,0.17,0.36,0.79,0,0.01,0.31,0,0,0.36,0.98,0.34,0.93,0.11,0,0,0.25,0.88,0.14,0.87,0.51,0,0,0.78,0.04,0,0,0,0.97,0.03,0.39,0.96,0,0.41,0.5,0.35,0.06,0.16,0.19,0.04,0,0,0.04,0.73,0,0.58,0.72,0.48,0.97,0,0.09,0,0,0.52
"Area_03","Spring","F","F0354","Hoplias_malabaricus",0.99,0.15,0.65,0,0,0,0.41,0.52,0,0.03,0.81,0,0.51,0.34,0.89,0.17,0,0.23,0.44,0.41,0.97,0.45,0.32,0,0.5,0.2,0,0.41,0,0,0.16,0.57,0.63,0.62,0.6,0,0,0.24,0,0.76,0,0.17,0.75,0.71,0.24,0.03,0,0.71,0,0.11,0.82,0.96,0,0.82,0,0,0.77,0,0.81,0.34
"Area_01","Summer","M","F0355","Rhamdia_quelen",0.62,0.44,0.37,0.36,0.33,0.02,0.56,0,0.96,0,0,0,0,0.52,0,0.4,0,0.94,0.44,0,0,0.25,0.85,0,0.93,0.48,0.18,0.57,0.88,0.73,0.52,0.67,0.49,0.31,0.2,0.39,0,0.32,0,0.59,0.48,0.6,0,0,0.31,0,0.2,0,0.18,0,0.41,0.23,0.3,0.15,0,0.17,0.84,0.47,0.17,0.07
"Area_04","Summer","F","F0356","Astyanax_fasciatus",0.32,0,0,0.42,0,0,0.41,0.69,0.43,0.61,0.04,0.42,0.77,0.07,0.74,0,0,0.94,0.87,0.65,0.26,0.94,0.75,0.94,0,0.68,0.7,0.22,0.68,0,0,0,0,0,0,0.71,0.13,0,0.23,0.08,0,0,0.25,0.44,0.66,0.89,0.74,0.36,0.46,0,0,0,0.05,0,0.95,0.78,0,0.26,0,0.7
"Area_01","Spring","M","F0357","Leporinus_friderici",0.86,0.91,0.37,0.76,0.1,0.52,0,0,0.99,0.58,0.94,0.33,0.19,0.83,0.6,0.82,0,0.4,0.54,0.17,0,0,0.19,0,0,0.12,0.57,0,0,0,0.72,0,0.4,0.83,0,0,0.15,0.64,0.41,0,0.36,0.16,0,0,0,0.21,0,0.91,0.54,0.09,0,0.37,0.98,0.71,0.58,0.34,0,0,0.03,0.33
"Area_03","Winter","F","F0358","Rhamdia_quelen",0,0,0,0,0.26,0,0.32,0,0.11,0.84,0.63,0,0.86,0.59,0.31,0.07,0.25,0.36,0.19,0,0,0,0.76,0,0.75,0,0,0.69,0.58,0.58,0.07,0.67,0.89,0.8,0,0,0,0,0.33,0.86,0.66,0.55,0,0,0.12,0.56,0.55,0,0.61,0,0.44,0.61,0,0,0,0.53,0.18,0,0,0.99
"Area_03","Autumn","M","F0359","Leporinus_friderici",0.67,0.96,0.76,0,0.07,0.1,0.81,0.16,0.86,0,0.46,0.29,0.2,0.25,0.4,0.82,0.66,0.73,0,0,0.84,0,0,0.14,0.54,0,0.05,0,0.52,0.48,0,0,0,0.47,0.19,0.94,0,0,0.4,0,0.7,0.18,0.54,0.98,0.67,0.32,0.47,0.96,0,0.7,0.7,0.16,0,0,0.43,0.08,0.79,0.18,1,0.06
"Area_04","Autumn","F","F0360","Geophagus_brasiliensis",0.9,0.38,0,0,0,0,0,0.16,0.44,0.62,0,0,0.45,0.11,0,0,0.52,0.81,0.82,0.1,0.56,0,0.69,0.61,0,0.1,0,0.42,0.87,0.85,0,0.03,0.22,0,0.92,0.71,0.13,0.68,0,0.83,0.88,0.82,0,0,0.2,0.28,0.09,0.84,0.17,0.75,0,0.46,0.18,0.22,0.64,0,0.96,0.49,0,0.79
"Area_02","Winter","M","F0361","Pimelodus_maculatus",0.85,0.06,0.34,0.82,0,0.73,0.74,0.51,0.34,0,0,0.8,0.77,0.91,0,0.9,0.78,0.25,0.65,0.56,0.45,0,0.86,0.85,0.07,0,0.13,0,0.67,0.59,0,0.85,0,0.45,0,0.78,0.6,0.59,0,0.75,0,0.94,0,0.56,0.11,0,0.51,0,0,0,0.32,0,0.57,0,0,0.12,0.17,0.6,0,0
"Area_01","Summer","M","F0362","Leporinus_friderici",0.1,0.3,0,0,0,0.24,0.71,0,0.37,0.79,0,0.69,0.59,0,0,0,0.56,0,0.02,0.31,0,0.88,0,0,0,0.09,0,0.35,0.42,0.18,0,0,0,0.2,0.04,0.25,0.26,0.02,0.27,0.88,0,0.9,0.2,0,0,0.9,0,0.12,0.94,0.11,0.95,0.78,0.91,0.13,0.51,0,0,0,0.16,0.37
"Area_01","Spring","M","F0363","Rhamdia_quelen",0,1,0,0.89,0.3,0.54,0.68,0.69,0.84,0.42,0.14,0.07,0.16,0.21,0.85,0,0.8,0.44,0.75,0,0.06,0.7,0,0.89,0,0,0.34,0.42,0.63,0.52,0.77,0,0.64,0.73,0,0.47,0.87,0.79,0.25,0.83,0,0,0.02,0.72,0,0,0.54,0,0,0,0.84,0.63,0,0.19,0,0,0.97,0.09,0.23,0.94
"Area_01","Winter","M","F0364","Pimelodus_maculatus",0.54,0.45,0,0.94,0,0.52,0.79,0.66,0.95,0,0.02,0.69,0.76,0.72,0,0.47,0.72,0.16,0.75,0,0.46,0.57,0.71,0.27,0.61,0.37,1,0.58,0.87,0.04,0,0.45,0.84,0,0.11,0.64,0.95,0,0,0.29,0.96,0.89,0.48,0,0.71,0.9,0.09,0.39,0.62,0.42,0,0.44,0,0.97,0.52,0.17,0.74,0.76,0,0.14
"Area_02","Autumn","F","F0365","Hoplias_malabaricus",0.39,1,0.12,0.02,0,0.15,0.42,0,0.76,0.62,0.72,0,0,0.78,0.5,0,0.87,0.26,0,0.56,0,0.67,0.69,0.08,0.39,0.52,0.31,0,0.1,0.57,0.41,0.6,0,0.27,0,0.49,0,0.87,0.03,0.47,0,0.69,0.32,0.93,0.6,0,0,0.92,0,0.43,0.59,0.45,0.18,0.97,0,0.83,0.69,0.33,0.25,0.98
"Area_01","Summer","M","F0366","Astyanax_fasciatus",0.85,0,0.08,0.42,0,0,0.91,0,0,0.28,0.47,0.06,0.06,0.36,0,0.59,0,0.66,0,0.81,0.11,0,0.49,0,0.6,0,0.34,0.27,0.55,0,0,0.16,0,0.86,0.07,0.81,0.1,0.49,0.61,0.68,0.36,0,0,0.47,0,0,0,0.23,0.48,0.82,0,0.02,0,0,0.84,0.75,0,0,0.82,0.84
"Area_02","Spring","F","F0367","Hoplias_malabaricus",0,0.31,0,0.11,0.43,0.36,0.06,0.41,0,0.14,0.29,0.63,0.52,0.25,0.27,0.59,0.43,0,0.67,0.04,0.66,0,0,0.12,0.96,0.19,0,0.7,0.9,0,0.27,0.72,0.25,0.39,0,0.59,0,0,0,0.09,0,0,0,0.09,0.31,0.31,0.24,0.77,0.36,0.28,0.65,0.76,0.3,0.62,0,0.52,0.83,0.65,0,0.39
"Area_01","Autumn","F","F0368","Pimelodus_maculatus",0.68,0.91,0.14,0,0.21,0.94,0,0,0,0.11,0.08,0,0.69,0.94,0.47,0.24,0,0.69,0,0.21,0.83,0.88,0.45,0.87,0,0.99,0.45,0.01,0.71,0,0,0,0.9,0.45,0,0.42,0.77,0.92,0.84,0,0.05,0,0,0.26,0,0.14,0,0.25,0.97,0,0.79,0,0.06,0,0,0,0.31,0.44,0.04,0.77
"Area_04","Winter","F","F0369","Prochilodus_lineatus",0.51,0.48,0.02,0.72,0,0.92,0.78,0.41,0.27,0.25,0,0.55,0,0.91,0.98,0,0,0,0,0.54,0.91,0.77,0.68,0.37,0,0,0.96,0,0,0.21,0,0,0.64,0.72,0.91,0.31,0.59,0.61,0.47,0,0.56,0.06,0,0.6,0.3,0.9,0.3,0,0.44,0.15,0,0,0.51,0.5,0.17,0.04,0.38,0.25,0.26,0.75
"Area_01","Summer","F","F0370","Geophagus_brasiliensis",0.8,0.82,0,0,0.65,0,0,0.09,0,0.75,0,0,0,0,0.84,0.55,0.82,0.07,0,0.68,0.34,0.87,1,0.25,0.11,0.81,0.23,0.28,0.55,0.27,0.78,0.26,0.02,0.95,0.03,0.18,0.46,0.35,0.48,0,0,0,0,0,0,0,0.44,0.5,0.71,0.58,0.64,0.68,0,0.76,0,0,0.44,0,0,0.48
"Area_03","Winter","M","F0371","Cichla_ocellaris",0.06,0,0.34,0,0,0.3,0.56,0.84,0,0,0,0.28,0.6,0,0,0,0.75,0.25,0.71,0.29,0,0.04,0.54,0.17,0.45,0.49,0.89,0,0,0,0.49,0.06,0.61,0.18,0.41,0,0.92,0.28,0,0,0,0.17,0.26,0.09,0,0,0,0.02,0.86,0.49,0.75,0,0.27,0.41,0,0.63,0,0.87,0.96,0.21
"Area_03","Summer","M","F0372","Hoplias_malabaricus",0.27,0.96,0.5,0.58,0.83,0,0,0,0.77,0.65,0.13,0,0,0,0.08,0,0,0,0,0.49,0.92,0.85,0.66,0.66,0.56,0,0.73,0,0.19,0.42,0.1,0,0.64,0,0,0,0,0.08,0,0,0,0.47,0,0.09,0.78,0.28,0,0.91,0.58,0,0.49,0.65,0.19,0.35,0,0.82,0,0,0.44,0.04
"Area_02","Winter","M","F0373","Prochilodus_lineatus",0.21,0,0.58,0.3,0.41,0,0.31,0,1,0.28,0.03,0.89,0,0.16,0.18,0.66,0.22,0.52,0.22,0,0.56,0.9,0.1,0.26,0,0.4,0.18,0.12,0,0.64,0.36,0.35,0.66,0.25,0.37,0.88,0,0.57,0.2,0.99,0,0.91,0,0.68,0.65,0.14,0.21,0,0.95,0.6,0,0,0.54,0,0.44,0,0.56,0.32,0.26,0.57
"Area_02","Winter","F","F0374","Cichla_ocellaris",0.82,0,0,0.74,0.43,0.16,0.26,0.25,0,0.48,0.12,0,0.87,0.24,0.5,0,0,0.71,0.74,0.04,0.04,0.37,0.67,0.75,0,0,0,0.24,0.78,0.48,0,0.47,0.34,0,0.67,0.44,0,0,0.8,0.36,0.65,0.45,0,0,0,0,0.33,0.14,0,0,0,0.18,0.93,0,0.04,0,0.5,0.32,0.35,0.52
"Area_01","Winter","M","F0375","Geophagus_brasiliensis",0.84,0,0.09,0,0,0,0.91,0.49,0,0.38,0.09,0,0.64,0.34,0.84,0.89,0.29,0.1,0,0.26,0,0.9,0.3,0,0,0.33,0,0,0.55,0.29,0.16,0.96,0,0.25,0,0.03,0.69,0.98,0,0.6,0.22,0.21,0.74,0.46,0,0.56,0.65,0,0.59,0,0.28,0.16,0,0.14,0.05,0.33,0,0,0,0.13
"Area_03","Summer","M","F0376","Leporinus_friderici",0.83,0.15,0.87,0.27,0.16,0.81,0.81,0.89,0,0,0,0.89,0.95,0.72,0.47,0,0,0.18,0.34,0,0,0,0,0.34,0,0.72,0.79,0.59,0.21,0.02,0,0.61,0.48,0.95,0,0,0,0.5,0.53,0.99,0,0.78,0.58,0,0.15,0,0,0.96,0.56,0.93,0,0.6,0,0.96,0.08,0.09,0.28,0,0.25,0.15
"Area_04","Summer","F","F0377","Prochilodus_lineatus",0,0,0.51,0.55,0.09,0.88,0.8,0.19,0.81,0.86,0.8,0.52,0.83,0.61,0.78,0.92,0.1,0.87,0,0,0.63,0.77,0.74,0,0,0.66,0,0,0,0,0.98,0,0,0.32,0.08,0,0.68,0.43,0.22,0.06,0.53,0.53,0,0.69,0.43,0.31,0,0,0.52,0,0.34,0,0,0.94,0,0.35,0.49,0.89,0,0.92
"Area_01","Summer","M","F0378","Rhamdia_quelen",0,0,0.5,0,0.02,0.83,0.07,0.75,0.34,0.54,0.37,0,0.28,0.03,0.66,0.12,0.2,0.55,0,0,0,0.57,0.52,0.27,0,0,0,0,0.62,0.64,0.46,0.52,0.95,0.67,0.38,0.74,0,0.47,0,0.32,0,0,0,0.44,0.45,0.41,0,0.71,0.23,0.06,0.67,0.87,0.8,0.65,0,0,0.77,0.31,0.26,0
"Area_01","Spring","M","F0379","Cichla_ocellaris",0.63,0.58,0.75,0,0,0.28,0.89,0,0.91,0.57,0,0.56,0.65,0.52,0.64,0.13,0.38,0,0,0.81,0,0.63,0.24,0.95,0.99,0.29,0.58,0,0.75,0,0,0,0.57,0.72,0,0.72,0.14,0.23,0.22,0.05,0.53,0.57,0,0,0.27,0.81,0.22,0.75,0.46,0.84,0,0,0.98,0.72,0,0.73,0,0,0.96,0
"Area_02","Spring","F","F0380","Geophagus_brasiliensis",0,0,0.18,0,0.15,0,0.66,0.98,0.16,0,0.27,0,0,0,0.8,0,0.31,0.58,0.56,0,0.28,0.37,0.91,0.15,0,0.3,0.99,0.95,0,0,0.27,0.45,0,0,0,0.74,0,0.03,0.29,0.9,0.01,0,0.84,0.46,0.86,0.27,0.4,0.49,0,0.73,0.34,0.57,0.1,0,0.35,0.7,0.44,0.07,0,0
"Area_01","Autumn","M","F0381","Cichla_ocellaris",0.51,0.93,0,0.41,0.2,0,0.77,0,0.69,0,0.28,0,0.56,0.06,0,0.9,0.77,0,0,0.12,0,0.19,0.93,0.03,0.99,0.79,0.72,0.89,0.82,0.72,0,0,0,0.33,0,0.49,0,0.53,0.69,0.16,0.95,0,0.08,0.15,0.15,0.19,0,0.02,0,0.21,0,0.64,0,0,0.3,0.7,0.68,0.7,0,0.61
"Area_02","Spring","F","F0382","Leporinus_friderici",0.37,0.23,0.59,0,0.25,0.11,0,0,0.51,0.82,0,0,0,0.97,0.99,0.98,0,0,0.94,0.95,0.61,0,0.63,0.55,0,0.59,0.43,0,0.85,0.72,0,0,0,0.18,0.53,0.12,0,0.23,0.07,0.07,0,0,0.89,0,0.16,0,0.18,0.47,0,0,0.28,0.78,0,0.42,0.39,0.25,0,0.46,0,0.18
"Area_02","Spring","M","F0383","Astyanax_fasciatus",0,0,0,0,0.8,0.44,0,0.87,0.72,0.85,0,0,0,0.9,0.88,0.81,0,0,0,0.29,0.49,0.08,0.97,0.02,0.74,0.26,0,0.98,0.83,0.8,0.49,0.47,0,0.7,0.42,0.76,0.3,0.91,0.4,0.35,0.25,0,0.55,0.56,0.35,0.15,0.53,0,0.04,0.82,0,0,0,0.72,0.71,0,0.6,0.85,0.47,0.7
"Area_02","Autumn","F","F0384","Leporinus_friderici",0.37,0,0.2,0.77,0.89,0.82,0,0,0.11,0.58,0.41,0.95,0,0,0,0,0.92,0,0.2,0,0,0.98,0.54,0.05,0.4,0.97,0,0.46,0.6,0,0.29,0.64,0,0.77,0.22,0,0.59,0.88,0.85,0.18,0,0,0,0.62,0.63,0.67,0.61,0.36,0.47,0.48,0.39,0.98,0,0.43,0,0.53,0,0.75,0,0
"Area_02","Spring","M","F0385","Pimelodus_maculatus",0.37,0.32,0.96,0.04,0.71,0.11,0,0.65,0.23,0,0,0.71,0.84,0.47,0,0.89,0.15,0,0,0.29,0.25,0,0.4,0.64,0.76,0.17,0,0.48,0.71,0,0,0,0.92,0.09,0.51,0,0.74,0,0,0.59,0,0,0.76,0.89,0,0,0.46,0,0.37,0.71,0.23,0,0.58,0,0.61,0,0.5,0.37,0.11,0.12
"Area_04","Winter","F","F0386","Pimelodus_maculatus",0,0.9,0,0.14,0.58,0.96,0,0.67,0.23,0.06,0,0.81,0.33,0.85,0.69,0,0.94,0.98,0.77,0,0,0,0.7,0.51,0,0.2,0,0,0.9,0,0.21,0,0,0.81,0.74,0.8,0.65,0.31,0.47,0.46,0,0.41,0.18,0.75,0,0.28,0.82,0,0.14,0,0,0.33,0,0.31,0,0,0.07,0,0.91,0.79
"Area_04","Winter","F","F0387","Hoplias_malabaricus",0,0.56,0.26,0.42,0,0,0,0.93,0.24,0.38,0,0.12,0,0.05,0.09,0.64,0,0,0.72,0.05,0.1,0.51,0.66,0,1,0,0,0.6,0,0.76,0.96,0.33,0.99,0,0.99,0.81,0.63,0.96,0.83,0.22,0.29,0.04,0,0.41,0.89,0,0.34,0.43,0.41,0.08,0,0.56,0,0.6,0.25,0.87,0.3,0.28,0,0.72
"Area_04","Summer","M","F0388","Pimelodus_maculatus",0.41,0,0.59,0.62,0.63,0,0.37,0.76,0.15,0.5,0.91,0.05,0.48,0,0,0,0,0.4,0.34,0.4,0.36,0.92,0.36,0.95,0,0,0,0,0.44,0,0,0.3,0.05,0.95,0,0.89,0,0,0.54,0.16,0,0,0.46,0,0,0.62,0.66,0.67,0,0.43,0.65,0.32,0,0.54,0.39,0,0.76,0.89,0.92,0
"Area_04","Autumn","F","F0389","Astyanax_fasciatus",0.59,0.22,0,0,0,0.6,0,0.86,0,0.85,0,0,0.09,0,0.45,0,0.78,0.61,0.38,0.77,0,0.96,0.65,0.11,0.25,0.45,0,0.89,0.26,0.95,0.56,0,0.77,0,0.58,0,0.38,0.24,0.84,0,0,0.62,0.3,0,0.33,0.21,0,0.71,0.63,0.15,0.96,0,0.13,0.04,0.13,0.02,0,0.44,0,0.85
"Area_03","Autumn","M","F0390","Cichla_ocellaris",0,0.09,0,0.65,0,0,0.16,0.41,0.88,0.78,0.24,0.92,0.74,0.23,0.9,0.08,0.67,1,0.72,0.28,0,0.57,0,0,0,0,0.84,0,0.74,0.65,0.84,0.9,0,0,0.14,0.76,0,0.79,0.92,0,0.29,0.33,0,0.57,0.68,0.25,0.55,0.78,0,0,0.71,0.93,0.16,0,0.58,0,0,0.24,0.7,0
"Area_04","Summer","M","F0391","Prochilodus_lineatus",0.89,0.86,0,0.1,0,0.72,0.05,0.68,0.05,0,0.18,0.11,0.69,0,0.49,0.08,0,0.16,0.91,0,0,0.24,0.47,0,0.67,0.02,0,0.17,0.62,0.54,0.08,0,0.88,0,0.97,0,0.18,0.8,0,0.12,0,0.23,0.55,0,0,0.43,0.73,0,0,0.36,0.03,0.03,0.89,0,0.4,0,0,0.91,0.65,0.06
"Area_03","Summer","M","F0392","Astyanax_fasciatus",0.95,0,0,0.43,0.23,0.55,0,0.5,0,0.43,0.47,0,0.26,0,0.71,0.3,0.13,0.42,0.59,0.52,0,0.95,0.84,0,0,0.83,0.82,0.17,0.34,0.51,0.88,0.31,0.93,0.29,0.21,0.12,0.95,0.36,0,0.37,0.55,0.53,0.05,0,0.23,0.61,1,0.03,0,0.31,0,0.15,0.79,0.07,0.62,0.23,0,0,0,0.17
"Area_03","Spring","F","F0393","Leporinus_friderici",0.43,0,0,0.04,0.88,0.65,0.55,0.33,0,0,0.73,0.17,0,0.75,0,0.83,0,0.04,0.1,0.86,0,0.15,0.57,0.38,0.27,0.16,0.8,0,0.53,0,0.13,0.39,0.9,0,0.7,0.68,0.19,0,0.7,0.19,0,0.69,0,0.89,0,0.23,0.21,0.71,0,0.44,0,0,0.69,0,0.35,0.44,0.9,0,0,0.99
"Area_03","Winter","F","F0394","Rhamdia_quelen",0.64,0.51,0.58,0,0,0.91,0,0.24,0.8,0.7,0.47,0.07,0.21,0.73,0,0.6,0,0.62,0,0.62,0,0.86,0.49,0,0.24,0,0.09,0,0.47,0.98,0.6,0,0.44,0.25,0.32,0.69,0,0.48,0,0.59,0.41,0.05,0.03,0.96,0,0.1,0,0.45,0.29,0.54,0.96,0.43,0,0,0,0.83,0,0.26,0.65,0.62
"Area_01","Autumn","M","F0395","Hoplias_malabaricus",0.19,0,0.58,0,0.4,0.89,0,0.46,0,0.55,0.55,0.16,0,0.74,0,0,0,0.41,0.89,0.11,0,0.24,0.39,0.04,0.66,0,0.19,0,0.69,0.62,0,0.18,0.27,0.35,0.67,0.32,0.67,0.67,0.76,0,0,0.23,0.15,0,0.66,0.26,0,1,0.77,0,0.8,0.93,0,0.5,0.18,0.94,0,0,0.37,0.24
"Area_03","Autumn","F","F0396","Cichla_ocellaris",0.09,0.88,0.28,0.25,0.21,0.23,0.03,0.27,0,0,0,0,0.52,0.13,0,0,0,0.06,0.38,0,0.92,0.37,0.75,0.25,0.87,0.07,0.69,0.79,0.96,0.52,0.77,0.2,0.98,0.24,0.99,0,0.69,0.35,0.48,0,0,0.12,0.81,0.16,0.74,0,0.76,0.49,0,0.16,0.81,0.18,0,0.66,0,0,0,0,0.47,0.31
"Area_03","Spring","F","F0397","Leporinus_friderici",0.57,0,0.25,0.7,0.88,0.6,0,0.13,0.49,0.94,0,0.82,0,0.05,0,0.9,0.84,0.35,0,0,0.64,0.44,0.15,0.25,0.03,0.06,0.3,0.28,0.6,0.4,0,0,0.7,0,0.28,0.55,0.1,0.48,0,0,0.52,0,0.2,0,0,0,0.38,0,0,0,0.31,0.13,0.82,0,0.06,0.87,0,0.57,0,0
"Area_03","Winter","M","F0398","Hoplias_malabaricus",0.82,0.9,0,0.89,0,0,0.84,0.09,0,0.84,0,0,0.52,0.1,0.54,0,0.52,0.54,0.41,0.09,0,0,0.63,0,0.85,0.81,0.91,0.41,0.86,0.25,0.47,0.8,0.53,0.37,0.08,0.61,0.93,0,0.65,0.12,0.17,0.61,0.53,0.45,0,0,0,0,0,0.04,0.42,0.73,0,0,0.09,0,0,0.92,0.85,0.72
"Area_04","Autumn","F","F0399","Astyanax_fasciatus",0,0.8,0,0,0.11,0.7,0.5,0.43,0.57,0.43,0,0,0.83,0.73,0.73,0,0.07,0.11,0.99,0,0.55,0,0.9,0.07,0.79,0,0,0.8,0.78,0.38,0,0.43,0,0,0,0.46,0.44,0,0.39,0.6,0.62,0,0,0.87,0.05,0.63,0.46,0,0.35,0.32,0,0.99,0.42,0.46,0,0.06,0.62,0.17,0.46,0
"Area_02","Spring","M","F0400","Geophagus_brasiliensis",0.58,0.9,0.49,0,0.18,0.92,0,0,0.88,0.09,0,0.88,0,0.08,0,0.26,0.54,0,0,0.92,0.1,0.71,0.42,0,0.81,0.51,0,0.58,0.5,0.59,0.68,0.16,0.08,0.06,0.34,0.17,0,0.34,0.24,0,0.32,0.49,0.77,0.73,0.83,0.67,0,0.35,0.36,0,0,0.85,0.13,0.35,0.29,0.93,0.7,0.41,0,0
"Area_03","Spring","M","F0401","Leporinus_friderici",0,0.45,0.76,0.82,0,0.85,0,0.88,0,0.58,0.84,0.61,0,0.3,0,0,0.1,0.62,0.45,0.71,0,0,0,0.05,0,0.37,0.79,0,0,0,0.25,0.29,0.77,0,0,0.67,0,0.53,0.88,0.28,0,0.2,0.86,0.17,0,0,0.4,0.36,0.87,0.87,0.2,0.14,0.76,0,0.4,0.76,0.7,0,0.72,0
"Area_03","Winter","M","F0402","Pimelodus_maculatus",1,0,0,0,0,0.33,0.1,0.28,0.14,0,0,0.14,0,0.65,0,0.67,0,0,0.85,0,0.18,0.53,0.98,0.89,0.32,0.58,0,0.46,0.69,0.31,0,0.79,0,0.71,0.35,0,0,0.64,0,0,0.86,0.18,0,0,0.99,0,0,0.38,0.1,0.02,0,0,0.48,0,0.1,0.49,0.44,0,0.3,0.6
"Area_03","Summer","M","F0403","Rhamdia_quelen",0,0,0.64,0,0.82,0.44,0.65,0.57,0,0,0,0.35,0.15,0.35,0,0.48,0,0.48,0.61,0.78,0.06,0.08,0.26,0,0,0,0,0,0.12,0,0.92,0.49,0.71,0.58,0,0.45,0,0,0.61,0.15,0.31,0,0,1,0.81,0,0.53,0.75,0,0.46,0,0,0.09,0.75,0.71,0.11,0.61,0.36,0.63,0.32
"Area_01","Spring","F","F0404","Rhamdia_quelen",0.18,0,0.63,0,0,0.27,0,0,0.2,0,0,0.57,0.76,0.41,0.39,0.37,0,0.42,0.6,0,0,0,0,0,0,0.57,0.4,0.44,0.61,0.48,0,0.2,0,0.51,0,0,0,0.12,0,0,0.83,0.96,0.13,0.73,0.78,0,0,0,0,0.6,0.34,0,0.31,0.4,0.31,0.52,0.21,0.76,0,0.13
"Area_01","Spring","F","F0405","Pimelodus_maculatus",0.38,0,0.78,0.15,0,0.22,0,0,0,0,0,0.61,0.94,0.51,0.72,0.22,0.2,0.72,0.93,0,0,0.07,0,0.78,0.99,0.5,0,0.3,0,0.17,0,0.66,0.91,0.94,0,0,0.72,0.74,0.76,0.63,0.24,0.67,0.08,0,0.4,0.46,0.59,0,0,0.74,0.62,0.59,0.93,0.94,0.26,0.57,0,0.36,0.69,0.93
"Area_03","Spring","M","F0406","Leporinus_friderici",0.54,0.72,0.4,0.12,0.12,0.51,0.8,0.74,0.62,0,0.62,0.6,0.17,0,0.76,0,0,0,0.23,0.44,0.82,0.46,1,0.68,0.91,0.76,0,0,0.58,0.03,0,0,0.4,0,0,0,0,0.2,0,0,0.63,0.31,0,0.9,0.03,0.55,0,0.89,0,0.98,0.61,0.64,0.44,0,0.45,0,0,0.37,0.83,0.58
"Area_02","Winter","M","F0407","Rhamdia_quelen",0.81,0.25,0.22,0,0.49,0.4,0.73,0.34,0,0,0,0.12,0.4,0.6,0,0.59,0,0,0.08,0,0,0,0.71,0.1,0,0.96,0.43,0,0,0.06,0.45,0.99,0,0,0.17,0.07,0.64,0.91,0.53,0.91,0.22,0,0,0,1,0.38,0.2,0,0,0.87,0,0,0,0.03,0.1,0,0.78,0,0.31,0
"Area_03","Spring","M","F0408","Rhamdia_quelen",0.7,0.85,0,0,0.15,0.43,0.41,0.15,0,0.92,0.36,0,0,0.45,0.38,0,0.35,0,0.14,0.22,0,0.64,0.4,0.99,0.17,0.06,0.66,0.32,0.72,0.22,0.56,0,0.69,0.47,0,0.81,0.53,0.13,0.74,0.19,0.27,0.91,0.71,0.06,0.74,0,0.62,0.06,0,0.94,0,0.2,0.22,0.39,0.11,0,0.11,0.13,0,0.64
"Area_02","Spring","F","F0409","Pimelodus_maculatus",0.9,0,0.46,0,0.38,0.1,0.96,0,0.15,0.73,0.3,0.78,0.5,0.46,0.5,0,0.73,0.31,0,0.13,0.63,0.23,0,0.51,0,0,0,0,1,0.65,0,0,0,0,0.09,0,0,0.39,0.81,0,0,0,0.68,0.91,0.02,0,0.52,0.03,0.4,0,0,0.97,0.23,0,0.1,0.3,0.31,0.58,0,0
"Area_01","Spring","M","F0410","Astyanax_fasciatus",0,0.11,0.56,0.18,0,0.68,0,0,0,0.97,0.46,0,0.45,0.57,0,0.87,0.18,0.66,0,0,0.34,0,0,0.14,0.96,0,0,0,0.75,0.54,0,0,0,0.26,0,0,0.02,0.04,0.34,0.3,0.76,0,0.61,0.8,0.23,0,0,0.04,0.73,0,0.37,0.12,0.38,0,0,0.63,0,0.49,0.97,0.44
"Area_04","Autumn","M","F0411","Rhamdia_quelen",0.26,0.49,0.75,0.32,0.74,0.52,0.45,0.7,0.17,0,0.53,0,0,0.77,0.74,0,0.92,0.09,0.5,0,0.39,0.14,0,0,0,0.85,0,0.07,0.32,0,0,0.71,0,0.84,0.92,0.35,0,0.48,0.85,0.22,0.03,0,0.8,0.76,0.5,0.18,0,0.07,0.04,0.43,0.83,0.13,0.86,1,0.66,0.05,0.15,0.55,0.56,0.95
"Area_02","Autumn","M","F0412","Astyanax_fasciatus",0.32,0,0.15,0.68,0.96,0.89,0.44,0.49,0.92,0.8,0.54,0.64,0.38,0,0,0.58,0.05,0.33,0.46,0.19,0.82,0.02,0.4,0,0,0,0,0.71,0,0.21,0.75,0.9,0.66,0,0,0.46,0.7,0.86,0.72,0.61,0.79,0.97,0.11,0,0.26,0,0,0.31,0.44,0.19,0,0.49,0.65,0,0.31,0.4,0.03,0,0.22,0.79
"Area_02","Winter","F","F0413","Geophagus_brasiliensis",0.75,0.82,0,0,0.46,0.7,0,0.21,0.23,0.37,0.6,0.75,0.35,0.09,0,0.48,0.08,0.85,0,0.01,0,0,0.12,0.93,0.66,0,0.22,0,0.48,0,0.81,0.13,0,0.27,0.68,0.06,0.59,0,0.68,0.33,0.7,0,0,0.07,0.17,0.89,0.73,0.2,0,0.85,0,0.27,0.96,0.95,0.03,0.4,0,0.18,0.2,0
"Area_02","Spring","F","F0414","Cichla_ocellaris",0,0.77,0,0.4,0,0.19,0,0.13,0.49,0,0,0,0.83,0.36,0.46,0.37,0,0.39,0.43,0.56,0,0.87,0.22,0.45,0.52,0.96,0.05,0,0.67,0.51,0.99,0.59,0.09,0.53,0.95,0,0.38,0.54,0.41,0,0.12,0,0.63,0.78,0.87,0,0.88,0,0.62,0,0.34,0.02,0,0.02,0.65,0.34,0.64,0.99,0.31,0
"Area_04","Winter","M","F0415","Astyanax_fasciatus",0.29,0,0,0.61,0.51,0.16,0.88,0.62,0,0,0.95,0.23,0.34,0.3,0,0,0.74,0.14,0,0.19,0,0,0,0,0.86,0.82,0.32,0.39,0.77,0,0.53,0,0.28,0.59,0.69,0.15,0.8,0,0.85,0.69,0.04,0,0.2,0,0,0.91,0,0.5,0,0.06,0.38,0,0,0.86,0,0.23,0.93,0.78,0,0
"Area_01","Spring","F","F0416","Astyanax_fasciatus",0,0.94,0,0.89,0.18,0.06,0.91,0.27,0,0,0.91,0.38,0,0,0.32,0.59,0.12,0,0.44,0.32,0,0.14,0.27,0,0.27,0.38,0.07,0.2,0.14,0.37,0,0.29,0.96,0.17,0.17,0,0,0,0,0.6,0.33,0.89,0.86,0.77,0,0.28,0,0.73,0.9,0,0.7,0.64,0.17,0,0,0.92,0,0.34,0.72,0.46
"Area_04","Autumn","M","F0417","Geophagus_brasiliensis",0.18,0.73,0,0.72,0,0.2,0.7,0.87,0.82,0.91,0,0.16,0.23,0,0.31,0.99,0.65,0,0,0.3,0.18,0.89,0,0.14,0.61,0.24,0.38,0.71,0.83,0.91,0.93,0.95,0.64,0.33,0.18,0.17,0.34,0.39,0.9,0.91,0.97,0,0.69,0,0.38,0.33,0.22,0.9,0.54,0,0.33,0.05,0,0.46,0,0.66,0,0.89,0.79,0.63
"Area_01","Winter","F","F0418","Pimelodus_maculatus",0.15,0.34,0.86,0.5,0.69,0,0.01,0.92,0,0.6,0.31,0,0.11,0.56,0.59,0.87,0.95,0.82,0.37,0,0.28,0.27,0.92,0,0.59,0,0.51,0.88,0.4,0.06,0.36,0,0,0.59,0.95,0.84,0.94,0,0.05,0,0.45,0.86,0.24,0.88,0.56,0.97,0.65,0,0.72,0.24,0,0,0.12,0.19,0.07,0,0.31,0.67,0.94,0.77
"Area_01","Winter","F","F0419","Pimelodus_maculatus",0,0.48,0.58,0.81,0.86,0.14,0.79,0,0.29,0.26,0.34,0,0,0.52,0.14,0.39,0.65,0.16,0.28,0.41,0.63,0.92,0.06,0.09,0.5,0,0.77,0,0,0.36,0.05,0,0.64,0.36,0.76,0.82,0.63,0.05,0.17,0.65,0.79,0,0.73,0.93,0,0.46,0,0,0,0,0.9,1,0.35,0,0.45,0.02,0,0.03,0.18,0.8
"Area_03","Winter","F","F0420","Rhamdia_quelen",0.55,0.97,0,0,0.91,0.98,0.83,0,0.77,0,0.1,0,0.93,0,0.52,0,0.73,0,0.41,0.38,0,0.05,0.35,0.94,0.4,0.31,0.95,0.07,0.9,0.85,0,0,0,0,0.44,0.22,0.72,0,0.32,0,0,0.54,0,0,0.84,0.25,0,0.6,0,0.78,0,0.43,0.96,0,0,0,1,0.22,0,0
"Area_03","Summer","F","F0421","Pimelodus_maculatus",0.55,0,0.5,0.22,0,0.49,0.45,0.52,0,0,0.49,0.28,0,0,0.72,0,0.74,0,0.66,0,0.65,0,0,0.72,0,0,0.28,0.15,0,0.27,0.07,0.08,0.3,0,0.19,0.22,0.85,0.3,0,0.68,0,0.62,0.59,0,0.08,0.56,0.05,0.7,0.94,0,0.3,0,0,0.3,0.82,0,0,0.33,0,0
"Area_01","Summer","M","F0422","Prochilodus_lineatus",0.71,0.24,0,0.3,0.29,0.38,0.16,0,0,0,0,1,0,0.39,0,0.71,0,0.05,0.71,0.05,0.33,0,0.1,0.95,0,0,0,0.12,0.08,0.97,0.3,0.07,0,0.58,0.24,0,0,0.68,0.79,0,0.73,0,0.97,0,0,0,0,0.19,0.68,0,0.74,0.26,0.74,0,0,0,0,0.91,0,0.94
"Area_01","Winter","M","F0423","Prochilodus_lineatus",0,0.31,0.14,0.11,0.34,0.92,0,0,0,0.52,0,0.21,0,0,0.6,0.7,0.07,0,0.44,0.38,0.01,0,0,0,0.03,0.51,0.03,0,0,0.2,0.29,0,0.32,0,0.74,0.44,0.06,0.29,0.73,0.04,0,0.29,0.81,0.85,0.92,0,0,0.54,0.49,0,0.89,0.81,0,0.73,0,0,0,0.67,0,0
"Area_03","Winter","M","F0424","Prochilodus_lineatus",0.76,0.35,0.42,0.2,0.55,0,0,0,0.27,0.55,0.73,0,0.66,0.07,0.52,0,0.42,0,0.14,0.32,0.97,0,0.22,0.26,0,0.45,0.26,0.92,0,0,0.21,0,0.06,0.74,0,0,0.63,0,0.03,0,0,0,0.3,0.07,0.73,0.7,0.9,0.76,0.72,0.45,0.16,0.46,0.45,0.64,0,0.47,0.45,0.72,0,0
"Area_01","Autumn","F","F0425","Pimelodus_maculatus",0.29,0,0.57,0.13,0.73,0,0,0,0.15,0.15,0,0.55,0.15,0,0.23,0,0.72,0,0,0,0.32,0,0,0,0.28,0.57,0.64,0.96,0.89,0,0.19,0.59,0.99,0,0,0.04,0,0.33,0,0,0.31,0,0,0.47,0.1,0.87,0.44,0.51,0,0,0,0,0,0.52,0,0.61,0.95,0.24,0.62,0
"Area_03","Autumn","M","F0426","Rhamdia_quelen",0.98,0.96,0.63,0,0.35,0.48,0.59,0.49,0.97,0,0.56,0.47,0.3,0.03,0,0,0.6,0,0,0,0.09,0.5,0.99,0.35,0,0,0.4,0.49,0.53,0.88,0.04,0.93,0.36,0,0.71,0.93,0.76,0.99,0.3,0,0.56,0.47,0.55,0,0.5,0,0,0,0.31,0.75,0,0.55,0.68,0.2,0.82,0.97,0.28,0.34,0.74,0.38
"Area_04","Summer","F","F0427","Astyanax_fasciatus",0.96,0,0,0.72,0.03,0.27,0.52,0.55,0.55,0.06,0.59,0.42,0.46,0.06,0.14,0,0.43,0.91,0.07,0,0.36,0,0,0.27,0.75,0.45,0.32,0.58,0.31,0.08,0,0,0.68,0.18,0,0,0,0,0.18,0,0.44,0.92,0.1,0,0,0,0.56,0.29,0.77,0.86,0.56,0,0,0.87,0.66,0.32,0,0.46,0.83,0.52
"Area_02","Winter","M","F0428","Hoplias_malabaricus",0,0.68,0.84,0.21,0.79,0.13,0.86,1,0,0.12,0,0.67,0.21,0,0.03,0.92,0.5,0,0.88,0.15,0,0.52,0.43,0.48,0,0,0.65,0,0.33,0,0.27,0.94,0.7,0,0,0.73,0,0,0,0.38,0.74,0.26,0,0,0.07,0.81,0,0.44,0.76,0,0.57,0,0,0.39,0.96,0.44,0.99,0.96,0.08,0.94
"Area_01","Autumn","F","F0429","Rhamdia_quelen",0,0.41,0.93,0.33,0,0.49,0.79,1,0.89,0.9,0,0,0.18,0,0.2,0.3,0,0.66,0.56,0.87,0.25,0.3,0.18,0,0.96,0,0.75,0.86,0,0,0,0.68,0,0,0.73,0.52,0.48,0.43,0,0.92,0.3,0.72,0.75,0.06,0,0.99,0.55,0.04,0.11,0.89,0,0.09,0.06,0.04,0.77,0.27,0.9,0,0,0
"Area_01","Winter","F","F0430","Leporinus_friderici",0.37,0,0.9,0,0,0.49,0.05,0,0.55,0,0.24,0,0.28,0.08,0.77,0,0.64,0.62,0,0,0,0,0,0,0.48,0.97,0.17,0,0.57,0,0.65,0.66,0,0,0,0.74,0.82,0.97,0,0.94,0.31,0.88,0,0.53,0.17,0,0.32,0.21,0.67,0.35,0,0.15,0.67,0.05,0.29,0.61,0.44,0.18,0.3,0
"Area_03","Winter","M","F0431","Leporinus_friderici",0.36,0.93,0.31,0,0.27,0.17,0.36,0.03,0.01,0,0,0.73,0,0,0.34,0.37,0.36,0,0,0.88,0,0,0.25,0.61,0.08,0,0.13,0,0.03,0.28,0,0,0,0.64,0.53,0.98,0.02,0,0,0.69,0.11,0,0.73,0,0.87,0,0,0,0.29,0.77,0,0.96,0,0,0.4,0.36,0.43,0.91,0,0.15
"Area_04","Autumn","F","F0432","Pimelodus_maculatus",0,0.37,0.55,0.66,0.8,0,0.88,0,0.79,0,0.24,0,0.68,0,0.95,0,0.04,0.49,0,0.9,0,0.32,0.01,1,0.77,0.72,0.81,0,0.35,0.68,0,0,0.79,0.58,0,0.89,0,0,0.55,0.55,0.19,0.44,0.9,0,0.89,0.69,0.31,0,0.95,0,0.85,0.28,0.22,0.93,0.59,0.76,0.52,0.64,0.55,0.55
"Area_02","Spring","M","F0433","Rhamdia_quelen",0.76,0.55,0,0,0,0.85,0,0,0.47,0,0.74,0.51,0.63,0.15,0.02,0.66,0.77,0.19,0.21,0.68,0,0.92,0.89,0,0,0.98,0.36,0.26,0.24,0,0.68,0,0.39,0.86,0,0.3,0,0,0,0,0.56,0.3,0.44,0,0,0.07,0.88,0,0.82,0,0,0.38,0,0.8,0,0.18,0.95,0.02,0.42,0.37
"Area_03","Summer","F","F0434","Prochilodus_lineatus",0.17,0,0,0,0.51,0.8,0.1,0.59,0.34,0.58,0,0.56,0.93,0.11,0.81,0,0.35,0,0.68,0.04,0.97,0,0.23,0,0.1,0.35,0.04,0,0.25,0.55,0.86,0.51,0.4,0,0.76,0.59,0.64,0.62,0,0.26,0,0,0.55,0.98,0.48,0.67,0.85,0.54,0,0.76,0,0.07,0,0.98,0.64,0.43,0,0,0.99,0
"Area_02","Winter","M","F0435","Pimelodus_maculatus",0.12,0,0.03,0,0,0,0.93,0.82,0.91,0,0.78,0.77,0.06,0.94,0.52,0.54,0.83,0.33,0.03,0.91,0.23,0.09,0,0,0.83,0,0,0.14,0.05,0.89,0,0.73,0,0.53,0.15,0.43,0.26,0.92,0.3,0,0,0.89,0,0.23,0.51,0.4,0.03,0,0,0,0,0,0,0,0.07,0.08,0.88,0.64,0.03,0.67
"Area_01","Summer","F","F0436","Geophagus_brasiliensis",0.72,0.51,0.58,0,0.6,0.67,0.14,0,0.4,0,0.21,0.03,0,0.51,0.67,0.81,0.04,0.09,0,0,0.46,0.77,0.68,0,0.06,0.63,0.42,0,0.21,0,0.66,0.23,0.14,0,0.78,0,0.15,0.36,0.86,0.68,0.93,0.05,0,0.97,0.29,0,0,0.35,0,0.44,0,0.47,0,0.6,0.99,0.63,0.5,0,0.83,0.14
"Area_02","Summer","M","F0437","Hoplias_malabaricus",0.45,0.64,0.26,0.82,0.99,0.87,0,0,0,0,0,0.91,0.4,0.28,0.82,0.48,0.42,0.78,0.72,0.31,0.94,0,0.29,0.83,0.93,0,0,0.04,0,0,0.7,0.27,0.47,0,0.53,0,0.25,0.52,0.97,0,0.29,0,0.41,0,0,0.36,0.95,0.87,0,0,0,0.14,0,0.46,0.47,0.88,0,0.04,0.39,0.28
"Area_03","Summer","M","F0438","Prochilodus_lineatus",0.04,0.24,0,0.63,0.82,0,0.87,0,0.25,0.3,0.43,0.36,0,0,0,0.37,0.69,0.28,0.98,0.86,0.87,0.27,0,0.39,0.51,0.71,0,0.38,0,0.11,0.52,0.08,0.85,0,0,0,0,0,0,0,0.49,0.51,0,0.91,0.15,0,0,0.29,0.32,0.57,0.08,0.18,0.66,0.68,0,0,0,0.05,0.82,0
"Area_02","Winter","M","F0439","Astyanax_fasciatus",0.92,0,0.21,0.27,0,0.74,0.62,0.98,0,0.97,0,0,0,0.7,0.52,0.75,0,0,0.04,0.85,0,0,0.42,0,0.81,0,0.07,0.78,0.06,0.16,0,0,0,0.35,1,0.68,0,0.33,0.27,0.36,0.11,0.25,0,0.48,0,0,0.13,0.05,0.68,0,0.25,0.52,0.72,0.16,0.37,0.7,0,0.81,0.57,0.81
"Area_03","Spring","F","F0440","Geophagus_brasiliensis",0.79,0,0,0.49,0,0.69,0.29,0,0.82,0.89,0.75,0,0.04,0.4,0.71,0,0.52,0,0,0.97,0,0.85,0,0.47,0.18,0,0.14,0,0.68,0,0.62,0.25,0.95,0,0.59,0,0.58,0.82,0.08,0.35,0,0.2,0,0.76,0.05,0.19,0.06,0.24,0,0.3,0.17,0.29,0.94,0,0,0.08,0.79,0,0.05,0.37
"Area_03","Spring","F","F0441","Rhamdia_quelen",0,0.77,0.89,0,0,0.79,0.04,0,0.79,0,0.99,0.84,0.65,0.84,0.87,0,0.95,0,0.4,0.37,0,0.38,0.06,0,0.13,0,0,0.98,0.04,0,0.75,0,0,0.15,0,0.05,0.42,0,0.29,0,0.78,0.41,0.71,0,0.84,0.03,0.51,0,0.47,0.74,0.13,0.81,0,0,0.85,0.13,0.56,0.09,0.88,0
"Area_01","Summer","M","F0442","Hoplias_malabaricus",0,0,0.47,0.12,0,0,0,0.38,0.53,0.22,0,0,0.24,0,0.53,0,0.72,0,0.89,0.51,0,0,0,0.47,0,0.99,0,0.88,0.41,0.99,0,0.71,0.45,0.11,0.51,0,0,0.9,0,0.42,0,0.61,0,0,0,0.12,0,0,0.28,0.63,0,0.88,0.72,0,0.46,0.53,0,0.88,0.2,0.29
"Area_02","Summer","F","F0443","Cichla_ocellaris",0.82,0.33,0,0.52,0,0.08,0.27,0.16,0,0.75,0.56,0.93,0.55,0,0.38,0.3,0,0,0.92,0,0.59,0.07,0,0.95,0.74,0.21,0.47,0.67,0,0.99,0.19,0.18,0.77,0.12,0,0.11,0.23,0.98,0.25,0,0.29,0.1,0.7,0,0.71,0.18,0,0,0.96,0.91,0,0,0.45,0.43,0,0,0.65,0.69,0,0
"Area_04","Winter","M","F0444","Geophagus_brasiliensis",0.72,0.1,0.59,0.66,0.05,0.33,0.84,0.97,0,0,0.98,0.79,0.15,0,0.93,0.57,0.2,0.65,0,0,0.69,0.91,0.33,0.67,0,0.21,0.44,0.59,0.36,0.79,0.4,0.41,0,0.11,0.01,0,0.52,0.97,0.1,0.02,0.78,0,0.2,0,0.02,0.95,0.78,0.99,0,0,0.26,0.72,0,0.65,0.93,0.67,0.84,0,0.71,0.15
"Area_01","Spring","F","F0445","Cichla_ocellaris",0.42,0.95,0.56,0.21,0,0.06,0,0,0.63,0.97,0,0,0.05,0.69,0,0,0.54,0.63,0.2,0,0,0,0.67,0,0,0.02,0.49,0.82,0,0.21,0,0.55,0,0.63,0.48,0,0.94,0,0.16,0.27,0,0.89,0.36,0.21,0.05,0.16,0.52,0,0.27,0.89,0.61,0.13,0.84,0.05,0.61,0,0,0.23,0.13,0
"Area_02","Winter","F","F0446","Prochilodus_lineatus",0.18,0.46,0.63,0.49,0,0,0,0.11,0.27,0.65,0.64,0.08,0.88,0.36,0.14,0.94,0.57,0,0.04,0.28,0.9,0.26,0,0.57,0.16,0.11,0.15,0.94,0.65,0.66,0.99,0.37,0.63,0.95,0.32,0,0.45,0.26,0.22,0.09,0.88,0,0.52,0.17,0,0.69,0.83,0,0.42,0.22,0.99,0.82,0,0,0,0.74,0.72,0,0.41,0.28
"Area_02","Autumn","F","F0447","Astyanax_fasciatus",0,0,0.62,0.83,0,0,0.54,0.42,0,0.14,0.88,0.49,0.56,0.34,0,0.37,0.96,0,0.11,0,0,0.55,0.88,0.88,0,0.69,0.12,0,0.31,0.15,0.39,0,0.09,0,0,0.62,0.13,0.57,0.44,0,0,0.63,0,0.18,0.64,0.51,0.58,0.86,0,0.13,0.08,0.14,0.95,0.62,0,0,0.15,0,0.64,0.83
"Area_04","Spring","F","F0448","Astyanax_fasciatus",0,0.18,0,0.86,0.8,0,0.38,0,0.9,0,0,0.39,0.3,0.26,0,0.78,0.38,0.69,0.41,0.81,0,0,0,1,0,0.25,0.29,0.48,0,0.19,0.4,0.03,0.08,0,0,0.67,0.72,0.02,0,0,0.46,0.31,0.66,0.03,0.64,0.26,0.54,0,0.15,0.11,0.64,0,0,0.02,0.93,0.07,0,0.07,0.83,0
"Area_02","Autumn","M","F0449","Pimelodus_maculatus",0.2,0.03,0.3,0.77,0.73,0.37,0.79,0,0.35,0.32,0.11,0.7,0,0.02,0,0,0.35,0,0.58,0.53,0,0.22,0.37,0.11,0.22,0.09,0.15,0.7,0.36,0.46,0,0,0.78,0.06,0.13,0,0,0.83,0.8,0.84,0,0.54,0.53,0,0,0,0,0.54,0.95,0,0.51,0.44,0.21,0.06,0,0,0.92,0.71,0,0
"Area_04","Autumn","M","F0450","Astyanax_fasciatus",0.57,0.22,0.77,0,0,0.98,0.64,0,0.68,0.57,0,0.88,0,0,0,0.06,0.58,0,0.89,0.77,0.96,0.46,0,0.36,0.12,0.15,0.58,0,0.73,0,0.28,0,0.15,0,0,0.89,0.83,0.23,0.92,0.7,0,0.96,0,0.23,0.11,0,0.49,0.85,0,0.61,0.36,0.46,0.77,0,0,0.13,0.26,0,0.15,0.19
"Area_02","Summer","M","F0451","Astyanax_fasciatus",0.59,0.33,0.62,0,0,0,0,0,0,0,0,0.68,0.9,0.53,0,0.18,0,0,0.64,0.82,0,0,0.55,0,0.84,0,0.14,0.4,0.76,1,0.16,0,0.59,0.95,0.93,0.87,0.85,0.68,0,0.52,0,0,0,0,0,0,0.5,0.33,0.55,0.19,0,0,0.41,0.61,0,0.75,0.25,0.66,0.97,0.73
"Area_01","Autumn","M","F0452","Hoplias_malabaricus",0,0.59,0,0.2,0.72,0,0.51,0,0.02,0.84,0,0,0.53,0,0,0.49,0.3,0,0.37,0.8,0.71,0.9,0.48,0,0.46,0.43,0.67,0,0.51,0.95,0.34,0.33,0.67,0.53,0.2,0.41,0,0,0.97,0.75,0,0,0,0,0.3,0.83,0.38,0.28,0.01,0,0.98,0,0.28,0,0.38,0.53,0,0,0,0
"Area_04","Autumn","F","F0453","Rhamdia_quelen",0,0.06,0,0,0.05,0.46,0,0.93,0.86,0.35,0.36,0.56,0,0.36,0.7,0,0.59,0.93,0,0,0.65,0.24,0.61,0.27,0.46,0.3,0,0.98,0,0.5,0.24,0.49,0.07,0,0.45,0,0,0.95,0,0.71,0.14,0.06,0.59,0.27,0.84,0.48,0.83,0.91,0,0.43,0,0.21,0,0,0,0.17,0.07,0,0.83,0.99
"Area_02","Winter","F","F0454","Pimelodus_maculatus",0.71,0,0.61,0.76,0.72,0.58,0,0.22,0,0.69,0,0.75,0,0.41,0,0.74,0,0,0.64,0.73,0.47,0.13,0.69,0,0.86,0.88,0.99,0,0.06,0.33,0.1,0,0,0,0.57,0.17,0.5,0,0,0.31,0.29,0.56,0.02,0.23,0.16,0,0.99,0,0.75,0.19,0.03,0,0.47,0.64,0,0.18,0,0,0.18,0
"Area_04","Autumn","F","F0455","Geophagus_brasiliensis",0.28,0.02,0.73,0.99,0.73,0,0,0.25,0.63,0,0.22,0.28,0.82,0,0,0.39,0.21,0.33,0.65,0,0.14,0,0.93,0,0,0.18,0,0.07,0.57,0,0.64,0.91,0,0,0.08,0.56,0.25,0.87,0.17,0.03,0.31,0.92,0,0.3,0.08,0.63,0.87,1,0.87,0,0.45,0.97,0.73,0.72,0,0,0,0,0.69,0.27
"Area_01","Spring","F","F0456","Pimelodus_maculatus",0.72,0.23,0,0.36,0,0,0,0.25,0,0.87,0,0,0,0.13,0,0.97,0.22,0.74,0.42,0,0.31,0,0.88,0.58,0.45,0.99,0.64,0.23,0.24,0.32,0,0,0,0.52,0.68,0,0,0.1,0.52,0.03,0,0.32,0.64,0.26,0.88,0,0.6,0.61,0.69,0,0.92,0,0.52,0.53,0.93,0.23,0,0.18,0,0.37
"Area_04","Autumn","F","F0457","Leporinus_friderici",0.61,0.53,0,0.23,0.31,0.33,0.16,0.33,0.78,0.54,0.22,0.73,0,0.94,0,0,0.06,0.44,0.61,0.28,0.38,0.67,0.94,0.5,0.11,0,0,0.78,0.81,0,0,0,0.16,0.67,0.03,0.08,0.79,0.13,0,0.92,0.05,0,0.03,0.79,0,0,0.95,0.78,0.58,0.46,0,0,0,0,0,0.72,0.3,0,0,0.03
"Area_02","Spring","M","F0458","Rhamdia_quelen",0.41,0.34,0,0,0,0.11,0.97,0.74,0,0.75,0.11,0,0,0.91,0.61,0.16,0.71,0.26,0.66,0,0.18,0.55,0.35,0,0.24,0.06,0,0.51,0.28,0.56,0.8,0.08,0.59,0.7,0,0,0,0,0,0,0.14,0,0.95,0.21,0.05,0.19,0.16,0.12,0,0,0,0.16,0.64,0.02,0.2,0.47,0.66,0,0.83,0.84
"Area_01","Autumn","F","F0459","Rhamdia_quelen",0.18,0,0.21,0,0,0.28,0.76,0,0,0,0.27,0.21,0,0,0.28,0.66,0,0.64,0,0.13,0.72,0.07,0,0.61,0,0.42,0.04,0,0,0,0,0,0,0.35,0,0,0.95,0,0.62,0.63,0.06,0.92,0,0,0.31,0.82,1,0,0.1,0,0.05,0.13,0.43,0,0.77,0.76,0.69,0,0.11,0.47
"Area_04","Spring","F","F0460","Cichla_ocellaris",0.03,0.96,0.41,0.92,0,0,0,0.04,0.11,0,0,0,0.86,0,0.14,0.84,0.66,0,0.97,0.5,0,0,0,0,0,0,0.89,0.04,0.45,0,0,0.34,0.75,0,0,0,0.71,0,0.45,0,0.6,0,0,0.14,0.79,0.81,0,0,0.69,0.66,0.39,0.87,0.88,0,0,0.34,0,0,0,0
"Area_04","Spring","M","F0461","Leporinus_friderici",0.16,0,0.58,0.92,0.99,0,0.12,0.13,0,0.18,0,0,0.8,0.56,0.16,0.96,0,0,0,0,0.9,0.93,0.87,0.82,0.99,0.23,0.28,0.25,0,0.23,0.85,0,0.26,0.38,0,0,0.14,0,0.19,0.22,0,0,0.88,0.95,0,0.42,0.74,0,0.96,0.39,0.89,0,0,0,0.4,0,0.78,0.13,0,0
"Area_03","Summer","M","F0462","Prochilodus_lineatus",0.59,0,0.49,0.38,0.76,0.12,0.88,0.38,0,0.4,0,0.66,0.5,0.41,0.81,0,0.75,0.32,0,0.78,0,0.33,0.71,0,0,0.17,0,0.47,0.4,0,0.94,0,0.12,0.11,0.64,0,0.89,0,0.7,0.93,0.05,0.39,0.89,0.35,0.38,0,0.77,0,0.29,0.55,0.58,0.74,0.48,0.66,0.05,0.91,0,0.64,0.75,0.11
"Area_02","Summer","M","F0463","Astyanax_fasciatus",0.23,0.1,0.62,0.14,0.6,0,0.49,0,0.71,0,0,0,0.09,0.17,0.23,0.97,0.19,0,0.83,0,0.04,0.97,0.69,0,0.02,0,0.81,0,0.56,0,0.29,0.16,0,0.1,0.62,0,0.07,0.95,0.29,0.03,0,0.11,0,0.72,0.29,0.46,0,0.45,0.36,0.45,0,0.16,0.52,0.21,0,0,0,0,0,0.41
"Area_01","Spring","F","F0464","Geophagus_brasiliensis",0.05,0,0.28,0,0.39,0.85,0,0,0.37,0.96,0,0.28,0.39,0.99,0,0,0.43,0.82,0,0.21,0.2,0,0,0,0.05,0,0.42,0,0,0,0.74,0.81,0.94,0.48,0,0,0.45,0.48,0.16,0.68,0.26,0.3,0.58,0.04,0.52,0,0.09,0,0,0,0,0,0.29,0,0.72,0.18,0.64,0.71,0,0.45
"Area_03","Spring","M","F0465","Cichla_ocellaris",0,0,0,0.99,0.79,0,0,0.62,0.7,0.53,0.75,0.24,0.78,0,0.42,0,0.65,0.55,0,0.36,0.19,0.71,0.8,0,0.98,0.89,0,0.32,0.8,0,0,0,0.03,0.79,0.46,0,0.28,0.44,0.07,0,0.65,0,0,0.16,0.96,0,0,0.01,0,0,0.92,0,0,0,0,0.57,0.6,0.56,0.88,0.15
"Area_02","Spring","F","F0466","Pimelodus_maculatus",0,0,0,0,0,0,0.99,0,0.45,0,0,0,0.41,0,0.47,0.55,0.4,0,0,0,0,0.66,0.15,0,0,0,0,0,0.78,0,0.6,0.39,0.02,0.41,0.23,0.47,0,0.54,0,0.82,0.12,0.55,0.5,0.4,0,0.57,0.27,0,0,0,0.36,0.45,0.67,0,0.39,0.14,0,0.71,0.34,0.6
"Area_04","Autumn","M","F0467","Geophagus_brasiliensis",0,0,0.55,0.26,0.17,0.11,0,0,0.11,0.02,0.48,0.41,0.03,0,0.25,0,0,0.39,0.07,0.07,0,0.88,0,0,0.26,0.7,0,0.41,0,0.04,0.52,0.14,0.37,0,0,0.2,0.4,0,0,0.86,0.98,0.86,0,0,0.92,0.72,0.1,0,0.9,0.87,0,0.12,0,0.66,0.99,0,0.08,0.65,0.62,0.86
"Area_03","Spring","F","F0468","Cichla_ocellaris",0,0.24,0.17,0,0,0.69,0.64,0.23,0,0.91,0,0.9,0.36,0.83,0.4,0.49,0.88,0.28,0.18,0,0.19,0.1,0,0,0.55,0.41,0.88,0.86,0.08,0,0.88,0,0.42,0.55,0.93,0,0,0.33,0.71,0.02,0,0.96,0,0.04,0.42,0.27,0.42,0,0,0,0,0.89,0.39,0.51,0.55,0,0.89,0.43,0.22,0.51
"Area_02","Spring","M","F0469","Geophagus_brasiliensis",0.73,0.76,0.98,0.31,0,0.78,0.45,0.12,0.03,0,0,0.99,0,0.69,0.78,0.21,0,0.9,0.45,0.2,0.42,0.28,0,0.53,0.62,0.35,0.78,0.68,0.37,0.95,0.69,0,0.36,0.66,0,0.79,0.33,0.24,0.04,0.81,0.77,0,0,0,0.76,0.31,0,0.53,0.07,0.19,0.3,0.9,0.51,0.94,0.03,0,0.82,0.26,0,0.98
"Area_03","Summer","M","F0470","Geophagus_brasiliensis",0.8,0.35,0.49,0.05,0.1,0,0.3,0,0,0,0.26,0,0.61,0,0.27,0.55,0.08,0.22,0.37,0.39,0.13,0.06,0,0.17,0.02,0,0,0.85,0.29,0,0,0,0,0.7,0.13,0.43,0.7,0,0.93,0,0.48,0,0.97,0,0,0.14,0.91,0,0,0.32,0.12,0.64,0,0,0.3,0.87,0,0,0,0.4
"Area_03","Spring","M","F0471","Hoplias_malabaricus",0.87,0.72,0.17,0,0,0.88,0.72,0.48,0.6,0.02,0,0.83,0.9,0.37,0.38,0,0.47,0.48,0,0.77,0,0,0,0.04,0.19,0.89,0.15,0.44,0.44,0.33,0,0.89,0.35,0,0.23,0,0,0.24,0.59,0.94,0,0.18,0.47,0.97,0.63,0.66,0,0,0.09,0,0,0.76,0,0.04,0.26,0.32,0,0.21,0.62,0
"Area_01","Spring","M","F0472","Pimelodus_maculatus",0.7,0.21,0.22,0.55,0.43,0,0,0.37,0.89,0,0,0,0.84,0.44,0.42,0.95,0,0.36,0.94,0.44,0,0.07,0.37,0.86,0.67,0.24,0.52,0.25,0.27,0.07,0.25,0.89,0.9,0.07,0.25,0.42,0.76,0.8,0,0.05,0.28,0,0,0.87,0.43,0.18,0.39,0.48,0,0.15,0,0.94,0.77,0.14,0,0,0,0.26,0,0.4
"Area_04","Autumn","M","F0473","Prochilodus_lineatus",0,0.06,0,0.86,0,0.76,0.77,0.26,0.68,0,0.1,0,0.6,0.92,0.25,0.91,0.47,0.08,0.86,0.46,0.85,0.71,0.56,0.06,0,0,0,0,0,0.96,0.35,0,0,0.68,0,0.5,0.88,0.3,0.17,0.27,0.22,0,0,0,0,0.2,0,0,0.78,0,0.76,0.16,0,0.48,0.84,0.29,0,0.49,0.85,0.86
"Area_02","Summer","F","F0474","Astyanax_fasciatus",0.5,0,0,0,0.71,0.98,0.75,0.21,0.17,0.07,0.12,0.84,0,0.59,0.01,0.09,0,0.65,0,0.72,0.65,0,0.43,0.26,0.03,0,0.59,0,0.16,0,0.86,0,0.79,0.14,0.05,0.38,0.78,0.22,0.66,0.27,0.11,0.72,0.38,0.01,0.25,0,0.13,0,0,0.51,0,0.35,0.3,0.5,0,0.85,0.65,0,0.92,0.42
"Area_03","Winter","F","F0475","Pimelodus_maculatus",0.78,0,0.15,1,0,0.13,0,0.77,0.25,0.65,0,1,0.04,0,0.25,0,0.71,0.97,0.3,0,0.99,0.63,0.54,0,0,0.09,0.04,0.65,0,0.28,0.16,0.62,0,0.76,0.16,0.63,0.85,0.74,0.35,0.77,0.98,0.88,0,0,0.28,0,1,0.43,0.18,0,0,0,0,0.52,0.95,0.74,0,0,0.88,0.74
"Area_01","Winter","F","F0476","Cichla_ocellaris",0.42,0,0,0.01,0.99,0,0.44,0.85,0.94,0,0.05,0.64,0.41,0,0.63,0.3,0.83,0,0.29,0,0.32,0.86,0,0.48,0,0.51,0.33,0.23,0.58,0,0.48,0.38,0,0.31,0.7,0.29,0,0.57,0,0.33,0.93,0.66,0,0.8,0.69,0.9,0.92,0,0,0.81,0,0.33,0,0.92,0.4,0.85,0.27,0.5,0.39,0.54
"Area_01","Autumn","M","F0477","Rhamdia_quelen",0.59,0.85,0,0,0.08,0,1,0.29,0,0,0,0,0.86,0.87,0.79,0.46,0.07,0.09,0.42,0,0.44,0.22,0.28,0.64,0,0.46,0,0.01,0,0.79,0.71,0,0,0.89,0,0,0,0.54,0,0.08,0,0.56,0,0.99,0,0.48,0.64,0.53,0,0,0,0.33,0.61,0.57,0.31,0.86,0,0.96,0.19,0.48
"Area_03","Summer","M","F0478","Pimelodus_maculatus",0.31,0,0.03,0,0.23,0.06,0,0.12,0,0,0.61,0.06,0,0.58,0,0.64,0,0,0.15,0.25,0,0,0,0,0.44,0.22,0.66,0.15,0.15,0.46,0.55,0,0,0,0,0,0,0.74,0.74,0,0.43,0.62,0,0.44,0.04,0.15,0.07,0.41,0,0.61,0,0.04,0.39,0,0.32,0.49,0.24,0,0.71,0.22
"Area_02","Winter","F","F0479","Hoplias_malabaricus",0,0.44,0.16,0,0.92,0.39,0.46,0,0,0,0.61,0,0.82,0,0.24,0.2,0.38,0,0.98,0,0,0.53,0.86,0.03,0.03,0.67,0.73,0,0.55,0.91,0,0,0.29,0.27,0.64,0.17,0.23,0.62,0.66,0.35,0,0.08,0,0.84,0.97,0,0.58,0,0,0.98,0.61,0.08,0,0.83,0.24,0.72,0,0,0,0
"Area_03","Autumn","M","F0480","Pimelodus_maculatus",0,0,0,0.63,0.09,0.43,0,0.53,0.1,0.34,0.65,0.26,0.05,0.33,0.43,0,0,0.12,0,0,0.32,0.51,0.99,0.63,0,0.48,0.93,0.28,0,0.89,0,0,0,0,0,0,0.43,0.9,0,0.27,0,0.45,0,0,0,0,0,0.44,0.63,0,0.56,0.74,0,0.18,0.55,0.83,0.93,0.88,0.79,0.88
"Area_02","Spring","F","F0481","Cichla_ocellaris",0.21,0,0.73,0.09,0.99,0.97,0.91,0.67,0.97,0.63,0,0,0,0.78,0.55,0.72,0,0,0,0,0.61,0,0,0,0.97,0.72,0,0.66,0.97,0.22,0.47,0.87,0.43,0,0,0.31,0.13,0.1,0.32,0,0,0,0,0.6,0,0,0,0.62,0,0.6,0.99,0,0.37,0.62,0.25,0.97,0,0,0.59,0
"Area_02","Winter","M","F0482","Rhamdia_quelen",0.23,0,0.44,0.61,0.99,0,0.19,0.81,0,0.71,0.95,0.73,0.47,0,0.4,0.74,0.64,0.32,0,0.13,0,0,0.52,0.15,0,0,0.82,0,0.83,0.36,0,0.97,0.39,0.29,0,0.83,0.83,0.75,0.23,0.6,0.66,0.01,0.73,0.78,0.04,0.66,0,0,0,0.6,0.68,0,0.22,0.12,0,0.89,0.11,0.52,0.29,0.1
"Area_02","Summer","M","F0483","Geophagus_brasiliensis",0,0.67,0,0.56,0.34,0.68,0.76,0.23,0,0.36,0.68,0,0.44,0.43,0.61,0,0.3,0.42,0,0,0,0.24,0,0,0,0.76,0.4,0,0.63,0.2,0,0.09,0,0.41,0,0.91,0,0.35,0.84,0.53,0.53,0,0.74,0.28,0,0.92,0.89,0.26,0,0.32,0.37,0.72,0.33,0,0.89,0.07,0,0.82,0,0
"Area_04","Winter","M","F0484","Leporinus_friderici",0.92,0.89,0.39,0,0.88,0.97,0.69,0.78,0,0,0.9,0.44,0,0.6,0,0.89,0.39,0.43,0.61,0,0,0.39,0.11,0.96,0,0.98,0.59,0.94,0.79,0,0.2,0,0,0.03,0.33,0,0.73,0,0,0.95,0,0.93,0.7,0.52,0.3,0,0.1,0.52,0.81,0,0.89,0.79,0,0,0.5,0,0.02,0.37,0.76,0.32
"Area_01","Summer","F","F0485","Leporinus_friderici",0.59,0,0.51,0.02,0.7,0.66,0.53,0.82,0.93,0.92,0,0,0.48,0.36,0.17,0,0,0.17,0.84,0.69,0,0.31,0.24,0.89,0.27,0,0.13,0,0,0.57,0.59,0.86,0.22,0.45,0,0.4,0.9,0,0,0.57,0,0.23,0,0.41,0,0,0,0.3,0.24,0.39,0,0.67,0.31,0.93,0,0.05,0,0,0.73,0
"Area_04","Summer","M","F0486","Rhamdia_quelen",0,0.51,0.52,0,0.48,0.51,0,0.65,0,0.11,0,0.59,0.56,0,0,0.81,0.63,0.81,0.17,0,0.11,0,0,0.94,0.34,0.59,0.05,0,0,0.52,0,0.34,0,0.1,0.26,0,0,0.45,0.23,0.78,0.83,0,0.43,0,0,0.44,0,0.32,0.21,0.96,0.04,0.4,0,0.13,0.02,0.74,0.97,1,0,0.96
"Area_02","Summer","F","F0487","Pimelodus_maculatus",0.38,0,0.91,0.4,0.98,0,0.48,0.62,0,0.97,0,0,0,0.44,0.91,0,0,0.5,0.04,0,0.43,0,0.88,0.73,0.41,0,0.29,0,0.97,0,0,0.17,0.24,0,0,0,0.74,0.1,0.38,0,0.75,0.24,0.48,0,0.79,0.25,0.04,0.7,0.22,0,0.52,0.23,0.62,0.26,0,0.72,0,0.58,0,0.76
"Area_01","Summer","M","F0488","Astyanax_fasciatus",0.57,0,0.18,0.41,0.77,0.97,0.85,0,0.12,0.12,0,0.42,0.46,0.68,0.39,0,0.11,0.98,0,0,0.97,0.84,0.77,0.12,0,0,0,0,0.18,0.07,0,0,0.27,0.24,0.65,0,0.43,0,0.55,0.96,0.26,0.92,0.83,0.27,0.53,0,0.36,0.46,0.35,0.95,0,0.08,0,0,0.61,0.08,0.65,0.92,0.18,0
"Area_04","Winter","F","F0489","Cichla_ocellaris",0.17,0.78,0.42,0.93,0,0,0,0.99,0.64,0.79,0.5,0.1,0,0.54,0.33,0.1,0,0,0,0.79,0.23,0,0,0,0.77,0,1,0,0.9,0.07,0.85,0.11,0.58,0.8,0,0.5,0.75,0.62,0.58,0,0.44,0,0.08,0,0.24,0.21,0.97,0.81,0.11,0,0,0.3,0.59,0,0,0.23,0.1,0.4,0.15,0.61
"Area_04","Spring","M","F0490","Pimelodus_maculatus",0,0.51,0.42,0.78,0.75,0.64,0,0.13,0.26,0.89,0.33,0.13,0.95,0,0.97,0.35,0,0.02,0,0,0.06,0.98,0.61,0,0.23,0.92,0,0.44,0,0,0.69,0.16,0,0.55,0,0,0.03,0.08,0,0.84,0.52,0.88,0.84,0.87,0.42,0.03,0,0.78,0,0,0.57,0,0,0.55,0.66,0.96,0.82,0,0,0.98
"Area_01","Autumn","F","F0491","Cichla_ocellaris",0,0,0.46,0.43,0.52,0,0,0.38,0.66,0.83,0,0,0.15,0.65,0.73,0.27,0,0.05,0.96,0.47,0.24,0.22,0.88,0.24,0.04,0,0.03,0.95,0.42,0.79,0.15,0.77,0.11,0.44,0,0,0.4,0,0.79,0.26,0,0.34,0.86,0.81,0,0,0,0,0,0,0,0.67,0,0,0.6,0.75,0.22,0.37,0.31,0
"Area_04","Summer","M","F0492","Astyanax_fasciatus",0,0.55,0,0.55,0.58,0.14,0.38,0.28,0.47,0.18,0,0.88,0.81,0,0,0.65,0.32,0,0.43,0.18,0,0,0,0.62,0,0.7,0.92,0.84,0,0,0.64,0,0.38,0.6,0,0.08,0.68,0.81,0.29,0,0.18,0.14,0,0.08,0.76,0.32,0.85,0.43,0.2,0,0.03,0.47,0.21,0.46,0.09,0.26,0,0.33,0,0
"Area_01","Autumn","M","F0493","Pimelodus_maculatus",0,0.36,0,0,0.99,0.22,0.85,0.03,0.9,0,0.52,0,0.74,0.94,0.04,0.99,0.74,0.61,0.01,0,0,0,0.47,0.47,0.75,0.89,0,0,0,0.29,0,0,0.2,0.06,0,0,0.41,0.93,0.73,0.44,0,0.22,0.23,0,0.51,0,0.72,0.45,0.55,0.94,0.73,0.95,0.96,0,0.67,0.86,0.47,0.52,0.51,0.69
"Area_04","Summer","F","F0494","Pimelodus_maculatus",0,0,0,0.29,0.89,0,0,0.56,0.69,0.15,0,0.68,0.93,0.1,0,0,0,0.46,0.33,0.46,0,0.53,0.78,0.17,0,0,0.07,0.37,0,0.54,0.67,0.49,0.83,0,0,0.07,0.9,0,0.58,0.64,0.04,0.31,0.45,0.94,1,0.58,0.36,0,0,0,0.26,0.62,0.49,0,0,0.32,0,0.33,0.21,0
"Area_02","Spring","F","F0495","Cichla_ocellaris",0,0,0.98,0.52,0,0.82,0,0,0.87,0.45,0,0,0.67,0.66,0.22,0.6,0,0.9,0.32,0.4,0.32,0,0.53,0.02,0.66,0.58,0.54,0.19,0,0,0,0.24,0.27,0,0.59,0.83,0.12,0.95,0.15,0.43,0.96,0.15,0.86,0.71,0.77,0,0,0,0.5,0.44,0,0.05,0.87,0,0,0,0.93,0.2,0.66,0.09
"Area_02","Autumn","M","F0496","Hoplias_malabaricus",0,0.25,0.89,0,0,0,0.89,0,0.46,0.77,0.7,0.17,0,0,0.48,0.95,0.59,0.92,0.88,0,0,0.67,0.98,0.62,0.25,0.33,0.29,0.65,0.16,0.28,0,0,0,0.53,0.94,0,0.39,0,0,0.88,0.3,0.22,0,0.69,0,0,0.76,0.36,0.59,0.53,0.25,0,0,0.95,0.66,0.59,0,0.16,0.08,0
"Area_04","Summer","M","F0497","Prochilodus_lineatus",0.71,0.46,0.99,0.46,0.83,0,0,0.51,0,0.57,0.82,0.68,0.76,0.62,0.93,0.26,0,0,0.48,0.99,0.56,0,0,0.92,0.87,0.78,0,0.1,0.05,0.71,0.48,0.61,0,0,0.62,0.54,0.31,0.19,0.04,0,0,0,0,0.62,0.24,0.75,0.51,0.04,0,0.87,0,0,0,0.04,0.16,0.68,0.76,0.11,0,0.85
"Area_03","Winter","M","F0498","Rhamdia_quelen",0.62,0.11,0.38,0,0.68,0,0.32,0.85,0.33,0.65,0.76,0.55,0.47,0.72,0.28,0.38,0.16,0.63,0.06,0,0.14,0,0,0,0,0.16,0.13,0,0.73,0.84,0,0.99,0.24,0.92,0,0,0,0,0.81,0,0,0.44,0,0,0.36,0.82,0,0.66,0,0.63,0,0.52,0,0,0,0.35,0,0.75,0.65,0
"Area_03","Autumn","F","F0499","Prochilodus_lineatus",0,0.02,0,0,0,0.31,0.52,0.95,0,0.07,0,0.05,0,0.67,0,0.4,0.76,0,0,0.68,0.51,0.47,0,0.69,0.2,0.63,0.83,0,0.85,0.13,0,0,0,0,0.8,0.34,0.25,0.6,0,0.75,0.19,0.02,0.86,0.96,0.36,0.15,0,0.93,0.86,0.56,0.07,0.7,0,0,0,0.8,0.47,0.93,0.65,0.7
"Area_01","Summer","M","F0500","Leporinus_friderici",0,0.11,0,0.48,0.91,0.59,0,0.56,0.64,0,0.12,0,0.66,0.1,0.37,0,0.91,0.86,0.19,0.31,0.28,0.37,0,0.83,0.46,0.69,0.07,0.39,0.25,0,0.58,0,0.99,0.99,0.71,0.54,0.34,0.53,0.18,0.44,0.14,0,0.71,0.81,0,0.76,0.38,0,0,0,0.64,0.77,0.75,0,0.44,0.6,0.35,0,0,0.51
"Area_02","Autumn","F","F0501","Rhamdia_quelen",0,0.23,0.15,0.07,0,0.42,0,0,0.15,0,0.26,0.46,0.7,0.89,0.93,0,0.61,0,0,0.97,0.71,0.12,0.04,0.92,0.58,0.11,0.68,0,0.38,0,0.3,0.17,0.67,0,0,0.55,0.98,0.84,0,0.33,0,0.5,0,0.08,0,0.99,0,0.83,0.47,0.84,0,0,0.48,0.69,0.7,0,0.95,0.86,0.12,0.53
"Area_04","Autumn","F","F0502","Geophagus_brasiliensis",0,0.15,0.51,0.07,0,0.38,0.27,0,0.83,0,0,0.57,0.18,0,0.63,0,0.63,0.78,0,0,0.06,0.42,0.72,0,0,0,0,0.95,0.73,0.42,0,0.68,0,0,0,0,0,0,0.32,0.31,0.32,0.72,0.41,0.51,0.14,0.48,0.21,0.39,0.05,0.85,0.73,0.03,0.97,0.01,0.75,0,0.87,0.25,0,0
"Area_04","Summer","M","F0503","Rhamdia_quelen",0.46,0,0.75,0.32,0.64,0,0.96,0,0.11,0,0,0.82,0,0,0.58,0.62,0.7,0.59,0,0.28,0.82,0,0.23,0.96,0.74,0.37,0.4,0.76,0,0.9,0.71,0,0.22,0.19,0,0,0.8,0,0.4,0.92,0,0.92,0.98,0.56,0.46,0.16,0,0,0.8,0,0,0,0.3,0.98,0.59,0.59,0.12,0.47,0.94,0.74
"Area_02","Winter","F","F0504","Geophagus_brasiliensis",0,0,0.21,0.32,0,0,0.99,0,0.76,0,0,0.73,0,0,0,0,0.14,0.61,0.45,0.03,0.84,0.3,0.42,0,0.44,0.54,0,0.82,0.05,0,0,0.77,0.3,0.18,0,0.41,0.19,0.1,0.07,0.27,0.84,0,1,0.04,0.92,0.87,0,0.96,0.5,0.41,0.69,0.81,0,0.03,0,0.59,0.68,0.28,0.5,0.61
"Area_03","Summer","F","F0505","Astyanax_fasciatus",0.09,0.57,0.67,0.37,0.38,0.06,0.3,0.92,0.99,0.45,0.53,0.71,0.39,0.29,0.32,0,0.08,0,0.38,0.08,0,0,0.2,0.15,0.88,0.54,0.5,0,0.51,0,0.87,0,0.92,0.89,0.65,0,0,0.91,0.04,0.31,0.58,0.21,0.69,0,0.73,0.23,0.48,0.25,0,0,0.65,0.11,0.29,0,0,0,0,0,0,0
"Area_03","Winter","F","F0506","Pimelodus_maculatus",0.35,0.59,0,0,0.91,0,0.88,0.14,0.18,0,0.64,0.7,0.03,0.82,0.69,0.29,0.11,0.2,0.88,0.08,0,0,0.52,0,0.95,0.33,0,0.45,0.2,0,0.72,0.98,0.97,0,0.41,0.36,0.73,0.96,0.63,0.48,0,0,0,0,0.34,0.21,0,0.94,0.29,0.69,0,0.27,0.47,0,0,0,0,0,0.06,0.45
"Area_03","Winter","M","F0507","Hoplias_malabaricus",0,0.08,0.9,0.72,0.78,0.75,0.46,0.43,0,0.55,0.8,0,0,0,0.5,0.11,0.98,0.11,0.49,0.23,0.9,0.38,0,0.85,0.33,0.89,0.79,0.82,0,0.74,0.23,0.76,0.02,0.3,0.81,0,0.79,0,0.13,0.03,0,0.84,0.03,0.35,0.32,0.19,0.53,0,0.66,0,0,0.85,0,0,0.7,0,0.36,0,0.47,0
"Area_03","Summer","F","F0508","Astyanax_fasciatus",0,0,0,0.54,0.84,0.11,0.4,0.81,0,0,0.87,0.28,0,0.08,0.83,0.75,0.7,0,0.43,0,0.1,0.66,0,0.24,0.44,0.27,0.06,0.64,0,0.1,0.38,0.12,0.29,0.66,0.1,0.71,0,0.37,0.96,0.38,0,0,0.65,0.25,0,0.93,0.51,0.45,0.52,0.57,0.96,0.64,0.52,0.37,0.58,0.68,0.23,0,0,0.26
"Area_02","Autumn","F","F0509","Prochilodus_lineatus",0.79,0.59,0.56,0.59,0.31,0,0,0,0.94,0,0.64,0.34,0,0.4,0.14,0.83,0,0.17,0,0.52,0,0.09,0.18,0,0,0.86,0.07,0,0.96,0,0.02,0.8,0,0.99,0.13,0.29,0.23,0.24,0.47,0.86,0.36,0,0.41,0.53,1,0.76,0,0.13,0.43,0.08,0.66,0.92,0,0,0.85,0.82,0,0.4,0,0.79
"Area_01","Spring","F","F0510","Astyanax_fasciatus",0.74,0.77,0.04,0.9,0.62,0.24,0,0.45,0,0.29,0,0.08,0.99,0.9,0,0.43,0.96,0,0.99,0,0.12,0.48,0.35,0,0.98,0,0.78,0,0,0.92,0.91,0.53,0.84,0.64,0,0.29,0,0,0.73,0.66,0.14,0.51,0,0.99,0,0.86,0.18,0.16,0,0.09,0,0.65,0.71,0.91,0,0,0.93,0,0.99,0
"Area_04","Winter","F","F0511","Pimelodus_maculatus",0.82,0.44,0,0.23,0,0,0.35,0,0.8,0,0,0,0.7,0,0.32,0,0.88,0.54,0.31,0.44,0,0,0.44,0,0.89,0,0.63,0.32,0.56,0.36,0,0,0.73,0.28,0.47,0,0.7,0.86,0.55,0.2,0,0.32,0,0,0,0.09,0.86,0.32,0.09,0.85,0.99,0.55,0.94,0.63,0,0,0.77,0.67,0.63,0
"Area_01","Spring","F","F0512","Rhamdia_quelen",0,0.64,0.58,0.84,0.41,0,0.2,0,0.76,0.1,0.61,0,0.25,0.52,0,0.97,0.79,0.99,0,0.63,0.66,0.95,0.87,0.97,0,0.05,0.83,0.86,0,0.64,0.32,0.38,0,0.27,0,0.51,0,0,0.12,0.86,0,0,0,0,0.23,0.77,0,0.43,0,0.33,0.92,0.31,0,0.58,0.47,0.35,0.94,0.84,0.07,0.83
"Area_04","Spring","F","F0513","Hoplias_malabaricus",0.16,0.75,0.94,0.8,0.79,0.07,0.16,0,0.34,0.02,0.58,0.52,0.03,0,0.84,0,0.89,0.05,0,0,0.31,0.93,0,0,0,0.53,0.05,0.21,0,0.53,0,0,0.18,0.05,0,0,0.33,0.06,0.89,0.66,0.56,0.31,0.43,0.11,0,0.01,0.75,0.51,0.93,0.48,0,0.26,0.68,0.3,0.5,0,0,0.13,0.93,0
"Area_03","Winter","M","F0514","Pimelodus_maculatus",0.66,0.7,0,0.2,0.76,0.13,0,0,0,0.97,0,0.32,0.18,0.62,0.73,0,0.62,0,0.77,0,0,0,0.02,0.65,0.15,0.22,0.86,0.81,0,0.9,0.04,0.33,0.53,0.61,0.91,0,0,0,0,0.43,0,0,0.77,0.67,0.9,0.57,0.33,0.4,0.09,0,0.89,0,0,0,0,0.1,0.72,0,0.78,0.33
"Area_04","Autumn","F","F0515","Astyanax_fasciatus",0.4,0.98,0.57,0.89,0.87,0.83,0.64,0.28,0.51,0,0,0.4,0,0,0.15,0.42,0.09,0.51,0,0,0.31,0.96,0.95,0.91,0,0.75,0.77,0,0,0,0,0,0.25,1,0.91,0,0.4,0,0,0.7,0.87,0.95,0.14,0.95,0,0.05,0.99,0.74,0.35,0.78,0.14,0.55,0.31,0.65,0.52,0,0.32,0,0.14,0.65
"Area_04","Spring","M","F0516","Pimelodus_maculatus",0,0,0.18,0.03,0,0.77,0.03,0,0,0.38,0,0.91,0.04,0,0.24,0.23,0.44,0,0.48,0.62,0,0,0,0,0.41,0,0.74,0.39,0.29,0.67,0.36,0.59,0.53,0.02,0.56,0.08,0.47,0,0,0,0,0.75,0.51,0.51,0.52,0,0.63,0.8,0,0,0.41,0.63,0.7,0.95,0.05,0.6,0.25,0,0,0.59
"Area_04","Summer","M","F0517","Pimelodus_maculatus",0.14,0.07,0.75,0,0,0,0.99,0.57,0.35,0.74,0.38,0.33,0.49,0.05,0.7,0.33,0.33,0.3,0.68,0.31,0,0.8,0.42,0.78,0,0.62,0,0,0.34,0.64,0,0,0,0,0,0,0,0,0.33,0,0.27,0.38,0.1,0,0.49,0.74,0.03,0.85,0,0,0,0,0.33,0,0.25,0.25,0.07,0.04,0,0.35
"Area_01","Autumn","M","F0518","Geophagus_brasiliensis",0.14,0.43,0.31,0.42,0.34,0.25,0,0,0.23,0.43,0.03,0.71,0.71,0.14,0,0.73,0.11,0,0,0.85,0.83,0.16,0.77,0.22,0,0,0,0,0.06,0.56,0.2,0.49,0.56,0,0.72,0,0,0,0,0,0.22,0.24,0,0.39,0.68,0,0,0,0.93,0,0.42,0.08,0,0.39,0,0,0.37,0.33,0.07,0.29
"Area_02","Spring","F","F0519","Cichla_ocellaris",0,0.31,0.69,0.58,0.21,0,0.23,0.16,0.54,0.05,0,0.18,0,0,0.33,0,0.49,0.96,0,0,0.24,0.18,0,0,0.19,0.79,0.74,0.79,0.16,0.08,0,0.07,0,0.69,0.91,0.75,0,0,0.77,0.38,0,0,0,0.32,0.19,0.35,0.47,0,0.31,0,0,0,0.05,0,0.52,0.08,0.13,0.11,0.24,0
"Area_02","Summer","M","F0520","Cichla_ocellaris",0.51,0,0.13,0.14,0.19,0,0.68,0,0.72,0.41,0.04,0.9,0,0.08,0,0.98,0.34,0,0.83,0,0.09,0.74,0.79,0.39,0,0,0,0.96,0,0.71,0.04,0.92,0.72,0.24,0,0.25,0,0.3,0.39,0.62,0.22,0,0.93,0.06,0.78,0.74,0.89,0,0,0.97,0.09,0.07,0,0,0.5,0,0.08,0,0.45,0.23
"Area_04","Summer","M","F0521","Astyanax_fasciatus",0.49,0.45,0.49,0,0.32,0.13,0,0.47,0,0.52,0.92,0.41,0,0,0,0.43,0.19,0.89,0.91,0.92,0.42,0,0.54,0,0,0.06,0.46,0,0.19,0,0.19,0.47,0.48,0.22,0.41,0.16,0.33,0.47,0,0,0.24,0,0.02,0.05,0.8,0.43,0,0,0.12,0.26,0.41,0.85,0,0.76,0.52,0.52,0.58,0.37,0,0.18
"Area_04","Autumn","M","F0522","Prochilodus_lineatus",0,0.65,0.1,0,0.99,0.22,0,0.44,0,0.76,0.04,0.87,0,0,0.41,0.88,0,0.61,0.82,0.41,0,0,0.56,0.25,0.09,0.85,0.32,0.46,0,0,1,0.31,0.94,0.06,0.65,0.16,0,0.98,0.13,0,0.41,0,0.13,0.16,0,0,0.18,0,0.27,0.1,0,0.37,0.81,0.79,0,0.96,0.06,0,0,0.83
"Area_03","Summer","M","F0523","Cichla_ocellaris",0.2,0.03,0.3,0.28,0.1,0.83,0,0.19,0,0.92,0,0.1,0.04,0.5,0.18,0,0,0.34,0,0.44,0,0.79,0,0,0.72,0,0.87,0,0.04,0.71,0.38,0.49,0,0,0,0.75,0,0.84,0,0.48,1,0,0.09,0,0.07,0.34,0,0,0,0.67,0,0,0,0.91,0.73,0,0.11,0.32,0.56,0.59
"Area_02","Winter","M","F0524","Prochilodus_lineatus",0.76,0.24,0,0.63,0,0,0,0,0,0.63,0.16,0.22,0.89,0.36,0,0.79,0.39,0,0.31,0,0,0.72,0.25,0.23,0.89,0,0.57,0.75,0.23,0.61,0,0.6,0.95,0.27,0,0.5,0.06,0,0.22,0.77,0.21,0.41,0,0.06,0.76,0.76,0,0.49,0.39,0.02,0.16,0.4,0.45,0.14,0,0.82,0.23,0.1,0.6,0.24
"Area_01","Summer","F","F0525","Hoplias_malabaricus",0,0.49,0,0,0.09,0.42,0,0.96,0,0.96,0.32,0,0.45,0,0,0,0,0,0.39,0,0.58,0.1,0,0.16,0,0.72,0.99,0,0.22,0.04,0.61,0.2,0,0.78,0.32,0,0,0.74,0,0.3,0.6,0.31,0.04,0.3,0,0.48,0,0,0.11,0.87,0.75,0.84,0.56,0,0.51,0,0,0.43,0.94,0.61
"Area_04","Autumn","M","F0526","Pimelodus_maculatus",0.17,0.89,0,0,0.22,0,0.62,0,0,0.36,0.91,0,0.9,0.23,0.22,0,0.58,0,0.77,0,0,0,0.95,0.06,0.81,0,0.08,0.2,0,0.46,0.03,0.26,0.13,0.55,0,0.58,0.16,0,0.12,0.58,0,0,0.7,0.05,0.93,0.82,0.95,0.27,0.77,0.92,0,0.38,0.55,0,0.6,0.17,0.21,0.72,0.08,0.78
"Area_03","Summer","F","F0527","Geophagus_brasiliensis",0.15,0.28,0.04,0,0.87,0,0,0.38,0.39,0.99,0.89,0.3,0.05,0,0,0.56,0,0.06,0,0,0,0.96,0,0,0.86,0,0,0,0.51,0,0,0.93,0,0,0.71,0.12,0.07,0.81,0.66,0.31,0.16,0,0,0.5,0.74,0.92,0.05,0.53,0,0.06,0.11,0.93,0.96,0.77,0.8,0.56,0.34,0,0,0.68
"Area_01","Winter","M","F0528","Geophagus_brasiliensis",0,0.31,0.44,0,0.15,0.56,0.81,0,0.25,0,0,0.17,0,0,0.84,0.47,0.41,0.4,0.5,0,0.91,0.19,0.79,0.59,0.78,0.18,0.75,0.75,0.59,0.39,0,0,0,0.95,0.91,0,0.41,0.05,0,0.39,0.39,0.22,0.75,0,0,0.69,0.84,0.65,0.6,0.08,0,0.99,0,0.84,0,0,0.03,0.33,0,0.61
"Area_01","Winter","M","F0529","Hoplias_malabaricus",0.67,0,0,0.65,0.03,0.35,0,0,0,0,0,0.1,0.46,0.23,0.55,0.51,0.23,0,0,0,0.17,0,0,0,0.76,0,0,0.68,0,0,0,0.47,0.11,0,0.82,0,0.29,0.17,0.44,0.86,0.05,0,0.14,0.19,0.43,0,0.14,0,0,0.85,0,0.26,0,0.7,0.47,0.54,0.4,0.32,0.55,0.46
"Area_03","Winter","F","F0530","Prochilodus_lineatus",0,0.47,0.23,0.51,0.05,0,0,0.32,0,0.31,0.37,0.12,0.85,0,0,0,0,0.64,0.63,0.4,0.88,0,0.98,0.48,0.75,0.56,0,0.6,0,0,0.37,0.09,0.9,0,0.59,0.89,0.55,0.29,0.16,0.3,0.8,0,0.58,0.31,0.29,0.34,0.58,0.79,0,0,0,0,0.74,0.21,0,0.59,0,0.74,0,0
"Area_04","Spring","F","F0531","Geophagus_brasiliensis",0.72,0.01,0.06,0,0.71,0,0.26,0,0.37,0,0.64,0,0,0.2,0.64,0.64,0,0.78,0.15,0,0.04,0.04,0.66,0.17,0,0.43,0,0.82,0.84,0.72,0.59,0,0,0,0.35,0.74,0,0,0.11,0,0.92,0.25,0.44,0.68,0.42,0,0.47,0.19,0.82,0.75,0,0,0.62,0.83,0.17,0.94,0.44,0.94,0.29,0
"Area_04","Autumn","M","F0532","Hoplias_malabaricus",0.71,0.07,0.32,0.86,0,0,0.73,0,0.28,0.65,0.39,0,0,0.24,0.07,0,0.66,0.06,0,0.9,0.4,0,0.56,0.34,0.45,0,0.47,0,0.28,0.65,0.8,0.57,0.01,0,0.68,0.7,0.95,0.61,0.21,0.21,0.9,0.49,0.93,0,0,0.28,0.89,0.87,0.32,0.73,0.38,0,0,0.56,0,0.81,0.72,0,0.91,0.82
"Area_02","Spring","M","F0533","Astyanax_fasciatus",0,0.93,0,0.87,0.36,0.14,0,0.05,0.64,0.92,0.48,0,0,0.83,0.12,0,0,0.56,0.3,0.12,0.01,0,0,0.84,0.8,0.01,0,0,0.06,0.09,0,0,0.53,0,0,0.76,0,0.15,0,0.27,0.88,0,0,0,0,0.86,0.17,1,0,0.37,0.94,0,0,0.81,0,0,0.22,0,0.9,0
"Area_01","Autumn","M","F0534","Astyanax_fasciatus",0,0.48,0.48,0.16,0,0.37,0.01,0.12,0.5,0.56,0,0.19,0.4,0.03,0,0.61,0.31,0,0.35,0,0,0,0.37,0.94,0.02,0.53,0.57,0.43,0,0,0.59,0.74,0.52,0,0.78,0,0.19,0.54,0.42,0.18,0.43,0.73,0.46,0.29,0.53,0.57,0,0,0.23,0.65,0.35,0,0.78,0.97,0.61,0.99,0,0,0.48,0
"Area_01","Autumn","F","F0535","Leporinus_friderici",0,0.84,0.36,0.85,0,0.19,0.75,0.86,0.17,0,0,0,0,0,0.93,0.74,0.12,0.17,0.93,0.93,0,0,0.7,0,0.36,0.46,0.33,0,0.57,0.27,0,0.19,0.79,0.77,0.52,0.61,0,0.15,0.34,0.87,0,0,0.06,0.08,0,0,0.69,0,0.46,0.67,0.37,0.3,0,0,0.44,0,0.82,0,0,0
"Area_02","Summer","M","F0536","Rhamdia_quelen",0.44,0.83,0,0.42,0.45,0,0.7,0,0,0.84,0,0.83,0.11,0.64,0.71,0,0,0.15,0,0,0,0.62,0,0.85,0.45,0,0,0,0.63,0,0.86,0.27,0,0.98,0,0.26,0.44,0.6,0.69,0.66,0.22,0,0,0.64,0.59,0,0.87,0.06,0.12,0.27,0.3,0.77,0.43,0.53,0.98,0.65,0.88,0.92,0.94,0.63
"Area_02","Winter","F","F0537","Hoplias_malabaricus",0.05,0.77,0.89,0.17,0.41,0.8,0.56,0,0.63,0,0.62,0.31,0.29,0,0,0.74,0,0.67,0.18,0.52,0.2,0.03,0.53,0.21,0.62,0.06,0,0.7,0,0.8,0.85,0.54,0.53,0,0.19,0.77,0.55,0.39,0,0.92,0.64,0.88,0,0.63,0.75,0.35,0.32,0,0.56,0,0.62,0.43,0,0.57,0.45,0,0.95,0.52,0.89,0.96
"Area_02","Autumn","M","F0538","Cichla_ocellaris",0,0,0,0.79,0.98,0.73,0.56,0.47,0.68,0,0,0.7,0.02,0.46,0.21,0.16,0,0.48,0,0,0,0.89,0.41,0.47,0.15,0.94,0.6,0.16,0,0.1,0,0.93,0,0.79,0.41,0.08,0.51,0.28,0,0.16,0.14,0.69,0,0.11,0,0.31,0.87,0.3,0,0.63,0.16,0.34,0.42,0.31,0,0,0.36,0.18,0.62,0.47
"Area_02","Autumn","F","F0539","Rhamdia_quelen",0.71,0,0,0,0.43,0.01,0.76,0.58,0,0.62,0,0.08,0,0,0.85,0.41,0.87,0.63,0.35,0.23,0,0.1,0.22,0.44,0.32,0.43,0.92,0.07,0,0.43,1,0,0.78,0.09,0,0.41,0,0.3,0,0.99,0.47,0,0,0,0.44,0.39,0,0,0.54,0,0.53,0.43,0.08,0.97,0,0,0.79,0.87,0.12,0
"Area_01","Summer","F","F0540","Rhamdia_quelen",0,0,0,0.75,0.05,0.07,0,0,0,0,0,0.82,0,0.25,0,0,0.71,0,0.44,0,0.04,0,0,0,0.77,0.02,0.64,0,0,0,0.25,0,1,0.71,0.09,0.25,0.18,0.15,0,0,0.03,0.51,0,0,0,0.77,0.29,0,0.66,0.64,0.29,0,0,0,0.54,0.1,0,0.8,0.27,0
"Area_03","Winter","F","F0541","Geophagus_brasiliensis",0.44,0.25,0.83,0,0.89,0.4,0,0,0.42,0.9,0.81,0,0,0,0,0,0,0.5,0,0.1,0,0,0,0.84,0.15,0.88,0.15,0.69,0,0.17,0.26,0.74,0.69,0,0.86,0,0.64,0.22,0.55,0.79,0.32,0.99,0.19,0.05,0.76,0.87,0,0.16,0.25,0,0,0,0.6,0.02,0.18,0.91,0.85,0.93,0.1,0
"Area_03","Autumn","M","F0542","Geophagus_brasiliensis",0,0.62,0,0,0,0,0.34,0.24,0.31,0,0.23,0.78,0.88,0.13,0,0.23,0,0.48,0,0.97,0,0.75,0.8,0.67,0.97,0,0.51,0.56,0.26,0.89,0.78,0.13,0.58,0,0,0,1,0.77,0.88,0.78,0.75,0,0.34,0.84,0.12,0.95,0,0.56,0,0.21,0.06,0.08,0.84,0.35,0.81,0,0,0.87,0,0.46
"Area_02","Spring","F","F0543","Prochilodus_lineatus",0.49,0,0.39,0.93,0.99,0,0.21,0.74,0.32,0,0.83,0,0.77,0.54,0.12,0.63,0.98,0.67,0,0.99,0,0.7,0.66,0.63,0.84,0,0.23,0.92,0.3,0.86,0,0.8,0,0.15,0.04,0.43,0.28,0,0.52,0.8,0.2,0.82,0.7,0.81,0,0,0,0.52,0,0.3,0.21,0.62,0,0,0.22,0,0.28,0.81,0.89,0.41
"Area_04","Summer","M","F0544","Geophagus_brasiliensis",0,0,0.68,0.28,0,0.28,0.4,0,0.95,0,0,0.55,0,0.19,0.63,0.5,0.3,0,0.7,0.22,0,0.73,0.97,0.75,0,0.31,0.38,0.4,0,0,0.78,0,0.28,0.34,0.47,0.29,0.36,0,0.84,0.85,0.96,0.26,0,0.5,0.69,0.4,0.78,0.1,0.3,0,0.81,0.27,0.34,0.11,0.37,0.84,0,0.09,0.02,0.69
"Area_04","Summer","F","F0545","Hoplias_malabaricus",0.85,0,0.95,0,0.97,0.77,0.44,0.84,0.53,0.41,0.7,0,0,0.15,0.14,0.8,0.14,0.21,0,0,0.33,0.1,0.36,0.26,0,0,0.23,0.21,0,0.92,0.22,0.98,0.17,0.97,0.63,0.56,0.07,0.88,0.18,0.14,0.81,0,0,0.87,0.85,0,0.62,0,0.63,0.78,0.56,0.25,0,0.43,0.61,0,0,0.41,0.3,0.86
"Area_03","Spring","F","F0546","Rhamdia_quelen",0.66,0,0,0.5,0.94,0.41,0.7,0.43,0.52,0.36,0,0,0.35,0.15,0.83,0.05,0.47,0,0.56,0.91,0,0.26,0,0,0,0.68,0.16,0.46,0.77,0.98,0.19,0,0,0,0.72,0.07,0.54,0.46,0.03,0.99,0.79,0.25,0.59,0,0.02,0.52,0.23,0,0.37,0.92,0.8,0,0.13,0,0.86,0.26,0,0.27,0.19,0.11
"Area_03","Spring","F","F0547","Astyanax_fasciatus",0,0,0.69,0,0.95,0,0.07,0.64,0,0,0.94,0.21,0,0.78,0.79,0.85,0.06,0.3,0.23,0.25,0.31,0,0.28,0.7,0.71,0,0,0.57,0.86,0.26,0.02,0.15,0.88,0,0,0.99,0.41,0.84,0.66,0,0.17,0,0.39,0.8,0,0.6,0.88,0,0.48,0,0.27,0.82,0.74,0.81,0.89,0,0.25,0.4,0.36,0.21
"Area_04","Autumn","F","F0548","Cichla_ocellaris",0,0.1,0.1,0,0,0.5,0.04,0.02,0.15,0.17,0,0,0,0,0.83,0.55,0.73,0.18,0,0.67,0.32,0,0.04,0,0.53,0,0,0.32,0.92,0.94,0.75,0.57,0,0,0.38,0.24,0.41,0.03,0.16,0.07,0.8,0,0,0.33,0.7,0,0,0.93,0,0.46,0.97,0,0.94,0,0.99,0.7,0.3,0,0,0
"Area_04","Autumn","M","F0549","Pimelodus_maculatus",0.87,0,0,0.65,0,0,0,0.26,0.2,0.15,0.35,0,0.21,0,0.82,0,0.02,0,0,0.23,0,0.67,0.42,0.73,0.63,0.46,0,0,0.84,0.94,0.17,0.17,0.04,0.08,0.27,0,0.92,0.15,0.54,0.01,0.16,0.61,0,0,0,0,0.93,0.39,0,0,0,0.66,0.23,0.68,0,0,0,0.42,0.62,0.22
"Area_03","Autumn","M","F0550","Leporinus_friderici",0,0,0.93,0.3,0,0.11,0,0.82,0.49,0.66,0,0.28,0,0.72,0,0.35,0,0.18,0.89,0.35,0.89,0.88,0.15,0.73,0.46,0,0.39,0.84,0,0,0,0,0.28,0,0.75,0.47,0.7,0.25,0.88,0.24,0,0,0.69,0.56,0.75,0.54,0.4,0,0,0.59,0.67,0,0,0.37,0.07,0.63,0,0,0.5,0
"Area_02","Winter","F","F0551","Rhamdia_quelen",0.35,0.86,0.81,0.46,0.83,0.93,0.82,0.73,0,0.75,0,0.37,0,0.7,0.12,0,0,0.38,0.4,0,0.2,0,0,0,0.2,0.35,0.86,0,0,0.8,0.48,0.19,0.87,0,0.71,0.03,0.96,0.42,0.18,0.52,0,0,0,0,0.62,0.38,0.43,0,0.17,0,0.55,0.69,0,0.89,0,0,0.69,0.77,0.47,0
"Area_03","Summer","M","F0552","Leporinus_friderici",0.78,0,0.18,0.12,0,0.77,0.78,0,0.43,0,0.5,0,0,0,0.48,0.14,0,0.99,0,0,0.46,0,0,0,0.84,0,0.71,0.29,0.31,0,0,0.35,0.74,0.82,0.58,0,0,0.37,0,0,0.84,0.05,0.54,0,0.37,0.65,0.95,0.1,0.97,0.27,0,0.45,0.09,0.43,0,0,0.64,0.21,0.88,0
"Area_04","Autumn","M","F0553","Hoplias_malabaricus",0.25,0,0.08,0.78,0.33,0,0.45,0.42,0.45,0.36,0.34,0.39,0,0.35,0,0.52,0.29,0.65,0.84,0.63,0,0.64,0.34,0.78,0.76,0.08,0,0,0.89,0.49,0.25,0,0,0.63,0.79,0,0,0.05,0.38,0.1,0.33,0,0.43,0.14,0.77,0,0,0,0.59,0.81,0,0.89,0.75,0.03,0.37,0.86,0,0,0.14,0.72
"Area_04","Autumn","M","F0554","Pimelodus_maculatus",0,0,0,0.93,0.46,0.43,0.12,0,0,0,0.93,0.23,0.58,0,0.54,0.85,0,0.7,0.61,0.2,0.25,0.78,0.75,0.27,0.04,0.99,0,0,0.36,0,0,0.34,0.03,0.92,0.29,0,0,0,0.01,0.97,0.08,0,0.44,0.37,0.55,0,0.76,0.56,0.35,0.98,0,0.32,0,0.91,0.81,0,0.45,0.89,0.33,0.63
"Area_04","Summer","M","F0555","Rhamdia_quelen",0,0,0,0.14,0.57,0,0,0.58,0.06,0,0.82,0.8,0.19,0.76,0.76,0,0.82,0.6,0.95,0,0.32,0.4,0.8,0.64,0.49,0.52,0,0,0.21,0.47,0,0,0.44,0.45,0,0.53,0.62,0.83,0,0.41,0.97,0.18,0.85,0.74,0.46,0.38,0,0,0.18,0.19,0.15,0.97,0,0.33,0,0.37,0.36,0.3,0.9,0.02
"Area_03","Autumn","M","F0556","Pimelodus_maculatus",0.21,0.85,0,0.78,0,0.53,0,0,0.19,0.59,0.6,0,0.78,0.22,0,0.02,0.79,0.36,0,0.39,0.48,0,0.59,0.11,0.28,0,0.39,0,0,0.09,0.03,0.36,0,0.83,0,0.23,0.35,0.18,0.5,0,0.87,0,0.76,0.94,0.42,0.35,0.41,0.22,0.66,0.97,0,0.38,0,0,0,0,0.29,0,0,0.64
"Area_02","Spring","F","F0557","Prochilodus_lineatus",0.66,0.62,0.59,0.09,0.07,0.17,0.41,0.34,0,0.6,0,0,0.21,0,0,0,0.9,0.02,0.86,0.47,0.34,0.81,0.12,0.46,0,0.1,0,0.78,0,0.85,0.14,0.59,0,0.75,0.95,0,0.99,0,0.7,0,0.51,0.49,0.12,0.77,0.58,0,0.98,0.94,0.7,0.36,0.31,0.33,0,0.37,0,0.56,0,0.78,0,0.28
"Area_04","Autumn","M","F0558","Astyanax_fasciatus",0,0,0,0.87,0,0,0.6,0,0,0,0.15,0.22,0.59,0.95,0.59,0,0.64,0.59,0.17,0.17,0.26,0,0.36,0.55,0,0,0,0.68,0.97,0.16,0.06,0.41,0,0,0.27,0.37,0,0,0.7,0.34,0,0,0.77,0.39,0.33,0,0,0,0.6,0,0.8,0.74,0.46,0.2,0,0.66,0.59,0.5,0.46,0.85
"Area_02","Autumn","F","F0559","Rhamdia_quelen",0.42,0.62,0.23,0,0.23,0.97,0.11,0,0.95,0.61,0,0.07,0.32,0,0.37,0.1,0,0.49,0,0.89,0,0.8,0.81,0,0.25,0.49,0.14,0.94,0.31,0.18,0.84,0.53,0,0.75,0.07,0.23,0.93,0,0.91,0,0.72,0.67,0.63,0.05,0.46,0.34,0.6,0.76,0,0.04,1,0,0.34,0.22,0,0,0.39,0.71,0,0.57
"Area_04","Autumn","M","F0560","Leporinus_friderici",0,0.06,0,0.52,0.74,0.69,0.21,0,0.71,0.3,0.95,0.33,0,0,0.74,0,0,0,0.1,0.03,0.65,0.78,0.21,0.07,0.47,0.5,0.07,0.14,0.89,0.15,0,0,0,0.76,0.98,0,0.32,0.77,0,0,0.27,0.76,0.83,0.16,0.89,0.08,0.74,0.71,0.84,0.81,0,0.65,0,0.08,0.08,0.6,0,0.14,0.81,0.18
"Area_03","Summer","F","F0561","Hoplias_malabaricus",0.19,0,0,0.61,0.2,0.89,0.4,0.05,0.37,0.24,0.01,0.75,0,0.54,0,0,0.41,0.65,0,0.38,0.42,0.83,0.47,0,0.45,0.91,0.02,0.28,0.6,0.6,0,0.07,0,0.15,0.42,0.73,0,0.45,0,0.51,0.95,0.34,0.6,0.73,0.7,0,0.37,0.43,0,0.88,0,0.84,0.43,0,0.59,0.87,0,0.16,0.01,0.62
"Area_02","Summer","M","F0562","Leporinus_friderici",0.43,0.89,0.94,0,0.96,0.66,0,0.14,0.21,0,0,0.79,0.96,0,0,0,0,0.11,0,0,0.47,0.33,0,0.15,0,0,0.13,0.01,0.03,0.76,0.17,0,0.88,0.45,0,0.43,0.4,0.55,0,0.9,0,0,0,0.39,0.57,0.42,0.61,1,0,0,0,0.79,0.93,0.62,0.19,0.18,0,0,0.21,0
"Area_04","Spring","M","F0563","Astyanax_fasciatus",0,0,0,0,0.15,0.88,0.09,0.74,0.49,0,0,0.23,0.45,0.98,0.97,0.54,0.31,0,0,0,0,0.43,0,0.55,0.66,0,0.66,0.99,0.18,0.86,0,0.97,0.27,0.69,0,0.28,0.86,0.74,0,0,0,0,0.58,0,0.16,0,0.44,0,0.62,0.76,0.12,0.37,0.7,0.79,0.63,0,0.99,0,0.63,0.75
"Area_03","Spring","M","F0564","Leporinus_friderici",0.07,0.95,0.28,0.67,0.4,0.85,0,0.97,0,0.2,0,0.2,0,0.9,0,0.14,0.26,0.69,0.15,0,0.26,0,0.66,0.59,0.2,0,0.24,0.75,0.85,0,0.44,0,0.81,0.29,0.88,0.34,0.21,0.71,0.08,0,0.05,0.97,0.44,0,0,0.51,0.51,0.65,0,0,0.54,0.77,0.57,0,0.9,0,0.38,0,0,0.72
"Area_04","Autumn","M","F0565","Rhamdia_quelen",0.02,0,0,0.33,0.92,0.12,0.03,0,0,0.34,0.44,0.63,0.13,0.13,0,0.8,0.82,0,0.43,0.21,0.42,0.07,0.67,0.15,0.7,0,0,0.89,0,0,0.83,0,0.71,0,0.51,0,0.59,0,0.88,0.73,0.31,0,0.47,0.96,0.94,0,0.2,0,0,0.72,0.69,0,0.46,0.64,0.81,0.29,0,0.32,0.08,0.35
"Area_02","Summer","F","F0566","Pimelodus_maculatus",0.88,0.79,0,0.46,0.87,0.26,0.57,0.58,0.31,0.76,0,0.18,0.58,0,0,0,0.92,0.79,0,0.49,0,0,0.94,0.15,0,0.45,0.3,0,0,0.57,0,0.7,0.38,0.96,0.43,0.81,0.35,0.04,0.29,0.59,0,0,0.55,0.12,0,0,0.88,0,0.77,0,0.64,0.37,0.87,0.54,0,0.81,0.54,0.76,0.26,0.99
"Area_04","Winter","F","F0567","Hoplias_malabaricus",0,0,0.05,0.82,0.69,0,0,0,0,0.73,1,0.43,0.07,0,0,0.37,0.24,0,0.12,0.77,0,0,0.74,0,0.26,0.85,0.79,0.37,0.46,0,0.08,0.35,0,0.92,0.89,0.36,0.57,0,0,0,0,0.94,0.79,0.2,0.17,0,0,0.7,0.36,0,0.9,0.94,0.9,0.96,0.78,0,0.8,0.5,0.9,0
"Area_04","Winter","F","F0568","Leporinus_friderici",0.96,0.27,0,0,0.92,0.9,0,0.37,0.06,0.81,0.46,0.51,0.3,0.77,0,0.35,0.69,0,0.03,0.65,0.93,0.73,0.98,0.82,0.47,0,0.58,0,0.11,0,0.57,0.36,0.41,0,0.43,0.78,0.13,0.45,0.22,0.39,0.65,0.27,0.41,0.1,0.23,0.8,0,0,0,0.8,0,0.62,0.19,0,0.12,0,0.66,0.2,0,0
"Area_02","Autumn","M","F0569","Rhamdia_quelen",0.68,0.3,0,0,0.61,0.58,0.61,0.05,0.7,0.98,0,0.34,0,0.31,0.76,0,0.44,0.04,0.46,0.63,0,0,0.07,0.69,0.24,0,0.37,0.78,0.51,0.61,0.71,0.97,0.76,0,0.86,0,0.72,0,0.92,0,0,0.53,0,0.34,0.39,0.91,0.99,0.38,0.52,0.81,0,0.93,0.15,0.87,0.54,0,0.22,0.54,0.28,0.58
"Area_01","Autumn","M","F0570","Cichla_ocellaris",0,0.23,0,0.12,0.83,0,0,0.98,0.41,0.3,0,0.82,0.14,0.29,0,0.2,0.06,0.79,0,0.87,0.13,0,0.47,0.33,0.55,0,0.47,0.83,0.39,0.58,0.31,0.49,0.88,0,0,0.54,0.14,0.43,0.3,0.49,0.3,0.09,0.06,0.4,0,0,0.38,0.92,0.56,0.11,0.36,0,0,0.53,0.5,0.7,0.44,0.45,0.13,0.47
"Area_02","Winter","F","F0571","Rhamdia_quelen",0.44,0,0.27,0.84,0,0.09,0.13,0.12,0.79,0,0.8,0.62,0.72,0,0.92,0.32,0.3,0.46,0.4,0,0.28,0,0.42,0,0.86,0,0.23,0.74,0,0.38,0.94,0.33,0.47,0.83,0,0,0,0,0.34,0,0.89,0.62,0,0,0.98,0,0.16,0.04,0.9,0.09,0.47,0.76,0.64,0.23,0,0,0.63,0.63,0,0
"Area_03","Spring","M","F0572","Geophagus_brasiliensis",0.93,0,0,0,0,0,0.51,0,0,0,0.08,0,0.28,0.74,0.92,0.21,0,0.06,0.31,0.12,0.96,0.18,0,0.27,0.05,0.41,0.87,0.29,0.7,0.12,0.2,0.6,0.29,0.1,0.92,0.78,0.3,0.1,0,0.06,0.67,0.43,0.39,0.03,0.61,0.15,0.2,0.87,0.57,0.53,0.59,0.73,0,0,0.95,0,0,0.49,0.57,0.33
"Area_04","Summer","M","F0573","Astyanax_fasciatus",0.76,0,0,0,0.84,0,0,0,0.57,0.12,0.72,0,0,0,0.77,0,0.31,0.06,0.85,0,0.91,0.99,0.48,0.26,0.37,0.18,0,0.34,0,0.15,0.22,0.9,0.67,0.81,0.27,0,0,0,0.66,0,0.02,0,0,0.69,0.91,0.74,0.71,0.99,0,0.75,0,0,0,0.33,0.02,0,0,0.22,0.52,0
"Area_01","Autumn","M","F0574","Geophagus_brasiliensis",0,0,0,0,0,0.25,0.42,0.56,0.5,0,0,0,0.7,0.2,0,0.7,0.56,0,0.74,0.22,0.08,0.39,0.01,0,0.38,0,0.2,0.06,0.8,0.36,0,0.64,0.54,0.8,0.88,0,0.67,0.58,0.3,0,0.25,0.59,0.76,0.77,0.74,0,0.18,0.86,0,0,0.99,0,0.92,0.29,0.9,0,0.38,0.18,0,0
"Area_01","Spring","M","F0575","Prochilodus_lineatus",0,0,0.03,0.4,0.81,0.78,0.12,0.92,0.41,0.13,0.5,0,0,0,0.77,0.97,0,0.96,0,0.43,0.65,0,0.06,0,0.56,0.35,0,0.76,0.07,0.5,0.88,0.77,0.07,0.13,0,0.09,0,0,0,0.75,0.92,0,0,0.73,0,0.95,0,0,0.38,0.79,0.81,0.47,0.07,0.6,0.82,0.22,0,0.64,0.55,0
"Area_04","Autumn","F","F0576","Leporinus_friderici",0.92,0.56,0.35,0.41,0.83,0,0.93,0.98,0.2,0.51,0.21,0.93,0,0.46,0.24,0.4,0.45,0.69,0,0.9,0,1,0.94,0.5,0.51,0.74,0.59,0.71,0.68,0.31,0.2,0.21,0.39,0.15,0.45,0.58,0,0,0,0.36,0.09,0.2,0.54,0,0,0,0.6,0,0.62,0.51,0,0.53,0,0,0.76,0.88,0,0.79,0.88,0
"Area_03","Summer","M","F0577","Hoplias_malabaricus",0.74,0,0.52,0.21,0,0,0,0,0.13,0,0.66,0.39,0,0.31,0,0,0,0,0,0.38,0.52,0,0,0.51,0.25,0.36,0,0.2,0.63,0.77,0.63,0.1,0.98,0,0.61,0.66,0,0,0.69,0.44,0.66,0.31,0,0,0.17,0.18,0.05,0,0.64,0.27,0,0.57,0.49,0.79,0.42,0,0.22,0.39,0,0
"Area_04","Summer","M","F0578","Leporinus_friderici",0,0.29,1,0,0,0.14,0,0,0.69,0,0,0.22,0.37,0.35,0.61,0,0,0,0.39,0,0.58,0.23,0.75,0.76,0.48,0.49,0.04,0.42,0,0.66,0,0,0.11,0.75,0.94,0,0.24,0.99,0.95,0,0,0.81,0.74,0.34,0.4,0.26,0,0,0,0,0.48,0.77,0,0.11,0,0.42,0,0.59,0.12,0.6
"Area_02","Autumn","M","F0579","Geophagus_brasiliensis",0,0.6,0.42,0.34,0.03,0.6,0.89,0.57,0.5,0.84,0,0.86,0.83,0.54,0.55,0.63,0.65,0.78,0,0.83,0.68,0,0.54,0.81,0.19,0.27,0.05,0.71,0.12,0.54,0.23,0.78,0,0.85,0.44,0.85,0.02,0,0.13,0.87,0.43,0.02,0.86,0.1,0.95,0,0.41,0.99,0,0.82,0.27,0,0.49,0.38,0.89,0.45,0.82,0.6,0,0.88
"Area_01","Spring","M","F0580","Rhamdia_quelen",0.12,0.96,0.41,0,0,0.04,0,0.89,0,0,0.82,0.59,0.24,0,0.28,0.11,0.57,0.97,0,0,0.32,0.07,0.82,0.88,0.81,0.04,0,0.8,0,0.83,0,0.87,0.94,0,0.28,0.6,0,0.65,0.1,0,0.4,0,0.7,0,0.11,0.19,0.56,0.12,0,0,0.8,0.27,0.03,0.45,0,0.41,0,0.64,0.57,0.63
"Area_01","Spring","F","F0581","Pimelodus_maculatus",0,0.07,0,0.13,0.13,0,0.65,0.16,0.63,0,0.42,0,0,0.55,0,0.64,0,0.19,0.08,0.79,0.11,0.64,0,0.01,0.67,0,0.07,0.36,0,0.47,0,0.11,0.82,0.86,0,0.78,0,0.02,0,0.8,0.57,0.73,0,0.94,0.03,0,0.73,0.96,0,0,0,0.17,0.52,0,0,0,0.68,0,0.18,0.49
"Area_04","Winter","M","F0582","Leporinus_friderici",0,0.46,0.84,0,0,0,0,0.99,0.5,0.29,0.2,0,0.02,0.52,0,0,0,0.03,0.04,0.71,0,0.89,0.25,0.48,0.82,0.86,0,0.1,0,0.16,0,0.84,0.4,0,0,0.04,0.73,0.19,0.11,0.41,0,0,0.83,0.02,0,0.88,0.91,0,0.5,0.8,0.4,0.99,0.86,0,0.84,0.96,0,0,0,0.75
"Area_03","Autumn","F","F0583","Pimelodus_maculatus",0.51,0.41,0,0.68,0.32,0.23,0,0.23,0.36,0,0,0,0.71,0.17,0.93,0.9,0.08,0.26,0,0.14,0.61,0,0.26,0.52,0.33,0.33,0.4,0,0.32,0.53,0.39,0.45,0.91,0.24,0.47,0.48,0,0.93,0.85,0.95,0.03,0,0.2,0.61,0,0,0,0.93,0.78,0.12,0.74,0,0.08,0,0.35,0.06,0.11,0.86,0.06,0.96
"Area_03","Winter","F","F0584","Prochilodus_lineatus",0,0,0,0,0,0.7,0,0.89,0.83,0,0.49,0.44,0.31,0,0,0,0.12,0,0.57,0.08,0.44,0.35,0.85,0.96,0.39,0,0.91,0,0.22,0.73,0,1,0.59,0.39,0.55,0,0.1,0,0,0.46,0.54,0.43,0.84,0,0,0,0.54,0.29,0,0.65,0.49,0.75,0.21,0,0.26,0,0,0,0.7,0.62
"Area_04","Winter","M","F0585","Leporinus_friderici",0.95,0,0.3,0,0.5,0.79,0.84,0.53,0.83,0.55,0,0.13,0.77,0.08,0.89,0,0.97,0,0,0.74,0.8,0.33,0,0,0.53,0.23,0,0.72,0,0,0.51,0,0.53,0.3,0.28,0.77,0.09,0.27,0.53,0.9,0.23,0.25,0.56,0,0,0.73,0,0.79,0,0.65,0.87,0.43,0,0,0.52,0,0,0.14,0,0
"Area_03","Winter","M","F0586","Cichla_ocellaris",0,0.86,0,0.48,0.12,0,0.97,0.65,0.64,0,0.22,0.29,0.48,0.28,0.01,0.27,0.97,0.46,0,0.82,0.75,0.29,0.25,0.24,0.19,0,0.46,0.26,0.55,0.65,0,0.17,0,0.65,0.48,0,0,0,0.27,0.34,0.66,0.13,0.7,0.32,0.78,0.48,0,0.23,0,0,0.78,0.26,0,0.12,0,0.86,0.27,0.14,0.84,0.79
"Area_01","Autumn","F","F0587","Prochilodus_lineatus",0.32,0,0.76,0,0.93,0.86,0.09,0.53,0,0.56,0.02,0,0.82,0.59,0.36,0,0.74,0.14,0,0.38,0.15,0.9,0,0.28,0.84,0.99,0.58,0.23,0.08,0,0,0,0,0,0.91,0.02,0,0.22,0,0.67,0.97,0,0,0,0,0,0,0.74,0,0.42,0.89,0,0.69,0.22,0.92,0.98,0.7,0.32,0.15,0
"Area_02","Summer","F","F0588","Cichla_ocellaris",0,0.47,0.02,0,0.53,0,0,0.83,0.13,0.33,0.64,0.18,0.1,0.3,0,0,0,0.2,0.46,0.24,0,0.26,0.36,0.79,0.76,0,0.81,0.92,0.8,0.3,0.75,0,0.97,0.83,0,0.13,0.47,0,0.2,0.52,0,0,0.81,0,0.34,0.32,0.93,0.93,0,0.1,0.95,0.41,0.8,0.77,0.42,0.87,0.57,0,0.16,0.51
"Area_02","Winter","F","F0589","Prochilodus_lineatus",0.68,0,0,0.96,0.74,0,0.95,0.44,0,0.46,0.41,0.33,0.53,0,0,0.37,0.84,0.62,0.49,0,0.18,0,0.35,0.34,0,0.34,0,0,0,0,0.94,0.57,0.52,0.36,0,0,0.04,0.81,0.64,0,0.46,0,0,0,0.46,0.9,0.84,0,0,0,0,0,0,0.21,0,0,0.24,0.63,0,0.62
"Area_03","Autumn","M","F0590","Geophagus_brasiliensis",0.86,0.94,0,0,0,0,0,0,0.77,0,0.88,0,0,0.97,0.42,0.39,0,0.31,0.43,0.33,0.61,0,0,0.82,0,0.59,0.83,0,0.39,0.13,0.99,0,0.64,0,0.82,0,0.5,0.97,0.19,0,0.82,0.5,0,0,0,0,0,0,0.66,0.19,0.8,0.12,0,0.74,0.69,0.9,0.13,0,0.26,0.81
"Area_03","Autumn","M","F0591","Pimelodus_maculatus",0,0.71,0.64,0,0.76,0.03,0,0,0,0,0,0.58,0,0.46,0.07,0.83,0,0.56,0.99,0,0,0.43,0.49,0.97,0.41,0.06,0,0,0,0.71,0.89,0.74,0.33,0,0.11,0.63,0,0.39,0.84,0.38,0.11,0,0.59,0.58,0.58,0,0.83,0.28,0.04,0.86,0.56,0.17,0.04,0,0,0.36,0.06,0.64,0,0.42
"Area_04","Autumn","F","F0592","Pimelodus_maculatus",0.1,0,0,0,0.7,0.3,0,0.33,0,0,0,0,0,0.53,0.49,0,0,0,0.71,0,0,0.46,0.29,0.08,0.94,0.41,0,0.85,0.23,0.34,0.96,0,0,0.16,0,0,0,0,0.93,0,0.37,0.35,0,0.42,0,0,0.41,0,0,0.55,0,0,0.56,0,0.88,0.67,0.97,0.39,0.16,0
"Area_03","Spring","M","F0593","Rhamdia_quelen",0.71,0,0.62,0,0.79,0,0.92,0,0.27,0,0.91,0.93,0.45,0,0.98,0.28,0.13,0.91,0,0.02,0.9,0,0.82,0.2,0.33,0.45,0.1,0.79,0.78,0,0.65,0,0,0,0,0.14,0.58,0,0.63,0.3,0,0.66,0,0.43,0.98,0.17,0.82,0,0.46,0.73,0.67,0.56,0.63,0.04,0,0,0.15,0,0.61,0
"Area_04","Winter","F","F0594","Geophagus_brasiliensis",0.84,0.71,0.13,0.17,0.04,0.19,0.64,0,0,0.27,0.49,0,0,0.45,0.23,0.08,0.6,0,0,0,0,0,0.65,0,0.06,0.02,0.22,0.42,0,0,0.98,0.64,0.14,0.68,0.44,0,0.69,0.4,0.41,0,0.35,0.24,0.54,0,0.92,0.19,0.86,0.1,0.73,0,0.05,0.66,0.74,0.42,0.33,0.22,0.27,0,0.72,0
"Area_03","Spring","F","F0595","Hoplias_malabaricus",0.4,0.23,0,0.7,0.45,0,0.16,0.41,0.11,0.04,0,0.88,0,0.85,0.34,0.2,0,0.22,0,0,0.4,0.5,0.22,0,0.84,0,0,0.44,0.66,0.89,0,0.53,0,0,0,0.68,0.79,0.77,0.76,0.31,0,0.33,0.74,0.01,0.99,0,0,0.93,0,0.08,0.15,0,0.71,0,0.66,0.37,0,0.83,0,0.69
"Area_02","Autumn","M","F0596","Prochilodus_lineatus",0.2,0.3,0.72,0.37,0,0.31,0.96,0,0.97,0.35,0.63,0,0.92,0,0.77,0.43,0.85,0,0.59,0.72,0.2,0.47,0,0.4,0.17,0,0.51,0.51,0,0.09,0.62,0.44,0,0.38,0.53,0.04,0,0.42,0.68,0.88,0,0,0.99,0.65,1,0.93,0.4,0.96,0.27,0.3,0,0.21,0.43,0.91,0,0.62,0.25,0,0.94,0.97
"Area_01","Spring","F","F0597","Astyanax_fasciatus",0.27,0,0,0.74,0.15,0,0,0,0.14,0,0,0,0.29,0,0,0.36,0.18,0.32,0.6,0.71,0.97,0,0,0.23,0.94,0,0,0,0,0.82,0,0.03,0,0.23,0.16,0.73,0,0,0.7,0.72,0.76,0,0,0,0,0,0.09,0,0.82,0,0.58,0.87,0.95,0,0,0.38,0,0,0,0
"Area_03","Spring","F","F0598","Geophagus_brasiliensis",0.05,0.5,0,0,0.51,0.45,0.15,0,0.9,0.19,0,0,0.62,0.46,0.34,0.33,0,0.52,0.9,0,0.4,0.81,0,0.13,0,0.34,0,0.72,0.31,0.52,0,0.9,0,0,0,0.49,0.98,0.57,0.65,0.19,0,0.67,0.9,0.94,0,0.08,0.68,0.63,0.21,0,0.47,0.99,0.14,0.01,0.36,0.97,0.38,0.16,0.34,0.34
"Area_04","Autumn","M","F0599","Hoplias_malabaricus",0.53,0,0.59,0.63,0.19,0,0,0,0,0.07,0,0.39,0.15,0.09,0.53,0.71,0,0,0,0,0,0.93,0,0.04,0,0,0,0,0.71,0.49,0,0,0.43,0.84,0.45,0.07,0.27,0.61,0.42,0.41,0.76,0,0.41,0.88,0,0,0.12,0.27,0.15,0.17,0.39,0.89,0,0.01,0,0.75,0.72,0.56,0,0.64
"Area_04","Summer","F","F0600","Cichla_ocellaris",0,0,0.48,0.5,0,0,0.41,0,0.33,0.33,0.56,0,0,0.47,0,0.81,0.29,0.98,0.4,0,0.65,1,0,0.21,0,0.53,0.42,0,0,0,0,0.02,0.55,0.02,0,0.64,0,0.1,0.34,0.82,0.3,0.42,0,0,0.71,0,0.15,0.66,0,0.66,0,0.46,0.5,0,0.09,0.92,0.03,0,0,0
"Area_04","Summer","M","F0601","Hoplias_malabaricus",0.59,0,0.04,0.96,0.1,0.49,0.64,0.57,0.24,0.37,0,0.63,0,0.18,0.13,0.55,0.73,0,0.31,0,0,0.65,0,0,0,0.26,0.63,0.84,0.22,0.35,0,0,0,0.38,0.28,0,0.76,0.19,0.51,0.36,0,0.83,0.11,0.49,0.49,0.26,0,0,0,0.92,0,0.71,0,0.72,0.2,0.57,0.88,0.04,0,0
"Area_02","Spring","M","F0602","Leporinus_friderici",0.9,0.58,0.25,0.45,0.42,0.44,0.42,0,0.3,0.44,0.74,0,0.34,0.04,0.24,0.11,0.53,0.35,0.13,0.52,0.43,0.92,0.61,0.38,0,0.5,0.58,0,0.36,0.07,0.27,0,0.15,0,0.84,0,0.13,0.85,0.63,0.93,0.16,0.56,0.11,0,0.17,0.99,0,0.72,0.81,0.03,0,0,0.9,0,0.63,0.4,0,0,0.86,0
"Area_04","Summer","F","F0603","Prochilodus_lineatus",0,0.08,0,0.95,0.11,0.05,0,0.19,0,0.45,0.22,0,0.63,0.93,0.45,0.85,0.87,0.44,0.28,0,0.13,0,0.09,0.12,0,0,0,0.48,0.91,0.88,0,0.72,0.83,0,0.78,0.86,0,0,0.64,0.1,0,0.79,0.14,0,0.89,0.85,0.43,0,0.6,0,0.02,0.91,0.1,0.13,0.35,0,0.17,0,0,0
"Area_01","Winter","M","F0604","Hoplias_malabaricus",0.25,0.52,0.69,0,0.92,0.21,0.89,0.55,0.52,0.81,0.25,0.42,0.41,0,0.02,0.72,0,0.21,0,0,0,0.23,0.92,0.05,0,0.74,0,0.4,0.54,0,0.97,0,0,0.05,0.39,0.28,0,0.22,0,0,0.26,0.51,0.67,0,0.04,0.49,0.4,0,0.94,0.35,0,0.61,0.22,0.87,0.04,0.63,0.07,0,0.8,0.52
"Area_03","Autumn","F","F0605","Leporinus_friderici",0.52,0,0,0.08,0.07,0.22,0.12,0,0.04,0.26,0,0,0.77,0,0.34,0,0.47,0.58,0,0,0,0,0.38,0.99,0,0.31,0.29,0.61,0.98,0.08,0.44,0.57,0.35,0.31,0.19,0.8,0.74,0.28,0.1,0.05,0.91,0.14,0.38,0.09,0.71,0.71,0,0.93,0,0,0.56,0.92,0.34,0.92,0,0,0,0.22,0,0.93
"Area_03","Spring","F","F0606","Hoplias_malabaricus",0.08,0.04,0.17,0.64,0,0.61,0.16,0.71,0,0.17,0.48,0,0,0,0,0.18,0,0,0,0.13,0.18,0,0.28,0,0,0,0.05,0.7,0.25,0.76,0,0,0.65,0.76,0.08,0.51,0.72,0.74,0.8,0.43,0.19,0.12,0.08,0.65,0,0.24,0.31,0,0.03,0,0.62,0,0.38,0.14,0.93,0.39,0,0.17,0.99,0
"Area_03","Spring","M","F0607","Pimelodus_maculatus",0.66,0.12,0.76,0.34,0.81,0.09,0,0,0.1,0.29,0,0.85,0.82,0.08,0.78,0.19,0,0.18,0.59,0.87,0,0.32,0,0,0.57,0,0,0.2,0,0.77,0,0,0.93,0.82,0,0.92,0.73,0.21,0.51,0.61,0.33,0,0.4,0.54,0,0.36,0,0,0.82,0,0.15,0,0.19,0,0,0.39,0,0.76,0.39,0
"Area_02","Spring","M","F0608","Pimelodus_maculatus",0.74,0,0,0.63,0,0,0.98,0.83,0,0.53,0.77,0.66,0,0,0.14,0.44,0.21,0.43,0.28,0,0.13,0,0,0.29,0.88,0,0.26,0,0.23,0.72,0.87,0.27,0,0.42,0,0,0,0.68,0,0.93,0.92,0.02,0,0.13,0.49,0,0.87,0,0.3,0.03,0.98,0.53,0,0.09,0.51,0.32,0.46,0,0.16,0.7
"Area_01","Winter","M","F0609","Pimelodus_maculatus",0.23,0,0.27,0.09,0.12,1,0,0,0.92,0.68,0.1,0.27,0,0,0.51,0.87,0.1,0.13,0.75,0.27,0,0.14,0.24,0.43,0,0,0.79,0.11,0.24,0.83,0.37,0,0,0.73,0,0.97,0,0,0,0,0.77,0.53,0.59,0,0.2,0.46,0.56,0,0.51,0.86,0,0.81,0.89,0.19,0,0.52,0.04,0,0.15,0.32
"Area_02","Spring","M","F0610","Prochilodus_lineatus",0,0.99,0.43,0.32,0.17,0.59,0.15,0.48,0.59,0.01,0,0,0.53,0,0.12,0.68,0,0.87,0.07,0.92,0.25,0.66,0.13,0,0.86,0.46,0.08,0.08,0,0.02,0.11,0,0.95,0,0.91,0.31,0.72,0,0.85,0.94,0.62,0.83,0.54,0.87,0.91,0.05,0,0.58,0.2,0,0.24,0.87,0.24,0,0.62,0.29,0,0.75,0.12,0
"Area_03","Winter","F","F0611","Hoplias_malabaricus",0,0.77,0.82,0.16,0,0,0.6,0,0.37,0.9,0,0,0.84,0,0,0.82,0.55,0.91,0,0.47,0.41,0,0,0.74,0.5,0,0,0.97,0.87,0.72,0.94,0.94,0.88,0.73,0,0,0.44,0.63,0.02,0.25,0.69,0.09,0.81,0,0.86,0.17,0,0,0.95,0,0.74,0.77,0.76,0.37,0,0.26,0.56,0,0,0
"Area_01","Spring","F","F0612","Geophagus_brasiliensis",0.3,0.78,0.96,0.72,0,0.39,0.27,0.42,0.83,0,0.57,0.24,0,0.14,0,0,0.05,0.1,0.39,0,0.23,0.96,0,0.37,0.42,0.95,0.57,0,0.11,0.17,0,0,0,0,0.9,0.28,0,0.34,0.91,0.48,0.2,0.32,0.5,0.88,0,0.46,0,0.23,0,0.54,0.83,1,0.68,0,0,0.05,0,0,0,0.86
"Area_02","Spring","M","F0613","Leporinus_friderici",0.99,0.42,0.35,0.6,0.99,0.74,0.85,0,0.61,0,0.47,0.81,0,0,0.34,0,0.99,0.44,0,0,0.51,0.9,0,0.83,0.77,0.71,0.23,0.89,0,0,0,0,0.96,0.01,0.17,0,0,0,0,0.04,0.18,0.12,0.3,0.12,0.11,0.52,0,0.57,0.18,0.13,0.84,0,0,0.62,0.47,0.59,0,0,0.92,0
"Area_01","Summer","M","F0614","Geophagus_brasiliensis",0,1,0.82,0.93,0,0,0.35,0.15,0.99,0,0.65,0.82,0.41,0.81,0,0.43,0.98,0.41,0.4,0.61,0.37,0.97,0.42,0.25,0,0.58,0.31,0,0,0,0.19,0.51,0.68,0.36,0,0,0.53,0,0,0.17,0.06,0.25,0.31,0.98,0.81,0.6,0.43,0.73,0,0.18,0.47,0,0,0.67,0,0.51,0.99,0.53,0,0
"Area_02","Summer","F","F0615","Prochilodus_lineatus",0,0,0.65,0.64,0.43,0,0.23,0,0.79,0.28,0.73,0,0.33,0,0.14,0,0,0.47,0.05,0.13,0,0,0.21,0.67,0.07,0.58,0.73,0.91,0.51,0.02,0,0,0,0.73,0.1,0.65,0,0.85,0,0,0.35,0,0.61,0.87,0.43,0.71,0.67,0.12,0.28,0.52,0.06,0,0.33,0.43,0.87,0.74,0.62,0,0.76,0
"Area_02","Summer","F","F0616","Rhamdia_quelen",0.75,0.97,0.21,0.63,0.97,0,0.83,0.28,0,0.82,0.74,0,0.97,0,0.93,0.45,0,0.3,0.42,0.59,0.95,0.38,0.04,0.13,0.16,0,0.63,0,0,0,0,0.02,0.21,0.39,0.37,0.94,0.99,1,0.46,0,0,0,0,0,0.61,0.31,0.55,0.73,0.65,0.66,0,0.88,0,0,0.59,0,0,0,0,0.57
"Area_04","Winter","M","F0617","Hoplias_malabaricus",0,0,0,0,0.43,0.38,0,0.87,0.48,0,0.98,0.75,0.22,0,0.82,0.35,0.3,0.96,0.55,0.63,0.37,0,0,0.11,0.71,0,0,0.15,0.88,0.06,0.91,0.64,0.34,0,0.47,0,0,0,0.85,0,0,0.24,0.95,0.09,0.42,0,0.83,0,0,0.88,0.58,0.65,0.11,0.4,0,0.15,0,0.41,0.95,0
"Area_03","Autumn","M","F0618","Hoplias_malabaricus",0,0.75,0.74,0.79,0.95,0.25,0.4,0.73,0,0.35,0.73,0,0.94,0.84,0,0,0.57,0,0.13,0.27,0.21,0,0.26,0,0,0.6,0.25,0.41,0,0,0.71,0.56,0.69,0.47,0,0.56,0,0,0,0.45,0,0.59,0.88,0,0,0.7,0.46,0.17,0.89,0.08,0,0.87,0.24,0.51,0.67,0.52,0,0.14,0,0.69
"Area_02","Summer","F","F0619","Pimelodus_maculatus",0.04,0,0.66,0.62,0,0.56,0.47,0,0,0,0,0.33,0,0.91,0,0.99,0.08,0,0,0.14,0,0.92,0.96,0,0.46,0.83,0.37,0.25,0.59,0.29,0,0.23,0.73,0.16,0.18,0.41,0.1,0.39,0.7,0.29,0.34,0,0.08,0.72,0.55,0.42,0.09,0.22,0.17,0,0.1,0.9,0,0,0.3,0.55,0,0.56,0.84,0.81
"Area_02","Winter","F","F0620","Prochilodus_lineatus",0.9,0.83,0.23,0.68,0,0.07,0.04,0,0,0,0.38,0.69,0.46,0.31,0.93,0.14,0.24,0.45,0.6,0,0,0.62,0,0.68,0,0.5,0,0,0.31,0.46,0.18,0.37,0,0,0,0.5,0.79,0.43,0.27,0,0,0.89,0,0,0.73,0.76,0,0.86,1,0.63,0.42,0.62,0,0.97,0.46,0,0,0.9,0.49,0.13
"Area_02","Summer","F","F0621","Cichla_ocellaris",0.53,0,0.26,0,0.5,0,0.4,0,0.8,0.33,0.88,0,0.96,0,0.82,0.12,0,0.9,0.87,0.5,0,0,0.54,0.97,0,0,0,0,0.46,0.3,0,0.21,0.85,0,0.44,0.53,0.42,0,0.85,0,0,0,0.49,0.8,0.33,0.07,0,0.99,0.21,0.04,0,0,0.45,0,0.87,0.19,0.82,0.34,0.06,0
"Area_02","Summer","F","F0622","Geophagus_brasiliensis",0.35,0.02,0.4,0.8,0.86,0,0.88,0,0.83,0.27,0.9,0.12,0.65,0.25,0.36,0,0,0.35,0.49,0,0,0.23,0,0.03,0.84,0,0.11,0.25,0.74,0.28,0,0,0.34,0.93,0,0.02,0.6,0.09,0,0.61,0.31,0,0.22,0.08,0,0,0.06,0,0,0.83,0.96,0.3,0.25,0,0,0.66,0.57,0.92,1,0
"Area_02","Spring","M","F0623","Pimelodus_maculatus",0,0,0.8,0.6,0.23,0.5,0.45,0,0.98,0.07,0.25,0,0.54,0.47,0.57,0.01,0.05,0.08,0.61,0.87,0,0.92,0.05,0.59,0,0.22,0,0.91,0.89,0.66,0.43,0,0,0.24,0,0,0.4,0.17,0.49,0.31,0,0.25,0,0,0.48,0,0.26,0,0.23,0.94,0.68,0,0,0.66,0.17,0,0.03,0.88,0.87,0.47
"Area_04","Summer","F","F0624","Hoplias_malabaricus",0.79,0.93,0,0,0.1,0.37,0.51,0.22,0,0,0.23,0,0.27,0,0.91,0,0.14,0,0,0,0.84,0.72,0.52,0.7,0,0.26,0,0.07,0.75,0,0.71,0.54,0.71,0,0.2,0.42,0.07,0,0,0.69,0,0.11,0,0,0,0,0,0,0.45,0.23,0,0.69,0,0.68,0.22,0,0.4,0.55,0.95,0
"Area_04","Winter","F","F0625","Leporinus_friderici",0.78,0,0.93,0,0,0.37,0,0.24,0.82,0.52,0.54,0.02,0.82,0,0.38,0.58,0.77,0.57,0.86,0.23,0,0,0.03,0.96,0,0,0.97,0.53,0.25,0.04,0.7,0.84,0.11,0,0.17,0.11,0.04,0,0,0.83,0.96,0.73,0.16,0,0.76,0,0,0,0.14,0,0.49,0.31,0.1,0,0.95,0,0.66,0.34,0,0.93
"Area_03","Autumn","F","F0626","Astyanax_fasciatus",0.54,0.64,0.02,0.4,0.21,0.98,0,0.98,0,0.19,0.25,0.91,0,0.57,0.81,0,0.94,0,0,0.4,0.98,0.86,0,0.67,0.87,0,0.71,0,0.35,0,0.76,0.06,0.95,0,0.87,0.12,0,0,0.31,0.04,0,0,0.11,0.78,0.82,0,0.42,0.89,0.66,0.25,0.4,0.42,0,0.57,0.6,0,0.06,0,0,0
"Area_01","Winter","F","F0627","Geophagus_brasiliensis",0.12,0.62,0.18,0.39,0,0.23,0,0,0.97,0.82,0.86,0.63,0.84,0.27,0.03,0.64,0,0.19,0.94,0,0.56,0.02,0.19,0.52,0,0.13,0,0,0.45,1,0.68,0.95,0.8,0.63,0,0.15,0.11,0,0.93,0.32,0,0.34,0.22,0.89,0.12,0.95,0.76,0.85,0,0.5,0.75,0,0,0.02,0.64,0.57,0.11,0.12,0.05,0.89
"Area_01","Spring","F","F0628","Leporinus_friderici",0.89,0,0.62,0.64,0.63,0,0.92,0,0,1,0,0.04,0,0,0.4,0.83,0.2,0,0,0.28,0.19,0.94,0,0,0,0,0.09,0.92,0,0.17,0.89,0.6,0.69,0.05,0.08,0,0.51,0,0.67,0,0.03,0.22,0,0.96,0,0,0.61,0,0.72,0.21,0.91,0.96,0.75,0,0.74,0.78,0.64,0.95,0.23,0
"Area_03","Autumn","M","F0629","Leporinus_friderici",0.14,0.73,0,0.18,0.34,0.73,0,0,0.52,0.68,0,0.71,0.33,0.63,0,0,1,0.1,0,0.69,0.14,0,0,0,0.82,0.23,0.48,0.81,0,0,0.23,0.67,0.25,0,0.51,0.03,0,0,0,0.74,0,0.6,0.43,0.04,0.2,0,0.62,0.04,0.53,0.75,0.56,0.01,0.95,0.83,0.04,0.38,0.89,0,0,0.94
"Area_03","Autumn","M","F0630","Pimelodus_maculatus",0,0,0.3,0.77,0.97,0.42,0,0.58,0.62,0.64,0.63,0.39,0.94,0,0,0.13,0,0.29,0,0,0.61,0.26,0.02,0.45,0.37,0,0,0.88,0,0,0.72,0.37,0.26,0,0.54,0.08,0.03,0.9,0.12,0.73,0.92,0.44,0.87,0,0.52,0.85,0.61,0.24,0.65,0,0.2,0,0,0.08,0.46,0.68,0,0.1,0.5,0
"Area_03","Autumn","M","F0631","Astyanax_fasciatus",0.56,0.38,0.84,0.33,0,0,0,0.03,0.13,0,0.93,0,0,0.3,0.52,0.12,0,0.6,0.65,0.3,0.02,0,0,0.54,0.88,0.93,0,0.24,0.38,0,0.28,0,0.55,0.89,0,0.94,0.68,0.8,0,0,0.54,0.2,0,0.22,0.71,0.43,0.09,0,0.18,0.42,0.05,0,0.33,0,0,0.99,0.71,0.79,0.21,0.11
"Area_04","Spring","F","F0632","Geophagus_brasiliensis",0,0.67,0.26,0.21,0.53,0.28,0,0.49,0,0.98,0,0.6,0.35,0,0.34,0.25,0,0.16,0,0.55,0.19,0.97,0,0,0.83,0,0.38,0.24,0.39,0.22,0.32,0,0.53,0.8,0.59,0.39,0.85,0.22,0.39,0,0.95,0,0.56,0,0,0.28,0.17,0.92,0.96,0,0,0,0.09,0.04,0.09,0.59,0,0.35,0,0.84
"Area_03","Winter","M","F0633","Cichla_ocellaris",0.74,0.25,0.21,0,0.61,0.07,0.48,0.9,0.86,0.99,0.96,0,0.67,0.66,0,0.27,0.79,0.87,0,0,0,0,0.18,0,0.48,0.36,0.24,0.68,0.27,0.45,0.15,0.76,0,0.48,0.3,0.18,0,0,0.21,0,0,0.55,0,0,0.23,0,0.6,0.31,0.83,0.77,0,0.07,0.16,0,0.89,0.53,0.95,0,0.73,0.18
"Area_02","Autumn","M","F0634","Rhamdia_quelen",0.39,0.58,0.04,0,0,0.22,0,0.48,0,0.35,0.37,0,0.16,0.17,0,0,0,0.99,0,0.78,0.96,0.9,0,0.79,0.77,0.24,0.23,0,0,0.45,0.32,0,0.94,0,0.01,0.94,0.54,0,0.54,0.87,0.66,0,1,0.68,0,0.85,0.96,0,0.4,0,0.83,0.48,0,0,0,0.28,0.73,0.12,0.81,0
"Area_01","Summer","F","F0635","Leporinus_friderici",0,0.09,0.05,0,0,0,0,0,0.39,0,0.03,0.73,0,0.1,0,0.53,0,0,0.07,0,0.64,0.16,0.79,0.64,0,0,0,0.15,0,0.57,0.16,0.38,0.9,0,0.2,0.03,0.41,0.33,0,0.24,0.72,0.83,0.88,0.91,0.93,0.95,0.97,0,0.87,0,0.96,0.88,0,0.67,0.1,0.91,0.65,0.4,0.83,0.65
"Area_01","Winter","M","F0636","Astyanax_fasciatus",0.85,0.94,0.55,0,0.48,0.33,0.39,0,0.86,0,0.82,0,0.48,0,0.47,0.1,0.89,0.16,0.58,0.75,0,0.41,0.23,0.46,0.15,0.63,0.65,0,0.51,0,0.66,0,0,0.8,0.82,0.88,0.17,0.27,0.23,0,0.8,0.23,0,0,0.85,0.91,0.81,0.2,0,0.15,0,0,0,0,0.07,0.67,0.07,0,0.76,0.82
"Area_03","Spring","F","F0637","Pimelodus_maculatus",0,0.24,0,0,0,0.58,0,0,0,0,0,0.3,0,0.73,0,0.23,0.21,0.22,0,0.76,0.83,0,0,0.97,0.3,0,0,0.56,0.06,0.1,0.99,0.16,0.4,0,0,0.55,0.54,0.09,0.93,0.72,0.08,0.79,0.65,0.94,0,0.75,0.9,0,0.4,0.23,0.81,0.49,0,0.79,0.62,0,0.25,0,0,0.89
"Area_02","Autumn","M","F0638","Rhamdia_quelen",0,0.29,0.18,0,0.51,0,0,0.04,0,0,0.58,0,0,0,0.47,0.11,0.29,0.27,0.39,0,0.18,0,0.09,0.41,0.24,0.89,0,0.96,0,0.99,0.7,0.43,0.16,0.77,0,0,0.81,0,0.71,0,0.5,0,0.87,0,0.76,0,0.64,0,0,0.8,0.96,0.63,0.57,0.56,0.4,0,0.84,0.94,0.04,0
"Area_04","Summer","F","F0639","Prochilodus_lineatus",0.17,0,0.86,0.15,0.87,0.06,0,0,0.96,0.9,0.38,0,0.12,0,0,0,0,0.15,0,0.74,0,0,0.13,0,0,0.21,0,0,0.23,0.65,0.92,0.44,0.91,0.29,0.6,0.41,0,0,0,0.47,0,0.86,0,0,0.02,0.38,0.94,0,0.24,0,0.59,0,0.16,0,0.57,0,0.41,0.77,0.75,0
"Area_04","Summer","M","F0640","Prochilodus_lineatus",0.73,0,0.95,0.5,0,0.87,0,0.54,0.58,0,0.25,0,0,0.14,0.61,0.28,0,0.74,0,0,0.99,1,0.76,0,0,0.29,0.9,0,0.66,0.65,0,0,0.34,0,0.86,0.1,0.76,0.45,0.16,0.2,0,0.2,0.65,0.94,0.06,0.32,0,0.96,0.35,0.27,0,0.91,0.17,0.44,0.82,0,0,0.66,0.12,0
"Area_02","Autumn","M","F0641","Astyanax_fasciatus",0,0.27,0,0.34,0.53,0.25,0.68,0.41,0,0,0.72,0.67,0.75,0.9,0,0,0,0.07,0.5,0.27,0.34,0.39,0,0.93,0.2,0.56,0.47,0.08,0.07,0.31,0.05,0,0.91,0,0.71,0.03,0,0.96,0,0.39,0.8,0,0.22,0.19,0,0.54,0.12,0.06,0.47,0.41,0,0,0,0.21,0,0,0.27,0.03,0,0
"Area_04","Autumn","F","F0642","Pimelodus_maculatus",0,0.21,0.62,0.45,0,0.38,0.15,0.38,0.98,0,0,0,0.19,0,0,0,0,0.43,0.75,0,0,0,0.74,0,0,0.73,0.15,0.34,0.8,0.77,0.38,0.62,0.58,0.04,0.67,0.57,0,0.06,0.96,0.36,0,0.76,0.06,0,0.5,0.01,0.42,0.92,0.33,0.79,0.64,0.72,0,0.67,0,0,0,0.92,0.41,0.4
"Area_03","Autumn","M","F0643","Astyanax_fasciatus",0.03,0.73,0.41,0.5,0.79,0.8,0.48,0.28,0.08,0.98,0.19,0,0.08,0.45,0.09,0.46,0.23,0.68,0,0.26,0.09,0.67,0.17,0,0.2,0,0.09,0.77,0,0.26,0,0.5,0.53,0.35,0.36,0,0,0,0,0,0,0,0,0.99,0.19,0.4,0.68,0.3,0,0,0.74,0.19,0.92,0,0,0,0.32,0.93,0.08,0
"Area_04","Spring","M","F0644","Rhamdia_quelen",0,0.43,0,0.91,0.22,0.54,0,0,0,0.74,0.96,0.44,0,0.06,0.95,0.72,0.33,0.52,0.47,1,0.1,0,0.92,0.09,0.21,0,0,0,0,0.06,0,0.5,0.77,0.15,0.08,0.84,0,0.14,0.41,0,0,0,0.58,0,0.73,0.33,0.77,0.05,0.14,0.47,0,0.84,0.89,0.89,0.3,0.29,0,0.48,0.31,0.23
"Area_04","Spring","F","F0645","Leporinus_friderici",0,0,0,0.24,0.41,0.17,0.2,0.43,0,0.64,0,0,0.33,0,0.66,0.52,0.48,0.38,0.36,0.62,0.7,0,0,0.87,0.05,0.58,0.68,0.98,0,0,0,0.07,0.7,0.98,0.44,0.37,0,1,0.91,0.7,0,0.55,0,0.03,0.49,0.05,0.64,0,0.48,0,0,0,0.1,0.18,0,0,0.53,0.67,0.29,0.32
"Area_01","Winter","F","F0646","Leporinus_friderici",0.19,0.63,0.67,0.21,0.41,0,0,0.59,0.58,0.25,0.21,0.92,0.7,0.57,0,0,0.46,0.68,0.92,0.65,0,0,0,0.36,0,0.63,0.18,0.82,0,0.21,0.32,0,0.74,0.73,0.59,0.37,0,0.11,0.36,0.8,0.47,0.49,0,0.69,0.23,0.85,0,0.91,0.47,0.02,0.45,0,0.36,0,0.92,0,0,0.1,0.9,0.69
"Area_03","Autumn","M","F0647","Prochilodus_lineatus",0.8,0.06,0.52,0,0.44,0.78,0.47,0,0.77,0.44,0.49,0.91,0.85,0,0.79,0.2,0.18,0.64,0.5,0,0,0,0.32,0.7,0,0.41,0.94,0,0,0.15,0,0.67,0,0.29,0,0.66,0.4,0,0.55,0.34,0.77,0,0,0.41,0,0.68,0.04,0.32,0.9,0.48,0,0.58,0,0.7,0.18,0.18,0.57,0.98,0.27,0
"Area_04","Autumn","F","F0648","Prochilodus_lineatus",0.79,0,0.53,0,0.63,0.35,0,0.78,0,0,0,0,0,0,0.36,0.66,0.81,0.69,0,0.03,0.18,0.92,0.74,0.79,0.1,0.21,0,0,0.09,0.89,0.31,0,0,0,0.65,0.88,0,0.69,0.39,0,0.53,0.92,0,0.56,0.52,0.02,0.42,0.64,0.12,0.95,0.33,0.61,0,0,0.18,0.53,0,0.43,0.29,0.4
"Area_03","Spring","M","F0649","Leporinus_friderici",0.64,0,0,0,0,0,0,0.67,0.46,0.8,0,0.22,0,0.64,0.68,0,0.47,0.95,0,0.16,0.03,0.46,0.97,0.2,0.5,0,0,0,0,0.21,0.3,0.55,0.44,0.45,0.89,0.5,0,0.37,0.86,0.54,0.63,0.1,0.88,0.44,0.5,0,0.33,0.87,0.44,0.95,0.15,0.12,0,0.99,0,0.25,0.02,0.86,0.72,0.69
"Area_04","Autumn","F","F0650","Rhamdia_quelen",0.96,0.33,0.87,0.4,0,0.45,0,0,0.31,0,0.03,0.33,0,0,0,0.67,0.56,0.77,0.06,0.14,0,0.13,0.31,0.28,0.71,0.84,0,0,0,0,0.48,0.96,0,0.39,0,0.39,0.03,0.83,0,0,0.24,0.91,0.47,0.8,0,0,0.66,0.18,0.91,0.83,0,0,0.54,0,0,0.19,0.69,0,0,0.12
"Area_01","Winter","M","F0651","Leporinus_friderici",0.15,0.71,0,0.78,0.14,0,0.72,0.39,0.26,0,0.65,0,0,0.1,0.83,0.15,0,0.79,0,0.86,0.26,0,0.51,0,0.73,0.22,0.36,0.21,0,0.77,0,0,0,0.01,0,0.87,0,0,0,0.94,0,0.3,0.85,0.64,0,0.33,0,0.85,0.55,0.53,0,0,0.89,0,0,0.79,0.07,0,0,0.78
"Area_01","Winter","M","F0652","Hoplias_malabaricus",0,0,0.9,0,0.12,0.51,0.46,0,0,0.37,0.94,0,0.7,0.82,0.58,0,0,0,0.98,0.2,0.73,0.81,0,0,0,0.12,0.11,0.38,0,0,0.74,0.9,0.93,0.6,0.7,0.55,0,0.26,0.64,0.45,0,0,0.52,0,0,0.26,0.1,0,0.47,0,0.65,0.55,0.21,0,0.73,0,0.58,0.31,0.14,0.21
"Area_03","Summer","M","F0653","Leporinus_friderici",0.94,0,0.82,0.99,0,0.68,0,0.87,0.49,0.66,0.48,0,0.2,0.65,0.04,0.92,0.9,0,0.98,0,0.27,0.61,0,0.7,0,0.61,0.2,0,0.84,0,0.55,0,0,0.41,0.9,0.7,0,0.91,0.91,0.37,0,0,0,0.13,0,0.78,0.27,0.91,0.98,0,0.75,0.63,0.34,0.77,0.05,0.23,0.38,0.84,0,0.62
"Area_03","Autumn","M","F0654","Geophagus_brasiliensis",0,0.4,0,0,0.46,0,0,0.1,0.46,0.91,0.56,0.5,0.32,0.17,0.31,0,0,0,0.15,0,0,0.12,0.83,0.75,0,0.18,0,0,0.39,0.89,0.18,0,0.93,0.34,0,0.06,0.63,0.66,0,0,0,0.14,0.27,0,0,0.26,0.54,0,0.57,0.94,0.14,0.64,0,0,0.47,0.48,0.76,0.97,0.33,0
"Area_04","Winter","F","F0655","Pimelodus_maculatus",0.36,0.49,0,0,0,0.02,0.46,0,0.11,0,0.84,0.04,0,0.6,0.46,0.99,0,0,0.02,0.36,0.6,0,0.46,0.95,0,0.26,0,0,0.89,0.32,0.39,0.37,0,0.82,0,0.98,0.87,0,0,0,0.87,0,0.38,0,0,0,0.67,0,0.3,0.05,0,0.11,0.65,0,0.44,0,0.21,0.81,0.43,0.21
"Area_02","Autumn","M","F0656","Astyanax_fasciatus",0,0.06,0,0,0,0.55,0.53,0.79,0,0.8,0.84,0.01,0.38,0.76,0,0.91,0.44,0,0,0,0.71,0.82,0,0.49,0,0,0.25,0.06,0.79,0.87,0,0.21,0.42,0.76,0.31,0.88,0.53,0,0.58,0,0,0.11,0.45,0.4,0.72,0.16,0,0.81,0,0.46,0.02,0.57,0.48,0.67,0.23,0,0.12,0,0.82,0.42
"Area_02","Spring","M","F0657","Rhamdia_quelen",0.96,0,0,0,0.09,0,0,0.49,0,0.11,0.16,0,0.77,0.08,0.75,0,0.12,0.63,0,0.8,0.51,0.15,0.21,0,0.06,0.65,0.56,0,0,0,0.62,0,0.61,0,0.65,0.34,0,0.37,0.03,0,0,0.77,0,0.03,0.81,0.21,0,0,0,0.4,0.48,0.57,0.11,0.18,0,0.85,0,0.15,0.58,0.44
"Area_04","Spring","F","F0658","Cichla_ocellaris",0,0,0,0.86,0,0,0,0.66,0.01,0,0.02,0,0.06,0.29,0.62,0.74,0.67,0.82,0.98,0,0.1,0,0.17,0,0.65,0.9,0,0.34,0,0.54,0,0.59,0.8,0,0.47,0,0,0.97,0,0.49,0,0.8,0.47,0.05,0.35,0.4,0,0.69,0.46,0,0.27,0.44,0.27,0.57,0.15,0.45,0.43,0,0.29,0
"Area_03","Spring","M","F0659","Pimelodus_maculatus",0,0,0.13,0.94,0.54,0,0.03,0.03,0.23,0.28,0,0.06,0,0,0.53,0.94,0.71,0,0.82,0,0.64,0,0.17,0.84,0,0.34,0.16,0.26,0,0.18,0.05,0,0,0,0.63,0.19,0.61,0,0.25,0,0,0.25,0.88,0,0,0,0,0.38,0.12,0,0.91,0,0.24,0.32,0,0,0.6,0,0.34,0.73
"Area_02","Spring","M","F0660","Leporinus_friderici",0.56,0.44,0,0,0,0.96,0.58,0.69,0.77,0.14,0,0,0.96,0.24,0.96,0,0,0.31,0,0.34,0,0.93,1,0,0,0.04,0,0.81,0,0.17,0,0.48,0,0.12,0,0,0,0,0.02,0,0.8,0.36,0.17,0.27,0,0,0.44,0,0.54,0,0.88,0.02,0,0.68,0.67,0.74,0.32,0,0,0
"Area_03","Summer","F","F0661","Hoplias_malabaricus",0.88,0.17,0.8,0.36,0,0,0,0.69,0.49,0.24,0.87,0,0.72,0.63,0,0.18,0,0.43,0,0.6,0,0,0,0.78,0.37,0.99,0,0.35,0.99,0.74,0.5,0,0.27,0,0.7,0.21,0.28,0,0,0.97,0.8,0,0.33,0.45,0.14,0,0.53,0.14,0.13,0.65,0.27,0,0.61,0,0.49,0,0,0,0.67,0
"Area_03","Summer","F","F0662","Pimelodus_maculatus",0.74,0.08,0.84,0.82,0.1,0.31,0.61,0,0.39,0.36,0,0.45,0.38,0,0.21,0.03,0.08,0.66,0.16,0.67,0.57,0.29,0,0.42,0.52,0.05,0.68,0.28,0.17,0.83,0.4,0.96,0.56,0.68,0,0,0.12,0.87,0,0.83,0.06,0.99,0,0,0.58,0.55,0,0.2,0.42,0.91,0.83,0.35,0,0.99,0,0,0.04,0,0.7,0
"Area_02","Autumn","F","F0663","Leporinus_friderici",0.63,0.67,0.71,0,0,0.61,0.08,0.56,0,0.19,0.04,0.67,0.46,0.69,0.73,0.43,0.13,0,0.33,0.47,0,0.32,0,0.73,0,0,0,0.75,0,0,0.68,0.35,0.09,0.61,0,0,0.55,0.29,0,0.65,0.21,0.86,0.62,0.63,0.08,0.81,0.28,0.13,0.44,0.75,0.63,0,0,0,0,0.82,0.67,0.62,0,0
"Area_03","Autumn","F","F0664","Pimelodus_maculatus",0.16,0,0.89,0.98,0.33,0,0.17,0.1,0.63,0.44,0.67,0,0.93,0.64,0,0.21,0,0,0.31,0.69,1,0.83,0.13,0.83,0,0.72,0.38,0,0.14,0.25,0,0,0,0.32,0,0.41,0.86,0,0.39,0.34,0.76,0,0.03,0.15,0,0,0.62,0.18,0.79,0.89,0.17,0.31,0,0.81,0.22,0,0,0.59,0,0.92
"Area_03","Summer","F","F0665","Astyanax_fasciatus",0.48,0.12,0.66,0,0,0.55,0.35,0,0,0.53,0.78,0.37,0.2,0.58,0,0.03,0.17,0.9,0,0.92,0.97,0,0,0,0.54,0.33,0,0.23,0.95,0.46,0.59,0.87,0,0.29,0.24,0.58,0,0.06,0,0,0.28,0.6,0.14,0.7,0,0.84,0.15,0,0.23,0.32,0,0,0.36,0.97,0.19,0.59,0.75,0.09,0,0.62
"Area_01","Spring","F","F0666","Geophagus_brasiliensis",0.44,0,0,0.53,0,0,0.18,0,0.18,0.72,0.21,0.73,0.34,0.94,0.11,0.46,0.33,0.35,0.91,0,0.72,0,0.45,0,0,0.62,0.13,0,0.67,0.12,0.13,0,0.45,0,0.22,0.68,0,0.06,0,0,0.96,0.02,0.4,0.73,0.78,0,0,0.59,0.25,0,0.21,0.59,0.33,0.63,0.62,0,0,0,0.43,0.41
"Area_03","Winter","F","F0667","Prochilodus_lineatus",0,0.28,0,0.18,0,0.92,0,0.09,0.72,0,0.47,0.17,0,0,0.19,0.77,0.94,0.35,0.54,0.06,0.32,0.09,0.12,0.6,0.38,0,0.13,0,0,0.69,0.77,0.35,0.52,0.9,0.89,0.8,0.58,0.6,0.31,0.42,0.12,0,0.76,0.7,0,0.42,0,0.49,0.85,0.88,0.32,0,0,0.02,0,0.2,0,0,0.48,0
"Area_01","Winter","M","F0668","Prochilodus_lineatus",0.83,0,0.28,0.82,0.62,0.04,0.47,0,0.9,0,0,0,0,0,0.53,0.62,0.06,0,0,0,0.59,0.09,0.65,0.47,0,0.39,0.99,0,0.82,0.5,0.33,0.61,0,0.29,0,0.69,0.7,0,0.08,0.24,0.02,0.12,0,0,0.48,0.61,0.95,0,0.1,0.61,0.99,0.36,0.8,0.78,0.17,0.11,0,0.69,0,0
"Area_02","Winter","F","F0669","Leporinus_friderici",0.3,0.19,0.11,0.44,0.83,0,0.9,0.3,0.23,0.76,0,0,0.77,0.09,0,0.14,0,0,0.44,0.91,0.77,0,0.8,0.88,0.51,0,0.23,0.31,0,0.34,0,0.1,0.79,0.14,0.73,0.37,0.79,0,0.27,0.45,0.1,0.39,0.5,0.88,0,0.75,0.52,0,0.03,0.13,0.04,0.69,0,0.59,0.22,0,0.73,0.99,0.31,0
"Area_04","Spring","M","F0670","Hoplias_malabaricus",0.64,0.53,0.04,0.91,0,0.09,0,0.2,0.2,0.62,0.17,0.88,0.36,0.14,0,0.23,0,0,0.93,0.32,0.92,0.77,0.18,0.95,0,0.27,0.67,0.68,0.05,0.87,0,0.56,0,0.66,0,0.34,0.75,0.38,0.77,0,0,0.5,0.33,0.71,0.2,0,0,0,0.07,0.46,0,0,0,0.76,0,0,0.7,0,0.31,0
"Area_04","Autumn","M","F0671","Prochilodus_lineatus",0,0.2,0.57,0.3,0.37,0.97,0.25,0.12,0.52,0.9,0,0,0,0.93,0.28,0,0,0.89,0,0.77,0,0.62,0,0.73,0,0.99,0,0.31,0.14,0,0.83,0.66,0,0.06,0,0,0,0.93,0.06,0.63,0.65,0,0,0.54,0.21,0,0,0.67,0,0.29,0.43,0.26,0.9,0.43,0.44,0.42,0.42,0.25,0.18,0.64
"Area_01","Summer","M","F0672","Astyanax_fasciatus",0.57,0,0.76,0.91,0.3,0.5,0,0.77,0.61,0.68,0.51,0.84,0.97,0.09,0.18,0.4,0.11,0.43,0.97,0.89,0.04,0,0.37,0.19,0.38,0,0.56,0.86,0.55,0,0.13,0.12,0.91,0.71,0.06,0.33,0,0.21,0.7,0.89,0,0.24,0.2,0,0.29,0.59,0,0.91,0,0.92,0,0.94,0.65,0,0.83,0,0,0.37,0,0.15
"Area_03","Spring","F","F0673","Prochilodus_lineatus",0,0.36,0,0.17,0.94,0,0.32,0.47,0.02,0,0,0.4,0.61,0,0.77,0.54,0.12,0,0,0,0.96,0.1,0,0.81,0.34,0.04,0,0.28,0,0.72,0.74,0,0,0.36,0.27,0,0.47,0.51,0.8,0.42,0.74,0,0,0.7,0.15,0,0,0.03,0.08,0.2,0.32,0.21,0.43,0.11,0.53,0.46,0.4,0.46,0,0.95
"Area_03","Winter","F","F0674","Leporinus_friderici",0,0,0.76,1,0.81,0,0.47,0.04,0.65,0.12,0.67,0.79,0.18,0.61,0,0,0.25,0,0,0.02,0.75,0,0.17,0.82,0,0.95,0,0,0,0.09,0.4,0.08,0.36,0.6,0.07,0,0.08,0.07,0,0.97,0.16,0,0.68,0.56,0,0,0.97,0,0,0,0.64,0.31,0.21,0.56,1,0.31,0.79,0.96,0.96,0.31
"Area_02","Spring","F","F0675","Geophagus_brasiliensis",0.49,0.32,0.28,0,0,0.22,0,0.21,0,0,0.59,0,0,0.89,0.48,0.86,0.02,0.27,0,0.74,0.73,0,0.45,0.12,0,0.16,0,0,0,0,0,0.41,0.27,0.06,0.62,0,0.95,0,0,0,0.31,0.36,0,0,0.31,0.61,0.53,0.44,0,0,0.03,0.46,0.09,0,0.71,0.54,0.56,0.81,0.57,0.01
"Area_04","Summer","F","F0676","Hoplias_malabaricus",0,0.53,0.73,0,0.5,0.56,0,0,0.23,0.53,0,0,0.47,0.45,0,0,0.69,0.45,0.82,0.16,0.38,0,0.75,0.73,0.29,0.45,0.86,0.25,0.52,0,0,0.69,0,0.5,0.27,0,0.88,0.17,0,0,0.05,0.89,0.12,0,0.13,0.88,0,0.46,0,0.99,0.7,0,0.35,0,0,0,0.98,0.88,0.93,0
"Area_04","Autumn","M","F0677","Prochilodus_lineatus",0,0.25,0,0.45,0,0.11,0,0.39,0,0,0.94,0.05,0.13,0,0,0.98,0.29,0.44,0,0,0,0,0,0,0.71,0.85,0.91,0,0.24,0.33,0,0.03,0,0,0.44,0.54,0.66,0,0,0.63,0,0.71,0.48,0.47,0,0.06,0.39,0,0.75,0.08,0.25,0,0,0.78,0.97,0,0,0.53,0.4,0.7
"Area_02","Spring","F","F0678","Geophagus_brasiliensis",0.67,0.33,0.62,0,0.98,0.72,0,0,0.6,0,0.24,0,0.55,0.27,0.72,0.46,0.3,0,0.62,0.03,0.91,0.49,0.43,0.78,0.06,0,0.32,0.18,0.62,0.53,0.88,0,0.77,0.72,0.24,0.89,0.16,0,0,0,0.97,0.36,0.12,0.24,0,0.88,0.93,0.6,0.2,0.56,0.13,0,0.2,0,0.81,0.49,0.34,0,0,0
"Area_01","Winter","M","F0679","Rhamdia_quelen",0,0.41,0.97,0.99,0.63,0.34,0.37,0,0,0.18,0.6,0.5,0.37,0.98,0.44,0.8,0.92,0,0.69,0.46,0,0.63,0.9,0.16,0,0.39,0.54,0.98,0.67,0.98,0.4,0.3,0,0.65,0,0.72,0,0.49,0.5,0.52,0.77,0,0.3,0.16,0.21,0,0.75,0,0.89,0,0.12,0,0.86,0,0,0,0.61,0.11,0,0.76
"Area_02","Summer","F","F0680","Rhamdia_quelen",0.27,0.65,0,0.6,0.03,0.98,0,0.18,0.68,0,0,0,0,0.52,0.68,0,0.95,0,0.15,0,0.56,0.24,0.31,0,0.59,0,0,0,0.45,0.14,0,0.48,0.93,0.98,0,0,0.65,0.27,0,0.31,0,0.59,0.98,0.49,0.22,0.97,0.66,0,0,0.49,0,0.57,0.8,0,0.66,0.21,0.4,0,0.63,0.27
"Area_03","Winter","F","F0681","Geophagus_brasiliensis",0.31,0,0.29,0.01,0.43,0.62,0.03,0,0.53,0,0.3,0,0.94,0,0.21,0.57,0.53,0.09,0.75,0,0,0.8,0,0,0,0,0,0,0.05,0,0.56,0,0,0.34,0.88,0,0,0.75,0.69,0.64,0,0.63,0,0.03,0.36,0,0,0,0,0,0.75,0,0.96,0,0.94,0.31,0,0,0,0
"Area_03","Winter","M","F0682","Geophagus_brasiliensis",0,0.71,0.34,0,0.86,0,0,0.18,0.59,0.49,0.87,0.75,0.35,0.05,0,0.13,0.66,0.51,0,0,0,0,0.28,0.65,0.18,0,0,0.61,0,0.21,0.99,0.89,0,0,0,0.99,0,0.97,0.25,0.48,0.39,0.58,0,0.82,0.78,0,0.2,0,0,0,0,0.17,0,0,0.49,0,0.68,0,0.44,0.74
"Area_03","Winter","F","F0683","Pimelodus_maculatus",0,0.55,0.87,0.74,0,0,0,0.04,0.59,0,0,0.73,0.08,0,0,0.3,0.48,0.29,0.45,0.68,0.98,0,0.21,0.47,0.7,0.98,0.44,0.05,0.89,0.99,0,0,0.36,0.92,0.14,0,0.13,0,0,0,0,0,0.34,0.96,0,0.2,0.4,0.06,0.4,0.14,0.6,0,0,0.18,0.5,0.65,0.49,0,0.61,0
"Area_02","Spring","F","F0684","Hoplias_malabaricus",0.71,0.35,0.24,0.84,0,0,0,0.2,0.25,1,0.37,0.38,0.95,0,0,0.79,0.86,0.09,0.25,0.99,0,0,0.79,0.78,0.37,0.54,0,0,0.85,0,0,0.31,0.75,0.77,0.44,0.27,0.08,0,0,0,0.48,0.56,0.49,0.27,0,0.97,0.54,0,0.03,0.61,0.31,0,0.09,0.26,0.39,0.39,0.05,0.28,0,0
"Area_01","Summer","M","F0685","Leporinus_friderici",0.08,0.74,0,0,0.7,0.41,0.36,0.1,0,0,0.68,0.16,0.17,0.79,0.98,0,0.64,0.29,0.52,0.94,0.35,0.49,0.57,0.94,0,0,0.8,0,0,0,0.44,0.1,0,0.7,0.81,0.27,0.78,0.17,0.57,0.95,0.85,0.86,0.69,0.75,0.41,0,0.71,0.3,0,0.13,0,0.81,0.65,0,0,0.07,0.87,0,0.56,0.9
"Area_02","Autumn","M","F0686","Rhamdia_quelen",0,0.27,0,0.63,0,0.79,0.39,0.97,0,0.28,0.33,0.71,0,0,0.75,0,0.76,0.7,0.42,0.63,0.05,0,0.59,0.71,0,0,0.38,0.91,0.21,0.89,0,0,0,0.97,0.32,0.94,0,0,0.34,0,0,0,0.95,0.03,0.69,0,0.09,0.76,0.49,0.65,0,0,0.43,0.86,0.68,0,0.17,0.49,0.13,0.44
"Area_04","Summer","F","F0687","Geophagus_brasiliensis",0.8,0.11,0.95,0.39,0.3,0.44,0.25,0,0,0,0.54,0.83,0.63,0.6,0.5,0,0,0.48,0.59,0.04,0,0,0.16,0.27,0.15,0,0.32,0,0,0.83,0.6,1,0,0.55,0.81,0.9,0,0.05,0.72,0,0.11,0.24,0.57,0.61,0,0.12,0.58,0.45,0,0.63,0.1,0.04,0.33,0,0,0,0.81,0,0.38,0.58
"Area_03","Spring","F","F0688","Cichla_ocellaris",0.89,0.38,0.99,0.68,0.58,0.7,0.84,0,0,0.07,0,0.49,0.88,0,0.15,0.43,0.79,0,0.27,0,0,0.14,0.38,0.91,0,0.6,0.69,0.34,0,0,0.93,0.85,0.79,0.1,0,0,0.16,0,0,0,0.24,0.89,0,0,0.52,0,0.69,0.1,0.3,0.19,0.23,0.4,0.52,0,0.27,0,0.13,0.5,0.35,0.18
"Area_02","Winter","F","F0689","Leporinus_friderici",0.52,0,0.49,0,0.76,0.34,0.3,0.54,0.74,0.96,0.73,0,0.01,0,0.11,0.26,0.99,0.37,0,0.87,0.83,0.26,0.8,0.62,0,0,0,0,0,0.38,0.38,0.03,0.41,0.97,0.04,0,0.9,0.1,0.14,0.86,0,0,0,0.07,0,0.42,0.48,0.04,0.65,0,0.57,0.53,0.46,0.04,0,0,0.09,0.67,0,0.11
"Area_03","Autumn","F","F0690","Pimelodus_maculatus",0,0.23,0.62,0.84,0.59,0,0,0.14,0,0.94,0.8,0,0,0.96,0,0.05,0.66,0.82,0.62,0,0.75,0.12,0,0.25,0.23,0,0.12,0.87,0.25,0,0,0.39,0.02,0.42,0,0,0.64,0.67,0.98,0.93,0.12,0.64,0,0,0.81,0.56,0.09,0.39,0.13,0.87,0,0.14,0,0,0,0.09,0,0,0,0.68
"Area_04","Autumn","F","F0691","Pimelodus_maculatus",0.47,0,0.39,0,0,0.2,0.14,0,0,0.46,0,0.78,0,0.02,0,0.52,0,0,0.08,0.58,0.37,0.02,0,0.35,0.95,0.66,0.66,0,0,0.02,0,0,0.27,0.97,0.71,0.04,0,0,0.57,0,0.83,0.55,0.9,0.35,0,0,0.27,0,0.95,0.48,0.61,0.56,0,0,0,0,0.17,0,0,0
"Area_03","Winter","F","F0692","Prochilodus_lineatus",0,0.13,0,0.07,0.42,0.68,0.93,0,0.37,0,0,0,0.29,0,0.61,0,0.53,0,0.44,0.38,0.09,0.62,0.12,0.01,0.11,0.44,0.26,0,0,0,0.79,0.14,0.39,0.27,0,0,0,0,0.3,0.32,0,0.94,0,0.19,0.13,0.76,0.98,0.73,0.45,0.42,0.34,0.17,0,0.71,0.21,0,0.97,0,0,0.8
"Area_01","Winter","M","F0693","Geophagus_brasiliensis",0,0.6,0.96,0,0.65,0.24,0,0,0.63,0,0,0.32,0,0,0.47,0,0.62,0.93,0,0.64,0.03,0,0,0.72,0,0.13,0.73,0.19,0,0.65,0,0.66,0.71,0,0.92,0.73,0,0.87,0,0.33,0.42,0,0.52,0.29,0,0,0.42,0.18,0,0,0.79,0.86,0,0.4,0.8,0.47,0,0.35,0.64,0.57
"Area_02","Spring","F","F0694","Cichla_ocellaris",0,0.7,0.62,0,0.52,0,0,0,0,0.85,0.82,0.3,0.79,0.44,0.7,0.19,0,0.05,0.09,0.02,0.28,0.22,0,0.49,0.38,0,0,0,0,0.05,0.52,0.1,0.34,0.75,0.15,0.38,0,0,0,0,0.19,0.77,0,0.1,0,0.88,0,0,0.84,0.64,0.65,0,0,0.49,0.51,0.69,0,0.19,0,0.41
"Area_02","Summer","F","F0695","Hoplias_malabaricus",0.41,0,0.98,0.69,0.37,0,0,0.13,0.45,0,0.13,0.14,0.41,0,0.69,0.09,0,0.96,0.19,0,0.23,0,0.07,0.61,0,0,0,0.37,0.11,0.09,0,0.08,0.76,0.04,0,0.4,0.34,0.16,0.29,0.13,0,0,0.22,0.8,0,0,0,0,0,0.82,0.5,0.18,0.89,0.74,0.28,0,0.12,0,0,0.31
"Area_02","Spring","M","F0696","Astyanax_fasciatus",0.67,0,0.34,0.19,0,0,0.14,0.32,0.47,0,0.7,0.94,0,0.85,0.75,0.31,0.57,0,0.91,0.06,0.14,0.33,0.86,0.12,0.92,0.43,0.29,0.94,0,0.23,0.59,0.66,0,0,0.69,0.87,0.39,0,0,0.29,0,0.76,0,0,0,0.93,0,0,0,0.42,0.21,0.15,0,0.62,0,0,0,0,0.95,0.14
"Area_04","Spring","M","F0697","Astyanax_fasciatus",0,0.43,0.63,0.19,0,0.31,0.86,0,0,0.98,0,0,0.72,0,0.08,0,0.36,0,0,0.2,0.02,0,0.2,0.21,0.15,0,0.61,0,0.48,0,0.53,0.33,0,0.45,0,0.4,0.81,0.25,0,0.04,0.08,0,0,0,0.89,0,0.43,0.62,0,0,0.21,0.37,0,0.38,0.9,0.75,0,0.48,0.63,0
"Area_04","Spring","F","F0698","Pimelodus_maculatus",0,0.53,0.9,0.59,0.65,0.94,0,0.05,0.2,0.63,0.66,0,1,0.12,0.83,0.79,0,0.37,0.09,0.89,0.74,0,0.77,0,0.24,0.5,0.6,0,0.47,0,0,0.96,0,0.52,0,0.96,0,0.21,0,0.44,0.59,0,0.52,0,0,0.44,0.12,0,0,0,0,0,0,0.61,0.05,0,0,0.45,0.43,0.58
"Area_02","Autumn","F","F0699","Prochilodus_lineatus",0.16,0.69,0,0.95,0,0,0,0.65,0.13,0.24,0.17,0.88,0,0.35,0.96,0.11,0.1,0.24,1,0.16,0.32,0.52,0.54,0.81,0.21,0,0,0.13,0.78,0,0,0,0,0.82,0,0,0.74,0.96,0.7,0.47,0.17,0.69,0.3,0.15,0,0,0.33,0.02,0.29,0.45,0.21,0.03,0.64,0.79,0.33,0,0.73,0,0.71,0
"Area_04","Winter","F","F0700","Prochilodus_lineatus",0,0.98,0,0.96,0.15,0,0,0,0.87,0.95,0.01,0.29,0.56,0.77,0.35,0.13,0.52,0.08,0.45,0,0.64,0.99,0,0.56,0,0,0.13,0.55,0.56,0,0.13,0.65,0.72,0.94,0.05,0.28,0.97,0.31,0,0,0.14,0.54,0.34,0,0.14,0.98,0.27,0,0.11,0.47,0.83,0.12,0,0.79,0,0.37,0.38,0,0,0.51
"Area_02","Autumn","F","F0701","Geophagus_brasiliensis",0.04,0,0.77,0.44,0,0.89,0.38,0,0.57,0.12,0,0.52,0.17,0,0.95,0.85,0,0.48,0.78,0.99,0.42,0.74,0,0.22,0,0,0.68,0.28,0,0.14,0.5,0,0,0.5,0,0.75,0.68,0.87,0,0,0,0.79,0,0.37,0.99,0.06,0.18,0.41,0,0,0.42,0.56,0.63,0,0,0.92,0,0.45,0.95,0.31
"Area_01","Summer","M","F0702","Prochilodus_lineatus",0,0.5,0.03,0.6,0.21,0,0,0.86,0,0,0.07,0.15,0.49,0.25,0,0.59,0,0.48,0.07,0,0,0.43,0,0,0,0.18,0,0.82,0.13,0.78,1,0,0.18,0.28,0,0,0.61,0,0.13,0,0.52,0,0.42,0.47,0.89,0,0.27,0,0.05,0,0,0.78,0.73,0.5,0.33,0.77,0,0,0.36,0.36
"Area_01","Summer","M","F0703","Astyanax_fasciatus",0.84,0,0.26,0.58,0.62,0.97,0.7,0,0.09,0.47,0.47,0,0,0.27,0,0.57,0,0.94,0.79,0.96,0,0,0.75,0.79,0.34,0.78,0.55,0,0,0.86,0,0.95,0,0,0.92,0.01,0,0,0.36,0.85,0.91,0.86,0,0,0.54,0,0,0.79,0,0,0,0.58,0.06,0.39,0.02,0.99,0.46,0.8,0.7,0.13
"Area_03","Summer","M","F0704","Astyanax_fasciatus",0.21,0,0.29,0,0.02,0.5,0,0.38,0.55,0.03,0.42,0.19,0.56,0,0.86,0.94,0,0,0.59,0.73,0.55,0.39,0,0,0.95,0,0.17,0.07,0.92,0.37,0.73,0.44,0.04,0.93,0.6,0.29,0,0.84,0.24,0.31,0.13,0,0.66,0.44,0.32,0.96,0,0,0,0.46,0,0.75,0.51,0.34,0.86,0.32,0,0.72,0,0
"Area_04","Winter","M","F0705","Geophagus_brasiliensis",0.55,0.34,0,0.49,0.22,0.1,0.68,0.71,0.15,0,0.98,0.45,0,0,0.28,0,0,0.74,0,0.45,0.86,0.88,0,0.84,0,0.84,0.8,0.02,0.51,0.35,0,0,0.02,0.92,0.22,0.9,0,0,0.62,0.92,0.11,0.61,0.4,0.26,0,0.33,0.78,0.56,0.02,0,0.95,0.24,0.89,0.85,0.09,0,0.68,0.35,0.37,0.07
"Area_01","Winter","M","F0706","Cichla_ocellaris",0.62,0.3,0,0.35,0.73,0,0,0.63,0,0.45,0.84,0,0.16,0,0.69,0,0,0,0.59,0,0.89,0,0.53,0.24,0.69,0,0.7,0.91,0.27,0.65,0,0.9,0.46,0,0.47,0.99,0,0.77,0.99,0.75,0.4,0,0.84,0.12,0.1,0,0.27,0.72,0,0.01,0,0.7,0.68,0,0.17,0.1,0.2,0.68,0.24,0.73
"Area_03","Winter","F","F0707","Geophagus_brasiliensis",0.14,0.37,0,0.42,0,0.9,0,0,0,0.27,0,0.23,0.07,0.66,0,0,0.23,0.5,0.13,0.95,0.76,0.54,0,0.87,0,0.97,0,0.28,0.1,0.17,0.07,0,0,0,0,0.96,0.16,0.44,0,0,0,0.78,0.07,0,0,0.14,0.62,0,0.35,0.4,0,0,0.93,0,0.69,0,0,0,0,0.51
"Area_03","Autumn","F","F0708","Hoplias_malabaricus",0.7,0,0,0.48,0,0.11,0,0.48,0,0.97,0,0,0.84,0,0,0.38,0.26,0.81,0.86,0,0.29,0.6,0,0.37,0.75,0,0.07,0,0.63,0.67,0,0.52,0.42,0,0.29,0.66,0.1,0.86,0.99,0.65,0.53,0.51,0,0.06,0.2,0.79,0.95,0.25,0.43,0.46,0.18,0.52,0.77,0,0.25,0.94,0.16,0.37,0.93,0
"Area_02","Summer","F","F0709","Geophagus_brasiliensis",0.88,0.38,0,0.54,0.56,0,0.93,0,0,0.46,0.88,0,0.49,0,0.36,0.35,0.44,0.21,0.3,0.07,0.95,0.66,0.19,0,0,0.59,0.24,0,0.92,0.28,0.88,0.54,0,0.38,0.59,0.3,0.98,0.33,0.94,0.09,0.79,0,0.33,0,1,0,0,0.14,0,0,0.45,0,0,0.33,0.92,0,0.99,0.64,0.88,0.61
"Area_04","Winter","F","F0710","Leporinus_friderici",0.95,0.43,0.5,0.16,0.64,0.58,0.8,0.92,0,0,0,0,0.74,0,0.78,0.76,0,0.83,0.85,0,0.15,0.53,0.95,0.73,0.64,0.08,0,0,0,0,0.2,0.9,0.07,0.37,0,0.49,0.86,0.13,0,0,0.84,0.96,0,0.37,0,0.06,0.67,0.04,0.72,0.48,0.16,0.77,0.12,0,0.91,0,0.85,0.11,0.11,0
"Area_03","Winter","F","F0711","Geophagus_brasiliensis",0.74,0.23,0.79,0.16,0,0,0,0,0.98,0,0.76,0.62,0.59,0,0.77,0,0.85,0.95,0,0,0.96,0.42,0.73,0,0.76,0.42,0.65,0.51,0.86,0.38,0,0.34,0.41,0.65,0,0,0.4,0.44,0,0.79,0.37,0.42,0.07,0.39,0.3,0.83,0.4,0.53,0.67,0.65,0,0.61,0.24,0,0.66,0.63,0.32,0,0,0
"Area_02","Spring","F","F0712","Astyanax_fasciatus",0.01,0.07,0,0.5,0,0,0.23,0,0,0.56,0,0.42,0.61,0,0.27,0,0,0,0,0.57,0.89,0.43,0.89,0.36,0,0.92,0.79,0.04,0,0.68,0.51,0.54,0.87,0,0,0.62,0.67,0,0,0,0.3,0.6,0,0.93,0.75,0.19,0,0.89,0.39,0,0,0,0.67,0.57,0.18,0,0,0.51,0.31,0
"Area_01","Spring","F","F0713","Prochilodus_lineatus",0.77,0,0.23,0.88,0.06,0.53,0.84,0.15,0.76,0,0,0,0.6,0,0.78,0,0,0.19,0,0,0,0.59,0.57,0,0,0,0.78,0,0,0,0,0.96,0.75,0.72,0,0.34,0.48,0.89,0.56,0,0.06,0.91,0.35,0.39,0,0,0,0.56,0,0,0.14,0,0.94,0,0.4,0.2,0.72,0.8,0.7,0.41
"Area_04","Winter","F","F0714","Prochilodus_lineatus",0,0.57,0.13,0,0.26,0.83,0,0.08,0,0,0,0.81,0.1,0.8,0,0,0.91,0,0.27,0.75,0.85,0,0.75,0,0.08,0,0.64,0,0,0.39,0.42,0.62,0,0.79,0.55,0,0.07,0.65,0.71,0.28,0,0.52,0.08,0,0,0,0.98,0.96,0.36,0.21,0,0.74,0.37,0,0,0.36,0,0,0.82,0.25
"Area_01","Spring","F","F0715","Hoplias_malabaricus",0.42,0.54,0,0.74,0.24,0.68,0.18,0.66,0.96,0.6,0,0.2,0.53,0,0,0,0.38,0,0.81,0,0.74,0.06,0.51,0.58,0.32,0.52,0.3,0,0.28,0.21,0,0.58,0.25,0,0.73,0.59,0,0.06,0,0,0.45,0,0.4,0.03,0.66,0.62,0.15,0.89,0,0.3,0.49,0.16,0.69,0.53,0,0,0.45,0.86,0,0.61
"Area_04","Spring","F","F0716","Leporinus_friderici",0.01,0,0.11,0.42,0,0.08,0,0.1,0.08,0.04,0.5,0,0.72,0.57,0.31,0.23,0.89,0.7,0.03,0.54,0.28,0.49,0.31,0,0.31,0.07,0.53,0.08,0.17,0,0.96,0,0.11,0.79,0.98,0.45,0,0,0.02,0.32,0.79,0.57,0,0,0.56,0.55,0,0,0.57,0.92,0,0.59,0.89,0.16,0,0,0.9,0.3,0.18,0
"Area_04","Autumn","M","F0717","Astyanax_fasciatus",0,0.23,0,0,0.71,0.55,0,0,0.68,0.55,0,0,0.76,0,0.95,0.34,0.94,0.12,0.57,0.84,0,0,0,0,0,0,0,0.04,0,0.55,0.95,0.53,0.52,0.04,0.12,0.21,0.12,0.11,0.37,0.36,0.13,0.39,0.68,0.09,0,0.62,0,0.86,0.64,0.16,0.79,0.89,0,0.47,0.25,0.53,0.75,0.99,0.85,0.68
"Area_02","Summer","F","F0718","Leporinus_friderici",0,0.52,0.4,0.65,0.83,0.36,0.04,0.49,0,0.74,0.29,0,0.72,0,0,0,0.93,0,0.86,0.89,0,0,0.06,0,0.98,0.98,0.27,0.77,0,0,0.34,0,0.71,0,0,0.77,0.54,0.43,0.02,0.06,0.77,0.99,0,0.15,0.91,0.52,0,0,0.62,0,0,0,0.9,0,0.73,0.81,0.95,0,0.95,0
"Area_01","Winter","M","F0719","Leporinus_friderici",0.47,0,0.92,0,0.1,0,0.4,0.84,0.43,0,0.19,0.58,0,0,0,0.44,0.88,0,0.03,0.05,0,0,0.26,0.41,0.11,0,0.04,0.25,0,0.47,0.26,0.68,0,0,0,0.45,0,0.57,0.73,0,0,0.15,0.88,0,0,0.03,0.54,0.83,0,0.12,0,0,0.82,0,0.79,0.1,0.88,0.19,0.05,0
"Area_03","Summer","M","F0720","Geophagus_brasiliensis",0.83,0.04,0,0.48,0.33,0.74,0.37,0.19,0.62,0,0,0,0.83,0.78,1,0,0,0.55,0.96,0.29,0.87,0.33,0.09,0,0.71,0.87,0.7,0,0,0.3,0.64,0.81,0.83,0,0,0,0,0,0,0.69,0.49,0.32,0,0.56,0.37,0.48,0,0.58,0.52,0,0,0,0.25,0,0,0.6,0.93,0,0.67,0.32
"Area_02","Spring","M","F0721","Astyanax_fasciatus",0,0,0,0,1,0.56,0.75,0.17,0,0.94,0.63,0.66,0.6,0.39,0.52,0,0,0.98,0,0,0.21,0,0.12,0.82,0.82,0.49,0,0.82,0,0.35,0.53,0.19,0.83,0,0.24,0,0,0.01,0.88,0.73,0.03,0,0,0.22,0.21,0.96,0,0.87,0.9,0.47,0,0,0.99,0.94,0,0.12,0.81,0.69,0,0
"Area_04","Autumn","F","F0722","Prochilodus_lineatus",0.37,0.74,0,0.33,0,0.09,0.35,0.75,0.28,0.77,0.06,0.02,0,0.83,0.61,0.9,0,0,0,0.68,0,0.72,0.97,0,0,0.72,0.66,0.32,0,0.74,0.14,0.66,0.04,0.37,0.88,0,0.14,0,0,0,0,0,0.05,0,0.8,0.2,0.3,0.4,0,0.96,0.72,0.54,0,0.54,0,0.31,0.59,0.99,0,0.27
"Area_04","Spring","M","F0723","Leporinus_friderici",0.79,0.45,0.29,0,0,0,0,0,0.51,0.38,0.21,0,0.83,0,0.43,0.74,0,0.89,0.15,0.06,0.85,0,0.18,0.97,0,0.32,0,0.01,0.74,0.29,0.46,0.95,0.86,0.9,0.86,0.66,0.27,0.26,0.31,0.61,0.81,0.12,0.43,0.79,0,0,0,0,0,0,0.1,0.74,0.42,0.68,0.2,0.08,0.17,0,0.33,0.75
"Area_04","Winter","F","F0724","Astyanax_fasciatus",0,0.8,0,0.32,0,0.94,0.4,0.3,0.73,0.04,0.63,0.18,0.12,0.61,0.44,0.37,0.65,0.93,0.76,0,0.33,0,0.45,0.03,0.87,0.36,0.63,0.44,0,0.91,0.39,0,0,0.38,0.49,0.17,0,0.23,0.67,0,0.34,0,0.58,0,0,0.35,0.28,0.37,0,0.52,0.39,0.72,0,0,0.04,0.35,0.66,0.67,0,0.06
"Area_02","Autumn","M","F0725","Geophagus_brasiliensis",0.94,0,0.66,0,0.68,0,0.32,0.33,0.34,0.51,0.99,0.59,0.72,0.67,0.29,0.92,0.58,0.59,0.45,0,0,0.26,0,0,0,0.6,0,0.74,0.61,0.07,0.1,0.58,0.43,0,0.13,0.15,0,0,0.55,0.9,0,0.63,0.8,0.51,0.18,0.51,0,0,0.99,0.68,0.54,0,0.55,0.58,0.47,0.66,0.2,0.82,0.88,0.86
"Area_03","Summer","M","F0726","Prochilodus_lineatus",0.77,0.61,0,0.3,0.03,0,0.99,0.68,0,0,0.23,0.18,0.74,0,0,0,0.24,0.39,0,0,0,0,0.12,0.46,0.45,0.86,0.81,0,0,0.13,0.89,0.15,0.02,0.67,0.42,0,0,0.98,0,0,0,0.77,0.75,0.68,0.67,0.1,0.06,0,0,0,0,0,0,0.19,0,0,0.1,0.7,0.01,0
"Area_01","Summer","M","F0727","Geophagus_brasiliensis",0.31,0.19,0,0,0.05,0.12,0.74,0.75,0.29,0.18,0.39,0.08,0.59,0,0.35,0,0.02,0.55,0,0.05,0,0.94,0.65,0.52,0.96,0.76,0.32,0,0,0.4,0,0.01,0.37,0.33,0.23,0.66,0.1,0.59,0.11,0,0.34,0.48,0.47,0.44,0.64,0.75,0.78,0,0.85,0,0.57,0,0.39,0.04,0,0.39,0,0.75,0,0.45
"Area_04","Summer","F","F0728","Prochilodus_lineatus",0.25,0.75,0.36,0.3,0.1,0.42,0.36,0,0.59,0.73,0.86,0.03,0,0,0.8,0.38,0,0.7,0.92,0.41,0.54,0.54,0.26,0,0,0,0.15,0,0.49,0.8,0,0.75,0.37,0.39,0.37,0.53,0.64,0,0,0,0.68,0,0.74,0,0,0.77,0,0.02,0.53,0,0,0.19,0,0,0.61,0,0,0.72,0,0.37
"Area_01","Autumn","F","F0729","Geophagus_brasiliensis",0,0,0.58,0.33,0.99,0.06,0.86,0.87,0,0,0.49,0.67,0.54,0,0.6,0.22,0.64,0,0.21,0.13,0,0.72,0,0.83,0.6,0,0.07,0.81,0,0.5,0.29,0,0.08,0.06,0,0.09,0.92,0.8,0,0.33,0.91,0,0.18,0.91,0.03,0.72,0,0,0.42,0.64,0.98,0.19,0.86,0.19,0,0.3,0,0.83,0.68,0.11
"Area_02","Spring","M","F0730","Astyanax_fasciatus",0.89,0.12,0,0.31,0,0.88,0.81,0,0.26,0.7,0.54,0.76,0.33,0,0,0,0.24,0.85,0.59,0.28,0,0,0,0,0.51,0.91,0.7,0,0.22,0.34,0.96,0.6,0.34,0.44,0,0.76,0.64,0,0.99,0,0.07,0.75,0,0,0,0.35,0.18,0,0,0.71,0.83,0.13,0,0.81,0.23,0.69,0.64,0.2,0,0
"Area_03","Spring","M","F0731","Pimelodus_maculatus",0.54,0.17,0.26,0,0,0.74,0.19,0,0,0.08,0.13,0.94,0.99,0.82,0.49,0.69,0.15,0,0.86,0.57,0.64,0.13,0.14,0.35,0.4,0.22,0.79,0.38,0.15,0,0,0.82,0.23,0.26,0.56,0.28,0.27,0.44,0.89,0.93,0.98,0,0.62,0,0,0.14,0.23,0.87,0,0.36,0.59,0.2,0.4,0,0.39,0.99,0.91,0.71,0,0
"Area_01","Spring","M","F0732","Leporinus_friderici",0.91,0.79,0.9,0,0.86,0.86,0.06,0.14,0,0.83,0.48,0.72,0.43,0.07,0,0.12,0,0,0,0,0,0.45,0,0.45,0.1,0.72,0.83,0,0.44,0,0.62,0,0.55,0,0.48,0.63,0,0.14,0,0.67,0.16,0.2,0.34,0.58,0,0,0.82,0.3,0.83,0.24,0,0.37,0.05,0.53,0.43,0.37,0.26,0.34,0.39,0
"Area_01","Summer","M","F0733","Astyanax_fasciatus",1,0.13,0,0.3,0.31,0.48,0,0.16,0.66,0.75,0.11,0.31,0,0,0,0,0.49,0.9,0.18,0,0,0,0.75,0,0,0.44,0.23,0,0.4,0.24,0,0,0.33,0.78,0.91,0.03,0.06,0,0,0.35,0.93,0,0.3,0.29,0.72,0,0,0.01,0.33,0,0.59,0,0,0,0.71,0,0.16,0.31,0,0
"Area_03","Winter","F","F0734","Cichla_ocellaris",0,0.47,0.91,0,0,0.06,0,0.15,0,0.47,0.39,1,0.2,0,0.96,0.26,0.37,0.82,0.92,0,0,0.11,0.59,0.77,0.8,0.19,0.96,0,0.84,0.4,0,0.7,0.21,0,0,0.82,0.34,0,0.67,0,0,0.12,0,0.94,0.71,0.53,0.43,0.71,0.31,0.66,0,0,0.64,0.23,0,0.26,0,0,0.8,0
"Area_03","Winter","M","F0735","Geophagus_brasiliensis",0,0.38,0.92,0.85,0,0.28,0.45,0,0,0.42,0,0.99,0,0.65,0.49,0,0.86,0,0.27,0.65,0.72,0.7,0.22,0.58,0.32,0.06,0.94,0.46,0,0,0.91,0,0,0.19,0,0.69,0,0,0,0.09,0,0,0,0,0,0.34,0.6,0,0.93,0.32,0.07,0,0.01,0.35,0.75,0,0,0.68,0.2,0.63
"Area_02","Spring","F","F0736","Pimelodus_maculatus",0.67,0.5,0.66,0.61,0,0.86,0.89,0.88,0,0.55,0.43,0,0.57,0.89,0,0,0,0.96,0,0.35,0.23,0.83,0.39,0.73,0.14,0,0,0.02,0.31,0,0,0.04,0.55,0,0,0,0,0.47,0.95,0.42,0.89,0.06,0.46,0,0,0,0,0.78,0.97,0,0,0,0.46,0,0.56,0,0,0.15,0.02,0.11
"Area_04","Winter","F","F0737","Astyanax_fasciatus",0,0.57,1,0.86,0.25,0.59,0.43,0.28,0.04,0.72,0,0,0.6,0.49,0.24,0,0,0,0,0.11,0.69,0.7,0,0,0.56,0,0,0.45,0.62,0.32,0,0.34,0,0,0,0.66,0,0.11,0,0.1,0.93,0,0,0.53,0.14,0,0.12,0,0.17,0.97,0.65,0.54,0.4,0.23,0.99,0,0.76,0.85,0.57,0
"Area_01","Summer","M","F0738","Rhamdia_quelen",0,0.95,0.67,0,0.79,0.2,0.5,0.58,0.33,0.4,0,0.94,0.8,0.25,0.49,0,0.12,0.9,0.89,0.91,0,0.66,0.94,0.12,0.24,0.46,0.47,0,0,0,0.3,0.87,0,0,0.23,0,0.84,0.92,0.23,0.7,0,0.46,0.22,0.63,0.43,0.04,0,0.63,0.66,0.63,0,0,0.02,0,0.41,0.03,0.62,0.9,0.25,0.93
"Area_04","Summer","M","F0739","Astyanax_fasciatus",0.41,0.19,0.16,0.94,0.05,0.25,0,0.67,0,0.42,0.9,0,0.84,0.25,0,0,0,0,0,0.08,0.53,0.85,0,0.51,0.47,0.22,0.34,0.91,0,0.05,0.94,0,0.91,0.52,0,0.36,0.8,0,0.44,0,0.82,0,0.42,0.63,0.97,0.74,0.77,0,0.21,0.67,0.56,0,0,0,0,0,0.2,0,0.46,0.33
"Area_03","Summer","M","F0740","Prochilodus_lineatus",0.74,0.39,0,0.91,0,0,0,0.51,0.97,0.22,0.97,0.84,0.1,0.93,0,0.11,0,0.63,0.04,0.05,0,0.24,0.9,0.35,0,0.26,0.3,0,0.06,0.12,0,0,0,0,0,0.99,0,0.29,0.05,0,0.16,0.35,0,0,0.06,0.8,0,0.15,0.13,0.59,0,0,0.04,0,0,0,0.08,0.89,0.53,0.37
"Area_03","Winter","M","F0741","Geophagus_brasiliensis",0.32,0,0,0.48,0.15,0,0,0.25,0.02,0,0,0,0.5,0.18,0.88,0.17,0,0,0.99,0.74,0.27,0,0.01,0.46,0,0,0,0.92,0.93,0.43,0.79,0,0,0.02,0,0.9,0,0,0,0.02,0,0.94,0,0.14,0.41,0.35,0.64,0,0.65,0.14,0.25,0,0,0.02,0.6,0,0.4,0,0.54,0.17
"Area_03","Autumn","M","F0742","Leporinus_friderici",0,0,0.98,0.17,0.25,0.66,0.27,0.46,0.25,0.22,0.67,0.7,0,0,0.4,0.7,0,0,0,0.97,0,0,0.06,0.68,0,0.25,0.02,0,0.04,0,0.67,0,0.56,0.14,0.91,0.61,0.24,0,0,0.02,0.52,0.63,0.88,0.39,0.06,0.85,0.53,0.26,0,0,0.38,0,0.02,0,0.36,0,0,0.39,0.17,0.51
"Area_04","Spring","F","F0743","Geophagus_brasiliensis",0,0,0,0,0.19,0.62,0,0.59,0.12,0,0,0.86,0.52,0.18,0.39,0,0,0.5,0.05,0,0,0.04,0,0.05,0.71,0.35,0.03,0,0.9,0.7,0.89,0.41,0.29,0.19,0.51,0.75,0,0,0,0.94,0.29,0,0.22,0.26,0,0.31,0,0.57,0.3,0,0,0.96,0.67,0,0,0.38,0,0.45,0.76,0.85
"Area_01","Summer","M","F0744","Prochilodus_lineatus",0.7,0.03,0.15,0.75,0.02,0.16,0.35,0,0,0.12,0.52,0.2,0.54,0.15,0.28,0,0.23,0.26,0,0.37,0,0,0.47,0.08,0,0,0,0.49,0.67,0.11,0.2,0,0,0.39,0.03,0.23,0.91,0,0.73,0.86,0,0.25,0,0.06,0.8,0.34,0.4,0.83,0.7,0.44,0.71,0,0.48,0.03,0,0.86,0.61,0.98,0.2,0.48
"Area_03","Winter","F","F0745","Rhamdia_quelen",0.42,0.33,0.53,0.93,0.87,0,0.81,0,0.97,0,0.99,0,0.23,0,0.09,0,0.97,0.71,0.55,0.37,0.31,0.37,0.46,0.3,0.51,0,0.17,0.12,0.41,0.04,0.11,0,0,0,0.79,0.56,0,0,0.79,0.42,0.37,0.54,0,0.99,0,0,0,0.55,0.71,0.89,0,0,0,0,0.3,0.63,0.45,0,0.79,0.34
"Area_03","Winter","M","F0746","Cichla_ocellaris",0.69,0,0.69,0,0,0.17,0.21,0.84,0.28,0.9,0,0.29,0.26,0.61,0.99,0.59,0.28,0,0.84,0.84,0.95,0,0,0.79,0.51,0,0.3,0.83,0.64,0.18,0.72,0,0.73,0,0.41,0.27,0.07,0.19,0,0.29,0,0.32,1,0.69,0.28,0,0.04,0,0,0.28,0.88,0,0,0,0,0.67,0.62,0.93,0.4,0.99
"Area_01","Winter","M","F0747","Prochilodus_lineatus",0.95,0.88,0.39,0.07,0.68,0.17,0.18,0.71,0.94,0,0,0.92,0,0.97,0.2,0.48,0.34,0.14,0,0.8,0.1,0.71,0,0.84,0,0,0.78,0,0.13,0.82,0.11,0.34,0.2,0.51,0,0.3,0.84,0.38,0,0.97,0.93,0,0.98,0.3,0,0.15,0.09,0,0,0,0.13,0,1,0.98,0.58,1,0.62,0.48,0,0.18
"Area_02","Autumn","F","F0748","Pimelodus_maculatus",0.06,0,0.37,0.64,0.01,0,0.33,0.8,0.79,0.47,0.4,0.33,0,0.97,0.99,0.45,0.59,0.71,0.62,0.01,0.73,0.81,0,0,0.2,0.33,0.76,0.71,0,0.63,0.86,0,0,0.5,0,0.35,0,0.96,0,0.15,0,0.75,0.16,0.59,0.26,0.07,0,0,0.89,0,0.07,0.49,0.28,0,0.77,0.49,0.85,0.27,0.53,0.08
"Area_01","Spring","F","F0749","Cichla_ocellaris",0,0,0.5,0.44,0,0.1,0.8,0.9,0.24,0.09,0,0.94,0.35,0,0.99,0,0.37,0.59,0.47,0,0.18,0.6,0,0.61,0,0.97,0,0.42,0,0,0.29,0.07,0,0,0,0,0.4,0,0.98,0.45,0,0,0.92,0.72,0.91,0,0.15,0.03,0.37,0,0,0,0.07,0,0.41,0.42,0.76,0,0.45,0.94
"Area_02","Autumn","M","F0750","Rhamdia_quelen",0,0.07,0.89,0.04,0.79,0.93,0,0,0,0.4,0,0.03,0.06,0.59,0.19,0.01,0,0.74,0,0,0.86,0.2,0,0,0.28,0.87,0.16,0.19,0.46,0.93,0.57,0.48,0.06,0,0.11,0.96,0.81,0.98,0,0,0.38,0,0.91,0.65,0.36,0.25,0,0.1,0.33,0.99,0.65,0.4,0.8,0.31,0,0,0,0.34,0.81,0.46
"Area_04","Spring","M","F0751","Cichla_ocellaris",0.69,0.13,1,0.73,0.4,0.12,0,0.54,0,0,0.34,0.93,0,0,0.11,0.13,0.43,0.08,0,0.4,0.18,0,0.56,0.58,0.31,0.13,0.6,0.46,0.57,0.45,0,0.79,0.08,0,0.06,0.18,0,0,0,0,0.34,0.06,0,0.83,0.97,0.32,0.47,0.44,0.51,0.26,0.79,0.56,0.67,0.77,0.62,0.35,0.87,0.4,0.53,0
"Area_02","Autumn","F","F0752","Leporinus_friderici",0.88,0.84,0.96,0.22,0.54,0.27,0.22,0.38,0,0.47,0.19,0,0.15,0,0.51,0,0.84,0.45,0,0.82,0.62,0,0,0.4,0.89,0,0.45,0.43,0,0,0.68,0.03,0.08,0.24,0.87,0.11,0.41,0.31,0,0.13,0.12,0.21,0.46,0.2,0,0,0,0.05,0,0.63,0.81,0.33,0.64,0.19,0,0,0.66,0.08,0,0.71
"Area_01","Summer","M","F0753","Geophagus_brasiliensis",0.8,0.42,0,0.13,0.86,0.94,0.22,0,0.45,0.28,0.31,0,0.89,0,0.62,0,0.82,0,0,0,0,0.59,0.98,0.47,0.78,0.67,0,0.95,0.07,0,0,0.89,0.86,0,0.57,0.33,0.84,0.87,0.4,0,0,0.26,0.95,0.32,0.7,0.49,0.77,0.7,0.61,0.11,0.3,0,0.16,0.76,0,0.03,0.79,0,0.65,0
"Area_03","Winter","F","F0754","Hoplias_malabaricus",0,0.97,0,0,0.58,0.1,0.89,0.86,0,0,0,0.17,0.46,0,0.27,0,0,0.76,0.92,0,0,0,0.78,0,0.82,0.58,0.15,0.64,0.27,0.09,0,0,0.35,0.85,0.16,0.36,0,0,0.98,0,0,0,0,0,0,0.3,0,0,0,0,0.05,0,0.63,0.11,0.9,0.79,0.67,0.93,0,0
"Area_01","Spring","M","F0755","Leporinus_friderici",0,0.71,0,0.07,0.17,0,0,0.17,0.43,0.64,0.24,0,0.06,0,0.04,0,0.84,0.56,0,0.93,0,0,0.67,0.02,0,0.82,0.6,0.58,0.98,0,0.28,0,0.6,0.69,0.75,0.08,0.13,0.33,0.79,0.43,0,0.77,0.89,0.71,0.07,0,0.4,0.4,0.74,0.15,0,0.58,0.58,0.79,0,0,0.52,0.64,0.46,0.9
"Area_02","Summer","M","F0756","Pimelodus_maculatus",0,0,0,0,0.52,0.04,0.32,0.57,0,0,0.82,0,0,0.9,0.78,0.52,0.69,0.83,0.33,0,0,0,0,0.49,0.39,0.05,0,0.7,0.19,0,0.26,0.67,0.49,0.05,0.58,0.59,0,0.69,0,0.39,0.34,0.44,0,0.84,0.68,0.61,0.06,0,0.24,0,0.35,0.51,0.29,0.99,0.65,0,0.48,0.37,0.7,0.03
"Area_02","Summer","F","F0757","Prochilodus_lineatus",0,0.89,0.97,0.69,0.73,0.78,0,0.74,0,0,0,0.5,0.91,0.4,0.41,0,0.39,0.09,0.66,0,0,0.96,0,0.3,0.82,0.4,0,0,0,0,0.42,0,0.92,0.96,0.34,0,0,0.34,0.27,0.84,0.75,0.58,0,0.7,0.7,0.48,0.54,0,0.62,0,0.59,0.71,0.14,0.62,0,0.22,0.62,0.21,0,0
"Area_01","Spring","M","F0758","Prochilodus_lineatus",0,0.65,0,0,0,0,0.04,0,0.74,0.63,0,0,0.37,0.7,0.05,0,0.81,0,0.87,0,0.57,0,0,0,0.24,0.52,0,0.14,0.23,0.38,0.3,0.19,0,0.93,0.72,0,0.86,0.13,0.58,0.92,0,0.82,0.46,0,0.02,0.93,0.98,0.23,0.92,0.88,0,0.78,0,0.97,0.98,0,0.78,0.84,0.88,0.85
"Area_02","Summer","M","F0759","Leporinus_friderici",0.09,0,0.28,0,0.18,0,0,0,0.45,0,0.43,0,0.71,0.42,0.63,0.45,0,0,0.96,0.52,0.15,0.7,0.2,0.31,0,0.98,0.43,0.91,0.06,0.93,0.8,0.53,0.62,0.25,0.95,0.42,0,0.04,0.69,0.95,0.51,0.03,0.56,0.74,0,0,0.73,0.32,0.52,0.06,0.7,0.76,0.77,0.06,0,0.59,0.9,0.15,0.46,0
"Area_01","Winter","F","F0760","Pimelodus_maculatus",0,0,0.49,0.47,0.99,0,0,0.75,0.58,0.87,0,0,0.97,0.88,0.87,0.59,0,0,0,0.17,0,0,0,0,0,0.31,0.38,0.36,0.01,0,0.95,0.93,0.66,0.33,0.14,0,0.16,0.46,0.6,0.55,0.55,0.66,0.05,0.1,0,0.22,0.94,0.94,0.36,0,0.4,0,0,0.03,0,0,0.35,0,0,0.86
"Area_04","Spring","M","F0761","Prochilodus_lineatus",0.16,0.79,0,0,0.77,0.88,0.81,0.1,0.89,0.48,0,0.79,0.41,0.76,0,0,0,0.77,0,0,0.89,0,0,0,0.31,0,0,0,0,0,0.93,0,0,0.59,0,0,0.47,0.81,0.13,0.42,0.38,0.35,0.1,0.96,0.32,0.64,0,0.45,0.08,0.24,0.34,0,0.25,0,0.3,0.05,0.92,0.91,0,0.43
"Area_01","Summer","F","F0762","Hoplias_malabaricus",0.56,0.98,0,0.31,0,0,0,0,0.01,0,0,0.91,0,0,0.16,0.43,0.45,0,0,0,0.2,0,0.18,0,0.7,0.77,0.8,0.18,0,0.79,0.91,0.06,0.36,0.9,0,0.9,0,0.77,0.42,0.58,0.08,0.03,0.12,0.75,0,0,0,0.34,0.58,0.67,0.53,0,0.36,0,0.57,0.4,0.1,0.25,0,0.02
"Area_04","Autumn","M","F0763","Rhamdia_quelen",0.07,0.75,0,0,0.9,0,0.4,0.65,0,0.54,0.14,0.61,0,0,0.51,0.12,0.42,0,0.55,0.91,0,0.91,0,0,0.59,0,0,0.58,1,0,0.36,0.13,0,0,0,0.36,0,0,0.75,0,0.59,0.72,0,0.72,0.76,0,0.57,0.13,0.05,0.43,0.27,0.04,0.33,0.12,0.8,0,0.97,0.04,0,0.26
"Area_02","Summer","F","F0764","Prochilodus_lineatus",0.74,0.78,0.37,0.47,0,0.93,0,0,0.43,0.11,0,0.9,0,0.76,0,0.12,0.31,0.66,0.69,0,0.71,0.4,0.14,0.18,0.53,0.11,0.81,0.21,0.11,0,0.98,0.16,0.17,0.72,0.92,0.9,0,0.77,0.21,0.76,0.58,0,0.94,0,0,0.8,0.08,0,0.65,0,0.41,0.94,0,0,0.76,0.4,0.29,0,0,0
"Area_02","Autumn","F","F0765","Astyanax_fasciatus",0,0.98,0.9,0.18,0.34,0,0.72,0,0.17,0.83,0.97,0,0,0.61,0,0.69,0.51,0,0,0,0.19,0.6,0.27,0.04,0.59,0.18,0.6,0.64,0,0.66,0,0.94,0.87,0.92,0.8,0,0.91,0.44,0,0,0.31,0.94,0,0,0,0,0.89,0,0.94,0.75,0,0.46,0.09,0,0.04,0.2,0,0.61,0.6,0
"Area_04","Autumn","F","F0766","Hoplias_malabaricus",0,0,0,0.25,0,0.96,0.06,0.86,0,0,0.88,0,0.91,0,0.01,0,0.83,0,0.12,0.81,0,0,0.17,0.02,0.93,0.58,0.83,0,0.43,0,0,0.38,0,0,0,0,0.82,0,0.27,0.71,0.62,0.09,0,0,0.69,0.86,0.99,0.02,0.47,0.54,0.41,0.12,0.31,0.8,0,0.97,0.03,0,0.12,0
"Area_02","Summer","M","F0767","Geophagus_brasiliensis",0,0.39,0.37,0.93,0,0.01,0,0,0.66,0,0,0.8,0,0,0.82,0.38,0.34,0.28,0.39,0.36,0,0.31,0,0.73,0.85,0,0,0.65,0.77,0.93,0.73,0.87,0.58,0.31,0.2,0,0.24,0.88,0.1,0.62,0,0,0,0.04,0.16,0,0.41,0.67,0.89,0.12,0,0.8,0.82,0,0.07,0.37,0,0,0.19,0.35
"Area_04","Summer","F","F0768","Astyanax_fasciatus",0,0,0,0.28,0.43,0.77,0.36,0.45,0.09,0,0.35,0.79,0,0.83,0.76,0.13,0,0.25,0,0,0.9,0,0.72,0.73,0.62,0.99,0,0.72,0,0,0,0,0.19,0.77,0.93,0.45,0,0,0,0.06,0,0.5,0,0.16,0.28,0,0,0.28,0.96,0.35,0,0.81,0,0.16,0,0.96,0.22,0.59,0.64,0
"Area_02","Summer","F","F0769","Astyanax_fasciatus",0.32,0,0.16,0.25,0.02,0.59,0,0.11,0.49,0,0,0.51,0.22,0,0,0,0.69,0.2,0,0.58,0.88,0,0.56,0,0,0,0,0.35,0,0.88,0,0.56,0,0.4,0,0,0.52,0.34,0.98,0.16,0.47,0,0,0.65,0.26,0,0.04,0.77,0.96,0,0,0,0.92,0.7,0,0,0.82,0.96,0.46,0.09
"Area_04","Spring","F","F0770","Pimelodus_maculatus",0,0.43,0,0,0,0,0,0.4,0.67,0.39,0.75,0,0,0.6,0.4,0,0,0.9,0,0.82,0,0,0,0.61,0,0,0.43,0,0.98,0.61,0.48,0,0.12,0.61,0,0.78,0.33,0.59,0.49,0,0.9,0.18,0.26,0,0.91,0,0.75,0.78,0,0,0.83,0,0,0.29,0.1,0,0,0.1,0,0
"Area_03","Autumn","M","F0771","Pimelodus_maculatus",0,0.6,0,0.21,0.63,0.52,0.46,0.52,0,0.36,0.45,0.28,0,0.46,0,0.38,0,0.86,0.24,0.81,0.64,0,0.29,0.31,0.21,0,0,0.41,0,0.18,0,0,0.53,0.26,0,0,0.36,0.49,0,0.26,0.63,0,0.26,0.26,0.14,0.32,0.31,0,0.35,0.67,0,0,0,0,0.11,0.69,0.26,0.31,0.82,0.77
"Area_01","Spring","F","F0772","Leporinus_friderici",0.62,0.42,0.41,0.8,0,0,0.81,0.71,0,0,0,0.78,0,0,0,0,0,0.56,0,0.05,0.65,0.6,0,0.39,0.88,0,0.43,0,0.2,0.35,0.9,0,0,0.4,0.23,0.51,0.07,0.38,0.9,0,0,0,0,0.53,0,0.18,0,0,0.92,0.72,0.31,0.29,0.04,0,0,0.83,0.91,0,0,0
"Area_04","Autumn","M","F0773","Pimelodus_maculatus",0.88,0.09,0,0,0.63,0.22,0.5,0,0.42,0,0,0,0.4,0.66,0.77,0.94,0.93,0.3,0.66,0,0.43,0,0.27,0,0,0.15,0.51,0,0.22,0.27,0,0.77,0.73,0.6,0,0.61,0,0.78,0,0.2,0.67,0,0.25,0.93,0.64,0.69,0,0,0.69,0.01,0,0.65,0,0.68,0.01,0.86,0,0.25,0.88,0
"Area_01","Summer","F","F0774","Cichla_ocellaris",0.78,0.66,0.43,1,0.91,0.95,0.76,0,0.18,0,0.92,0,0,0.28,0,0,0,0,0.21,0.4,0,0,0.7,0.44,0.32,0.42,0.09,0.9,0.8,0.06,0,0.5,0.88,0.85,0,0.58,0.73,0.78,0,0.45,0.17,0.74,0.88,0.72,0.35,0.73,0.97,0.97,0.19,0.78,0.06,0.42,0.53,0.87,0,0.85,0.6,0.78,0.48,0.31
"Area_01","Summer","M","F0775","Pimelodus_maculatus",0.31,0,0.08,0,0,0,0.34,0.69,0.51,0.46,0.34,0.92,0.41,0,0,0,0,0.17,0,0.57,0.91,0.7,0.91,0.55,0.73,0.66,0.96,0.67,0.85,0,0,0.12,0,0.56,0.93,0,0,0.62,0,0,0,0.72,0,0,0.09,0.12,0.94,0,0,0.28,0,0,0,0.38,0.28,0.42,0.94,0.14,0,0.13
"Area_04","Winter","M","F0776","Geophagus_brasiliensis",0.06,0.16,0.89,0.82,0.37,0.77,0.32,0,0.92,0.11,0.44,0.15,0.75,0.52,0.04,0,0.47,0,0.87,0,0,0,0.63,0.47,0.58,0.04,0,0.09,0.28,0.3,0.5,0.44,0.76,0.68,0.96,0.22,0,0,0,0,0,0.51,0,0.68,0.63,0.59,0.02,0,0.75,0.1,0.05,0,0.28,0.8,0.02,0.69,0,0.11,0.38,0
"Area_01","Summer","M","F0777","Leporinus_friderici",0.45,0.96,0.86,0,0,0.52,0.03,0.05,0.74,0.1,0.21,0.61,0,0,0,0,0.44,0,0,0.43,0.16,0.03,0.39,0.31,0.59,0.85,0.42,0,0,0.93,0.01,0,0,0.37,0,0.93,0.62,0,0,0.38,0.36,0,0.26,0.82,0.7,0,0,0.59,0.39,0,0.66,0,0.27,0,0.81,0,0.19,0.63,0,0
"Area_03","Summer","F","F0778","Geophagus_brasiliensis",0.43,0.51,0,0,0.49,0.94,0.24,0,0.49,0,0.16,0.25,0.12,0.49,0,0.23,0.36,0,0.75,0.94,0.03,0.31,0.31,0,0,0,0.65,0.74,0.81,0.6,0,0.93,0,0,0.25,0,0.16,0,0.88,0.68,0,0.71,0.11,0.37,0.74,0,0,0.76,0.27,0.19,0.48,0.13,0,0,0.75,0,0.93,0.93,0,0.15
"Area_04","Autumn","F","F0779","Geophagus_brasiliensis",0.64,0.29,0.68,0,0.18,0.39,0.31,0.61,0.53,0,0.81,0,0.93,0.93,0,0,0,0.9,0.22,0.29,0.39,0,0,0.12,0.25,0,0.16,0,0.77,0,0,0.93,0,0,0.05,0,0.33,0.45,0.19,0.39,0,0,0.9,0.38,0,0.27,0,0,0.93,0,0,0,0.23,0.3,0.59,0.21,0.35,0.2,0.04,0
"Area_02","Summer","F","F0780","Pimelodus_maculatus",0.75,0.01,0.11,0.65,0.29,0,0.54,0.65,0.77,0.26,0.13,0.58,0.39,0,0.08,0.31,0.27,0.28,0.72,0,0.47,0.57,0.43,0.06,0.31,0.43,0,0,0.31,0.21,0,0,0.05,0,0.33,0,0,0,0.56,0.49,0.77,0.5,0.05,0.81,0.07,0.38,0.11,0,0,0,0,0.57,0,0.79,0.47,0.03,0.56,0,0.48,0
"Area_01","Autumn","M","F0781","Rhamdia_quelen",0,0.33,0,0,0.92,0.9,0,0,0.59,0,0.79,0.04,0.25,0,0.63,0.93,0.98,0.94,0.04,0,0,0.69,0.12,0.81,0.71,0.73,0.83,0.79,0,0.55,0.42,0,0.73,0.46,0,0,0.18,0.41,0,0.32,0.6,0.66,0.43,0,0,0.93,0.6,0.28,0.84,0,0.58,0.68,0.78,0.53,0,0,0.84,0.93,0.3,0
"Area_01","Autumn","F","F0782","Cichla_ocellaris",0.47,0.89,0,0.6,0.34,0,0.7,0,0.81,0.06,0.91,0.37,0.3,0.68,0.09,0,0,0,0,0.42,0.56,0,0,0,0.45,0.13,0.4,0.26,0.13,0.3,0,0.64,0.43,0.39,0.42,0.05,0.93,0.2,0.08,0.04,0.03,0,0,0.78,0.07,0.84,0,0.7,0.46,0,0,0.89,0.37,0.87,0.16,0,0.39,0.61,0.55,0.86
"Area_03","Winter","F","F0783","Astyanax_fasciatus",0.23,0.17,0.73,0,0.18,0,0.83,0.83,0.11,0,0.81,0.26,0,0,0.4,0,0,0,0.45,0,0,0,0.13,0,0.25,0.84,0.95,0.38,0,0.59,0.36,0.4,0,0,0,0,0.67,0,0.43,0.13,0,0.89,0,0.84,0.15,0.03,0.62,0.57,0,0.79,0,0,0.31,0,0,0.08,0.24,0.36,0,0.93
"Area_03","Autumn","M","F0784","Cichla_ocellaris",0,0.39,0.91,0,0.23,0,0,0,0.38,0.13,0.98,0,0,0,0.49,0.22,0.57,0,0.08,0,0.19,0.26,0.84,0.15,0.82,0.03,0,0.45,0.93,0.46,0.28,0.57,0.66,0.54,0.18,0,0,1,0.07,0,0.63,0.5,0.27,0.92,0.9,0,0,0.48,0.28,0.16,0.76,0,0,0.63,0.16,0.51,0.69,0.67,0.02,0.53
"Area_01","Spring","F","F0785","Hoplias_malabaricus",0.77,0.56,0.02,0.27,0.06,0.85,0.88,0.99,0.43,0.11,0,0,0,0,0,0.9,0,0.83,0.88,0.22,0,0.33,0.71,0.44,0.9,0.71,0.97,0.68,0.69,0.93,0.17,0.22,0,0.27,0,0,0.76,0.83,0.2,0.14,0.21,0.08,0,0.67,0.23,0,0.72,0,0.59,0,0.93,0.82,0.9,0.47,0.75,0.6,0.53,0,0.46,0.27
"Area_01","Spring","F","F0786","Prochilodus_lineatus",0.27,0,0,0,0,0.85,0,0,0.98,0.12,0.79,0,0.48,0,0.71,0.21,0,0,0,0.21,0,0.02,0.03,0.2,0.57,0.09,0.6,0,0,0.23,0.95,0,0,0.58,0.28,0,0.67,0.14,0,0,0,0,0.26,0.53,0.77,0.26,0.27,0.32,0.86,0.25,0.2,0,0,0.86,0.76,0.21,0.13,0.36,0.74,0
"Area_04","Summer","F","F0787","Leporinus_friderici",0,0.73,0,0.77,0.99,0.73,0.76,0,0.46,0.76,0.29,0.72,0.77,0,0.32,0,0.35,0,0.51,0.43,0.74,0.86,0.6,0.5,0.92,0.71,0,0.65,0,0,0.08,0,0.73,0.56,0.9,0.53,0,0.34,0.12,0.02,0.6,0.99,0.14,0.55,0.99,0.78,0,0.14,0.63,0,0.47,0,0.62,0,0.93,0.67,0.16,0,0.2,0.27
"Area_02","Summer","F","F0788","Cichla_ocellaris",0.78,0.81,0,0,0.63,0.28,0.83,0,0.46,0.47,0,0,0.01,0.3,0.16,0.73,0,0,0.37,0.56,0,0.3,1,0.8,0,0,0,0.84,0,0.12,0.67,0.42,0.86,0.54,0.09,0.54,0.06,0,0.1,0,0,0.26,0.91,0,0.91,0,0,0.64,0,0.57,0,0.69,0,0,0,0.67,0.84,0.22,0.88,0
"Area_04","Spring","F","F0789","Pimelodus_maculatus",0,0.42,0.62,0.01,0,0.17,0.43,0,0,0.02,0,0,0.74,0,0,0,0,0,0.62,0.02,0.81,0.06,0.11,0,0.82,0.61,0,0,0,0.36,0,0.57,0.66,0,0.69,0,0,0.54,0,0.8,0,0.19,0.86,0.19,0.81,0.29,0.76,0,0.24,0,0,0,0.31,0.11,0.53,0,0.4,0.1,0,0.88
"Area_04","Spring","M","F0790","Leporinus_friderici",0,0.23,0.47,0.24,0.03,0,0.77,0.73,0.54,0.75,0.92,0.94,0.81,0.18,0.03,0.05,0,0,0,0.2,0,0.89,0.96,0,0,0,0.98,0.25,0.88,0.52,0.34,0.06,0,0.76,0,0.97,0.69,0.67,0,0.38,0,0.33,0.59,0.04,0.17,0,0.25,0,0,0.3,0.45,0.7,0,0.42,0.79,0.81,0.04,0,0.04,0
"Area_03","Autumn","M","F0791","Pimelodus_maculatus",0.12,0,0.09,0,0.78,0.41,0,0.26,0.35,0.76,0,0.22,0.28,0,0.51,0.46,0,0,0.24,0.62,0,0.51,0.36,0.25,0,0,0,0.54,0.42,0.08,0,0.88,0,0,0.39,0.89,0.54,0.14,0.91,0.52,0.37,0.67,0.72,0,0.98,0.01,0.91,0.98,0.6,0.93,0,0,0.2,0,0.01,0.7,0.45,0.72,0.37,0
"Area_04","Autumn","M","F0792","Leporinus_friderici",0,0,0.49,0.44,0,0.34,0,0.77,0.82,0,0.49,0.92,0,0,0,0.85,0.68,0,0,0.77,0.8,0,0.77,0.45,0,0,0,0.36,0,0.25,0,0,0.49,0.28,0.31,0.52,0.69,0.27,0.28,0.08,0,0,0.87,0.73,0.58,0,0.68,0.52,0.91,0.78,0,0.34,0,0.33,0,0,0.29,0.8,0,0.17
"Area_01","Spring","F","F0793","Prochilodus_lineatus",0.74,0,0.9,0.58,0,0,0.29,0.26,0.51,0.62,0.18,0.83,0.51,0,0.56,1,0.99,0.41,0,0.17,0.52,0.37,0.48,0,0.53,0.45,0.12,0.27,0.81,0,0.14,0.97,0.82,0,0,0.61,0,0.49,0.89,0,0.85,0.53,0.19,0,0.05,0.68,0,0,0.45,0,0,0,0,0.96,0,0.5,0.5,0.73,0,0
"Area_04","Summer","M","F0794","Astyanax_fasciatus",0.52,0.27,0.34,0,0.53,0.15,0.25,0,0,0,0.72,0,0,0,0.88,0,0,0.33,0,0.03,0.26,0,0.42,0.48,0,0.95,0.23,0,0,0.13,0.55,0,0.43,0,0.71,0.86,0.47,0.64,0.62,0,0,0,0.67,0,0.21,0.84,0,0.85,0.26,0.03,0.84,0.42,0.68,0.32,0.2,0.68,0.66,0.73,0,0.73
"Area_01","Spring","M","F0795","Hoplias_malabaricus",0.92,0.5,0.89,0.35,0.42,0.56,0.83,0,0,0.24,0,0.88,0,0,0.66,0.99,0,0,0,0,0.45,0,0.82,0.9,0.27,0,0.73,0.28,0.19,0,0.24,0.13,0.84,0,0,0.41,0.08,0.55,0.79,0.45,0.64,0.98,0,0.75,0,0.84,0.2,0.73,0.35,0.3,0,0,0,0.26,0.97,0,0.86,0.06,0,0.39
"Area_03","Spring","F","F0796","Geophagus_brasiliensis",0,0.11,0.2,0.42,0.73,0.39,0.79,0,0.53,0,0,0,0.46,0.24,0,0.32,0,0,0.73,0.95,0.84,0.94,0.09,0.98,0,0,0,0.56,0,0.56,0.37,0.26,0.14,0,0,0.14,0.05,0.72,0.66,0.75,0,0.29,0.57,0,0.73,0.01,0,0.15,0.27,0.88,0.27,0,0.87,0.26,0.64,0.99,0.26,0.59,1,0.78
"Area_01","Summer","F","F0797","Prochilodus_lineatus",0.92,0.29,0.26,0.69,0.85,0.87,0,0.69,0.69,0.29,0.41,0.89,0,0.61,0.61,0.84,1,0,0,0,0,0.97,0.97,0.1,0.27,0,0,0.92,0,0,0.86,0.58,0,0.18,0.09,0.51,0.31,0,0,0,0,0.64,0.19,0,0,0.43,0.98,0,0,0.59,0.99,0.04,0.38,0.61,0.69,0,0.54,0.97,0.3,0
"Area_04","Winter","F","F0798","Hoplias_malabaricus",0.58,0.85,0.86,0.96,0.67,0.75,0,0.12,0.97,0,0,0.65,0.79,0.02,0.4,0.25,0.74,0.42,0.36,0.98,0.39,0.67,0.76,0.45,0,0.31,0.62,0.35,0,0.12,0.2,0,0.49,0,0.96,0,0,0.41,0.59,0.33,0.82,0.44,0,0.97,0.99,0.58,0.87,0.43,0.36,0.35,0.51,0.03,0,0,0.02,0.76,0.49,0.88,0.55,0.82
"Area_02","Summer","M","F0799","Geophagus_brasiliensis",0,0.48,0.87,0,0.93,0.09,0.58,0,0.93,0.11,0,0,0,0.38,0.99,0.43,0.67,0.85,0.15,1,0,0.69,0.83,0,0.47,0,0,0.75,0.85,0.03,0.32,0,0.33,0.15,0,0.94,0.8,0.63,0,0.88,0,0,0,0.11,0.76,1,0.94,0.4,0,0,0.6,0,0.48,0.75,0.97,0,0.98,0,0.24,0.33
"Area_02","Winter","F","F0800","Prochilodus_lineatus",0.44,0,0.38,0,0,0.35,0.42,0.99,0,0.42,0.27,0.42,0.71,0.7,0,0.21,0,0.85,0,0,0.21,0,0,0.59,0.65,0,0.1,0.43,0.29,0.66,0.84,0,0.29,0,0.42,0.73,0,0,0.08,0,0.49,0,0.43,0.38,0.93,0,0.61,0.91,0.41,0,0.5,0.07,0.86,0.66,0,0.13,0.08,0.51,0,0
